basic-attention-token,,,,
Date, Full Time, Part Time, One Time, Total
01.01.2015,0,4,6,10
02.01.2015,0,4,5,9
03.01.2015,0,4,5,9
04.01.2015,0,4,5,9
05.01.2015,1,3,6,10
06.01.2015,1,3,6,10
07.01.2015,0,4,6,10
08.01.2015,1,4,5,10
09.01.2015,1,4,5,10
10.01.2015,1,4,5,10
11.01.2015,1,4,5,10
12.01.2015,1,4,6,11
13.01.2015,1,4,5,10
14.01.2015,1,4,4,9
15.01.2015,0,5,4,9
16.01.2015,1,4,4,9
17.01.2015,1,5,3,9
18.01.2015,1,6,1,8
19.01.2015,1,6,1,8
20.01.2015,1,6,1,8
21.01.2015,1,6,1,8
22.01.2015,2,5,1,8
23.01.2015,2,5,1,8
24.01.2015,2,5,1,8
25.01.2015,2,5,1,8
26.01.2015,2,5,1,8
27.01.2015,2,5,1,8
28.01.2015,2,5,2,9
29.01.2015,2,5,3,10
30.01.2015,2,5,4,11
31.01.2015,2,5,4,11
01.02.2015,2,5,4,11
02.02.2015,2,5,3,10
03.02.2015,2,6,2,10
04.02.2015,2,6,3,11
05.02.2015,2,5,3,10
06.02.2015,2,6,2,10
07.02.2015,3,5,2,10
08.02.2015,3,5,2,10
09.02.2015,3,5,2,10
10.02.2015,3,5,2,10
11.02.2015,3,5,2,10
12.02.2015,3,5,2,10
13.02.2015,3,5,3,11
14.02.2015,3,5,3,11
15.02.2015,3,4,3,10
16.02.2015,3,4,3,10
17.02.2015,3,4,3,10
18.02.2015,3,4,3,10
19.02.2015,3,4,4,11
20.02.2015,3,4,6,13
21.02.2015,3,4,6,13
22.02.2015,3,4,6,13
23.02.2015,3,4,6,13
24.02.2015,3,5,5,13
25.02.2015,3,6,5,14
26.02.2015,3,6,6,15
27.02.2015,3,6,6,15
28.02.2015,3,7,5,15
01.03.2015,3,7,5,15
02.03.2015,3,7,6,16
03.03.2015,4,6,6,16
04.03.2015,4,6,5,15
05.03.2015,4,6,5,15
06.03.2015,5,5,5,15
07.03.2015,5,5,5,15
08.03.2015,5,5,5,15
09.03.2015,5,4,5,14
10.03.2015,5,5,5,15
11.03.2015,5,5,6,16
12.03.2015,5,5,6,16
13.03.2015,5,5,5,15
14.03.2015,5,5,5,15
15.03.2015,5,4,7,16
16.03.2015,5,4,8,17
17.03.2015,4,5,8,17
18.03.2015,4,6,7,17
19.03.2015,4,6,7,17
20.03.2015,5,5,6,16
21.03.2015,6,4,6,16
22.03.2015,6,4,6,16
23.03.2015,6,4,7,17
24.03.2015,6,5,7,18
25.03.2015,6,6,4,16
26.03.2015,6,6,4,16
27.03.2015,6,6,4,16
28.03.2015,6,6,4,16
29.03.2015,6,6,4,16
30.03.2015,6,6,5,17
31.03.2015,6,6,5,17
01.04.2015,6,6,5,17
02.04.2015,6,8,3,17
03.04.2015,6,8,3,17
04.04.2015,6,8,3,17
05.04.2015,6,8,3,17
06.04.2015,6,8,3,17
07.04.2015,6,8,3,17
08.04.2015,6,8,2,16
09.04.2015,6,8,2,16
10.04.2015,5,8,2,15
11.04.2015,5,8,2,15
12.04.2015,5,8,2,15
13.04.2015,5,8,2,15
14.04.2015,5,8,2,15
15.04.2015,5,7,3,15
16.04.2015,5,7,3,15
17.04.2015,5,7,3,15
18.04.2015,5,7,3,15
19.04.2015,5,7,3,15
20.04.2015,5,7,3,15
21.04.2015,5,8,4,17
22.04.2015,6,7,4,17
23.04.2015,6,7,4,17
24.04.2015,6,7,4,17
25.04.2015,6,7,4,17
26.04.2015,6,7,4,17
27.04.2015,5,8,3,16
28.04.2015,5,8,3,16
29.04.2015,6,7,3,16
30.04.2015,6,7,4,17
01.05.2015,6,7,4,17
02.05.2015,7,6,4,17
03.05.2015,7,6,4,17
04.05.2015,7,5,4,16
05.05.2015,7,5,4,16
06.05.2015,7,5,4,16
07.05.2015,7,5,4,16
08.05.2015,7,5,4,16
09.05.2015,7,5,4,16
10.05.2015,7,5,4,16
11.05.2015,7,5,4,16
12.05.2015,6,6,4,16
13.05.2015,6,7,3,16
14.05.2015,6,7,3,16
15.05.2015,6,7,4,17
16.05.2015,6,7,4,17
17.05.2015,6,7,5,18
18.05.2015,6,8,4,18
19.05.2015,6,7,3,16
20.05.2015,6,8,3,17
21.05.2015,6,8,3,17
22.05.2015,6,8,5,19
23.05.2015,6,8,5,19
24.05.2015,6,8,5,19
25.05.2015,6,8,5,19
26.05.2015,6,8,5,19
27.05.2015,7,7,8,22
28.05.2015,7,7,8,22
29.05.2015,7,8,7,22
30.05.2015,7,8,7,22
31.05.2015,7,8,7,22
01.06.2015,6,8,7,21
02.06.2015,6,8,7,21
03.06.2015,6,8,8,22
04.06.2015,6,8,8,22
05.06.2015,7,7,10,24
06.06.2015,7,7,10,24
07.06.2015,7,7,10,24
08.06.2015,7,10,8,25
09.06.2015,6,11,8,25
10.06.2015,6,13,7,26
11.06.2015,6,13,7,26
12.06.2015,6,13,8,27
13.06.2015,6,13,8,27
14.06.2015,6,13,8,27
15.06.2015,6,13,8,27
16.06.2015,6,14,8,28
17.06.2015,6,14,8,28
18.06.2015,6,14,7,27
19.06.2015,6,14,5,25
20.06.2015,6,14,5,25
21.06.2015,6,13,5,24
22.06.2015,6,12,6,24
23.06.2015,6,12,6,24
24.06.2015,7,10,5,22
25.06.2015,7,9,4,20
26.06.2015,8,8,4,20
27.06.2015,8,9,4,21
28.06.2015,8,9,4,21
29.06.2015,8,9,4,21
30.06.2015,8,9,6,23
01.07.2015,7,10,8,25
02.07.2015,7,10,8,25
03.07.2015,7,10,7,24
04.07.2015,7,10,7,24
05.07.2015,7,10,7,24
06.07.2015,7,9,6,22
07.07.2015,6,11,6,23
08.07.2015,7,11,5,23
09.07.2015,7,11,5,23
10.07.2015,8,10,5,23
11.07.2015,8,10,5,23
12.07.2015,8,9,5,22
13.07.2015,8,9,6,23
14.07.2015,7,11,5,23
15.07.2015,7,12,6,25
16.07.2015,7,12,6,25
17.07.2015,7,12,6,25
18.07.2015,8,11,6,25
19.07.2015,8,11,6,25
20.07.2015,8,11,6,25
21.07.2015,8,11,6,25
22.07.2015,8,11,6,25
23.07.2015,8,11,6,25
24.07.2015,8,12,5,25
25.07.2015,8,12,5,25
26.07.2015,8,12,6,26
27.07.2015,8,11,6,25
28.07.2015,8,13,3,24
29.07.2015,8,13,2,23
30.07.2015,7,14,3,24
31.07.2015,7,13,3,23
01.08.2015,7,14,4,25
02.08.2015,7,15,4,26
03.08.2015,7,15,4,26
04.08.2015,7,14,5,26
05.08.2015,8,12,5,25
06.08.2015,8,13,5,26
07.08.2015,8,13,6,27
08.08.2015,8,14,5,27
09.08.2015,8,14,5,27
10.08.2015,8,14,5,27
11.08.2015,7,15,5,27
12.08.2015,8,14,3,25
13.08.2015,9,14,2,25
14.08.2015,9,14,3,26
15.08.2015,9,14,3,26
16.08.2015,9,14,3,26
17.08.2015,9,14,3,26
18.08.2015,9,14,3,26
19.08.2015,9,14,3,26
20.08.2015,9,14,4,27
21.08.2015,9,13,4,26
22.08.2015,9,13,4,26
23.08.2015,9,13,4,26
24.08.2015,9,13,4,26
25.08.2015,9,13,4,26
26.08.2015,9,12,4,25
27.08.2015,9,12,3,24
28.08.2015,8,12,3,23
29.08.2015,8,12,3,23
30.08.2015,8,12,4,24
31.08.2015,8,12,4,24
01.09.2015,8,12,4,24
02.09.2015,9,11,4,24
03.09.2015,8,9,3,20
04.09.2015,8,9,5,22
05.09.2015,8,8,5,21
06.09.2015,8,8,5,21
07.09.2015,8,6,5,19
08.09.2015,8,6,5,19
09.09.2015,8,8,5,21
10.09.2015,8,7,6,21
11.09.2015,8,7,5,20
12.09.2015,8,7,5,20
13.09.2015,8,7,5,20
14.09.2015,7,7,5,19
15.09.2015,7,8,5,20
16.09.2015,7,8,5,20
17.09.2015,7,8,4,19
18.09.2015,7,7,4,18
19.09.2015,7,7,4,18
20.09.2015,7,7,4,18
21.09.2015,7,7,4,18
22.09.2015,7,7,4,18
23.09.2015,7,7,4,18
24.09.2015,7,7,4,18
25.09.2015,7,7,4,18
26.09.2015,7,7,4,18
27.09.2015,7,7,3,17
28.09.2015,7,7,3,17
29.09.2015,7,6,3,16
30.09.2015,7,6,3,16
01.10.2015,7,6,3,16
02.10.2015,7,5,1,13
03.10.2015,7,5,1,13
04.10.2015,7,5,1,13
05.10.2015,7,5,2,14
06.10.2015,7,5,2,14
07.10.2015,7,5,2,14
08.10.2015,7,5,2,14
09.10.2015,7,5,2,14
10.10.2015,7,5,3,15
11.10.2015,7,5,3,15
12.10.2015,7,6,3,16
13.10.2015,7,6,3,16
14.10.2015,7,6,4,17
15.10.2015,7,6,5,18
16.10.2015,7,7,5,19
17.10.2015,7,7,5,19
18.10.2015,7,7,5,19
19.10.2015,7,7,6,20
20.10.2015,7,9,5,21
21.10.2015,7,9,6,22
22.10.2015,7,10,6,23
23.10.2015,7,10,6,23
24.10.2015,7,10,6,23
25.10.2015,7,10,6,23
26.10.2015,7,9,6,22
27.10.2015,7,9,7,23
28.10.2015,7,9,7,23
29.10.2015,7,10,6,23
30.10.2015,7,10,6,23
31.10.2015,7,10,6,23
01.11.2015,7,10,6,23
02.11.2015,7,9,5,21
03.11.2015,7,9,5,21
04.11.2015,7,9,9,25
05.11.2015,7,10,8,25
06.11.2015,7,10,7,24
07.11.2015,7,10,6,23
08.11.2015,7,10,7,24
09.11.2015,7,9,7,23
10.11.2015,7,9,8,24
11.11.2015,7,9,8,24
12.11.2015,7,10,9,26
13.11.2015,7,11,8,26
14.11.2015,7,11,8,26
15.11.2015,7,12,8,27
16.11.2015,7,12,9,28
17.11.2015,9,11,8,28
18.11.2015,9,11,9,29
19.11.2015,9,10,9,28
20.11.2015,9,10,9,28
21.11.2015,9,10,9,28
22.11.2015,9,10,9,28
23.11.2015,9,10,10,29
24.11.2015,9,10,12,31
25.11.2015,9,10,13,32
26.11.2015,9,9,14,32
27.11.2015,9,10,13,32
28.11.2015,9,10,13,32
29.11.2015,9,11,12,32
30.11.2015,9,12,12,33
01.12.2015,9,12,12,33
02.12.2015,9,13,9,31
03.12.2015,9,13,9,31
04.12.2015,9,15,8,32
05.12.2015,9,15,8,32
06.12.2015,9,15,8,32
07.12.2015,9,15,10,34
08.12.2015,9,17,9,35
09.12.2015,9,18,11,38
10.12.2015,9,18,9,36
11.12.2015,9,18,10,37
12.12.2015,9,18,10,37
13.12.2015,9,18,9,36
14.12.2015,9,18,9,36
15.12.2015,9,18,10,37
16.12.2015,10,16,11,37
17.12.2015,10,16,12,38
18.12.2015,10,17,11,38
19.12.2015,10,17,11,38
20.12.2015,10,17,11,38
21.12.2015,10,17,10,37
22.12.2015,10,17,9,36
23.12.2015,10,17,9,36
24.12.2015,10,17,8,35
25.12.2015,10,17,8,35
26.12.2015,10,17,8,35
27.12.2015,10,17,8,35
28.12.2015,10,16,9,35
29.12.2015,10,16,9,35
30.12.2015,9,15,9,33
31.12.2015,9,15,9,33
01.01.2016,10,13,11,34
02.01.2016,10,13,11,34
03.01.2016,10,13,12,35
04.01.2016,10,13,10,33
05.01.2016,10,14,9,33
06.01.2016,10,15,7,32
07.01.2016,11,14,5,30
08.01.2016,11,14,4,29
09.01.2016,11,14,4,29
10.01.2016,11,13,4,28
11.01.2016,11,13,4,28
12.01.2016,11,13,3,27
13.01.2016,12,11,2,25
14.01.2016,12,9,3,24
15.01.2016,11,9,3,23
16.01.2016,12,8,3,23
17.01.2016,12,8,3,23
18.01.2016,11,9,3,23
19.01.2016,11,9,3,23
20.01.2016,11,8,9,28
21.01.2016,12,8,11,31
22.01.2016,12,9,14,35
23.01.2016,12,9,15,36
24.01.2016,12,9,19,40
25.01.2016,12,10,20,42
26.01.2016,12,11,20,43
27.01.2016,12,12,20,44
28.01.2016,12,12,21,45
29.01.2016,12,12,20,44
30.01.2016,12,12,21,45
31.01.2016,12,12,22,46
01.02.2016,12,13,22,47
02.02.2016,12,14,23,49
03.02.2016,13,15,23,51
04.02.2016,13,16,22,51
05.02.2016,13,16,23,52
06.02.2016,13,15,25,53
07.02.2016,13,16,25,54
08.02.2016,13,17,25,55
09.02.2016,13,17,25,55
10.02.2016,13,16,25,54
11.02.2016,13,16,27,56
12.02.2016,12,17,27,56
13.02.2016,13,16,27,56
14.02.2016,13,16,28,57
15.02.2016,13,16,30,59
16.02.2016,11,18,30,59
17.02.2016,10,19,26,55
18.02.2016,13,15,24,52
19.02.2016,13,14,21,48
20.02.2016,13,15,19,47
21.02.2016,13,15,16,44
22.02.2016,13,15,14,42
23.02.2016,13,15,14,42
24.02.2016,13,15,14,42
25.02.2016,13,16,14,43
26.02.2016,13,17,15,45
27.02.2016,13,16,14,43
28.02.2016,13,16,14,43
29.02.2016,13,16,14,43
01.03.2016,13,16,14,43
02.03.2016,13,15,14,42
03.03.2016,14,12,15,41
04.03.2016,14,12,15,41
05.03.2016,14,13,13,40
06.03.2016,14,13,12,39
07.03.2016,14,12,11,37
08.03.2016,14,15,13,42
09.03.2016,14,16,14,44
10.03.2016,14,17,14,45
11.03.2016,12,20,13,45
12.03.2016,13,20,13,46
13.03.2016,13,20,13,46
14.03.2016,13,20,11,44
15.03.2016,13,21,10,44
16.03.2016,13,20,10,43
17.03.2016,14,20,10,44
18.03.2016,13,21,11,45
19.03.2016,13,20,11,44
20.03.2016,13,20,11,44
21.03.2016,14,18,11,43
22.03.2016,14,17,12,43
23.03.2016,14,17,11,42
24.03.2016,14,17,12,43
25.03.2016,14,17,10,41
26.03.2016,12,18,10,40
27.03.2016,12,17,10,39
28.03.2016,12,15,14,41
29.03.2016,12,15,14,41
30.03.2016,12,16,14,42
31.03.2016,12,16,14,42
01.04.2016,12,17,14,43
02.04.2016,12,19,13,44
03.04.2016,12,19,14,45
04.04.2016,12,19,14,45
05.04.2016,13,16,12,41
06.04.2016,13,14,11,38
07.04.2016,13,15,11,39
08.04.2016,12,16,12,40
09.04.2016,12,15,11,38
10.04.2016,12,15,10,37
11.04.2016,12,16,12,40
12.04.2016,13,14,12,39
13.04.2016,13,14,11,38
14.04.2016,13,14,13,40
15.04.2016,13,16,13,42
16.04.2016,13,16,13,42
17.04.2016,13,16,13,42
18.04.2016,13,17,13,43
19.04.2016,13,16,12,41
20.04.2016,13,15,13,41
21.04.2016,13,15,12,40
22.04.2016,13,15,13,41
23.04.2016,13,15,14,42
24.04.2016,13,15,13,41
25.04.2016,13,18,8,39
26.04.2016,13,18,8,39
27.04.2016,13,18,8,39
28.04.2016,13,16,10,39
29.04.2016,13,17,12,42
30.04.2016,13,16,12,41
01.05.2016,13,15,12,40
02.05.2016,13,14,13,40
03.05.2016,12,15,13,40
04.05.2016,12,15,13,40
05.05.2016,12,15,12,39
06.05.2016,12,16,10,38
07.05.2016,12,16,11,39
08.05.2016,12,16,11,39
09.05.2016,12,17,10,39
10.05.2016,12,18,10,40
11.05.2016,12,16,12,40
12.05.2016,12,17,10,39
13.05.2016,12,16,8,36
14.05.2016,12,16,8,36
15.05.2016,12,16,9,37
16.05.2016,12,17,9,38
17.05.2016,11,17,10,38
18.05.2016,12,15,12,39
19.05.2016,11,15,11,37
20.05.2016,12,15,11,38
21.05.2016,12,15,11,38
22.05.2016,12,14,12,38
23.05.2016,12,12,11,35
24.05.2016,12,13,12,37
25.05.2016,12,14,13,39
26.05.2016,12,15,11,38
27.05.2016,12,15,9,36
28.05.2016,12,15,9,36
29.05.2016,12,16,8,36
30.05.2016,12,16,9,37
31.05.2016,12,16,8,36
01.06.2016,12,17,8,37
02.06.2016,12,19,8,39
03.06.2016,12,18,9,39
04.06.2016,12,18,8,38
05.06.2016,12,18,8,38
06.06.2016,12,18,8,38
07.06.2016,12,18,8,38
08.06.2016,13,17,7,37
09.06.2016,14,16,6,36
10.06.2016,14,16,6,36
11.06.2016,14,16,6,36
12.06.2016,14,16,6,36
13.06.2016,14,15,6,35
14.06.2016,14,15,6,35
15.06.2016,13,16,9,38
16.06.2016,13,16,8,37
17.06.2016,13,15,9,37
18.06.2016,13,15,10,38
19.06.2016,13,15,10,38
20.06.2016,13,16,9,38
21.06.2016,13,15,9,37
22.06.2016,13,17,9,39
23.06.2016,12,18,8,38
24.06.2016,13,17,8,38
25.06.2016,14,16,9,39
26.06.2016,14,16,8,38
27.06.2016,14,17,7,38
28.06.2016,13,17,8,38
29.06.2016,13,17,8,38
30.06.2016,12,15,7,34
01.07.2016,12,16,7,35
02.07.2016,12,15,7,34
03.07.2016,12,16,8,36
04.07.2016,12,15,8,35
05.07.2016,11,15,8,34
06.07.2016,12,14,9,35
07.07.2016,13,13,9,35
08.07.2016,13,13,9,35
09.07.2016,13,13,9,35
10.07.2016,13,13,8,34
11.07.2016,13,13,8,34
12.07.2016,13,13,9,35
13.07.2016,12,15,8,35
14.07.2016,11,17,8,36
15.07.2016,11,17,8,36
16.07.2016,12,16,8,36
17.07.2016,12,16,8,36
18.07.2016,12,15,9,36
19.07.2016,13,14,10,37
20.07.2016,13,15,7,35
21.07.2016,12,16,9,37
22.07.2016,12,16,9,37
23.07.2016,12,16,10,38
24.07.2016,13,16,10,39
25.07.2016,12,17,10,39
26.07.2016,13,15,11,39
27.07.2016,13,14,13,40
28.07.2016,12,14,13,39
29.07.2016,12,13,14,39
30.07.2016,12,13,14,39
31.07.2016,12,12,14,38
01.08.2016,12,13,13,38
02.08.2016,10,14,13,37
03.08.2016,11,15,11,37
04.08.2016,11,15,11,37
05.08.2016,12,16,10,38
06.08.2016,12,16,11,39
07.08.2016,12,16,11,39
08.08.2016,12,16,12,40
09.08.2016,13,15,11,39
10.08.2016,12,16,11,39
11.08.2016,11,19,8,38
12.08.2016,10,21,10,41
13.08.2016,10,21,10,41
14.08.2016,10,21,10,41
15.08.2016,10,21,11,42
16.08.2016,10,20,12,42
17.08.2016,10,21,10,41
18.08.2016,9,22,10,41
19.08.2016,9,21,10,40
20.08.2016,9,21,10,40
21.08.2016,9,21,10,40
22.08.2016,9,20,10,39
23.08.2016,9,20,9,38
24.08.2016,10,20,8,38
25.08.2016,10,20,8,38
26.08.2016,10,20,8,38
27.08.2016,11,19,8,38
28.08.2016,10,20,7,37
29.08.2016,10,20,6,36
30.08.2016,10,20,7,37
31.08.2016,9,18,8,35
01.09.2016,9,19,9,37
02.09.2016,10,17,10,37
03.09.2016,10,18,10,38
04.09.2016,11,17,10,38
05.09.2016,11,18,8,37
06.09.2016,11,17,9,37
07.09.2016,11,18,7,36
08.09.2016,11,18,9,38
09.09.2016,10,19,8,37
10.09.2016,10,19,8,37
11.09.2016,10,19,8,37
12.09.2016,10,19,8,37
13.09.2016,10,19,9,38
14.09.2016,10,20,9,39
15.09.2016,10,19,10,39
16.09.2016,10,19,11,40
17.09.2016,12,17,11,40
18.09.2016,12,18,10,40
19.09.2016,13,17,10,40
20.09.2016,15,16,9,40
21.09.2016,15,16,10,41
22.09.2016,16,15,10,41
23.09.2016,17,15,8,40
24.09.2016,17,15,8,40
25.09.2016,17,15,9,41
26.09.2016,16,16,8,40
27.09.2016,15,17,8,40
28.09.2016,14,20,6,40
29.09.2016,14,20,6,40
30.09.2016,14,19,9,42
01.10.2016,14,20,8,42
02.10.2016,15,19,8,42
03.10.2016,15,19,10,44
04.10.2016,15,19,9,43
05.10.2016,15,19,9,43
06.10.2016,15,19,7,41
07.10.2016,15,18,8,41
08.10.2016,15,19,8,42
09.10.2016,15,19,8,42
10.10.2016,15,19,8,42
11.10.2016,15,19,8,42
12.10.2016,15,20,7,42
13.10.2016,15,20,7,42
14.10.2016,16,19,6,41
15.10.2016,17,18,6,41
16.10.2016,17,17,7,41
17.10.2016,16,18,8,42
18.10.2016,16,18,8,42
19.10.2016,15,19,7,41
20.10.2016,16,19,6,41
21.10.2016,16,17,6,39
22.10.2016,15,18,7,40
23.10.2016,15,18,7,40
24.10.2016,14,18,7,39
25.10.2016,14,18,8,40
26.10.2016,15,18,7,40
27.10.2016,14,19,7,40
28.10.2016,13,19,7,39
29.10.2016,13,19,7,39
30.10.2016,14,19,6,39
31.10.2016,15,18,5,38
01.11.2016,15,17,5,37
02.11.2016,15,17,5,37
03.11.2016,15,18,8,41
04.11.2016,15,20,7,42
05.11.2016,15,20,7,42
06.11.2016,15,20,7,42
07.11.2016,15,20,7,42
08.11.2016,15,20,7,42
09.11.2016,14,21,6,41
10.11.2016,14,21,6,41
11.11.2016,15,21,6,42
12.11.2016,17,19,6,42
13.11.2016,17,19,7,43
14.11.2016,17,19,6,42
15.11.2016,18,17,6,41
16.11.2016,18,18,8,44
17.11.2016,18,17,8,43
18.11.2016,18,17,8,43
19.11.2016,17,18,7,42
20.11.2016,18,18,7,43
21.11.2016,16,20,7,43
22.11.2016,18,17,7,42
23.11.2016,18,17,7,42
24.11.2016,17,19,8,44
25.11.2016,15,21,9,45
26.11.2016,15,21,9,45
27.11.2016,14,21,10,45
28.11.2016,15,19,9,43
29.11.2016,16,18,10,44
30.11.2016,16,19,9,44
01.12.2016,16,19,8,43
02.12.2016,17,18,7,42
03.12.2016,17,18,7,42
04.12.2016,17,18,7,42
05.12.2016,17,19,7,43
06.12.2016,15,21,7,43
07.12.2016,16,20,9,45
08.12.2016,15,21,10,46
09.12.2016,15,21,11,47
10.12.2016,16,20,11,47
11.12.2016,16,19,12,47
12.12.2016,17,18,12,47
13.12.2016,18,16,13,47
14.12.2016,19,15,11,45
15.12.2016,19,15,11,45
16.12.2016,17,18,11,46
17.12.2016,18,17,11,46
18.12.2016,19,16,10,45
19.12.2016,18,17,11,46
20.12.2016,19,14,10,43
21.12.2016,19,14,11,44
22.12.2016,18,15,11,44
23.12.2016,14,20,11,45
24.12.2016,14,21,11,46
25.12.2016,15,20,11,46
26.12.2016,16,19,11,46
27.12.2016,16,18,11,45
28.12.2016,15,17,10,42
29.12.2016,15,17,10,42
30.12.2016,14,19,10,43
31.12.2016,14,18,10,42
01.01.2017,14,18,10,42
02.01.2017,14,17,12,43
03.01.2017,13,17,12,42
04.01.2017,13,17,10,40
05.01.2017,12,19,10,41
06.01.2017,12,19,10,41
07.01.2017,13,18,11,42
08.01.2017,13,18,10,41
09.01.2017,15,16,11,42
10.01.2017,15,17,10,42
11.01.2017,15,16,10,41
12.01.2017,15,16,10,41
13.01.2017,14,17,10,41
14.01.2017,14,17,12,43
15.01.2017,14,17,12,43
16.01.2017,14,17,11,42
17.01.2017,14,18,13,45
18.01.2017,15,17,15,47
19.01.2017,15,18,15,48
20.01.2017,14,18,14,46
21.01.2017,14,18,15,47
22.01.2017,14,19,16,49
23.01.2017,15,19,16,50
24.01.2017,15,19,16,50
25.01.2017,15,19,16,50
26.01.2017,15,18,16,49
27.01.2017,15,18,17,50
28.01.2017,15,18,17,50
29.01.2017,15,18,17,50
30.01.2017,15,19,17,51
31.01.2017,13,21,17,51
01.02.2017,14,20,18,52
02.02.2017,13,19,20,52
03.02.2017,14,18,21,53
04.02.2017,14,19,20,53
05.02.2017,15,18,20,53
06.02.2017,15,18,19,52
07.02.2017,14,19,18,51
08.02.2017,16,20,17,53
09.02.2017,13,22,18,53
10.02.2017,13,22,19,54
11.02.2017,13,22,17,52
12.02.2017,13,23,16,52
13.02.2017,13,24,15,52
14.02.2017,13,25,12,50
15.02.2017,13,23,10,46
16.02.2017,13,23,11,47
17.02.2017,13,23,10,46
18.02.2017,13,23,10,46
19.02.2017,13,22,9,44
20.02.2017,13,22,8,43
21.02.2017,13,21,8,42
22.02.2017,13,21,10,44
23.02.2017,12,24,8,44
24.02.2017,12,24,8,44
25.02.2017,13,23,9,45
26.02.2017,13,23,10,46
27.02.2017,13,23,9,45
28.02.2017,13,23,9,45
01.03.2017,13,24,8,45
02.03.2017,13,26,7,46
03.03.2017,14,25,7,46
04.03.2017,14,25,9,48
05.03.2017,15,24,9,48
06.03.2017,14,25,10,49
07.03.2017,14,26,9,49
08.03.2017,15,25,10,50
09.03.2017,14,26,8,48
10.03.2017,14,26,8,48
11.03.2017,14,26,8,48
12.03.2017,14,25,10,49
13.03.2017,14,24,10,48
14.03.2017,14,23,12,49
15.03.2017,13,23,12,48
16.03.2017,14,24,12,50
17.03.2017,15,23,12,50
18.03.2017,15,23,12,50
19.03.2017,15,23,13,51
20.03.2017,14,24,15,53
21.03.2017,13,27,13,53
22.03.2017,14,27,12,53
23.03.2017,13,27,12,52
24.03.2017,13,27,13,53
25.03.2017,15,25,12,52
26.03.2017,15,26,10,51
27.03.2017,15,26,10,51
28.03.2017,15,26,10,51
29.03.2017,15,26,10,51
30.03.2017,15,24,10,49
31.03.2017,15,24,10,49
01.04.2017,15,24,8,47
02.04.2017,15,25,8,48
03.04.2017,16,25,8,49
04.04.2017,15,25,8,48
05.04.2017,15,25,8,48
06.04.2017,15,23,8,46
07.04.2017,15,23,9,47
08.04.2017,15,23,9,47
09.04.2017,15,23,8,46
10.04.2017,15,26,9,50
11.04.2017,16,25,9,50
12.04.2017,15,25,10,50
13.04.2017,14,25,10,49
14.04.2017,14,24,11,49
15.04.2017,14,24,11,49
16.04.2017,14,24,10,48
17.04.2017,14,24,9,47
18.04.2017,13,25,10,48
19.04.2017,13,23,11,47
20.04.2017,13,20,11,44
21.04.2017,13,20,9,42
22.04.2017,14,19,9,42
23.04.2017,15,18,9,42
24.04.2017,15,18,10,43
25.04.2017,16,18,10,44
26.04.2017,16,19,11,46
27.04.2017,17,19,15,51
28.04.2017,16,19,17,52
29.04.2017,16,21,16,53
30.04.2017,16,21,16,53
01.05.2017,16,22,15,53
02.05.2017,16,23,15,54
03.05.2017,16,24,14,54
04.05.2017,15,25,14,54
05.05.2017,15,26,14,55
06.05.2017,15,26,15,56
07.05.2017,15,26,15,56
08.05.2017,14,27,14,55
09.05.2017,15,26,13,54
10.05.2017,14,27,14,55
11.05.2017,14,29,13,56
12.05.2017,15,29,14,58
13.05.2017,15,29,14,58
14.05.2017,15,29,14,58
15.05.2017,17,27,13,57
16.05.2017,16,29,11,56
17.05.2017,16,29,11,56
18.05.2017,16,28,11,55
19.05.2017,16,26,12,54
20.05.2017,16,25,12,53
21.05.2017,16,25,12,53
22.05.2017,15,26,11,52
23.05.2017,16,27,12,55
24.05.2017,16,27,13,56
25.05.2017,17,24,11,52
26.05.2017,16,26,9,51
27.05.2017,16,26,9,51
28.05.2017,16,26,8,50
29.05.2017,16,26,8,50
30.05.2017,16,26,8,50
31.05.2017,16,26,8,50
01.06.2017,16,25,9,50
02.06.2017,15,25,9,49
03.06.2017,15,24,9,48
04.06.2017,15,24,9,48
05.06.2017,13,25,10,48
06.06.2017,14,23,13,50
07.06.2017,15,23,12,50
08.06.2017,15,24,11,50
09.06.2017,16,23,11,50
10.06.2017,16,23,11,50
11.06.2017,16,24,11,51
12.06.2017,17,26,9,52
13.06.2017,17,25,9,51
14.06.2017,17,25,9,51
15.06.2017,18,25,10,53
16.06.2017,18,23,11,52
17.06.2017,18,23,12,53
18.06.2017,18,23,12,53
19.06.2017,18,23,15,56
20.06.2017,18,24,13,55
21.06.2017,18,25,12,55
22.06.2017,17,24,12,53
23.06.2017,17,22,12,51
24.06.2017,17,22,12,51
25.06.2017,17,22,12,51
26.06.2017,17,22,13,52
27.06.2017,17,22,13,52
28.06.2017,17,23,13,53
29.06.2017,17,23,15,55
30.06.2017,16,24,16,56
01.07.2017,16,24,15,55
02.07.2017,16,24,15,55
03.07.2017,15,25,14,54
04.07.2017,14,26,13,53
05.07.2017,13,28,12,53
06.07.2017,14,27,13,54
07.07.2017,14,27,12,53
08.07.2017,14,27,12,53
09.07.2017,15,26,12,53
10.07.2017,14,26,11,51
11.07.2017,15,25,11,51
12.07.2017,14,26,12,52
13.07.2017,15,26,11,52
14.07.2017,15,26,13,54
15.07.2017,15,26,12,53
16.07.2017,15,26,12,53
17.07.2017,15,26,12,53
18.07.2017,14,27,11,52
19.07.2017,15,27,9,51
20.07.2017,15,28,7,50
21.07.2017,15,28,9,52
22.07.2017,15,27,11,53
23.07.2017,16,26,12,54
24.07.2017,16,26,12,54
25.07.2017,15,27,14,56
26.07.2017,15,26,14,55
27.07.2017,17,25,14,56
28.07.2017,18,24,14,56
29.07.2017,19,23,14,56
30.07.2017,19,23,14,56
31.07.2017,18,24,16,58
01.08.2017,17,26,15,58
02.08.2017,15,27,16,58
03.08.2017,16,26,17,59
04.08.2017,16,27,19,62
05.08.2017,16,30,17,63
06.08.2017,17,29,17,63
07.08.2017,17,29,17,63
08.08.2017,18,27,18,63
09.08.2017,17,28,19,64
10.08.2017,18,29,17,64
11.08.2017,18,30,18,66
12.08.2017,18,30,18,66
13.08.2017,18,30,18,66
14.08.2017,17,31,18,66
15.08.2017,17,32,18,67
16.08.2017,18,32,20,70
17.08.2017,17,34,18,69
18.08.2017,17,35,15,67
19.08.2017,17,35,14,66
20.08.2017,18,34,13,65
21.08.2017,18,34,12,64
22.08.2017,17,35,11,63
23.08.2017,17,36,10,63
24.08.2017,19,33,12,64
25.08.2017,20,32,13,65
26.08.2017,20,32,13,65
27.08.2017,20,32,13,65
28.08.2017,19,33,13,65
29.08.2017,18,35,12,65
30.08.2017,16,37,13,66
31.08.2017,16,37,13,66
01.09.2017,17,36,12,65
02.09.2017,18,35,12,65
03.09.2017,19,34,12,65
04.09.2017,18,36,12,66
05.09.2017,19,34,12,65
06.09.2017,20,32,11,63
07.09.2017,20,30,13,63
08.09.2017,20,27,14,61
09.09.2017,20,27,14,61
10.09.2017,20,27,14,61
11.09.2017,20,25,15,60
12.09.2017,20,24,14,58
13.09.2017,20,23,14,57
14.09.2017,20,21,15,56
15.09.2017,21,19,16,56
16.09.2017,21,19,16,56
17.09.2017,22,18,16,56
18.09.2017,23,18,16,57
19.09.2017,20,22,15,57
20.09.2017,21,22,15,58
21.09.2017,23,20,14,57
22.09.2017,23,21,12,56
23.09.2017,23,21,12,56
24.09.2017,23,21,12,56
25.09.2017,23,22,13,58
26.09.2017,23,22,12,57
27.09.2017,22,24,8,54
28.09.2017,21,25,7,53
29.09.2017,22,24,8,54
30.09.2017,22,26,7,55
01.10.2017,22,26,7,55
02.10.2017,21,25,8,54
03.10.2017,21,25,9,55
04.10.2017,24,22,9,55
05.10.2017,23,25,8,56
06.10.2017,23,26,11,60
07.10.2017,24,25,11,60
08.10.2017,24,25,11,60
09.10.2017,24,26,10,60
10.10.2017,24,29,8,61
11.10.2017,25,30,7,62
12.10.2017,24,32,6,62
13.10.2017,23,35,8,66
14.10.2017,23,35,8,66
15.10.2017,23,35,8,66
16.10.2017,24,35,7,66
17.10.2017,23,36,7,66
18.10.2017,24,35,7,66
19.10.2017,24,35,8,67
20.10.2017,24,35,8,67
21.10.2017,23,36,8,67
22.10.2017,23,36,9,68
23.10.2017,23,35,9,67
24.10.2017,24,33,10,67
25.10.2017,24,33,10,67
26.10.2017,24,32,10,66
27.10.2017,24,34,10,68
28.10.2017,24,32,10,66
29.10.2017,24,32,10,66
30.10.2017,24,32,10,66
31.10.2017,23,34,9,66
01.11.2017,24,33,10,67
02.11.2017,24,33,11,68
03.11.2017,25,33,12,70
04.11.2017,25,33,12,70
05.11.2017,25,33,12,70
06.11.2017,26,32,13,71
07.11.2017,26,32,11,69
08.11.2017,26,31,12,69
09.11.2017,25,32,13,70
10.11.2017,24,31,10,65
11.11.2017,23,33,10,66
12.11.2017,23,33,10,66
13.11.2017,23,34,10,67
14.11.2017,23,35,10,68
15.11.2017,23,35,12,70
16.11.2017,24,33,11,68
17.11.2017,23,32,13,68
18.11.2017,22,34,13,69
19.11.2017,22,33,13,68
20.11.2017,22,33,13,68
21.11.2017,24,32,13,69
22.11.2017,24,31,12,67
23.11.2017,24,32,12,68
24.11.2017,23,32,11,66
25.11.2017,23,32,11,66
26.11.2017,23,32,11,66
27.11.2017,22,35,10,67
28.11.2017,22,33,9,64
29.11.2017,22,33,8,63
30.11.2017,24,28,8,60
01.12.2017,23,24,7,54
02.12.2017,22,25,7,54
03.12.2017,22,25,7,54
04.12.2017,22,25,8,55
05.12.2017,22,26,9,57
06.12.2017,23,26,9,58
07.12.2017,22,27,9,58
08.12.2017,21,29,9,59
09.12.2017,21,27,9,57
10.12.2017,20,28,10,58
11.12.2017,20,28,9,57
12.12.2017,20,27,9,56
13.12.2017,20,26,9,55
14.12.2017,20,25,9,54
15.12.2017,20,25,10,55
16.12.2017,19,26,10,55
17.12.2017,19,26,9,54
18.12.2017,17,28,8,53
19.12.2017,20,25,8,53
20.12.2017,21,23,9,53
21.12.2017,22,20,8,50
22.12.2017,21,23,8,52
23.12.2017,21,23,8,52
24.12.2017,21,23,8,52
25.12.2017,21,23,8,52
26.12.2017,20,23,8,51
27.12.2017,20,23,8,51
28.12.2017,20,21,8,49
29.12.2017,20,21,8,49
30.12.2017,20,21,9,50
31.12.2017,20,21,10,51
01.01.2018,20,21,10,51
02.01.2018,20,21,10,51
03.01.2018,19,24,11,54
04.01.2018,18,27,11,56
05.01.2018,18,25,13,56
06.01.2018,18,25,13,56
07.01.2018,18,25,12,55
08.01.2018,20,24,11,55
09.01.2018,19,26,11,56
10.01.2018,20,25,11,56
11.01.2018,20,26,11,57
12.01.2018,20,28,11,59
13.01.2018,20,27,11,58
14.01.2018,20,27,11,58
15.01.2018,18,26,11,55
16.01.2018,19,26,11,56
17.01.2018,20,24,11,55
18.01.2018,19,25,13,57
19.01.2018,16,28,15,59
20.01.2018,16,29,16,61
21.01.2018,16,29,16,61
22.01.2018,15,33,15,63
23.01.2018,17,31,18,66
24.01.2018,17,32,17,66
25.01.2018,18,32,17,67
26.01.2018,18,32,17,67
27.01.2018,18,32,16,66
28.01.2018,18,32,18,68
29.01.2018,19,34,15,68
30.01.2018,19,34,14,67
31.01.2018,20,32,15,67
01.02.2018,20,32,15,67
02.02.2018,19,33,14,66
03.02.2018,19,33,16,68
04.02.2018,19,33,16,68
05.02.2018,21,31,16,68
06.02.2018,21,30,18,69
07.02.2018,20,30,19,69
08.02.2018,20,30,19,69
09.02.2018,20,31,18,69
10.02.2018,20,31,19,70
11.02.2018,20,31,19,70
12.02.2018,20,31,19,70
13.02.2018,21,31,19,71
14.02.2018,22,30,19,71
15.02.2018,22,31,16,69
16.02.2018,21,33,16,70
17.02.2018,21,33,16,70
18.02.2018,21,33,17,71
19.02.2018,21,33,18,72
20.02.2018,21,34,18,73
21.02.2018,21,32,19,72
22.02.2018,22,31,17,70
23.02.2018,22,33,17,72
24.02.2018,22,33,17,72
25.02.2018,22,33,18,73
26.02.2018,23,31,20,74
27.02.2018,22,34,18,74
28.02.2018,22,34,18,74
01.03.2018,21,34,17,72
02.03.2018,20,34,17,71
03.03.2018,21,33,16,70
04.03.2018,21,34,16,71
05.03.2018,20,34,16,70
06.03.2018,21,32,16,69
07.03.2018,20,33,14,67
08.03.2018,20,33,15,68
09.03.2018,21,29,14,64
10.03.2018,21,29,13,63
11.03.2018,21,29,13,63
12.03.2018,23,29,11,63
13.03.2018,24,30,10,64
14.03.2018,27,27,10,64
15.03.2018,27,28,12,67
16.03.2018,25,29,12,66
17.03.2018,26,29,12,67
18.03.2018,26,30,10,66
19.03.2018,26,30,12,68
20.03.2018,26,30,12,68
21.03.2018,26,31,12,69
22.03.2018,27,31,12,70
23.03.2018,28,29,13,70
24.03.2018,28,30,12,70
25.03.2018,28,30,11,69
26.03.2018,27,31,11,69
27.03.2018,28,31,15,74
28.03.2018,28,32,17,77
29.03.2018,27,33,18,78
30.03.2018,25,35,18,78
31.03.2018,25,35,18,78
01.04.2018,25,34,18,77
02.04.2018,25,36,17,78
03.04.2018,26,37,17,80
04.04.2018,24,37,19,80
05.04.2018,24,37,19,80
06.04.2018,22,38,19,79
07.04.2018,22,38,19,79
08.04.2018,22,38,19,79
09.04.2018,24,36,19,79
10.04.2018,25,34,20,79
11.04.2018,27,33,19,79
12.04.2018,26,35,17,78
13.04.2018,23,38,16,77
14.04.2018,24,37,16,77
15.04.2018,24,37,16,77
16.04.2018,25,36,16,77
17.04.2018,24,36,15,75
18.04.2018,23,37,15,75
19.04.2018,23,36,15,74
20.04.2018,24,34,15,73
21.04.2018,24,33,14,71
22.04.2018,24,34,14,72
23.04.2018,24,36,15,75
24.04.2018,26,34,12,72
25.04.2018,24,36,10,70
26.04.2018,24,37,10,71
27.04.2018,22,38,10,70
28.04.2018,22,38,10,70
29.04.2018,22,38,10,70
30.04.2018,22,39,9,70
01.05.2018,24,37,9,70
02.05.2018,26,36,7,69
03.05.2018,27,35,8,70
04.05.2018,26,37,8,71
05.05.2018,26,37,8,71
06.05.2018,26,37,8,71
07.05.2018,27,34,7,68
08.05.2018,27,37,8,72
09.05.2018,26,37,8,71
10.05.2018,26,37,8,71
11.05.2018,25,39,11,75
12.05.2018,25,39,11,75
13.05.2018,25,39,11,75
14.05.2018,26,38,8,72
15.05.2018,26,38,8,72
16.05.2018,25,39,8,72
17.05.2018,25,38,8,71
18.05.2018,24,38,7,69
19.05.2018,24,37,8,69
20.05.2018,24,37,8,69
21.05.2018,24,37,9,70
22.05.2018,26,34,10,70
23.05.2018,23,36,10,69
24.05.2018,23,36,10,69
25.05.2018,24,35,10,69
26.05.2018,25,34,10,69
27.05.2018,25,34,10,69
28.05.2018,25,34,11,70
29.05.2018,24,34,12,70
30.05.2018,26,34,11,71
31.05.2018,26,33,11,70
01.06.2018,26,30,11,67
02.06.2018,26,29,11,66
03.06.2018,26,29,11,66
04.06.2018,26,28,12,66
05.06.2018,27,28,12,67
06.06.2018,26,30,11,67
07.06.2018,26,31,10,67
08.06.2018,25,32,7,64
09.06.2018,25,31,7,63
10.06.2018,25,31,7,63
11.06.2018,25,28,8,61
12.06.2018,23,27,8,58
13.06.2018,21,29,8,58
14.06.2018,21,30,8,59
15.06.2018,20,32,8,60
16.06.2018,20,31,7,58
17.06.2018,20,32,7,59
18.06.2018,20,32,5,57
19.06.2018,21,32,4,57
20.06.2018,22,31,4,57
21.06.2018,23,30,4,57
22.06.2018,25,29,5,59
23.06.2018,25,30,4,59
24.06.2018,25,30,4,59
25.06.2018,24,31,3,58
26.06.2018,24,31,3,58
27.06.2018,25,29,3,57
28.06.2018,25,29,3,57
29.06.2018,25,29,3,57
30.06.2018,25,29,3,57
01.07.2018,25,29,3,57
02.07.2018,25,29,3,57
03.07.2018,26,28,3,57
04.07.2018,26,28,3,57
05.07.2018,26,28,2,56
06.07.2018,27,28,2,57
07.07.2018,27,28,2,57
08.07.2018,27,28,2,57
09.07.2018,26,29,2,57
10.07.2018,26,29,2,57
11.07.2018,24,32,1,57
12.07.2018,24,33,1,58
13.07.2018,24,32,2,58
14.07.2018,24,32,2,58
15.07.2018,24,32,2,58
16.07.2018,24,31,2,57
17.07.2018,25,31,2,58
18.07.2018,26,30,3,59
19.07.2018,28,28,3,59
20.07.2018,28,28,4,60
21.07.2018,28,28,4,60
22.07.2018,28,29,4,61
23.07.2018,29,28,5,62
24.07.2018,30,28,5,63
25.07.2018,31,25,6,62
26.07.2018,29,28,7,64
27.07.2018,29,28,6,63
28.07.2018,29,28,6,63
29.07.2018,29,29,5,63
30.07.2018,29,29,6,64
31.07.2018,29,30,4,63
01.08.2018,31,28,4,63
02.08.2018,31,27,5,63
03.08.2018,31,27,5,63
04.08.2018,31,27,5,63
05.08.2018,31,27,5,63
06.08.2018,27,31,5,63
07.08.2018,27,30,4,61
08.08.2018,27,30,4,61
09.08.2018,27,28,4,59
10.08.2018,26,31,4,61
11.08.2018,26,29,4,59
12.08.2018,26,29,4,59
13.08.2018,26,30,4,60
14.08.2018,27,30,4,61
15.08.2018,29,29,3,61
16.08.2018,30,28,3,61
17.08.2018,28,30,2,60
18.08.2018,27,31,2,60
19.08.2018,27,30,2,59
20.08.2018,28,30,1,59
21.08.2018,29,29,0,58
22.08.2018,30,28,0,58
23.08.2018,29,29,0,58
24.08.2018,29,28,0,57
25.08.2018,29,27,0,56
26.08.2018,29,26,0,55
27.08.2018,28,23,2,53
28.08.2018,27,24,2,53
29.08.2018,28,22,4,54
30.08.2018,29,21,4,54
31.08.2018,29,21,5,55
01.09.2018,29,22,4,55
02.09.2018,29,22,4,55
03.09.2018,27,24,4,55
04.09.2018,28,23,3,54
05.09.2018,27,25,4,56
06.09.2018,26,26,4,56
07.09.2018,26,25,4,55
08.09.2018,28,24,3,55
09.09.2018,28,23,3,54
10.09.2018,28,23,3,54
11.09.2018,27,24,4,55
12.09.2018,27,23,4,54
13.09.2018,28,22,4,54
14.09.2018,26,25,4,55
15.09.2018,26,25,4,55
16.09.2018,26,25,4,55
17.09.2018,27,24,4,55
18.09.2018,26,25,4,55
19.09.2018,27,25,3,55
20.09.2018,29,24,3,56
21.09.2018,30,22,4,56
22.09.2018,31,21,5,57
23.09.2018,31,21,5,57
24.09.2018,30,22,4,56
25.09.2018,29,23,4,56
26.09.2018,29,23,2,54
27.09.2018,30,22,2,54
28.09.2018,30,22,3,55
29.09.2018,31,21,3,55
30.09.2018,31,22,3,56
01.10.2018,31,22,3,56
02.10.2018,31,21,6,58
03.10.2018,30,25,5,60
04.10.2018,28,27,6,61
05.10.2018,28,28,5,61
06.10.2018,29,26,5,60
07.10.2018,29,26,6,61
08.10.2018,29,26,6,61
09.10.2018,27,30,6,63
10.10.2018,28,29,7,64
11.10.2018,28,30,8,66
12.10.2018,27,30,8,65
13.10.2018,27,30,8,65
14.10.2018,27,30,8,65
15.10.2018,27,32,8,67
16.10.2018,28,30,10,68
17.10.2018,28,31,10,69
18.10.2018,29,32,10,71
19.10.2018,30,31,10,71
20.10.2018,29,32,10,71
21.10.2018,30,31,10,71
22.10.2018,30,30,11,71
23.10.2018,31,29,12,72
24.10.2018,28,29,13,70
25.10.2018,28,30,14,72
26.10.2018,28,29,14,71
27.10.2018,28,29,14,71
28.10.2018,28,29,14,71
29.10.2018,28,27,15,70
30.10.2018,28,27,16,71
31.10.2018,30,25,16,71
01.11.2018,30,27,14,71
02.11.2018,32,24,14,70
03.11.2018,32,24,14,70
04.11.2018,32,24,13,69
05.11.2018,32,23,14,69
06.11.2018,31,23,14,68
07.11.2018,31,23,11,65
08.11.2018,30,24,10,64
09.11.2018,31,24,10,65
10.11.2018,31,24,10,65
11.11.2018,31,24,10,65
12.11.2018,31,24,9,64
13.11.2018,32,24,9,65
14.11.2018,32,24,11,67
15.11.2018,31,28,9,68
16.11.2018,31,27,12,70
17.11.2018,31,26,11,68
18.11.2018,31,26,12,69
19.11.2018,31,27,11,69
20.11.2018,34,23,10,67
21.11.2018,31,26,11,68
22.11.2018,32,24,9,65
23.11.2018,31,24,8,63
24.11.2018,31,25,8,64
25.11.2018,31,25,8,64
26.11.2018,32,25,7,64
27.11.2018,32,25,5,62
28.11.2018,32,27,4,63
29.11.2018,30,28,5,63
30.11.2018,31,27,6,64
01.12.2018,30,28,6,64
02.12.2018,30,28,6,64
03.12.2018,30,28,5,63
04.12.2018,28,30,5,63
05.12.2018,29,28,7,64
06.12.2018,30,28,7,65
07.12.2018,32,25,7,64
08.12.2018,32,25,7,64
09.12.2018,32,25,7,64
10.12.2018,32,25,7,64
11.12.2018,31,27,7,65
12.12.2018,31,28,7,66
13.12.2018,31,27,7,65
14.12.2018,31,27,8,66
15.12.2018,31,25,9,65
16.12.2018,32,24,9,65
17.12.2018,33,23,9,65
18.12.2018,33,21,9,63
19.12.2018,30,24,9,63
20.12.2018,32,22,9,63
21.12.2018,33,22,10,65
22.12.2018,33,23,9,65
23.12.2018,33,23,9,65
24.12.2018,32,24,9,65
25.12.2018,32,24,9,65
26.12.2018,32,24,9,65
27.12.2018,31,25,8,64
28.12.2018,31,26,7,64
29.12.2018,31,26,7,64
30.12.2018,30,27,7,64
31.12.2018,30,27,7,64
01.01.2019,30,27,7,64
02.01.2019,30,25,9,64
03.01.2019,31,24,8,63
04.01.2019,31,24,8,63
05.01.2019,31,24,8,63
06.01.2019,31,24,9,64
07.01.2019,32,23,9,64
08.01.2019,31,25,8,64
09.01.2019,30,26,6,62
10.01.2019,28,28,6,62
11.01.2019,28,29,6,63
12.01.2019,29,28,6,63
13.01.2019,29,28,5,62
14.01.2019,28,28,6,62
15.01.2019,28,29,7,64
16.01.2019,28,29,7,64
17.01.2019,27,31,7,65
18.01.2019,28,30,6,64
19.01.2019,27,30,6,63
20.01.2019,26,31,6,63
21.01.2019,26,32,6,64
22.01.2019,27,32,5,64
23.01.2019,26,33,6,65
24.01.2019,25,35,7,67
25.01.2019,27,32,7,66
26.01.2019,28,31,7,66
27.01.2019,29,31,7,67
28.01.2019,30,30,7,67
29.01.2019,29,32,7,68
30.01.2019,28,33,6,67
31.01.2019,31,30,6,67
01.02.2019,31,30,8,69
02.02.2019,31,31,7,69
03.02.2019,31,31,6,68
04.02.2019,28,34,6,68
05.02.2019,28,34,7,69
06.02.2019,28,34,7,69
07.02.2019,28,35,7,70
08.02.2019,28,33,6,67
09.02.2019,28,33,6,67
10.02.2019,27,34,6,67
11.02.2019,26,35,5,66
12.02.2019,26,35,7,68
13.02.2019,26,35,7,68
14.02.2019,27,35,8,70
15.02.2019,28,36,6,70
16.02.2019,28,36,6,70
17.02.2019,28,36,6,70
18.02.2019,27,37,6,70
19.02.2019,26,37,7,70
20.02.2019,26,37,7,70
21.02.2019,25,37,7,69
22.02.2019,26,34,7,67
23.02.2019,26,34,7,67
24.02.2019,26,33,8,67
25.02.2019,29,30,8,67
26.02.2019,29,30,7,66
27.02.2019,30,29,7,66
28.02.2019,30,29,8,67
01.03.2019,30,28,8,66
02.03.2019,30,28,8,66
03.03.2019,30,28,8,66
04.03.2019,29,29,9,67
05.03.2019,29,28,11,68
06.03.2019,29,29,11,69
07.03.2019,30,29,10,69
08.03.2019,28,31,10,69
09.03.2019,28,31,10,69
10.03.2019,28,31,10,69
11.03.2019,29,30,10,69
12.03.2019,32,28,7,67
13.03.2019,31,29,7,67
14.03.2019,30,29,8,67
15.03.2019,31,27,8,66
16.03.2019,30,28,8,66
17.03.2019,30,28,8,66
18.03.2019,34,24,10,68
19.03.2019,34,24,11,69
20.03.2019,32,25,11,68
21.03.2019,31,26,11,68
22.03.2019,31,26,11,68
23.03.2019,31,26,11,68
24.03.2019,31,26,10,67
25.03.2019,34,23,10,67
26.03.2019,34,22,10,66
27.03.2019,34,22,11,67
28.03.2019,33,24,10,67
29.03.2019,34,23,9,66
30.03.2019,35,22,10,67
31.03.2019,35,22,10,67
01.04.2019,33,24,9,66
02.04.2019,29,27,7,63
03.04.2019,32,24,7,63
04.04.2019,32,23,7,62
05.04.2019,32,24,9,65
06.04.2019,32,24,9,65
07.04.2019,32,24,9,65
08.04.2019,31,24,9,64
09.04.2019,33,24,11,68
10.04.2019,34,25,11,70
11.04.2019,33,28,8,69
12.04.2019,32,30,7,69
13.04.2019,33,29,8,70
14.04.2019,33,29,8,70
15.04.2019,34,28,6,68
16.04.2019,34,28,6,68
17.04.2019,31,30,6,67
18.04.2019,31,29,6,66
19.04.2019,29,30,6,65
20.04.2019,28,31,8,67
21.04.2019,28,31,8,67
22.04.2019,30,29,8,67
23.04.2019,30,29,8,67
24.04.2019,30,29,7,66
25.04.2019,30,30,7,67
26.04.2019,29,31,7,67
27.04.2019,30,31,6,67
28.04.2019,30,31,6,67
29.04.2019,31,30,6,67
30.04.2019,28,33,6,67
01.05.2019,30,31,6,67
02.05.2019,29,32,6,67
03.05.2019,29,32,5,66
04.05.2019,30,31,5,66
05.05.2019,30,31,5,66
06.05.2019,29,32,5,66
07.05.2019,29,31,5,65
08.05.2019,32,26,4,62
09.05.2019,31,27,4,62
10.05.2019,31,27,5,63
11.05.2019,31,27,4,62
12.05.2019,31,27,4,62
13.05.2019,31,27,4,62
14.05.2019,31,25,3,59
15.05.2019,28,26,3,57
16.05.2019,29,24,4,57
17.05.2019,28,25,5,58
18.05.2019,28,25,4,57
19.05.2019,28,25,4,57
20.05.2019,29,25,3,57
21.05.2019,28,26,4,58
22.05.2019,29,30,2,61
23.05.2019,30,29,3,62
24.05.2019,31,27,3,61
25.05.2019,31,26,4,61
26.05.2019,31,26,4,61
27.05.2019,31,26,4,61
28.05.2019,29,27,4,60
29.05.2019,30,27,7,64
30.05.2019,30,29,7,66
31.05.2019,31,28,7,66
01.06.2019,32,27,7,66
02.06.2019,32,27,7,66
03.06.2019,32,27,8,67
04.06.2019,31,28,8,67
05.06.2019,31,29,8,68
06.06.2019,32,31,7,70
07.06.2019,32,31,6,69
08.06.2019,33,30,6,69
09.06.2019,33,30,6,69
10.06.2019,32,32,6,70
11.06.2019,31,34,7,72
12.06.2019,30,34,9,73
13.06.2019,31,32,10,73
14.06.2019,30,34,9,73
15.06.2019,30,34,9,73
16.06.2019,30,34,9,73
17.06.2019,31,33,9,73
18.06.2019,29,36,8,73
19.06.2019,31,33,9,73
20.06.2019,31,33,8,72
21.06.2019,31,33,9,73
22.06.2019,31,33,7,71
23.06.2019,31,33,8,72
24.06.2019,32,33,7,72
25.06.2019,31,34,7,72
26.06.2019,31,34,3,68
27.06.2019,33,31,5,69
28.06.2019,33,31,5,69
29.06.2019,33,31,5,69
30.06.2019,35,29,5,69
01.07.2019,35,29,5,69
02.07.2019,31,34,7,72
03.07.2019,30,37,6,73
04.07.2019,29,38,6,73
05.07.2019,29,38,6,73
06.07.2019,29,38,6,73
07.07.2019,29,38,6,73
08.07.2019,29,38,7,74
09.07.2019,28,39,6,73
10.07.2019,28,40,9,77
11.07.2019,29,40,8,77
12.07.2019,30,39,8,77
13.07.2019,30,39,8,77
14.07.2019,30,39,8,77
15.07.2019,32,37,8,77
16.07.2019,30,40,7,77
17.07.2019,31,39,7,77
18.07.2019,30,39,7,76
19.07.2019,33,36,6,75
20.07.2019,33,36,6,75
21.07.2019,33,36,6,75
22.07.2019,34,35,6,75
23.07.2019,34,35,8,77
24.07.2019,37,33,7,77
25.07.2019,37,34,5,76
26.07.2019,39,32,5,76
27.07.2019,40,31,5,76
28.07.2019,41,30,5,76
29.07.2019,41,31,4,76
30.07.2019,37,36,3,76
31.07.2019,36,36,3,75
01.08.2019,37,35,2,74
02.08.2019,38,34,3,75
03.08.2019,38,34,3,75
04.08.2019,38,33,4,75
05.08.2019,39,33,6,78
06.08.2019,39,33,5,77
07.08.2019,39,33,5,77
08.08.2019,39,32,4,75
09.08.2019,38,32,4,74
10.08.2019,38,32,4,74
11.08.2019,38,32,4,74
12.08.2019,39,32,5,76
13.08.2019,39,32,6,77
14.08.2019,41,30,8,79
15.08.2019,40,30,11,81
16.08.2019,41,29,11,81
17.08.2019,41,30,10,81
18.08.2019,41,30,10,81
19.08.2019,42,29,10,81
20.08.2019,42,29,11,82
21.08.2019,44,26,13,83
22.08.2019,43,27,13,83
23.08.2019,43,27,13,83
24.08.2019,44,26,14,84
25.08.2019,44,26,14,84
26.08.2019,41,27,15,83
27.08.2019,40,28,14,82
28.08.2019,40,28,14,82
29.08.2019,40,30,14,84
30.08.2019,41,31,14,86
31.08.2019,41,31,15,87
01.09.2019,41,31,14,86
02.09.2019,40,30,11,81
03.09.2019,40,30,11,81
04.09.2019,41,29,11,81
05.09.2019,41,28,11,80
06.09.2019,40,27,11,78
07.09.2019,40,27,11,78
08.09.2019,40,27,11,78
09.09.2019,38,29,10,77
10.09.2019,39,28,8,75
11.09.2019,38,29,6,73
12.09.2019,39,28,5,72
13.09.2019,39,28,6,73
14.09.2019,39,28,6,73
15.09.2019,39,28,6,73
16.09.2019,40,28,5,73
17.09.2019,38,30,5,73
18.09.2019,40,28,3,71
19.09.2019,40,28,3,71
20.09.2019,39,29,3,71
21.09.2019,39,29,3,71
22.09.2019,39,29,3,71
23.09.2019,38,30,4,72
24.09.2019,38,30,5,73
25.09.2019,39,29,4,72
26.09.2019,41,26,5,72
27.09.2019,39,29,4,72
28.09.2019,37,31,3,71
29.09.2019,38,30,3,71
30.09.2019,38,31,3,72
01.10.2019,38,28,3,69
02.10.2019,39,27,3,69
03.10.2019,39,25,3,67
04.10.2019,37,26,3,66
05.10.2019,37,26,3,66
06.10.2019,36,26,3,65
07.10.2019,36,26,6,68
08.10.2019,36,28,5,69
09.10.2019,37,27,5,69
10.10.2019,37,26,6,69
11.10.2019,38,28,4,70
12.10.2019,39,27,4,70
13.10.2019,39,27,4,70
14.10.2019,40,28,3,71
15.10.2019,38,30,3,71
16.10.2019,37,31,4,72
17.10.2019,39,29,6,74
18.10.2019,37,31,7,75
19.10.2019,37,31,7,75
20.10.2019,37,32,7,76
21.10.2019,36,33,7,76
22.10.2019,37,31,6,74
23.10.2019,37,30,6,73
24.10.2019,39,27,6,72
25.10.2019,39,25,7,71
26.10.2019,37,27,7,71
27.10.2019,38,26,7,71
28.10.2019,36,30,6,72
29.10.2019,36,30,6,72
30.10.2019,37,29,6,72
31.10.2019,37,29,6,72
01.11.2019,39,27,6,72
02.11.2019,40,26,6,72
03.11.2019,39,27,6,72
04.11.2019,40,26,6,72
05.11.2019,40,26,6,72
06.11.2019,39,27,6,72
07.11.2019,40,26,5,71
08.11.2019,39,26,6,71
09.11.2019,40,25,6,71
10.11.2019,40,25,6,71
11.11.2019,40,25,6,71
12.11.2019,37,29,7,73
13.11.2019,37,28,6,71
14.11.2019,37,28,4,69
15.11.2019,37,28,4,69
16.11.2019,37,25,4,66
17.11.2019,37,25,4,66
18.11.2019,37,26,6,69
19.11.2019,38,25,6,69
20.11.2019,38,27,5,70
21.11.2019,40,27,5,72
22.11.2019,38,30,7,75
23.11.2019,38,30,7,75
24.11.2019,39,29,8,76
25.11.2019,39,30,7,76
26.11.2019,37,32,7,76
27.11.2019,37,32,9,78
28.11.2019,35,34,10,79
29.11.2019,35,34,10,79
30.11.2019,36,33,10,79
01.12.2019,35,34,10,79
02.12.2019,37,32,11,80
03.12.2019,35,32,11,78
04.12.2019,37,31,11,79
05.12.2019,37,33,10,80
06.12.2019,38,33,9,80
07.12.2019,38,33,9,80
08.12.2019,38,33,9,80
09.12.2019,38,33,9,80
10.12.2019,37,34,9,80
11.12.2019,35,36,11,82
12.12.2019,35,37,10,82
13.12.2019,35,37,10,82
14.12.2019,35,37,10,82
15.12.2019,35,37,10,82
16.12.2019,37,35,8,80
17.12.2019,37,33,11,81
18.12.2019,37,33,10,80
19.12.2019,37,33,10,80
20.12.2019,38,31,10,79
21.12.2019,38,31,11,80
22.12.2019,39,30,10,79
23.12.2019,38,31,10,79
24.12.2019,36,32,10,78
25.12.2019,37,31,8,76
26.12.2019,36,32,8,76
27.12.2019,35,32,8,75
28.12.2019,35,32,8,75
29.12.2019,34,33,8,75
30.12.2019,35,32,7,74
31.12.2019,34,28,8,70
01.01.2020,36,26,7,69
02.01.2020,37,25,7,69
03.01.2020,35,26,6,67
04.01.2020,35,26,6,67
05.01.2020,35,26,6,67
06.01.2020,36,24,6,66
07.01.2020,36,25,7,68
08.01.2020,36,27,7,70
09.01.2020,35,30,11,76
10.01.2020,33,33,11,77
11.01.2020,33,33,11,77
12.01.2020,33,33,11,77
13.01.2020,33,34,11,78
14.01.2020,34,34,8,76
15.01.2020,35,33,8,76
16.01.2020,33,35,9,77
17.01.2020,34,34,8,76
18.01.2020,35,33,8,76
19.01.2020,35,34,8,77
20.01.2020,35,33,7,75
21.01.2020,35,35,6,76
22.01.2020,34,37,7,78
23.01.2020,35,37,6,78
24.01.2020,36,37,7,80
25.01.2020,35,38,7,80
26.01.2020,35,38,7,80
27.01.2020,37,36,7,80
28.01.2020,39,34,8,81
29.01.2020,41,33,9,83
30.01.2020,39,36,7,82
31.01.2020,39,35,7,81
01.02.2020,39,35,7,81
02.02.2020,39,35,8,82
03.02.2020,37,39,7,83
04.02.2020,36,41,6,83
05.02.2020,33,45,7,85
06.02.2020,33,45,4,82
07.02.2020,33,43,3,79
08.02.2020,32,44,3,79
09.02.2020,32,44,3,79
10.02.2020,33,44,3,80
11.02.2020,39,38,4,81
12.02.2020,37,41,3,81
13.02.2020,36,42,3,81
14.02.2020,36,41,4,81
15.02.2020,35,42,4,81
16.02.2020,34,44,4,82
17.02.2020,32,47,3,82
18.02.2020,31,46,3,80
19.02.2020,31,47,4,82
20.02.2020,30,48,7,85
21.02.2020,32,47,5,84
22.02.2020,33,47,4,84
23.02.2020,32,48,4,84
24.02.2020,32,48,5,85
25.02.2020,32,49,4,85
26.02.2020,36,45,5,86
27.02.2020,31,51,4,86
28.02.2020,31,51,4,86
29.02.2020,31,51,4,86
01.03.2020,31,50,4,85
02.03.2020,30,52,4,86
03.03.2020,33,49,4,86
04.03.2020,33,49,2,84
05.03.2020,32,50,3,85
06.03.2020,34,48,4,86
07.03.2020,33,49,4,86
08.03.2020,33,49,4,86
09.03.2020,32,50,4,86
10.03.2020,39,43,5,87
11.03.2020,37,45,4,86
12.03.2020,37,45,4,86
13.03.2020,37,45,4,86
14.03.2020,37,44,5,86
15.03.2020,37,44,5,86
16.03.2020,35,45,5,85
17.03.2020,36,41,5,82
18.03.2020,36,40,6,82
19.03.2020,35,42,5,82
20.03.2020,37,40,5,82
21.03.2020,38,41,6,85
22.03.2020,38,42,5,85
23.03.2020,38,42,5,85
24.03.2020,39,41,4,84
25.03.2020,41,39,5,85
26.03.2020,37,41,5,83
27.03.2020,37,42,5,84
28.03.2020,37,42,5,84
29.03.2020,38,41,5,84
30.03.2020,36,42,6,84
31.03.2020,37,38,5,80
01.04.2020,37,37,6,80
02.04.2020,34,39,5,78
03.04.2020,39,35,5,79
04.04.2020,39,35,5,79
05.04.2020,38,36,5,79
06.04.2020,38,38,6,82
07.04.2020,43,33,5,81
08.04.2020,43,32,5,80
09.04.2020,43,32,5,80
10.04.2020,41,33,6,80
11.04.2020,41,33,6,80
12.04.2020,42,32,5,79
13.04.2020,41,33,5,79
14.04.2020,40,33,5,78
15.04.2020,39,33,7,79
16.04.2020,40,31,8,79
17.04.2020,41,30,8,79
18.04.2020,40,32,8,80
19.04.2020,40,32,8,80
20.04.2020,39,33,9,81
21.04.2020,38,33,10,81
22.04.2020,39,30,10,79
23.04.2020,38,32,11,81
24.04.2020,39,31,11,81
25.04.2020,38,32,11,81
26.04.2020,39,30,11,80
27.04.2020,39,30,10,79
28.04.2020,37,33,11,81
29.04.2020,38,35,8,81
30.04.2020,34,39,8,81
01.05.2020,33,41,7,81
02.05.2020,33,41,7,81
03.05.2020,34,40,7,81
04.05.2020,33,40,9,82
05.05.2020,35,37,10,82
06.05.2020,35,38,10,83
07.05.2020,38,37,12,87
08.05.2020,36,39,11,86
09.05.2020,37,38,11,86
10.05.2020,37,38,12,87
11.05.2020,37,39,16,92
12.05.2020,38,40,16,94
13.05.2020,36,40,15,91
14.05.2020,39,39,13,91
15.05.2020,37,41,16,94
16.05.2020,36,41,16,93
17.05.2020,36,42,15,93
18.05.2020,35,45,15,95
19.05.2020,35,44,20,99
20.05.2020,36,44,25,105
21.05.2020,37,42,25,104
22.05.2020,38,41,26,105
23.05.2020,37,42,27,106
24.05.2020,38,41,29,108
25.05.2020,39,39,41,119
26.05.2020,36,41,43,120
27.05.2020,37,39,44,120
28.05.2020,33,42,46,121
29.05.2020,33,42,47,122
30.05.2020,33,44,45,122
31.05.2020,34,43,47,124
01.06.2020,34,44,46,124
02.06.2020,36,43,47,126
03.06.2020,38,42,46,126
04.06.2020,38,41,45,124
05.06.2020,39,40,47,126
06.06.2020,38,41,47,126
07.06.2020,38,42,46,126
08.06.2020,38,42,44,124
09.06.2020,39,40,42,121
10.06.2020,39,39,41,119
11.06.2020,40,36,41,117
12.06.2020,38,39,40,117
13.06.2020,38,39,40,117
14.06.2020,38,39,40,117
15.06.2020,37,41,41,119
16.06.2020,39,40,36,115
17.06.2020,39,41,33,113
18.06.2020,42,36,32,110
19.06.2020,43,37,32,112
20.06.2020,42,38,31,111
21.06.2020,42,38,30,110
22.06.2020,42,37,18,97
23.06.2020,39,41,19,99
24.06.2020,40,41,18,99
25.06.2020,36,44,17,97
26.06.2020,39,42,19,100
27.06.2020,39,41,19,99
28.06.2020,39,41,17,97
29.06.2020,38,43,18,99
30.06.2020,38,46,15,99
01.07.2020,39,41,16,96
02.07.2020,38,43,16,97
03.07.2020,38,44,15,97
04.07.2020,38,43,15,96
05.07.2020,38,43,16,97
06.07.2020,37,43,15,95
07.07.2020,37,45,15,97
08.07.2020,38,44,17,99
09.07.2020,40,42,18,100
10.07.2020,38,43,18,99
11.07.2020,38,43,20,101
12.07.2020,37,44,20,101
13.07.2020,35,46,21,102
14.07.2020,36,45,23,104
15.07.2020,35,48,27,110
16.07.2020,41,43,27,111
17.07.2020,40,46,24,110
18.07.2020,40,46,25,111
19.07.2020,40,46,25,111
20.07.2020,41,45,25,111
21.07.2020,40,44,24,108
22.07.2020,39,41,27,107
23.07.2020,37,44,26,107
24.07.2020,38,42,23,103
25.07.2020,37,43,23,103
26.07.2020,37,43,23,103
27.07.2020,37,43,24,104
28.07.2020,36,42,24,102
29.07.2020,39,40,22,101
30.07.2020,39,39,21,99
31.07.2020,38,42,20,100
01.08.2020,39,41,20,100
02.08.2020,39,41,19,99
03.08.2020,36,42,20,98
04.08.2020,37,42,19,98
05.08.2020,39,37,18,94
06.08.2020,40,35,19,94
07.08.2020,38,36,18,92
08.08.2020,38,36,16,90
09.08.2020,37,37,16,90
10.08.2020,36,38,16,90
11.08.2020,37,35,15,87
12.08.2020,35,31,9,75
13.08.2020,38,28,7,73
14.08.2020,36,30,6,72
15.08.2020,36,30,5,71
16.08.2020,36,31,5,72
17.08.2020,36,32,5,73
18.08.2020,37,32,4,73
19.08.2020,37,33,3,73
20.08.2020,36,34,4,74
21.08.2020,34,36,4,74
22.08.2020,35,35,4,74
23.08.2020,35,35,4,74
24.08.2020,35,36,4,75
25.08.2020,34,36,5,75
26.08.2020,37,33,7,77
27.08.2020,37,31,7,75
28.08.2020,36,31,7,74
29.08.2020,36,31,7,74
30.08.2020,36,31,7,74
31.08.2020,34,32,7,73
01.09.2020,33,36,7,76
02.09.2020,31,37,7,75
03.09.2020,30,37,6,73
04.09.2020,28,38,6,72
05.09.2020,28,38,6,72
06.09.2020,28,38,6,72
07.09.2020,28,38,5,71
08.09.2020,29,36,6,71
09.09.2020,31,34,6,71
10.09.2020,33,30,7,70
11.09.2020,32,32,8,72
12.09.2020,32,32,8,72
13.09.2020,32,32,8,72
14.09.2020,31,33,8,72
15.09.2020,32,33,7,72
16.09.2020,33,31,8,72
17.09.2020,33,32,8,73
18.09.2020,33,32,8,73
19.09.2020,34,31,8,73
20.09.2020,34,31,8,73
21.09.2020,34,31,6,71
22.09.2020,34,30,5,69
23.09.2020,35,32,5,72
24.09.2020,35,33,3,71
25.09.2020,34,34,3,71
26.09.2020,34,34,3,71
27.09.2020,34,34,3,71
28.09.2020,31,38,3,72
29.09.2020,31,38,3,72
30.09.2020,30,39,3,72
01.10.2020,30,39,3,72
02.10.2020,29,40,3,72
03.10.2020,29,41,4,74
04.10.2020,29,41,4,74
05.10.2020,29,41,4,74
06.10.2020,30,40,3,73
07.10.2020,30,40,2,72
08.10.2020,31,37,2,70
09.10.2020,31,36,2,69
10.10.2020,31,36,2,69
11.10.2020,31,36,3,70
12.10.2020,31,36,3,70
13.10.2020,31,37,3,71
14.10.2020,31,37,3,71
15.10.2020,32,35,4,71
16.10.2020,31,36,4,71
17.10.2020,31,36,4,71
18.10.2020,31,36,4,71
19.10.2020,31,36,4,71
20.10.2020,33,34,4,71
21.10.2020,35,30,3,68
22.10.2020,34,30,3,67
23.10.2020,35,32,2,69
24.10.2020,35,32,2,69
25.10.2020,35,32,2,69
26.10.2020,33,34,3,70
27.10.2020,33,35,2,70
28.10.2020,31,37,2,70
29.10.2020,33,34,2,69
30.10.2020,32,34,2,68
31.10.2020,32,33,1,66
01.11.2020,32,33,1,66
02.11.2020,32,33,2,67
03.11.2020,33,32,2,67
04.11.2020,32,33,2,67
05.11.2020,30,34,2,66
06.11.2020,32,33,2,67
07.11.2020,32,33,2,67
08.11.2020,33,32,2,67
09.11.2020,33,33,2,68
10.11.2020,33,32,3,68
11.11.2020,32,33,2,67
12.11.2020,33,32,1,66
13.11.2020,32,34,1,67
14.11.2020,32,34,2,68
15.11.2020,32,34,2,68
16.11.2020,32,37,1,70
17.11.2020,33,37,1,71
18.11.2020,35,35,1,71
19.11.2020,34,37,1,72
20.11.2020,34,35,2,71
21.11.2020,34,35,3,72
22.11.2020,34,35,3,72
23.11.2020,34,35,3,72
24.11.2020,34,36,5,75
25.11.2020,32,36,5,73
26.11.2020,34,34,5,73
27.11.2020,32,36,5,73
28.11.2020,32,36,5,73
29.11.2020,32,36,5,73
30.11.2020,33,35,4,72
01.12.2020,33,35,4,72
02.12.2020,34,34,5,73
03.12.2020,34,35,5,74
04.12.2020,34,34,5,73
05.12.2020,34,34,5,73
06.12.2020,35,33,5,73
07.12.2020,35,33,5,73
08.12.2020,37,31,6,74
09.12.2020,38,29,7,74
10.12.2020,38,30,6,74
11.12.2020,37,31,6,74
12.12.2020,37,31,6,74
13.12.2020,37,31,6,74
14.12.2020,33,33,7,73
15.12.2020,34,31,7,72
16.12.2020,34,31,8,73
17.12.2020,33,31,8,72
18.12.2020,33,31,8,72
19.12.2020,33,30,7,70
20.12.2020,33,30,7,70
21.12.2020,33,29,7,69
22.12.2020,33,28,5,66
23.12.2020,31,31,4,66
24.12.2020,32,27,4,63
25.12.2020,31,28,4,63
26.12.2020,31,28,4,63
27.12.2020,30,28,4,62
28.12.2020,30,30,4,64
29.12.2020,29,31,5,65
30.12.2020,31,29,4,64
31.12.2020,32,28,4,64
01.01.2021,32,28,4,64
02.01.2021,32,28,4,64
03.01.2021,33,27,4,64
04.01.2021,32,28,4,64
05.01.2021,33,27,5,65
06.01.2021,31,29,5,65
07.01.2021,30,28,6,64
08.01.2021,29,31,6,66
09.01.2021,30,30,6,66
10.01.2021,30,30,6,66
11.01.2021,28,31,5,64
12.01.2021,30,28,5,63
13.01.2021,31,25,6,62
14.01.2021,31,26,6,63
15.01.2021,29,28,8,65
16.01.2021,29,28,8,65
17.01.2021,29,28,8,65
18.01.2021,31,28,7,66
19.01.2021,31,28,7,66
20.01.2021,30,30,6,66
21.01.2021,31,29,6,66
22.01.2021,30,31,6,67
23.01.2021,30,31,6,67
24.01.2021,31,31,6,68
25.01.2021,31,29,5,65
26.01.2021,30,31,5,66
27.01.2021,33,30,5,68
28.01.2021,34,29,6,69
29.01.2021,34,28,7,69
30.01.2021,34,29,7,70
31.01.2021,35,28,8,71
01.02.2021,34,30,6,70
02.02.2021,34,30,5,69
03.02.2021,34,29,5,68
04.02.2021,36,28,5,69
05.02.2021,35,28,5,68
06.02.2021,36,28,5,69
07.02.2021,36,28,5,69
08.02.2021,35,30,6,71
09.02.2021,32,33,5,70
10.02.2021,33,34,4,71
11.02.2021,33,33,3,69
12.02.2021,33,33,3,69
13.02.2021,33,34,3,70
14.02.2021,33,34,4,71
15.02.2021,33,35,4,72
16.02.2021,34,34,4,72
17.02.2021,35,33,5,73
18.02.2021,35,32,6,73
19.02.2021,35,33,5,73
20.02.2021,35,32,6,73
21.02.2021,35,33,5,73
22.02.2021,35,33,6,74
23.02.2021,34,35,5,74
24.02.2021,34,35,5,74
25.02.2021,34,35,5,74
26.02.2021,34,34,5,73
27.02.2021,34,35,5,74
28.02.2021,34,35,5,74
01.03.2021,34,34,6,74
02.03.2021,35,33,5,73
03.03.2021,36,32,6,74
04.03.2021,36,32,7,75
05.03.2021,36,33,6,75
06.03.2021,36,33,7,76
07.03.2021,36,33,7,76
08.03.2021,36,35,8,79
09.03.2021,35,36,11,82
10.03.2021,36,36,8,80
11.03.2021,36,37,7,80
12.03.2021,36,37,7,80
13.03.2021,35,38,7,80
14.03.2021,35,39,5,79
15.03.2021,34,38,6,78
16.03.2021,35,37,7,79
17.03.2021,35,36,7,78
18.03.2021,36,36,9,81
19.03.2021,36,36,9,81
20.03.2021,36,36,8,80
21.03.2021,36,36,7,79
22.03.2021,36,37,7,80
23.03.2021,37,36,6,79
24.03.2021,38,34,5,77
25.03.2021,36,38,5,79
26.03.2021,37,38,4,79
27.03.2021,37,38,4,79
28.03.2021,38,37,4,79
29.03.2021,39,36,5,80
30.03.2021,40,36,5,81
31.03.2021,40,36,5,81
01.04.2021,39,36,5,80
02.04.2021,39,37,5,81
03.04.2021,39,38,4,81
04.04.2021,39,38,4,81
05.04.2021,38,38,4,80
06.04.2021,37,38,5,80
07.04.2021,38,37,5,80
08.04.2021,38,36,5,79
09.04.2021,38,36,4,78
10.04.2021,37,37,5,79
11.04.2021,37,36,6,79
12.04.2021,37,36,5,78
13.04.2021,37,35,4,76
14.04.2021,36,36,5,77
15.04.2021,37,32,4,73
16.04.2021,37,34,4,75
17.04.2021,37,34,4,75
18.04.2021,37,34,4,75
19.04.2021,37,34,5,76
20.04.2021,37,34,6,77
21.04.2021,38,32,5,75
22.04.2021,38,32,7,77
23.04.2021,38,32,7,77
24.04.2021,38,32,7,77
25.04.2021,39,31,7,77
26.04.2021,39,30,7,76
27.04.2021,39,29,7,75
28.04.2021,38,30,7,75
29.04.2021,38,29,7,74
30.04.2021,38,30,7,75
01.05.2021,39,29,7,75
02.05.2021,39,29,7,75
03.05.2021,38,30,7,75
04.05.2021,37,31,6,74
05.05.2021,38,30,6,74
06.05.2021,37,31,7,75
07.05.2021,37,33,7,77
08.05.2021,37,34,5,76
09.05.2021,37,34,4,75
10.05.2021,37,34,4,75
11.05.2021,38,33,4,75
12.05.2021,37,34,3,74
13.05.2021,38,31,4,73
14.05.2021,37,31,4,72
15.05.2021,37,31,6,74
16.05.2021,37,30,7,74
17.05.2021,35,32,7,74
18.05.2021,37,31,5,73
19.05.2021,37,30,5,72
20.05.2021,37,30,4,71
21.05.2021,37,30,4,71
22.05.2021,37,30,4,71
23.05.2021,37,30,4,71
24.05.2021,38,29,4,71
25.05.2021,38,29,4,71
26.05.2021,37,29,4,70
27.05.2021,36,34,4,74
28.05.2021,34,34,5,73
29.05.2021,33,35,6,74
30.05.2021,33,35,7,75
31.05.2021,32,37,8,77
01.06.2021,33,38,7,78
02.06.2021,34,38,7,79
03.06.2021,33,39,7,79
04.06.2021,33,39,8,80
05.06.2021,35,37,9,81
06.06.2021,35,37,9,81
07.06.2021,35,37,9,81
08.06.2021,34,39,9,82
09.06.2021,34,38,8,80
10.06.2021,34,39,8,81
11.06.2021,34,39,8,81
12.06.2021,34,39,8,81
13.06.2021,34,39,8,81
14.06.2021,35,38,9,82
15.06.2021,36,37,11,84
16.06.2021,34,40,13,87
17.06.2021,32,40,13,85
18.06.2021,31,41,13,85
19.06.2021,33,39,13,85
20.06.2021,34,38,13,85
21.06.2021,34,39,13,86
22.06.2021,34,39,14,87
23.06.2021,34,40,13,87
24.06.2021,35,38,13,86
25.06.2021,33,41,10,84
26.06.2021,32,42,9,83
27.06.2021,33,41,8,82
28.06.2021,34,40,8,82
29.06.2021,35,38,9,82
30.06.2021,35,39,8,82
01.07.2021,35,40,9,84
02.07.2021,36,41,7,84
03.07.2021,36,41,7,84
04.07.2021,36,41,7,84
05.07.2021,35,41,8,84
06.07.2021,36,39,7,82
07.07.2021,34,41,8,83
08.07.2021,34,41,8,83
09.07.2021,34,41,8,83
10.07.2021,34,42,7,83
11.07.2021,34,42,7,83
12.07.2021,33,42,8,83
13.07.2021,33,42,8,83
14.07.2021,31,43,4,78
15.07.2021,30,44,4,78
16.07.2021,30,44,5,79
17.07.2021,32,42,5,79
18.07.2021,33,41,5,79
19.07.2021,33,41,6,80
20.07.2021,32,39,6,77
21.07.2021,33,37,6,76
22.07.2021,33,38,6,77
23.07.2021,30,40,8,78
24.07.2021,29,41,9,79
25.07.2021,29,42,10,81
26.07.2021,30,42,10,82
27.07.2021,30,43,11,84
28.07.2021,30,42,11,83
29.07.2021,29,44,9,82
30.07.2021,29,44,9,82
31.07.2021,28,45,9,82
01.08.2021,29,44,9,82
02.08.2021,28,46,10,84
03.08.2021,30,44,10,84
04.08.2021,30,46,9,85
05.08.2021,30,46,9,85
06.08.2021,31,45,9,85
07.08.2021,31,45,9,85
08.08.2021,31,45,10,86
09.08.2021,31,46,10,87
10.08.2021,32,46,9,87
11.08.2021,31,47,9,87
12.08.2021,31,46,9,86
13.08.2021,32,43,8,83
14.08.2021,33,42,8,83
15.08.2021,34,41,8,83
16.08.2021,34,44,6,84
17.08.2021,33,43,6,82
18.08.2021,33,41,6,80
19.08.2021,33,41,6,80
20.08.2021,31,43,6,80
21.08.2021,31,43,6,80
22.08.2021,31,43,5,79
23.08.2021,33,42,4,79
24.08.2021,32,44,3,79
25.08.2021,32,44,4,80
26.08.2021,32,45,4,81
27.08.2021,33,44,4,81
28.08.2021,33,44,4,81
29.08.2021,33,44,4,81
30.08.2021,34,42,4,80
31.08.2021,32,41,5,78
01.09.2021,33,39,4,76
02.09.2021,33,40,3,76
03.09.2021,34,39,6,79
04.09.2021,34,38,6,78
05.09.2021,34,38,6,78
06.09.2021,34,37,8,79
07.09.2021,34,37,7,78
08.09.2021,35,36,6,77
09.09.2021,34,39,8,81
10.09.2021,35,40,6,81
11.09.2021,35,40,6,81
12.09.2021,35,40,6,81
13.09.2021,36,39,8,83
14.09.2021,36,41,7,84
15.09.2021,36,43,8,87
16.09.2021,37,41,7,85
17.09.2021,35,43,7,85
18.09.2021,35,43,8,86
19.09.2021,35,43,8,86
20.09.2021,36,42,11,89
21.09.2021,37,41,11,89
22.09.2021,36,44,11,91
23.09.2021,36,43,11,90
24.09.2021,35,44,11,90
25.09.2021,35,44,11,90
26.09.2021,35,45,11,91
27.09.2021,33,48,12,93
28.09.2021,34,47,13,94
29.09.2021,35,46,14,95
30.09.2021,36,45,13,94
01.10.2021,37,44,11,92
02.10.2021,38,43,11,92
03.10.2021,38,43,11,92
04.10.2021,38,42,14,94
05.10.2021,38,42,14,94
06.10.2021,39,41,15,95
07.10.2021,40,41,16,97
08.10.2021,42,39,16,97
09.10.2021,42,39,16,97
10.10.2021,42,39,16,97
11.10.2021,41,40,14,95
12.10.2021,42,40,16,98
13.10.2021,41,41,16,98
14.10.2021,41,40,17,98
15.10.2021,40,41,16,97
16.10.2021,40,42,14,96
17.10.2021,40,42,14,96
18.10.2021,41,41,12,94
19.10.2021,41,43,11,95
20.10.2021,40,44,13,97
21.10.2021,40,43,13,96
22.10.2021,38,44,14,96
23.10.2021,39,43,14,96
24.10.2021,39,43,14,96
25.10.2021,37,46,12,95
26.10.2021,37,46,12,95
27.10.2021,37,45,11,93
28.10.2021,38,44,13,95
29.10.2021,36,45,13,94
30.10.2021,36,45,13,94
31.10.2021,37,44,13,94
01.11.2021,37,45,9,91
02.11.2021,36,45,10,91
03.11.2021,38,43,9,90
04.11.2021,40,44,7,91
05.11.2021,42,41,7,90
06.11.2021,42,41,8,91
07.11.2021,42,41,8,91
08.11.2021,41,42,8,91
09.11.2021,42,42,7,91
10.11.2021,42,41,7,90
11.11.2021,41,42,6,89
12.11.2021,40,43,8,91
13.11.2021,40,43,8,91
14.11.2021,40,43,8,91
15.11.2021,41,44,6,91
16.11.2021,42,42,5,89
17.11.2021,42,41,3,86
18.11.2021,42,39,5,86
19.11.2021,41,39,5,85
20.11.2021,42,38,5,85
21.11.2021,42,38,5,85
22.11.2021,43,33,6,82
23.11.2021,44,32,6,82
24.11.2021,43,33,6,82
25.11.2021,42,34,5,81
26.11.2021,41,35,5,81
27.11.2021,41,35,5,81
28.11.2021,42,34,5,81
29.11.2021,42,33,7,82
30.11.2021,43,33,8,84
01.12.2021,43,32,7,82
02.12.2021,44,34,6,84
03.12.2021,44,34,6,84
04.12.2021,44,34,5,83
05.12.2021,44,34,5,83
06.12.2021,44,35,4,83
07.12.2021,43,37,4,84
08.12.2021,45,36,5,86
09.12.2021,44,33,5,82
10.12.2021,44,35,6,85
11.12.2021,44,35,6,85
12.12.2021,44,35,7,86
13.12.2021,44,36,6,86
14.12.2021,47,35,6,88
15.12.2021,47,35,5,87
16.12.2021,47,35,4,86
17.12.2021,45,37,4,86
18.12.2021,45,37,4,86
19.12.2021,45,37,4,86
20.12.2021,44,36,3,83
21.12.2021,45,33,3,81
22.12.2021,44,34,4,82
23.12.2021,42,35,4,81
24.12.2021,41,36,4,81
25.12.2021,41,36,4,81
26.12.2021,42,35,4,81
27.12.2021,41,37,4,82
28.12.2021,44,34,4,82
29.12.2021,43,35,4,82
30.12.2021,45,32,4,81
31.12.2021,42,34,5,81
01.01.2022,41,35,5,81
02.01.2022,42,34,5,81
03.01.2022,43,37,4,84
04.01.2022,44,35,4,83
05.01.2022,44,35,3,82
06.01.2022,45,34,3,82
07.01.2022,44,34,3,81
08.01.2022,46,32,3,81
09.01.2022,46,32,2,80
10.01.2022,47,31,3,81
11.01.2022,48,33,3,84
12.01.2022,47,35,4,86
13.01.2022,46,38,2,86
14.01.2022,45,39,3,87
15.01.2022,45,39,3,87
16.01.2022,45,39,4,88
17.01.2022,44,40,4,88
18.01.2022,44,38,4,86
19.01.2022,43,39,3,85
20.01.2022,42,41,3,86
21.01.2022,42,41,5,88
22.01.2022,42,41,5,88
23.01.2022,42,41,5,88
24.01.2022,42,42,5,89
25.01.2022,44,39,6,89
26.01.2022,44,40,8,92
27.01.2022,44,41,9,94
28.01.2022,43,43,9,95
29.01.2022,42,45,8,95
30.01.2022,43,44,8,95
31.01.2022,44,42,8,94
01.02.2022,42,43,10,95
02.02.2022,43,43,9,95
03.02.2022,44,41,9,94
04.02.2022,44,40,10,94
05.02.2022,44,40,11,95
06.02.2022,45,39,11,95
07.02.2022,45,39,11,95
08.02.2022,46,38,10,94
09.02.2022,43,40,10,93
10.02.2022,42,43,11,96
11.02.2022,43,41,10,94
12.02.2022,43,41,10,94
13.02.2022,43,42,9,94
14.02.2022,42,43,9,94
15.02.2022,41,44,8,93
16.02.2022,41,46,8,95
17.02.2022,41,45,8,94
18.02.2022,39,48,7,94
19.02.2022,39,49,7,95
20.02.2022,39,49,7,95
21.02.2022,40,47,7,94
22.02.2022,40,47,7,94
23.02.2022,39,45,7,91
24.02.2022,41,43,7,91
25.02.2022,38,46,7,91
26.02.2022,38,46,7,91
27.02.2022,38,46,7,91
28.02.2022,38,46,8,92
01.03.2022,38,48,5,91
02.03.2022,38,47,5,90
03.03.2022,37,48,5,90
04.03.2022,39,47,5,91
05.03.2022,39,47,5,91
06.03.2022,40,46,5,91
07.03.2022,41,46,5,92
08.03.2022,40,47,6,93
09.03.2022,41,46,6,93
10.03.2022,41,45,4,90
11.03.2022,42,46,3,91
12.03.2022,42,46,3,91
13.03.2022,42,45,3,90
14.03.2022,42,45,2,89
15.03.2022,42,43,3,88
16.03.2022,43,40,4,87
17.03.2022,47,36,5,88
18.03.2022,45,38,4,87
19.03.2022,47,35,4,86
20.03.2022,46,36,4,86
21.03.2022,45,39,4,88
22.03.2022,44,40,5,89
23.03.2022,44,42,3,89
24.03.2022,46,41,3,90
25.03.2022,45,43,4,92
26.03.2022,44,44,4,92
27.03.2022,43,45,4,92
28.03.2022,43,46,5,94
29.03.2022,46,44,4,94
30.03.2022,46,45,3,94
31.03.2022,45,48,5,98
01.04.2022,46,47,5,98
02.04.2022,46,48,5,99
03.04.2022,47,47,5,99
04.04.2022,48,46,7,101
05.04.2022,46,48,6,100
06.04.2022,47,47,7,101
07.04.2022,50,44,6,100
08.04.2022,51,44,8,103
09.04.2022,51,42,8,101
10.04.2022,50,44,8,102
11.04.2022,49,44,8,101
12.04.2022,49,44,8,101
13.04.2022,50,42,8,100
14.04.2022,51,41,8,100
15.04.2022,51,39,7,97
16.04.2022,52,38,7,97
17.04.2022,52,38,7,97
18.04.2022,52,38,6,96
19.04.2022,49,42,4,95
20.04.2022,50,41,4,95
21.04.2022,48,43,5,96
22.04.2022,49,41,6,96
23.04.2022,49,41,6,96
24.04.2022,49,42,5,96
25.04.2022,52,39,5,96
26.04.2022,51,40,5,96
27.04.2022,50,40,6,96
28.04.2022,52,39,4,95
29.04.2022,52,39,4,95
30.04.2022,51,40,5,96
01.05.2022,52,39,5,96
02.05.2022,53,39,3,95
03.05.2022,52,38,4,94
04.05.2022,51,40,4,95
05.05.2022,53,39,4,96
06.05.2022,52,38,3,93
07.05.2022,52,38,3,93
08.05.2022,51,38,3,92
09.05.2022,51,37,5,93
10.05.2022,46,42,5,93
11.05.2022,48,37,5,90
12.05.2022,49,36,5,90
13.05.2022,49,35,6,90
14.05.2022,50,34,6,90
15.05.2022,50,34,6,90
16.05.2022,48,37,7,92
17.05.2022,46,40,6,92
18.05.2022,46,41,6,93
19.05.2022,44,43,6,93
20.05.2022,47,41,6,94
21.05.2022,47,41,6,94
22.05.2022,46,42,6,94
23.05.2022,50,40,8,98
24.05.2022,49,42,8,99
25.05.2022,49,43,9,101
26.05.2022,51,41,11,103
27.05.2022,48,47,8,103
28.05.2022,48,47,8,103
29.05.2022,48,47,8,103
30.05.2022,49,45,8,102
31.05.2022,48,46,8,102
01.06.2022,49,46,9,104
02.06.2022,51,44,11,106
03.06.2022,49,47,11,107
04.06.2022,49,47,11,107
05.06.2022,48,48,11,107
06.06.2022,49,47,11,107
07.06.2022,46,50,11,107
08.06.2022,47,50,10,107
09.06.2022,48,53,7,108
10.06.2022,52,50,6,108
11.06.2022,52,50,6,108
12.06.2022,52,50,6,108
13.06.2022,52,51,5,108
14.06.2022,51,52,4,107
15.06.2022,51,52,8,111
16.06.2022,52,50,8,110
17.06.2022,54,47,6,107
18.06.2022,54,47,6,107
19.06.2022,54,47,6,107
20.06.2022,53,47,5,105
21.06.2022,52,48,5,105
22.06.2022,53,48,6,107
23.06.2022,54,45,6,105
24.06.2022,52,46,7,105
25.06.2022,51,47,7,105
26.06.2022,51,47,7,105
27.06.2022,51,48,7,106
28.06.2022,51,49,7,107
29.06.2022,51,51,7,109
30.06.2022,50,52,7,109
01.07.2022,50,53,8,111
02.07.2022,50,54,7,111
03.07.2022,50,54,7,111
04.07.2022,51,53,8,112
05.07.2022,49,55,8,112
06.07.2022,49,57,8,114
07.07.2022,50,55,8,113
08.07.2022,51,55,8,114
09.07.2022,51,55,8,114
10.07.2022,51,55,8,114
11.07.2022,51,56,8,115
12.07.2022,51,57,7,115
13.07.2022,50,56,4,110
14.07.2022,49,57,4,110
15.07.2022,49,56,4,109
16.07.2022,49,56,4,109
17.07.2022,49,56,4,109
18.07.2022,49,57,4,110
19.07.2022,49,57,4,110
20.07.2022,50,55,3,108
21.07.2022,51,53,4,108
22.07.2022,50,54,3,107
23.07.2022,50,52,3,105
24.07.2022,51,51,3,105
25.07.2022,52,51,5,108
26.07.2022,52,51,5,108
27.07.2022,52,50,6,108
28.07.2022,53,51,3,107
29.07.2022,52,54,3,109
30.07.2022,52,54,3,109
31.07.2022,52,54,4,110
01.08.2022,55,51,5,111
02.08.2022,54,53,4,111
03.08.2022,52,54,3,109
04.08.2022,55,52,3,110
05.08.2022,54,53,4,111
06.08.2022,54,53,6,113
07.08.2022,52,55,6,113
08.08.2022,53,54,5,112
09.08.2022,52,55,5,112
10.08.2022,52,54,5,111
11.08.2022,53,52,6,111
12.08.2022,54,53,6,113
13.08.2022,55,52,6,113
14.08.2022,55,52,6,113
15.08.2022,56,51,7,114
16.08.2022,58,49,7,114
17.08.2022,57,48,8,113
18.08.2022,60,44,7,111
19.08.2022,58,45,7,110
20.08.2022,58,45,7,110
21.08.2022,59,44,7,110
22.08.2022,59,45,7,111
23.08.2022,57,47,7,111
24.08.2022,58,48,6,112
25.08.2022,59,46,6,111
26.08.2022,58,47,6,111
27.08.2022,58,47,6,111
28.08.2022,57,48,6,111
29.08.2022,58,47,6,111
30.08.2022,58,47,5,110
31.08.2022,56,46,5,107
01.09.2022,57,45,5,107
02.09.2022,57,46,5,108
03.09.2022,58,45,4,107
04.09.2022,58,45,5,108
05.09.2022,56,46,5,107
06.09.2022,57,45,5,107
07.09.2022,58,45,8,111
08.09.2022,59,46,6,111
09.09.2022,59,46,6,111
10.09.2022,59,46,6,111
11.09.2022,59,46,7,112
12.09.2022,61,43,6,110
13.09.2022,63,40,6,109
14.09.2022,60,41,5,106
15.09.2022,62,38,7,107
16.09.2022,61,41,6,108
17.09.2022,61,41,6,108
18.09.2022,62,40,6,108
19.09.2022,59,44,6,109
20.09.2022,57,45,6,108
21.09.2022,58,47,6,111
22.09.2022,57,47,6,110
23.09.2022,58,45,6,109
24.09.2022,57,46,6,109
25.09.2022,55,47,6,108
26.09.2022,57,45,6,108
27.09.2022,58,44,7,109
28.09.2022,56,46,9,111
29.09.2022,57,45,9,111
30.09.2022,59,43,8,110
01.10.2022,59,43,8,110
02.10.2022,59,43,7,109
03.10.2022,59,42,8,109
04.10.2022,59,42,8,109
05.10.2022,58,40,6,104
06.10.2022,62,36,6,104
07.10.2022,60,38,6,104
08.10.2022,60,38,6,104
09.10.2022,60,38,6,104
10.10.2022,61,37,7,105
11.10.2022,64,35,7,106
12.10.2022,62,37,7,106
13.10.2022,61,38,6,105
14.10.2022,61,39,7,107
15.10.2022,61,39,7,107
16.10.2022,61,39,7,107
17.10.2022,61,37,7,105
18.10.2022,61,39,7,107
19.10.2022,59,41,9,109
20.10.2022,57,43,9,109
21.10.2022,57,44,8,109
22.10.2022,57,44,8,109
23.10.2022,56,45,8,109
24.10.2022,56,46,7,109
25.10.2022,57,44,6,107
26.10.2022,57,44,4,105
27.10.2022,58,41,3,102
28.10.2022,58,41,3,102
29.10.2022,58,41,3,102
30.10.2022,58,41,3,102
31.10.2022,57,42,4,103
01.11.2022,57,41,5,103
02.11.2022,56,44,4,104
03.11.2022,59,41,4,104
04.11.2022,57,44,5,106
05.11.2022,57,43,5,105
06.11.2022,57,44,4,105
07.11.2022,57,44,5,106
08.11.2022,58,44,5,107
09.11.2022,58,45,5,108
10.11.2022,58,46,5,109
11.11.2022,56,46,4,106
12.11.2022,57,45,4,106
13.11.2022,57,45,4,106
14.11.2022,56,47,4,107
15.11.2022,58,44,5,107
16.11.2022,56,46,3,105
17.11.2022,54,48,3,105
18.11.2022,53,47,3,103
19.11.2022,53,47,3,103
20.11.2022,54,46,3,103
21.11.2022,54,45,3,102
22.11.2022,55,43,4,102
23.11.2022,57,40,4,101
24.11.2022,58,39,4,101
25.11.2022,56,40,4,100
26.11.2022,56,40,4,100
27.11.2022,56,40,4,100
28.11.2022,55,41,3,99
29.11.2022,55,41,4,100
30.11.2022,53,42,5,100
01.12.2022,55,40,5,100
02.12.2022,54,41,4,99
03.12.2022,54,41,4,99
04.12.2022,54,40,4,98
05.12.2022,56,38,4,98
06.12.2022,55,39,4,98
07.12.2022,58,39,5,102
08.12.2022,58,41,3,102
09.12.2022,57,43,2,102
10.12.2022,60,39,2,101
11.12.2022,60,39,2,101
12.12.2022,57,42,2,101
13.12.2022,60,39,1,100
14.12.2022,61,37,1,99
15.12.2022,58,42,1,101
16.12.2022,58,43,1,102
17.12.2022,58,44,1,103
18.12.2022,57,45,1,103
19.12.2022,61,41,1,103
20.12.2022,59,43,1,103
21.12.2022,57,45,0,102
22.12.2022,57,44,1,102
23.12.2022,56,44,2,102
24.12.2022,56,44,2,102
25.12.2022,56,44,2,102
26.12.2022,56,43,2,101
27.12.2022,56,42,3,101
28.12.2022,53,43,4,100
29.12.2022,53,44,3,100
30.12.2022,54,43,3,100
31.12.2022,53,44,4,101
01.01.2023,53,44,4,101
02.01.2023,54,43,5,102
03.01.2023,54,47,5,106
04.01.2023,56,44,6,106
05.01.2023,56,42,7,105
06.01.2023,56,41,7,104
07.01.2023,59,38,7,104
08.01.2023,59,38,7,104
09.01.2023,56,41,7,104
10.01.2023,56,39,8,103
11.01.2023,56,38,8,102
12.01.2023,52,41,9,102
13.01.2023,55,38,9,102
14.01.2023,53,38,9,100
15.01.2023,52,38,9,99
16.01.2023,56,34,10,100
17.01.2023,53,36,10,99
18.01.2023,53,37,10,100
19.01.2023,54,39,10,103
20.01.2023,52,40,10,102
21.01.2023,52,40,10,102
22.01.2023,53,40,10,103
23.01.2023,52,43,10,105
24.01.2023,52,44,10,106
25.01.2023,49,47,10,106
26.01.2023,53,44,8,105
27.01.2023,53,46,7,106
28.01.2023,53,46,7,106
29.01.2023,53,46,7,106
30.01.2023,54,46,7,107
31.01.2023,55,44,6,105
01.02.2023,58,41,7,106
02.02.2023,59,40,8,107
03.02.2023,59,40,7,106
04.02.2023,60,39,8,107
05.02.2023,60,39,8,107
06.02.2023,59,40,7,106
07.02.2023,55,44,6,105
08.02.2023,58,42,7,107
09.02.2023,56,44,6,106
10.02.2023,57,44,6,107
11.02.2023,57,44,6,107
12.02.2023,56,45,6,107
13.02.2023,59,45,7,111
14.02.2023,57,46,7,110
15.02.2023,55,48,7,110
16.02.2023,56,46,7,109
17.02.2023,56,46,8,110
18.02.2023,56,46,8,110
19.02.2023,56,46,8,110
20.02.2023,55,46,8,109
21.02.2023,56,45,6,107
22.02.2023,53,49,7,109
23.02.2023,59,42,7,108
24.02.2023,57,45,7,109
25.02.2023,57,45,7,109
26.02.2023,58,44,7,109
27.02.2023,57,45,7,109
28.02.2023,55,47,7,109
01.03.2023,58,43,7,108
02.03.2023,58,43,6,107
03.03.2023,58,43,6,107
04.03.2023,59,42,5,106
05.03.2023,59,42,5,106
06.03.2023,57,44,6,107
07.03.2023,52,49,5,106
08.03.2023,55,45,4,104
09.03.2023,55,47,2,104
10.03.2023,55,47,2,104
11.03.2023,55,48,2,105
12.03.2023,55,48,2,105
13.03.2023,54,49,0,103
14.03.2023,56,47,0,103
15.03.2023,56,47,0,103
16.03.2023,56,47,0,103
17.03.2023,57,46,0,103
18.03.2023,58,45,0,103
19.03.2023,58,45,0,103
20.03.2023,61,43,0,104
21.03.2023,63,40,0,103
22.03.2023,58,43,0,101
23.03.2023,62,38,0,100
24.03.2023,61,39,0,100
25.03.2023,60,40,0,100
26.03.2023,61,39,0,100
27.03.2023,62,40,0,102
28.03.2023,59,42,0,101
29.03.2023,60,41,0,101
30.03.2023,62,39,0,101
31.03.2023,59,41,0,100
01.04.2023,61,40,0,101
02.04.2023,62,39,0,101
03.04.2023,58,43,2,103
04.04.2023,55,46,2,103
05.04.2023,58,42,2,102
06.04.2023,57,40,2,99
07.04.2023,58,41,1,100
08.04.2023,57,42,1,100
09.04.2023,57,42,1,100
10.04.2023,58,41,1,100
11.04.2023,60,39,2,101
12.04.2023,60,39,4,103
13.04.2023,58,41,4,103
14.04.2023,60,39,5,104
15.04.2023,61,38,5,104
16.04.2023,60,39,5,104
17.04.2023,61,37,5,103
18.04.2023,62,36,7,105
19.04.2023,59,39,6,104
20.04.2023,60,39,6,105
21.04.2023,58,42,6,106
22.04.2023,58,42,6,106
23.04.2023,60,40,7,107
24.04.2023,63,38,8,109
25.04.2023,62,41,7,110
26.04.2023,62,41,8,111
27.04.2023,62,40,8,110
28.04.2023,60,42,8,110
29.04.2023,60,42,8,110
30.04.2023,60,42,8,110
01.05.2023,59,45,7,111
02.05.2023,53,51,7,111
03.05.2023,54,49,8,111
04.05.2023,52,51,8,111
05.05.2023,54,51,9,114
06.05.2023,54,51,9,114
07.05.2023,54,51,9,114
08.05.2023,54,50,10,114
09.05.2023,55,48,9,112
10.05.2023,58,45,9,112
11.05.2023,56,48,10,114
12.05.2023,57,47,10,114
13.05.2023,57,47,10,114
14.05.2023,56,48,10,114
15.05.2023,57,49,10,116
16.05.2023,56,51,8,115
17.05.2023,56,50,9,115
18.05.2023,52,55,8,115
19.05.2023,52,54,8,114
20.05.2023,52,53,8,113
21.05.2023,53,52,7,112
22.05.2023,56,48,7,111
23.05.2023,53,49,7,109
24.05.2023,55,43,7,105
25.05.2023,54,44,7,105
26.05.2023,52,46,7,105
27.05.2023,53,45,7,105
28.05.2023,55,43,7,105
29.05.2023,54,44,7,105
30.05.2023,53,44,7,104
31.05.2023,52,45,6,103
01.06.2023,53,43,5,101
02.06.2023,52,43,5,100
03.06.2023,52,43,5,100
04.06.2023,51,43,5,99
05.06.2023,50,42,5,97
06.06.2023,51,40,5,96
07.06.2023,50,37,5,92
08.06.2023,51,35,3,89
09.06.2023,51,33,5,89
10.06.2023,50,32,5,87
11.06.2023,49,33,5,87
12.06.2023,47,34,5,86
13.06.2023,42,35,5,82
14.06.2023,33,28,7,68
15.06.2023,30,32,7,69
16.06.2023,31,34,7,72
17.06.2023,31,34,7,72
18.06.2023,32,33,7,72
19.06.2023,33,31,8,72
20.06.2023,34,31,6,71
21.06.2023,34,30,6,70
22.06.2023,33,32,7,72
23.06.2023,32,33,8,73
24.06.2023,32,33,8,73
25.06.2023,33,32,8,73
26.06.2023,33,34,6,73
27.06.2023,32,34,6,72
28.06.2023,30,35,6,71
29.06.2023,30,35,6,71
30.06.2023,29,36,6,71
01.07.2023,29,36,6,71
02.07.2023,29,36,6,71
03.07.2023,28,36,6,70
04.07.2023,30,34,6,70
05.07.2023,30,35,6,71
06.07.2023,31,36,6,73
07.07.2023,30,37,5,72
08.07.2023,30,37,5,72
09.07.2023,30,37,6,73
10.07.2023,28,39,4,71
11.07.2023,27,44,3,74
12.07.2023,28,44,3,75
13.07.2023,27,44,4,75
14.07.2023,28,43,3,74
15.07.2023,28,43,3,74
16.07.2023,28,43,3,74
17.07.2023,28,42,4,74
18.07.2023,30,39,4,73
19.07.2023,28,40,4,72
20.07.2023,27,39,2,68
21.07.2023,27,40,1,68
22.07.2023,27,40,1,68
23.07.2023,28,39,1,68
24.07.2023,29,39,1,69
25.07.2023,30,40,1,71
26.07.2023,29,43,2,74
27.07.2023,29,42,3,74
28.07.2023,28,43,3,74
29.07.2023,27,44,3,74
30.07.2023,27,44,3,74
31.07.2023,27,44,3,74
01.08.2023,27,43,3,73
02.08.2023,26,44,2,72
03.08.2023,28,41,2,71
04.08.2023,28,40,4,72
05.08.2023,28,39,4,71
06.08.2023,28,38,4,70
07.08.2023,27,38,4,69
08.08.2023,27,37,5,69
09.08.2023,26,37,6,69
10.08.2023,26,37,5,68
11.08.2023,25,36,5,66
12.08.2023,25,35,5,65
13.08.2023,25,35,5,65
14.08.2023,25,32,5,62
15.08.2023,25,33,5,63
16.08.2023,25,33,5,63
17.08.2023,26,31,5,62
18.08.2023,26,32,5,63
19.08.2023,26,32,5,63
20.08.2023,26,31,5,62
21.08.2023,25,34,3,62
22.08.2023,25,32,4,61
23.08.2023,23,35,4,62
24.08.2023,22,36,4,62
25.08.2023,22,36,4,62
26.08.2023,22,36,4,62
27.08.2023,22,36,4,62
28.08.2023,23,36,4,63
29.08.2023,23,37,5,65
30.08.2023,24,35,6,65
31.08.2023,26,33,7,66
01.09.2023,25,34,6,65
02.09.2023,25,34,7,66
03.09.2023,25,34,7,66
04.09.2023,24,36,6,66
05.09.2023,24,35,5,64
06.09.2023,23,34,5,62
07.09.2023,23,34,6,63
08.09.2023,23,34,9,66
09.09.2023,23,35,8,66
10.09.2023,23,35,8,66
11.09.2023,23,36,8,67
12.09.2023,22,38,6,66
13.09.2023,21,40,8,69
14.09.2023,23,40,8,71
15.09.2023,23,40,9,72
16.09.2023,23,40,9,72
17.09.2023,23,40,9,72
18.09.2023,24,40,9,73
19.09.2023,23,40,8,71
20.09.2023,24,40,8,72
21.09.2023,22,41,8,71
22.09.2023,23,41,8,72
23.09.2023,23,41,8,72
24.09.2023,23,41,8,72
25.09.2023,26,38,7,71
26.09.2023,25,37,7,69
27.09.2023,26,37,8,71
28.09.2023,25,40,7,72
29.09.2023,24,43,8,75
30.09.2023,24,43,7,74
01.10.2023,24,43,7,74
