bitcoin,,,,
Date, Full Time, Part Time, One Time, Total
01.01.2015,38,69,41,148
02.01.2015,40,69,43,152
03.01.2015,42,68,42,152
04.01.2015,42,69,37,148
05.01.2015,45,70,36,151
06.01.2015,44,73,34,151
07.01.2015,44,75,36,155
08.01.2015,44,74,34,152
09.01.2015,46,71,34,151
10.01.2015,47,69,34,150
11.01.2015,47,70,38,155
12.01.2015,48,72,40,160
13.01.2015,49,73,40,162
14.01.2015,49,73,38,160
15.01.2015,46,78,36,160
16.01.2015,48,74,34,156
17.01.2015,48,74,36,158
18.01.2015,49,77,34,160
19.01.2015,49,77,34,160
20.01.2015,49,78,34,161
21.01.2015,48,78,35,161
22.01.2015,46,81,33,160
23.01.2015,45,81,38,164
24.01.2015,45,81,41,167
25.01.2015,43,83,39,165
26.01.2015,43,82,40,165
27.01.2015,44,83,41,168
28.01.2015,43,84,38,165
29.01.2015,44,84,37,165
30.01.2015,43,84,35,162
31.01.2015,44,84,38,166
01.02.2015,44,85,40,169
02.02.2015,46,84,42,172
03.02.2015,47,83,41,171
04.02.2015,46,86,38,170
05.02.2015,43,88,36,167
06.02.2015,43,88,36,167
07.02.2015,41,91,39,171
08.02.2015,41,91,39,171
09.02.2015,40,93,41,174
10.02.2015,42,87,39,168
11.02.2015,42,86,36,164
12.02.2015,41,84,36,161
13.02.2015,42,80,37,159
14.02.2015,44,83,37,164
15.02.2015,45,80,35,160
16.02.2015,45,80,36,161
17.02.2015,45,83,35,163
18.02.2015,45,83,38,166
19.02.2015,42,88,38,168
20.02.2015,41,89,38,168
21.02.2015,44,86,40,170
22.02.2015,43,85,38,166
23.02.2015,43,86,36,165
24.02.2015,43,85,38,166
25.02.2015,45,85,38,168
26.02.2015,46,83,37,166
27.02.2015,44,85,37,166
28.02.2015,44,85,36,165
01.03.2015,45,84,38,167
02.03.2015,46,82,37,165
03.03.2015,46,81,40,167
04.03.2015,45,83,36,164
05.03.2015,43,86,37,166
06.03.2015,44,86,36,166
07.03.2015,44,85,35,164
08.03.2015,45,85,33,163
09.03.2015,45,86,29,160
10.03.2015,44,85,30,159
11.03.2015,44,87,32,163
12.03.2015,46,89,33,168
13.03.2015,47,87,34,168
14.03.2015,46,79,36,161
15.03.2015,47,78,35,160
16.03.2015,45,79,34,158
17.03.2015,46,76,35,157
18.03.2015,47,76,34,157
19.03.2015,47,73,38,158
20.03.2015,47,72,35,154
21.03.2015,47,73,32,152
22.03.2015,47,76,30,153
23.03.2015,47,75,29,151
24.03.2015,48,75,27,150
25.03.2015,48,77,26,151
26.03.2015,49,76,27,152
27.03.2015,46,78,29,153
28.03.2015,46,78,30,154
29.03.2015,46,78,33,157
30.03.2015,46,82,31,159
31.03.2015,46,82,30,158
01.04.2015,45,83,30,158
02.04.2015,43,83,34,160
03.04.2015,42,79,36,157
04.04.2015,42,79,37,158
05.04.2015,42,77,42,161
06.04.2015,40,76,43,159
07.04.2015,40,74,43,157
08.04.2015,40,74,44,158
09.04.2015,42,73,44,159
10.04.2015,42,73,46,161
11.04.2015,43,75,45,163
12.04.2015,41,77,45,163
13.04.2015,40,79,44,163
14.04.2015,40,78,43,161
15.04.2015,40,77,41,158
16.04.2015,39,76,38,153
17.04.2015,39,75,39,153
18.04.2015,40,74,40,154
19.04.2015,40,72,40,152
20.04.2015,40,72,43,155
21.04.2015,40,68,44,152
22.04.2015,42,68,45,155
23.04.2015,42,69,44,155
24.04.2015,42,68,43,153
25.04.2015,43,69,43,155
26.04.2015,44,69,41,154
27.04.2015,43,67,42,152
28.04.2015,44,67,45,156
29.04.2015,44,71,46,161
30.04.2015,43,74,45,162
01.05.2015,42,75,45,162
02.05.2015,40,77,44,161
03.05.2015,40,80,44,164
04.05.2015,41,81,43,165
05.05.2015,42,79,43,164
06.05.2015,42,76,44,162
07.05.2015,41,77,45,163
08.05.2015,39,78,43,160
09.05.2015,41,73,43,157
10.05.2015,40,75,45,160
11.05.2015,40,75,45,160
12.05.2015,38,75,45,158
13.05.2015,38,74,50,162
14.05.2015,39,75,50,164
15.05.2015,39,77,48,164
16.05.2015,40,77,46,163
17.05.2015,40,78,45,163
18.05.2015,40,80,42,162
19.05.2015,40,79,41,160
20.05.2015,41,76,43,160
21.05.2015,40,75,41,156
22.05.2015,40,77,42,159
23.05.2015,39,76,40,155
24.05.2015,40,76,39,155
25.05.2015,39,76,39,154
26.05.2015,39,77,37,153
27.05.2015,39,76,34,149
28.05.2015,38,80,30,148
29.05.2015,36,80,32,148
30.05.2015,36,81,32,149
31.05.2015,36,80,27,143
01.06.2015,38,76,29,143
02.06.2015,39,77,30,146
03.06.2015,39,78,28,145
04.06.2015,38,79,31,148
05.06.2015,38,80,30,148
06.06.2015,38,79,30,147
07.06.2015,38,81,32,151
08.06.2015,37,87,28,152
09.06.2015,38,86,33,157
10.06.2015,38,86,35,159
11.06.2015,38,87,36,161
12.06.2015,41,87,43,171
13.06.2015,39,86,44,169
14.06.2015,39,87,42,168
15.06.2015,39,89,42,170
16.06.2015,38,88,45,171
17.06.2015,39,88,48,175
18.06.2015,38,90,50,178
19.06.2015,38,92,47,177
20.06.2015,38,92,46,176
21.06.2015,38,90,47,175
22.06.2015,38,92,48,178
23.06.2015,37,96,44,177
24.06.2015,37,96,45,178
25.06.2015,37,95,45,177
26.06.2015,36,95,43,174
27.06.2015,36,94,44,174
28.06.2015,37,94,43,174
29.06.2015,37,96,44,177
30.06.2015,38,96,45,179
01.07.2015,37,100,44,181
02.07.2015,35,103,39,177
03.07.2015,36,101,40,177
04.07.2015,37,102,39,178
05.07.2015,36,105,37,178
06.07.2015,38,103,39,180
07.07.2015,40,98,36,174
08.07.2015,40,97,42,179
09.07.2015,39,97,37,173
10.07.2015,39,96,34,169
11.07.2015,40,97,36,173
12.07.2015,39,97,37,173
13.07.2015,39,97,36,172
14.07.2015,36,102,38,176
15.07.2015,35,110,34,179
16.07.2015,35,107,30,172
17.07.2015,35,109,32,176
18.07.2015,34,108,36,178
19.07.2015,36,107,38,181
20.07.2015,35,108,40,183
21.07.2015,36,102,43,181
22.07.2015,35,103,43,181
23.07.2015,36,104,44,184
24.07.2015,34,105,46,185
25.07.2015,34,103,44,181
26.07.2015,33,104,45,182
27.07.2015,36,103,44,183
28.07.2015,37,101,41,179
29.07.2015,37,100,42,179
30.07.2015,36,102,42,180
31.07.2015,37,101,43,181
01.08.2015,38,102,42,182
02.08.2015,38,101,46,185
03.08.2015,37,98,46,181
04.08.2015,39,95,48,182
05.08.2015,39,95,42,176
06.08.2015,40,92,44,176
07.08.2015,38,96,39,173
08.08.2015,41,93,37,171
09.08.2015,39,92,38,169
10.08.2015,38,90,40,168
11.08.2015,37,90,41,168
12.08.2015,38,89,42,169
13.08.2015,40,87,41,168
14.08.2015,40,89,40,169
15.08.2015,40,90,40,170
16.08.2015,41,90,38,169
17.08.2015,41,87,38,166
18.08.2015,44,87,34,165
19.08.2015,41,89,34,164
20.08.2015,42,88,31,161
21.08.2015,41,89,31,161
22.08.2015,41,88,31,160
23.08.2015,40,88,31,159
24.08.2015,42,84,33,159
25.08.2015,43,81,34,158
26.08.2015,42,84,37,163
27.08.2015,41,85,34,160
28.08.2015,40,84,37,161
29.08.2015,41,83,36,160
30.08.2015,39,84,33,156
31.08.2015,41,82,31,154
01.09.2015,43,80,34,157
02.09.2015,41,83,32,156
03.09.2015,43,80,34,157
04.09.2015,42,82,36,160
05.09.2015,42,81,35,158
06.09.2015,42,79,35,156
07.09.2015,41,80,38,159
08.09.2015,41,80,36,157
09.09.2015,41,81,36,158
10.09.2015,42,79,35,156
11.09.2015,41,79,35,155
12.09.2015,41,77,37,155
13.09.2015,41,77,39,157
14.09.2015,41,77,40,158
15.09.2015,42,76,40,158
16.09.2015,40,76,39,155
17.09.2015,40,81,38,159
18.09.2015,40,82,39,161
19.09.2015,41,81,41,163
20.09.2015,42,79,44,165
21.09.2015,44,77,43,164
22.09.2015,43,81,44,168
23.09.2015,41,81,43,165
24.09.2015,40,81,46,167
25.09.2015,38,82,43,163
26.09.2015,39,81,42,162
27.09.2015,40,81,41,162
28.09.2015,39,81,43,163
29.09.2015,38,79,44,161
30.09.2015,39,79,47,165
01.10.2015,39,74,47,160
02.10.2015,39,71,48,158
03.10.2015,40,71,47,158
04.10.2015,40,71,48,159
05.10.2015,36,77,45,158
06.10.2015,36,74,45,155
07.10.2015,35,76,46,157
08.10.2015,36,73,45,154
09.10.2015,37,71,47,155
10.10.2015,36,73,45,154
11.10.2015,38,73,43,154
12.10.2015,38,76,45,159
13.10.2015,38,79,44,161
14.10.2015,38,80,43,161
15.10.2015,38,80,44,162
16.10.2015,38,81,43,162
17.10.2015,38,80,43,161
18.10.2015,38,79,45,162
19.10.2015,39,80,44,163
20.10.2015,38,81,40,159
21.10.2015,37,83,41,161
22.10.2015,39,82,44,165
23.10.2015,38,87,41,166
24.10.2015,39,85,45,169
25.10.2015,39,85,45,169
26.10.2015,40,81,44,165
27.10.2015,39,83,44,166
28.10.2015,38,84,39,161
29.10.2015,38,83,41,162
30.10.2015,36,85,36,157
31.10.2015,35,84,37,156
01.11.2015,35,83,38,156
02.11.2015,33,85,36,154
03.11.2015,36,84,36,156
04.11.2015,37,84,38,159
05.11.2015,38,85,42,165
06.11.2015,36,86,43,165
07.11.2015,37,86,44,167
08.11.2015,36,86,42,164
09.11.2015,36,86,45,167
10.11.2015,36,84,48,168
11.11.2015,36,90,49,175
12.11.2015,36,90,47,173
13.11.2015,36,92,50,178
14.11.2015,36,91,48,175
15.11.2015,37,92,49,178
16.11.2015,36,94,50,180
17.11.2015,36,94,52,182
18.11.2015,36,95,49,180
19.11.2015,38,91,49,178
20.11.2015,38,88,52,178
21.11.2015,38,87,50,175
22.11.2015,39,86,53,178
23.11.2015,37,88,54,179
24.11.2015,37,85,52,174
25.11.2015,37,85,53,175
26.11.2015,37,83,50,170
27.11.2015,37,82,51,170
28.11.2015,38,82,51,171
29.11.2015,39,81,50,170
30.11.2015,36,82,51,169
01.12.2015,36,84,47,167
02.12.2015,36,82,44,162
03.12.2015,35,85,39,159
04.12.2015,32,86,44,162
05.12.2015,36,85,45,166
06.12.2015,35,83,48,166
07.12.2015,36,83,45,164
08.12.2015,35,85,43,163
09.12.2015,33,86,42,161
10.12.2015,34,82,46,162
11.12.2015,35,77,44,156
12.12.2015,34,76,46,156
13.12.2015,35,77,44,156
14.12.2015,32,77,48,157
15.12.2015,33,69,57,159
16.12.2015,33,67,58,158
17.12.2015,31,67,57,155
18.12.2015,31,71,58,160
19.12.2015,31,72,57,160
20.12.2015,34,67,56,157
21.12.2015,33,69,53,155
22.12.2015,34,67,54,155
23.12.2015,35,65,55,155
24.12.2015,34,67,56,157
25.12.2015,35,68,55,158
26.12.2015,35,68,53,156
27.12.2015,35,69,53,157
28.12.2015,35,71,53,159
29.12.2015,38,68,56,162
30.12.2015,38,74,55,167
31.12.2015,38,74,54,166
01.01.2016,39,73,50,162
02.01.2016,35,75,48,158
03.01.2016,34,75,48,157
04.01.2016,34,74,52,160
05.01.2016,35,70,50,155
06.01.2016,34,72,47,153
07.01.2016,34,73,48,155
08.01.2016,35,72,52,159
09.01.2016,35,75,48,158
10.01.2016,35,76,48,159
11.01.2016,36,77,48,161
12.01.2016,36,80,42,158
13.01.2016,37,84,39,160
14.01.2016,36,84,40,160
15.01.2016,36,81,42,159
16.01.2016,36,82,43,161
17.01.2016,37,81,43,161
18.01.2016,37,84,40,161
19.01.2016,38,88,40,166
20.01.2016,36,91,42,169
21.01.2016,36,92,45,173
22.01.2016,36,95,49,180
23.01.2016,36,99,55,190
24.01.2016,37,96,54,187
25.01.2016,35,97,57,189
26.01.2016,35,100,54,189
27.01.2016,36,101,53,190
28.01.2016,39,99,56,194
29.01.2016,40,100,58,198
30.01.2016,39,101,60,200
31.01.2016,40,103,58,201
01.02.2016,39,105,61,205
02.02.2016,41,105,60,206
03.02.2016,39,108,59,206
04.02.2016,40,105,61,206
05.02.2016,41,103,62,206
06.02.2016,39,105,61,205
07.02.2016,38,106,62,206
08.02.2016,38,108,60,206
09.02.2016,40,103,60,203
10.02.2016,40,100,61,201
11.02.2016,39,101,64,204
12.02.2016,40,100,64,204
13.02.2016,41,101,63,205
14.02.2016,40,101,61,202
15.02.2016,40,100,64,204
16.02.2016,40,97,70,207
17.02.2016,41,98,66,205
18.02.2016,41,100,66,207
19.02.2016,41,100,64,205
20.02.2016,42,100,60,202
21.02.2016,42,97,59,198
22.02.2016,40,103,58,201
23.02.2016,39,106,62,207
24.02.2016,40,107,64,211
25.02.2016,43,105,58,206
26.02.2016,43,105,57,205
27.02.2016,43,103,58,204
28.02.2016,43,102,60,205
29.02.2016,41,102,56,199
01.03.2016,42,101,58,201
02.03.2016,43,99,64,206
03.03.2016,41,101,64,206
04.03.2016,42,101,64,207
05.03.2016,40,101,67,208
06.03.2016,41,100,65,206
07.03.2016,42,100,65,207
08.03.2016,41,99,67,207
09.03.2016,41,101,65,207
10.03.2016,42,101,63,206
11.03.2016,44,96,63,203
12.03.2016,45,97,62,204
13.03.2016,46,95,61,202
14.03.2016,46,94,58,198
15.03.2016,46,95,54,195
16.03.2016,46,97,55,198
17.03.2016,48,94,59,201
18.03.2016,47,98,55,200
19.03.2016,48,98,55,201
20.03.2016,48,99,55,202
21.03.2016,47,104,53,204
22.03.2016,46,100,48,194
23.03.2016,46,99,50,195
24.03.2016,47,99,50,196
25.03.2016,45,100,50,195
26.03.2016,46,97,49,192
27.03.2016,45,98,49,192
28.03.2016,44,97,49,190
29.03.2016,44,95,47,186
30.03.2016,45,95,49,189
31.03.2016,44,94,47,185
01.04.2016,44,92,49,185
02.04.2016,44,92,46,182
03.04.2016,43,91,48,182
04.04.2016,44,91,47,182
05.04.2016,45,90,44,179
06.04.2016,45,90,44,179
07.04.2016,43,91,44,178
08.04.2016,46,89,43,178
09.04.2016,45,89,46,180
10.04.2016,44,90,46,180
11.04.2016,45,90,46,181
12.04.2016,45,89,47,181
13.04.2016,46,87,47,180
14.04.2016,47,88,41,176
15.04.2016,45,88,41,174
16.04.2016,45,87,38,170
17.04.2016,45,88,39,172
18.04.2016,44,88,39,171
19.04.2016,43,90,41,174
20.04.2016,43,89,43,175
21.04.2016,44,87,42,173
22.04.2016,43,86,40,169
23.04.2016,45,84,40,169
24.04.2016,45,84,41,170
25.04.2016,45,84,47,176
26.04.2016,47,82,46,175
27.04.2016,44,87,40,171
28.04.2016,44,88,38,170
29.04.2016,42,92,35,169
30.04.2016,42,91,36,169
01.05.2016,43,89,36,168
02.05.2016,45,90,35,170
03.05.2016,47,91,34,172
04.05.2016,46,88,35,169
05.05.2016,43,91,39,173
06.05.2016,48,85,43,176
07.05.2016,47,85,40,172
08.05.2016,45,87,42,174
09.05.2016,46,86,38,170
10.05.2016,45,88,40,173
11.05.2016,44,87,40,171
12.05.2016,42,88,40,170
13.05.2016,41,87,40,168
14.05.2016,41,85,42,168
15.05.2016,42,84,43,169
16.05.2016,42,85,43,170
17.05.2016,40,88,38,166
18.05.2016,41,89,38,168
19.05.2016,41,87,39,167
20.05.2016,42,85,40,167
21.05.2016,44,84,40,168
22.05.2016,44,85,39,168
23.05.2016,45,84,35,164
24.05.2016,45,85,35,165
25.05.2016,44,84,37,165
26.05.2016,39,87,37,163
27.05.2016,41,90,35,166
28.05.2016,41,90,35,166
29.05.2016,41,90,34,165
30.05.2016,42,88,33,163
31.05.2016,44,86,34,164
01.06.2016,42,87,37,166
02.06.2016,41,85,34,160
03.06.2016,43,75,30,148
04.06.2016,42,78,31,151
05.06.2016,39,81,30,150
06.06.2016,39,80,32,151
07.06.2016,40,81,31,152
08.06.2016,40,81,34,155
09.06.2016,38,84,34,156
10.06.2016,39,84,36,159
11.06.2016,40,84,34,158
12.06.2016,41,82,32,155
13.06.2016,40,80,34,154
14.06.2016,39,79,39,157
15.06.2016,38,79,40,157
16.06.2016,38,82,41,161
17.06.2016,39,80,42,161
18.06.2016,41,78,40,159
19.06.2016,42,77,43,162
20.06.2016,40,83,42,165
21.06.2016,42,82,42,166
22.06.2016,41,85,40,166
23.06.2016,40,89,39,168
24.06.2016,40,85,40,165
25.06.2016,41,84,42,167
26.06.2016,39,85,44,168
27.06.2016,39,88,43,170
28.06.2016,39,90,42,171
29.06.2016,39,88,40,167
30.06.2016,38,90,39,167
01.07.2016,38,90,37,165
02.07.2016,38,89,38,165
03.07.2016,36,90,38,164
04.07.2016,37,89,38,164
05.07.2016,36,94,36,166
06.07.2016,40,87,37,164
07.07.2016,38,89,36,163
08.07.2016,37,90,36,163
09.07.2016,42,86,36,164
10.07.2016,42,86,36,164
11.07.2016,41,85,37,163
12.07.2016,41,84,33,158
13.07.2016,42,81,33,156
14.07.2016,44,78,29,151
15.07.2016,41,82,28,151
16.07.2016,40,83,27,150
17.07.2016,41,81,31,153
18.07.2016,39,82,35,156
19.07.2016,39,83,34,156
20.07.2016,39,83,37,159
21.07.2016,38,79,38,155
22.07.2016,37,79,39,155
23.07.2016,38,77,38,153
24.07.2016,36,78,39,153
25.07.2016,35,79,40,154
26.07.2016,34,77,38,149
27.07.2016,34,77,38,149
28.07.2016,35,78,40,153
29.07.2016,36,77,39,152
30.07.2016,36,80,40,156
31.07.2016,35,82,40,157
01.08.2016,35,83,39,157
02.08.2016,35,83,41,159
03.08.2016,37,81,42,160
04.08.2016,35,82,45,162
05.08.2016,35,84,42,161
06.08.2016,38,81,41,160
07.08.2016,39,82,42,163
08.08.2016,38,84,42,164
09.08.2016,38,84,45,167
10.08.2016,39,82,49,170
11.08.2016,40,80,54,174
12.08.2016,40,80,54,174
13.08.2016,40,80,55,175
14.08.2016,40,81,52,173
15.08.2016,39,84,47,170
16.08.2016,38,85,50,173
17.08.2016,38,87,48,173
18.08.2016,39,89,49,177
19.08.2016,39,91,48,178
20.08.2016,40,94,47,181
21.08.2016,40,93,49,182
22.08.2016,40,94,51,185
23.08.2016,40,95,53,188
24.08.2016,40,96,58,194
25.08.2016,40,97,55,192
26.08.2016,41,95,53,189
27.08.2016,42,92,51,185
28.08.2016,40,94,55,189
29.08.2016,39,94,56,189
30.08.2016,39,95,54,188
31.08.2016,41,95,51,187
01.09.2016,40,97,51,188
02.09.2016,40,99,52,191
03.09.2016,43,96,54,193
04.09.2016,43,95,55,193
05.09.2016,44,96,55,195
06.09.2016,43,99,52,194
07.09.2016,46,97,49,192
08.09.2016,46,97,45,188
09.09.2016,44,99,45,188
10.09.2016,44,98,46,188
11.09.2016,45,99,46,190
12.09.2016,48,95,47,190
13.09.2016,46,98,46,190
14.09.2016,44,99,48,191
15.09.2016,43,98,48,189
16.09.2016,43,103,43,189
17.09.2016,43,102,42,187
18.09.2016,44,101,42,187
19.09.2016,46,102,39,187
20.09.2016,44,100,39,183
21.09.2016,46,97,36,179
22.09.2016,46,98,35,179
23.09.2016,44,99,35,178
24.09.2016,44,99,38,181
25.09.2016,42,102,37,181
26.09.2016,45,100,36,181
27.09.2016,45,97,34,176
28.09.2016,46,95,34,175
29.09.2016,44,96,34,174
30.09.2016,42,95,37,174
01.10.2016,42,95,37,174
02.10.2016,45,91,35,171
03.10.2016,44,91,34,169
04.10.2016,44,89,38,171
05.10.2016,44,92,39,175
06.10.2016,44,94,37,175
07.10.2016,43,93,39,175
08.10.2016,43,91,41,175
09.10.2016,44,92,44,180
10.10.2016,46,93,42,181
11.10.2016,44,95,45,184
12.10.2016,44,96,41,181
13.10.2016,42,98,46,186
14.10.2016,44,97,45,186
15.10.2016,43,102,46,191
16.10.2016,45,99,50,194
17.10.2016,46,103,52,201
18.10.2016,46,107,52,205
19.10.2016,45,109,55,209
20.10.2016,46,112,51,209
21.10.2016,47,116,52,215
22.10.2016,46,117,52,215
23.10.2016,44,117,54,215
24.10.2016,45,119,54,218
25.10.2016,48,116,54,218
26.10.2016,48,119,56,223
27.10.2016,47,120,58,225
28.10.2016,48,119,58,225
29.10.2016,48,118,58,224
30.10.2016,50,115,58,223
31.10.2016,47,120,57,224
01.11.2016,45,121,58,224
02.11.2016,46,118,61,225
03.11.2016,47,119,60,226
04.11.2016,48,120,63,231
05.11.2016,47,123,59,229
06.11.2016,48,120,61,229
07.11.2016,47,120,63,230
08.11.2016,50,120,62,232
09.11.2016,48,123,60,231
10.11.2016,49,123,55,227
11.11.2016,49,123,57,229
12.11.2016,49,122,58,229
13.11.2016,50,119,56,225
14.11.2016,50,121,55,226
15.11.2016,51,119,52,222
16.11.2016,49,119,56,224
17.11.2016,50,114,59,223
18.11.2016,51,115,61,227
19.11.2016,49,117,64,230
20.11.2016,48,119,70,237
21.11.2016,49,119,71,239
22.11.2016,52,120,71,243
23.11.2016,47,128,65,240
24.11.2016,45,126,66,237
25.11.2016,46,123,62,231
26.11.2016,47,122,64,233
27.11.2016,48,124,63,235
28.11.2016,46,125,66,237
29.11.2016,48,123,68,239
30.11.2016,48,123,69,240
01.12.2016,48,127,67,242
02.12.2016,49,126,65,240
03.12.2016,50,126,66,242
04.12.2016,49,126,66,241
05.12.2016,49,125,65,239
06.12.2016,50,126,60,236
07.12.2016,51,123,61,235
08.12.2016,52,123,66,241
09.12.2016,53,122,63,238
10.12.2016,55,119,63,237
11.12.2016,54,121,65,240
12.12.2016,53,120,66,239
13.12.2016,54,119,67,240
14.12.2016,52,120,66,238
15.12.2016,54,118,67,239
16.12.2016,55,118,66,239
17.12.2016,54,115,63,232
18.12.2016,53,117,57,227
19.12.2016,53,114,62,229
20.12.2016,54,117,61,232
21.12.2016,54,119,65,238
22.12.2016,55,118,65,238
23.12.2016,56,117,65,238
24.12.2016,56,116,62,234
25.12.2016,56,115,60,231
26.12.2016,57,112,59,228
27.12.2016,57,114,60,231
28.12.2016,56,112,61,229
29.12.2016,54,112,58,224
30.12.2016,56,109,58,223
31.12.2016,56,104,58,218
01.01.2017,57,103,60,220
02.01.2017,57,103,62,222
03.01.2017,56,103,64,223
04.01.2017,54,103,62,219
05.01.2017,53,101,58,212
06.01.2017,53,101,61,215
07.01.2017,55,103,60,218
08.01.2017,54,104,60,218
09.01.2017,55,110,61,226
10.01.2017,56,112,62,230
11.01.2017,53,122,60,235
12.01.2017,55,116,57,228
13.01.2017,56,116,55,227
14.01.2017,56,117,60,233
15.01.2017,54,117,60,231
16.01.2017,54,117,54,225
17.01.2017,55,114,55,224
18.01.2017,57,111,50,218
19.01.2017,56,109,53,218
20.01.2017,55,109,57,221
21.01.2017,55,109,61,225
22.01.2017,55,111,68,234
23.01.2017,53,114,67,234
24.01.2017,55,113,71,239
25.01.2017,54,114,72,240
26.01.2017,55,112,74,241
27.01.2017,55,113,76,244
28.01.2017,55,114,76,245
29.01.2017,55,113,76,244
30.01.2017,55,118,76,249
31.01.2017,54,119,76,249
01.02.2017,55,118,78,251
02.02.2017,57,116,78,251
03.02.2017,57,117,77,251
04.02.2017,58,118,78,254
05.02.2017,58,121,71,250
06.02.2017,57,120,71,248
07.02.2017,58,121,72,251
08.02.2017,57,120,71,248
09.02.2017,59,123,70,252
10.02.2017,62,121,68,251
11.02.2017,61,122,66,249
12.02.2017,61,124,67,252
13.02.2017,61,126,68,255
14.02.2017,63,127,69,259
15.02.2017,64,123,71,258
16.02.2017,63,123,72,258
17.02.2017,64,121,69,254
18.02.2017,64,126,69,259
19.02.2017,63,130,70,263
20.02.2017,63,131,71,265
21.02.2017,64,130,69,263
22.02.2017,64,135,66,265
23.02.2017,63,136,64,263
24.02.2017,63,136,64,263
25.02.2017,64,134,65,263
26.02.2017,64,137,65,266
27.02.2017,65,135,65,265
28.02.2017,64,134,71,269
01.03.2017,65,137,70,272
02.03.2017,64,137,71,272
03.03.2017,64,139,67,270
04.03.2017,64,139,67,270
05.03.2017,65,134,68,267
06.03.2017,65,135,67,267
07.03.2017,66,135,65,266
08.03.2017,65,131,65,261
09.03.2017,65,122,67,254
10.03.2017,65,120,69,254
11.03.2017,65,119,68,252
12.03.2017,65,120,69,254
13.03.2017,65,121,69,255
14.03.2017,67,120,70,257
15.03.2017,65,124,68,257
16.03.2017,65,126,65,256
17.03.2017,64,126,66,256
18.03.2017,64,125,69,258
19.03.2017,64,124,66,254
20.03.2017,63,125,67,255
21.03.2017,65,124,65,254
22.03.2017,63,131,67,261
23.03.2017,64,130,67,261
24.03.2017,65,129,72,266
25.03.2017,65,130,74,269
26.03.2017,65,135,71,271
27.03.2017,65,141,71,277
28.03.2017,65,143,73,281
29.03.2017,67,141,66,274
30.03.2017,66,143,68,277
31.03.2017,62,148,73,283
01.04.2017,63,150,71,284
02.04.2017,64,152,72,288
03.04.2017,65,149,73,287
04.04.2017,62,152,74,288
05.04.2017,61,151,79,291
06.04.2017,64,148,77,289
07.04.2017,64,146,80,290
08.04.2017,65,143,81,289
09.04.2017,67,143,84,294
10.04.2017,69,146,83,298
11.04.2017,71,146,83,300
12.04.2017,70,151,81,302
13.04.2017,67,155,79,301
14.04.2017,63,160,78,301
15.04.2017,63,159,73,295
16.04.2017,63,158,71,292
17.04.2017,64,154,78,296
18.04.2017,65,151,77,293
19.04.2017,64,151,73,288
20.04.2017,64,146,74,284
21.04.2017,64,146,71,281
22.04.2017,65,146,69,280
23.04.2017,64,145,68,277
24.04.2017,68,136,66,270
25.04.2017,69,138,67,274
26.04.2017,70,136,69,275
27.04.2017,69,139,62,270
28.04.2017,68,142,61,271
29.04.2017,70,142,62,274
30.04.2017,70,141,66,277
01.05.2017,69,141,64,274
02.05.2017,69,143,67,279
03.05.2017,69,144,68,281
04.05.2017,71,144,68,283
05.05.2017,72,142,69,283
06.05.2017,74,138,68,280
07.05.2017,72,140,70,282
08.05.2017,75,138,69,282
09.05.2017,76,136,69,281
10.05.2017,75,136,68,279
11.05.2017,73,135,78,286
12.05.2017,72,135,79,286
13.05.2017,74,136,77,287
14.05.2017,73,136,80,289
15.05.2017,73,137,74,284
16.05.2017,74,131,75,280
17.05.2017,70,136,74,280
18.05.2017,68,137,73,278
19.05.2017,65,142,70,277
20.05.2017,65,140,69,274
21.05.2017,66,138,66,270
22.05.2017,69,135,65,269
23.05.2017,72,132,61,265
24.05.2017,72,135,62,269
25.05.2017,73,136,59,268
26.05.2017,71,137,58,266
27.05.2017,72,140,64,276
28.05.2017,70,143,62,275
29.05.2017,68,143,63,274
30.05.2017,67,143,61,271
31.05.2017,68,146,57,271
01.06.2017,68,142,60,270
02.06.2017,72,140,59,271
03.06.2017,73,139,58,270
04.06.2017,72,139,55,266
05.06.2017,71,140,62,273
06.06.2017,73,140,64,277
07.06.2017,72,147,63,282
08.06.2017,73,146,58,277
09.06.2017,72,145,58,275
10.06.2017,73,143,62,278
11.06.2017,72,143,60,275
12.06.2017,74,139,66,279
13.06.2017,72,147,64,283
14.06.2017,71,149,61,281
15.06.2017,72,149,63,284
16.06.2017,67,154,61,282
17.06.2017,66,156,61,283
18.06.2017,66,156,64,286
19.06.2017,69,150,64,283
20.06.2017,70,154,68,292
21.06.2017,68,153,68,289
22.06.2017,69,152,67,288
23.06.2017,70,152,64,286
24.06.2017,71,151,59,281
25.06.2017,70,153,57,280
26.06.2017,68,155,55,278
27.06.2017,67,156,59,282
28.06.2017,69,154,58,281
29.06.2017,68,153,54,275
30.06.2017,71,146,54,271
01.07.2017,72,143,52,267
02.07.2017,71,144,55,270
03.07.2017,67,149,48,264
04.07.2017,70,141,54,265
05.07.2017,70,141,53,264
06.07.2017,70,140,57,267
07.07.2017,69,141,58,268
08.07.2017,70,141,63,274
09.07.2017,70,140,65,275
10.07.2017,72,137,69,278
11.07.2017,69,139,68,276
12.07.2017,70,142,64,276
13.07.2017,70,140,70,280
14.07.2017,66,143,66,275
15.07.2017,65,145,66,276
16.07.2017,66,144,64,274
17.07.2017,66,145,66,277
18.07.2017,67,145,63,275
19.07.2017,64,148,68,280
20.07.2017,66,146,72,284
21.07.2017,69,143,76,288
22.07.2017,71,141,81,293
23.07.2017,71,141,80,292
24.07.2017,71,143,84,298
25.07.2017,68,150,87,305
26.07.2017,66,155,82,303
27.07.2017,63,157,89,309
28.07.2017,65,157,88,310
29.07.2017,66,155,90,311
30.07.2017,66,156,90,312
31.07.2017,63,161,96,320
01.08.2017,68,159,90,317
02.08.2017,67,164,91,322
03.08.2017,66,164,90,320
04.08.2017,67,169,94,330
05.08.2017,67,165,87,319
06.08.2017,67,166,91,324
07.08.2017,68,166,89,323
08.08.2017,66,166,88,320
09.08.2017,66,164,87,317
10.08.2017,65,167,85,317
11.08.2017,65,167,89,321
12.08.2017,64,167,92,323
13.08.2017,65,168,92,325
14.08.2017,68,167,89,324
15.08.2017,69,173,87,329
16.08.2017,66,176,87,329
17.08.2017,70,169,91,330
18.08.2017,72,166,90,328
19.08.2017,72,165,88,325
20.08.2017,73,167,88,328
21.08.2017,72,167,88,327
22.08.2017,71,166,86,323
23.08.2017,73,167,89,329
24.08.2017,70,168,85,323
25.08.2017,73,165,88,326
26.08.2017,71,169,92,332
27.08.2017,73,165,91,329
28.08.2017,73,164,91,328
29.08.2017,73,164,89,326
30.08.2017,75,164,90,329
31.08.2017,78,163,93,334
01.09.2017,79,162,89,330
02.09.2017,80,164,90,334
03.09.2017,81,166,86,333
04.09.2017,83,168,86,337
05.09.2017,83,169,87,339
06.09.2017,82,164,92,338
07.09.2017,84,164,97,345
08.09.2017,84,165,102,351
09.09.2017,83,167,104,354
10.09.2017,84,167,104,355
11.09.2017,83,166,109,358
12.09.2017,85,163,114,362
13.09.2017,87,160,108,355
14.09.2017,87,157,105,349
15.09.2017,85,160,101,346
16.09.2017,84,164,98,346
17.09.2017,81,169,96,346
18.09.2017,83,168,96,347
19.09.2017,82,170,97,349
20.09.2017,84,171,99,354
21.09.2017,83,176,96,355
22.09.2017,83,175,93,351
23.09.2017,84,172,91,347
24.09.2017,86,173,89,348
25.09.2017,86,176,89,351
26.09.2017,85,178,94,357
27.09.2017,87,176,88,351
28.09.2017,85,176,83,344
29.09.2017,85,179,79,343
30.09.2017,87,180,80,347
01.10.2017,86,180,78,344
02.10.2017,90,176,75,341
03.10.2017,92,173,75,340
04.10.2017,89,174,74,337
05.10.2017,91,168,70,329
06.10.2017,91,166,71,328
07.10.2017,90,165,71,326
08.10.2017,91,166,72,329
09.10.2017,91,166,69,326
10.10.2017,91,165,73,329
11.10.2017,89,171,73,333
12.10.2017,89,167,73,329
13.10.2017,90,164,74,328
14.10.2017,90,161,77,328
15.10.2017,89,161,83,333
16.10.2017,89,161,81,331
17.10.2017,89,166,82,337
18.10.2017,88,166,82,336
19.10.2017,86,167,84,337
20.10.2017,85,166,89,340
21.10.2017,83,171,88,342
22.10.2017,86,165,88,339
23.10.2017,89,159,87,335
24.10.2017,87,164,82,333
25.10.2017,89,156,88,333
26.10.2017,90,156,87,333
27.10.2017,91,154,86,331
28.10.2017,90,152,83,325
29.10.2017,90,153,87,330
30.10.2017,92,152,90,334
31.10.2017,94,150,89,333
01.11.2017,90,156,85,331
02.11.2017,92,151,85,328
03.11.2017,91,153,86,330
04.11.2017,89,156,86,331
05.11.2017,88,160,84,332
06.11.2017,90,159,81,330
07.11.2017,91,157,84,332
08.11.2017,93,154,87,334
09.11.2017,93,156,88,337
10.11.2017,89,161,87,337
11.11.2017,89,164,85,338
12.11.2017,88,168,85,341
13.11.2017,90,165,86,341
14.11.2017,92,168,87,347
15.11.2017,91,169,92,352
16.11.2017,91,171,92,354
17.11.2017,91,170,92,353
18.11.2017,91,170,92,353
19.11.2017,90,171,93,354
20.11.2017,92,171,94,357
21.11.2017,90,172,97,359
22.11.2017,91,170,97,358
23.11.2017,89,176,101,366
24.11.2017,89,178,99,366
25.11.2017,89,180,98,367
26.11.2017,88,183,94,365
27.11.2017,94,177,97,368
28.11.2017,95,176,100,371
29.11.2017,92,178,99,369
30.11.2017,92,184,102,378
01.12.2017,90,185,102,377
02.12.2017,89,186,102,377
03.12.2017,90,181,101,372
04.12.2017,90,181,101,372
05.12.2017,89,178,100,367
06.12.2017,89,180,101,370
07.12.2017,91,177,101,369
08.12.2017,90,175,102,367
09.12.2017,92,173,101,366
10.12.2017,92,169,102,363
11.12.2017,91,172,100,363
12.12.2017,96,167,98,361
13.12.2017,96,164,104,364
14.12.2017,97,168,102,367
15.12.2017,97,164,102,363
16.12.2017,95,163,103,361
17.12.2017,92,168,108,368
18.12.2017,94,170,110,374
19.12.2017,91,173,110,374
20.12.2017,92,172,116,380
21.12.2017,87,174,117,378
22.12.2017,87,174,120,381
23.12.2017,87,176,121,384
24.12.2017,85,180,125,390
25.12.2017,84,180,117,381
26.12.2017,84,179,122,385
27.12.2017,82,176,128,386
28.12.2017,84,173,129,386
29.12.2017,86,171,129,386
30.12.2017,85,173,128,386
31.12.2017,85,176,128,389
01.01.2018,81,178,126,385
02.01.2018,79,179,130,388
03.01.2018,80,176,132,388
04.01.2018,82,174,129,385
05.01.2018,79,175,132,386
06.01.2018,79,173,136,388
07.01.2018,78,176,137,391
08.01.2018,79,174,144,397
09.01.2018,87,164,139,390
10.01.2018,87,167,140,394
11.01.2018,88,170,141,399
12.01.2018,88,175,143,406
13.01.2018,85,171,146,402
14.01.2018,84,172,141,397
15.01.2018,83,176,140,399
16.01.2018,85,168,132,385
17.01.2018,86,167,136,389
18.01.2018,88,166,142,396
19.01.2018,90,161,142,393
20.01.2018,90,162,144,396
21.01.2018,91,163,145,399
22.01.2018,91,168,150,409
23.01.2018,91,173,150,414
24.01.2018,94,173,147,414
25.01.2018,97,176,148,421
26.01.2018,99,175,150,424
27.01.2018,98,179,147,424
28.01.2018,99,183,144,426
29.01.2018,96,187,147,430
30.01.2018,95,193,140,428
31.01.2018,94,198,145,437
01.02.2018,94,199,143,436
02.02.2018,94,203,139,436
03.02.2018,93,207,139,439
04.02.2018,93,206,139,438
05.02.2018,92,209,141,442
06.02.2018,93,210,142,445
07.02.2018,96,209,139,444
08.02.2018,93,211,147,451
09.02.2018,94,211,149,454
10.02.2018,94,214,156,464
11.02.2018,97,213,154,464
12.02.2018,98,206,149,453
13.02.2018,97,212,148,457
14.02.2018,95,210,145,450
15.02.2018,99,214,131,444
16.02.2018,100,218,131,449
17.02.2018,98,221,126,445
18.02.2018,100,217,126,443
19.02.2018,101,214,123,438
20.02.2018,103,212,122,437
21.02.2018,107,201,122,430
22.02.2018,107,197,127,431
23.02.2018,109,200,120,429
24.02.2018,111,201,121,433
25.02.2018,112,203,118,433
26.02.2018,109,208,111,428
27.02.2018,109,214,118,441
28.02.2018,106,215,109,430
01.03.2018,102,215,116,433
02.03.2018,105,212,116,433
03.03.2018,104,207,122,433
04.03.2018,103,210,118,431
05.03.2018,100,215,122,437
06.03.2018,99,217,123,439
07.03.2018,101,218,121,440
08.03.2018,104,223,119,446
09.03.2018,104,228,113,445
10.03.2018,105,228,110,443
11.03.2018,108,227,117,452
12.03.2018,108,233,125,466
13.03.2018,106,238,130,474
14.03.2018,108,235,132,475
15.03.2018,109,238,134,481
16.03.2018,106,234,140,480
17.03.2018,106,234,142,482
18.03.2018,106,233,140,479
19.03.2018,106,235,142,483
20.03.2018,110,234,144,488
21.03.2018,109,237,146,492
22.03.2018,109,247,147,503
23.03.2018,115,245,139,499
24.03.2018,113,246,138,497
25.03.2018,111,244,140,495
26.03.2018,109,246,137,492
27.03.2018,108,248,131,487
28.03.2018,110,249,134,493
29.03.2018,107,251,128,486
30.03.2018,111,248,132,491
31.03.2018,112,245,129,486
01.04.2018,111,247,124,482
02.04.2018,111,242,121,474
03.04.2018,114,240,120,474
04.04.2018,113,241,120,474
05.04.2018,116,239,123,478
06.04.2018,114,243,128,485
07.04.2018,111,242,127,480
08.04.2018,112,248,126,486
09.04.2018,113,247,125,485
10.04.2018,112,246,126,484
11.04.2018,115,245,126,486
12.04.2018,113,249,125,487
13.04.2018,109,251,123,483
14.04.2018,109,252,127,488
15.04.2018,108,254,133,495
16.04.2018,110,250,131,491
17.04.2018,110,250,131,491
18.04.2018,111,247,133,491
19.04.2018,109,246,139,494
20.04.2018,116,241,138,495
21.04.2018,114,244,141,499
22.04.2018,113,249,145,507
23.04.2018,113,250,150,513
24.04.2018,115,243,150,508
25.04.2018,115,248,148,511
26.04.2018,116,249,151,516
27.04.2018,113,249,153,515
28.04.2018,114,246,152,512
29.04.2018,114,250,150,514
30.04.2018,118,247,151,516
01.05.2018,118,241,150,509
02.05.2018,119,237,151,507
03.05.2018,125,242,148,515
04.05.2018,127,240,142,509
05.05.2018,125,242,143,510
06.05.2018,123,242,139,504
07.05.2018,122,238,143,503
08.05.2018,119,243,143,505
09.05.2018,123,239,148,510
10.05.2018,124,240,149,513
11.05.2018,115,247,151,513
12.05.2018,117,247,152,516
13.05.2018,117,244,148,509
14.05.2018,118,251,146,515
15.05.2018,119,247,143,509
16.05.2018,118,247,145,510
17.05.2018,118,248,141,507
18.05.2018,119,246,144,509
19.05.2018,118,250,141,509
20.05.2018,115,251,135,501
21.05.2018,113,256,129,498
22.05.2018,112,264,129,505
23.05.2018,115,261,133,509
24.05.2018,116,261,134,511
25.05.2018,116,262,136,514
26.05.2018,116,260,140,516
27.05.2018,115,262,134,511
28.05.2018,119,261,130,510
29.05.2018,122,261,131,514
30.05.2018,119,266,134,519
31.05.2018,120,264,136,520
01.06.2018,121,266,128,515
02.06.2018,122,269,128,519
03.06.2018,122,266,131,519
04.06.2018,124,264,130,518
05.06.2018,124,263,128,515
06.06.2018,124,263,123,510
07.06.2018,126,259,120,505
08.06.2018,129,267,119,515
09.06.2018,132,262,117,511
10.06.2018,129,267,115,511
11.06.2018,129,268,113,510
12.06.2018,132,268,121,521
13.06.2018,131,274,115,520
14.06.2018,126,281,115,522
15.06.2018,123,280,118,521
16.06.2018,122,278,109,509
17.06.2018,122,277,108,507
18.06.2018,125,280,110,515
19.06.2018,124,285,110,519
20.06.2018,129,282,103,514
21.06.2018,124,284,106,514
22.06.2018,126,281,107,514
23.06.2018,129,276,106,511
24.06.2018,126,280,106,512
25.06.2018,128,277,110,515
26.06.2018,129,275,117,521
27.06.2018,123,275,117,515
28.06.2018,125,269,115,509
29.06.2018,126,265,122,513
30.06.2018,130,264,120,514
01.07.2018,129,266,121,516
02.07.2018,130,265,124,519
03.07.2018,132,265,127,524
04.07.2018,132,267,123,522
05.07.2018,139,263,125,527
06.07.2018,139,262,122,523
07.07.2018,140,259,121,520
08.07.2018,141,260,127,528
09.07.2018,138,267,128,533
10.07.2018,140,263,124,527
11.07.2018,139,265,128,532
12.07.2018,136,266,127,529
13.07.2018,136,267,127,530
14.07.2018,136,263,128,527
15.07.2018,135,264,129,528
16.07.2018,137,257,129,523
17.07.2018,141,257,126,524
18.07.2018,144,257,131,532
19.07.2018,142,259,129,530
20.07.2018,144,260,127,531
21.07.2018,145,258,128,531
22.07.2018,145,261,131,537
23.07.2018,146,255,136,537
24.07.2018,147,254,131,532
25.07.2018,145,259,136,540
26.07.2018,147,254,139,540
27.07.2018,145,258,140,543
28.07.2018,145,260,137,542
29.07.2018,146,263,136,545
30.07.2018,145,268,137,550
31.07.2018,145,271,140,556
01.08.2018,144,266,143,553
02.08.2018,150,269,142,561
03.08.2018,150,265,148,563
04.08.2018,148,261,150,559
05.08.2018,150,261,146,557
06.08.2018,148,264,142,554
07.08.2018,153,254,147,554
08.08.2018,149,260,144,553
09.08.2018,146,270,142,558
10.08.2018,149,268,136,553
11.08.2018,151,265,143,559
12.08.2018,150,267,138,555
13.08.2018,149,273,131,553
14.08.2018,151,271,135,557
15.08.2018,157,266,130,553
16.08.2018,155,264,126,545
17.08.2018,153,265,122,540
18.08.2018,151,266,120,537
19.08.2018,151,260,116,527
20.08.2018,152,259,113,524
21.08.2018,149,261,118,528
22.08.2018,153,261,111,525
23.08.2018,150,261,110,521
24.08.2018,148,264,111,523
25.08.2018,147,267,108,522
26.08.2018,150,263,110,523
27.08.2018,153,260,108,521
28.08.2018,149,265,107,521
29.08.2018,147,271,104,522
30.08.2018,151,264,107,522
31.08.2018,151,267,106,524
01.09.2018,152,264,104,520
02.09.2018,150,264,102,516
03.09.2018,149,260,104,513
04.09.2018,149,257,103,509
05.09.2018,149,258,106,513
06.09.2018,149,254,111,514
07.09.2018,150,255,115,520
08.09.2018,153,251,115,519
09.09.2018,153,254,112,519
10.09.2018,151,256,114,521
11.09.2018,147,260,119,526
12.09.2018,146,260,124,530
13.09.2018,148,269,126,543
14.09.2018,149,274,124,547
15.09.2018,151,276,131,558
16.09.2018,153,272,137,562
17.09.2018,155,276,135,566
18.09.2018,150,283,136,569
19.09.2018,146,286,146,578
20.09.2018,143,291,144,578
21.09.2018,141,292,138,571
22.09.2018,142,296,134,572
23.09.2018,141,296,138,575
24.09.2018,141,297,133,571
25.09.2018,140,295,132,567
26.09.2018,143,292,134,569
27.09.2018,148,289,131,568
28.09.2018,147,287,129,563
29.09.2018,149,286,136,571
30.09.2018,149,288,136,573
01.10.2018,149,288,137,574
02.10.2018,148,292,136,576
03.10.2018,144,293,148,585
04.10.2018,142,296,146,584
05.10.2018,141,298,149,588
06.10.2018,141,300,146,587
07.10.2018,146,294,149,589
08.10.2018,147,291,147,585
09.10.2018,144,299,148,591
10.10.2018,141,306,150,597
11.10.2018,141,309,149,599
12.10.2018,140,313,147,600
13.10.2018,142,312,140,594
14.10.2018,143,311,139,593
15.10.2018,144,308,139,591
16.10.2018,148,301,139,588
17.10.2018,149,305,135,589
18.10.2018,146,305,140,591
19.10.2018,148,312,146,606
20.10.2018,148,318,146,612
21.10.2018,148,315,148,611
22.10.2018,149,314,143,606
23.10.2018,148,314,140,602
24.10.2018,150,315,144,609
25.10.2018,151,310,149,610
26.10.2018,153,311,151,615
27.10.2018,154,307,155,616
28.10.2018,154,308,158,620
29.10.2018,154,307,160,621
30.10.2018,158,302,160,620
31.10.2018,155,306,156,617
01.11.2018,150,318,149,617
02.11.2018,148,318,148,614
03.11.2018,151,318,147,616
04.11.2018,151,316,143,610
05.11.2018,154,310,148,612
06.11.2018,156,310,148,614
07.11.2018,157,305,145,607
08.11.2018,155,304,145,604
09.11.2018,158,304,150,612
10.11.2018,158,302,149,609
11.11.2018,158,304,145,607
12.11.2018,162,302,146,610
13.11.2018,167,309,151,627
14.11.2018,163,313,153,629
15.11.2018,160,318,160,638
16.11.2018,162,317,160,639
17.11.2018,162,316,156,634
18.11.2018,163,321,153,637
19.11.2018,162,321,161,644
20.11.2018,162,321,159,642
21.11.2018,166,318,153,637
22.11.2018,162,318,147,627
23.11.2018,166,318,143,627
24.11.2018,167,317,140,624
25.11.2018,165,319,138,622
26.11.2018,164,315,129,608
27.11.2018,170,310,122,602
28.11.2018,172,309,122,603
29.11.2018,169,310,122,601
30.11.2018,168,312,136,616
01.12.2018,170,312,138,620
02.12.2018,173,310,139,622
03.12.2018,173,314,144,631
04.12.2018,176,315,142,633
05.12.2018,171,326,138,635
06.12.2018,176,319,134,629
07.12.2018,176,323,129,628
08.12.2018,177,322,131,630
09.12.2018,175,327,136,638
10.12.2018,176,328,136,640
11.12.2018,177,317,133,627
12.12.2018,173,329,131,633
13.12.2018,169,335,130,634
14.12.2018,168,337,125,630
15.12.2018,169,336,128,633
16.12.2018,172,335,129,636
17.12.2018,175,331,131,637
18.12.2018,177,326,139,642
19.12.2018,177,330,136,643
20.12.2018,180,331,136,647
21.12.2018,184,328,136,648
22.12.2018,181,327,137,645
23.12.2018,181,327,135,643
24.12.2018,178,329,132,639
25.12.2018,179,324,132,635
26.12.2018,181,316,131,628
27.12.2018,175,318,132,625
28.12.2018,174,318,130,622
29.12.2018,176,314,126,616
30.12.2018,177,312,126,615
31.12.2018,172,316,127,615
01.01.2019,175,312,126,613
02.01.2019,169,311,124,604
03.01.2019,174,310,120,604
04.01.2019,170,319,123,612
05.01.2019,170,321,121,612
06.01.2019,169,323,118,610
07.01.2019,169,316,122,607
08.01.2019,169,320,122,611
09.01.2019,167,323,121,611
10.01.2019,167,325,127,619
11.01.2019,169,323,120,612
12.01.2019,169,321,119,609
13.01.2019,170,321,121,612
14.01.2019,170,325,109,604
15.01.2019,170,326,111,607
16.01.2019,166,325,110,601
17.01.2019,170,325,110,605
18.01.2019,172,326,111,609
19.01.2019,172,326,117,615
20.01.2019,172,333,113,618
21.01.2019,173,332,112,617
22.01.2019,173,330,117,620
23.01.2019,177,330,121,628
24.01.2019,176,337,128,641
25.01.2019,171,344,129,644
26.01.2019,171,347,127,645
27.01.2019,171,343,134,648
28.01.2019,167,347,135,649
29.01.2019,169,356,134,659
30.01.2019,165,367,131,663
31.01.2019,168,367,129,664
01.02.2019,167,366,126,659
02.02.2019,170,363,127,660
03.02.2019,174,361,124,659
04.02.2019,178,359,125,662
05.02.2019,181,358,126,665
06.02.2019,180,362,124,666
07.02.2019,174,366,129,669
08.02.2019,179,356,133,668
09.02.2019,177,357,138,672
10.02.2019,180,355,136,671
11.02.2019,180,353,144,677
12.02.2019,179,358,143,680
13.02.2019,175,355,143,673
14.02.2019,176,361,138,675
15.02.2019,181,358,146,685
16.02.2019,183,356,141,680
17.02.2019,180,359,147,686
18.02.2019,185,358,152,695
19.02.2019,188,355,155,698
20.02.2019,190,356,156,702
21.02.2019,186,356,149,691
22.02.2019,181,361,149,691
23.02.2019,182,361,151,694
24.02.2019,184,361,147,692
25.02.2019,184,361,149,694
26.02.2019,183,363,154,700
27.02.2019,179,369,151,699
28.02.2019,180,362,154,696
01.03.2019,182,357,158,697
02.03.2019,183,361,153,697
03.03.2019,182,359,152,693
04.03.2019,181,356,155,692
05.03.2019,183,359,154,696
06.03.2019,183,356,155,694
07.03.2019,183,361,152,696
08.03.2019,181,359,147,687
09.03.2019,183,357,147,687
10.03.2019,183,353,148,684
11.03.2019,183,350,148,681
12.03.2019,184,345,151,680
13.03.2019,178,360,147,685
14.03.2019,174,360,153,687
15.03.2019,179,362,150,691
16.03.2019,180,362,148,690
17.03.2019,180,360,144,684
18.03.2019,185,358,135,678
19.03.2019,188,356,135,679
20.03.2019,195,353,132,680
21.03.2019,191,352,129,672
22.03.2019,196,347,131,674
23.03.2019,193,347,135,675
24.03.2019,193,347,136,676
25.03.2019,194,345,134,673
26.03.2019,190,350,128,668
27.03.2019,184,354,125,663
28.03.2019,186,350,127,663
29.03.2019,191,346,133,670
30.03.2019,190,344,135,669
31.03.2019,189,346,129,664
01.04.2019,190,341,129,660
02.04.2019,188,342,127,657
03.04.2019,190,349,121,660
04.04.2019,194,343,125,662
05.04.2019,197,346,124,667
06.04.2019,199,353,129,681
07.04.2019,200,360,128,688
08.04.2019,195,364,126,685
09.04.2019,197,360,134,691
10.04.2019,194,365,134,693
11.04.2019,194,364,134,692
12.04.2019,194,364,128,686
13.04.2019,194,364,133,691
14.04.2019,192,374,130,696
15.04.2019,196,374,128,698
16.04.2019,195,368,130,693
17.04.2019,195,369,134,698
18.04.2019,197,371,131,699
19.04.2019,198,373,128,699
20.04.2019,197,374,125,696
21.04.2019,200,372,124,696
22.04.2019,195,374,124,693
23.04.2019,189,378,127,694
24.04.2019,185,380,126,691
25.04.2019,184,377,127,688
26.04.2019,185,379,126,690
27.04.2019,188,374,124,686
28.04.2019,187,372,123,682
29.04.2019,189,371,128,688
30.04.2019,184,375,132,691
01.05.2019,188,363,134,685
02.05.2019,193,364,132,689
03.05.2019,194,359,126,679
04.05.2019,197,353,122,672
05.05.2019,197,352,123,672
06.05.2019,197,353,120,670
07.05.2019,199,351,116,666
08.05.2019,196,352,111,659
09.05.2019,198,349,114,661
10.05.2019,199,342,117,658
11.05.2019,196,347,110,653
12.05.2019,194,345,110,649
13.05.2019,192,349,108,649
14.05.2019,189,347,110,646
15.05.2019,189,343,113,645
16.05.2019,188,346,114,648
17.05.2019,188,344,113,645
18.05.2019,190,341,117,648
19.05.2019,191,340,121,652
20.05.2019,195,326,125,646
21.05.2019,194,325,122,641
22.05.2019,194,325,126,645
23.05.2019,195,323,125,643
24.05.2019,196,324,118,638
25.05.2019,198,320,119,637
26.05.2019,196,323,122,641
27.05.2019,195,324,124,643
28.05.2019,193,325,130,648
29.05.2019,195,323,130,648
30.05.2019,195,320,127,642
31.05.2019,197,319,131,647
01.06.2019,200,319,134,653
02.06.2019,199,322,127,648
03.06.2019,196,329,128,653
04.06.2019,199,330,125,654
05.06.2019,200,325,130,655
06.06.2019,200,329,127,656
07.06.2019,200,332,124,656
08.06.2019,200,333,124,657
09.06.2019,199,336,128,663
10.06.2019,196,343,127,666
11.06.2019,196,343,131,670
12.06.2019,194,344,123,661
13.06.2019,191,353,121,665
14.06.2019,193,355,118,666
15.06.2019,195,349,123,667
16.06.2019,195,357,117,669
17.06.2019,198,360,120,678
18.06.2019,195,363,118,676
19.06.2019,196,358,119,673
20.06.2019,198,356,118,672
21.06.2019,201,349,119,669
22.06.2019,199,351,122,672
23.06.2019,198,354,121,673
24.06.2019,191,359,121,671
25.06.2019,188,366,120,674
26.06.2019,189,365,121,675
27.06.2019,188,363,124,675
28.06.2019,184,370,126,680
29.06.2019,188,368,124,680
30.06.2019,188,366,129,683
01.07.2019,185,372,133,690
02.07.2019,178,374,132,684
03.07.2019,178,372,130,680
04.07.2019,177,374,133,684
05.07.2019,176,375,133,684
06.07.2019,181,367,131,679
07.07.2019,177,370,132,679
08.07.2019,180,368,132,680
09.07.2019,181,366,131,678
10.07.2019,177,369,139,685
11.07.2019,181,369,135,685
12.07.2019,178,372,133,683
13.07.2019,180,371,133,684
14.07.2019,181,366,132,679
15.07.2019,183,360,131,674
16.07.2019,176,369,133,678
17.07.2019,181,367,128,676
18.07.2019,181,358,137,676
19.07.2019,182,364,138,684
20.07.2019,182,369,133,684
21.07.2019,180,375,136,691
22.07.2019,178,379,136,693
23.07.2019,180,384,133,697
24.07.2019,180,387,135,702
25.07.2019,180,385,133,698
26.07.2019,185,384,131,700
27.07.2019,190,380,135,705
28.07.2019,188,386,131,705
29.07.2019,190,384,129,703
30.07.2019,191,385,130,706
31.07.2019,190,385,137,712
01.08.2019,191,382,139,712
02.08.2019,188,385,138,711
03.08.2019,188,386,140,714
04.08.2019,186,387,137,710
05.08.2019,189,386,139,714
06.08.2019,190,390,136,716
07.08.2019,188,397,122,707
08.08.2019,188,398,121,707
09.08.2019,186,397,125,708
10.08.2019,188,396,122,706
11.08.2019,189,397,123,709
12.08.2019,188,400,121,709
13.08.2019,185,403,121,709
14.08.2019,182,396,130,708
15.08.2019,185,395,120,700
16.08.2019,185,397,117,699
17.08.2019,182,398,115,695
18.08.2019,186,396,115,697
19.08.2019,187,396,114,697
20.08.2019,192,391,114,697
21.08.2019,191,393,112,696
22.08.2019,193,389,111,693
23.08.2019,196,381,117,694
24.08.2019,195,380,119,694
25.08.2019,195,381,116,692
26.08.2019,196,380,118,694
27.08.2019,198,383,119,700
28.08.2019,199,382,121,702
29.08.2019,199,382,119,700
30.08.2019,197,378,126,701
31.08.2019,195,376,129,700
01.09.2019,191,380,127,698
02.09.2019,200,374,129,703
03.09.2019,202,376,138,716
04.09.2019,201,378,128,707
05.09.2019,199,375,121,695
06.09.2019,198,378,129,705
07.09.2019,199,379,129,707
08.09.2019,199,380,130,709
09.09.2019,199,381,137,717
10.09.2019,196,389,140,725
11.09.2019,201,384,138,723
12.09.2019,197,402,141,740
13.09.2019,197,407,140,744
14.09.2019,195,408,143,746
15.09.2019,196,409,142,747
16.09.2019,204,405,141,750
17.09.2019,210,403,137,750
18.09.2019,207,408,133,748
19.09.2019,211,400,141,752
20.09.2019,213,399,139,751
21.09.2019,211,397,139,747
22.09.2019,208,399,139,746
23.09.2019,209,402,137,748
24.09.2019,209,401,138,748
25.09.2019,210,397,136,743
26.09.2019,209,396,139,744
27.09.2019,205,397,137,739
28.09.2019,204,395,138,737
29.09.2019,203,397,142,742
30.09.2019,207,395,135,737
01.10.2019,209,389,132,730
02.10.2019,211,383,135,729
03.10.2019,204,386,141,731
04.10.2019,206,383,138,727
05.10.2019,207,382,135,724
06.10.2019,207,381,137,725
07.10.2019,206,382,132,720
08.10.2019,202,381,133,716
09.10.2019,206,382,132,720
10.10.2019,205,380,129,714
11.10.2019,207,370,134,711
12.10.2019,207,372,135,714
13.10.2019,207,367,137,711
14.10.2019,209,359,138,706
15.10.2019,206,361,142,709
16.10.2019,203,362,137,702
17.10.2019,209,360,130,699
18.10.2019,209,360,133,702
19.10.2019,207,362,133,702
20.10.2019,207,364,135,706
21.10.2019,208,361,136,705
22.10.2019,211,362,131,704
23.10.2019,205,371,127,703
24.10.2019,209,364,128,701
25.10.2019,204,368,134,706
26.10.2019,205,370,131,706
27.10.2019,206,366,131,703
28.10.2019,206,367,128,701
29.10.2019,212,370,127,709
30.10.2019,214,372,124,710
31.10.2019,218,370,125,713
01.11.2019,214,375,125,714
02.11.2019,216,372,130,718
03.11.2019,218,374,121,713
04.11.2019,213,376,126,715
05.11.2019,210,391,123,724
06.11.2019,208,403,124,735
07.11.2019,211,401,122,734
08.11.2019,209,407,121,737
09.11.2019,207,411,119,737
10.11.2019,211,417,116,744
11.11.2019,208,425,116,749
12.11.2019,207,433,109,749
13.11.2019,202,437,115,754
14.11.2019,207,429,116,752
15.11.2019,205,431,116,752
16.11.2019,207,429,125,761
17.11.2019,206,433,130,769
18.11.2019,210,432,125,767
19.11.2019,209,441,124,774
20.11.2019,206,451,131,788
21.11.2019,209,455,124,788
22.11.2019,208,461,119,788
23.11.2019,210,462,120,792
24.11.2019,209,466,119,794
25.11.2019,210,460,120,790
26.11.2019,216,452,120,788
27.11.2019,215,446,128,789
28.11.2019,216,446,127,789
29.11.2019,216,440,133,789
30.11.2019,213,443,131,787
01.12.2019,218,435,129,782
02.12.2019,213,441,130,784
03.12.2019,210,442,125,777
04.12.2019,207,438,124,769
05.12.2019,210,433,123,766
06.12.2019,208,432,125,765
07.12.2019,208,435,127,770
08.12.2019,207,432,130,769
09.12.2019,204,430,132,766
10.12.2019,206,426,130,762
11.12.2019,206,419,128,753
12.12.2019,208,417,129,754
13.12.2019,206,415,131,752
14.12.2019,209,411,127,747
15.12.2019,211,408,123,742
16.12.2019,213,410,125,748
17.12.2019,218,407,120,745
18.12.2019,214,407,116,737
19.12.2019,211,404,118,733
20.12.2019,210,401,116,727
21.12.2019,214,397,114,725
22.12.2019,213,395,114,722
23.12.2019,214,398,111,723
24.12.2019,212,395,108,715
25.12.2019,210,393,105,708
26.12.2019,209,392,106,707
27.12.2019,213,384,108,705
28.12.2019,210,385,108,703
29.12.2019,215,381,113,709
30.12.2019,213,384,108,705
31.12.2019,208,387,110,705
01.01.2020,209,378,111,698
02.01.2020,207,376,109,692
03.01.2020,202,372,104,678
04.01.2020,205,368,106,679
05.01.2020,205,365,105,675
06.01.2020,204,354,106,664
07.01.2020,207,352,104,663
08.01.2020,206,358,105,669
09.01.2020,207,365,99,671
10.01.2020,207,372,101,680
11.01.2020,211,365,102,678
12.01.2020,211,362,109,682
13.01.2020,209,359,114,682
14.01.2020,209,356,121,686
15.01.2020,204,362,118,684
16.01.2020,200,371,124,695
17.01.2020,201,364,127,692
18.01.2020,201,364,127,692
19.01.2020,204,363,126,693
20.01.2020,201,361,133,695
21.01.2020,202,363,135,700
22.01.2020,203,366,136,705
23.01.2020,201,378,135,714
24.01.2020,204,374,139,717
25.01.2020,206,373,143,722
26.01.2020,208,372,140,720
27.01.2020,204,376,143,723
28.01.2020,208,378,150,736
29.01.2020,213,388,152,753
30.01.2020,211,396,148,755
31.01.2020,209,393,152,754
01.02.2020,211,390,149,750
02.02.2020,212,391,148,751
03.02.2020,213,387,147,747
04.02.2020,217,382,147,746
05.02.2020,215,380,147,742
06.02.2020,211,380,151,742
07.02.2020,207,382,153,742
08.02.2020,209,383,153,745
09.02.2020,214,379,151,744
10.02.2020,213,388,144,745
11.02.2020,212,390,143,745
12.02.2020,212,395,138,745
13.02.2020,211,391,134,736
14.02.2020,211,397,140,748
15.02.2020,213,399,140,752
16.02.2020,218,393,147,758
17.02.2020,210,410,145,765
18.02.2020,211,413,146,770
19.02.2020,216,406,148,770
20.02.2020,218,410,142,770
21.02.2020,221,406,140,767
22.02.2020,224,402,141,767
23.02.2020,223,406,135,764
24.02.2020,222,417,132,771
25.02.2020,216,429,132,777
26.02.2020,215,429,129,773
27.02.2020,218,422,129,769
28.02.2020,212,425,126,763
29.02.2020,210,432,129,771
01.03.2020,208,432,127,767
02.03.2020,209,426,135,770
03.03.2020,210,421,140,771
04.03.2020,209,425,140,774
05.03.2020,208,424,140,772
06.03.2020,207,416,136,759
07.03.2020,207,420,134,761
08.03.2020,207,420,133,760
09.03.2020,205,409,138,752
10.03.2020,200,417,137,754
11.03.2020,205,411,137,753
12.03.2020,205,414,137,756
13.03.2020,202,419,138,759
14.03.2020,202,417,141,760
15.03.2020,208,411,136,755
16.03.2020,210,404,138,752
17.03.2020,211,402,132,745
18.03.2020,220,392,129,741
19.03.2020,229,386,129,744
20.03.2020,231,381,128,740
21.03.2020,231,380,133,744
22.03.2020,231,385,131,747
23.03.2020,230,397,134,761
24.03.2020,230,397,129,756
25.03.2020,233,394,122,749
26.03.2020,241,387,127,755
27.03.2020,242,392,122,756
28.03.2020,240,398,121,759
29.03.2020,237,405,121,763
30.03.2020,236,394,129,759
31.03.2020,240,395,131,766
01.04.2020,242,396,126,764
02.04.2020,237,403,119,759
03.04.2020,239,401,125,765
04.04.2020,235,404,129,768
05.04.2020,234,409,128,771
06.04.2020,236,412,124,772
07.04.2020,233,418,121,772
08.04.2020,234,415,126,775
09.04.2020,239,406,126,771
10.04.2020,232,413,135,780
11.04.2020,238,416,137,791
12.04.2020,242,414,140,796
13.04.2020,242,419,141,802
14.04.2020,246,419,145,810
15.04.2020,252,409,150,811
16.04.2020,251,419,148,818
17.04.2020,250,424,145,819
18.04.2020,249,432,145,826
19.04.2020,251,432,141,824
20.04.2020,250,436,148,834
21.04.2020,250,438,146,834
22.04.2020,251,437,149,837
23.04.2020,254,433,147,834
24.04.2020,258,423,147,828
25.04.2020,251,428,150,829
26.04.2020,246,433,148,827
27.04.2020,245,438,149,832
28.04.2020,246,433,142,821
29.04.2020,247,436,150,833
30.04.2020,251,433,151,835
01.05.2020,256,422,153,831
02.05.2020,253,425,154,832
03.05.2020,256,424,153,833
04.05.2020,255,417,151,823
05.05.2020,256,416,146,818
06.05.2020,251,415,153,819
07.05.2020,249,422,150,821
08.05.2020,249,423,151,823
09.05.2020,253,412,149,814
10.05.2020,258,409,149,816
11.05.2020,261,411,148,820
12.05.2020,266,403,147,816
13.05.2020,268,400,147,815
14.05.2020,267,398,146,811
15.05.2020,272,395,150,817
16.05.2020,271,397,147,815
17.05.2020,272,401,147,820
18.05.2020,276,397,145,818
19.05.2020,277,396,143,816
20.05.2020,272,398,147,817
21.05.2020,272,389,144,805
22.05.2020,276,386,143,805
23.05.2020,275,383,147,805
24.05.2020,270,388,142,800
25.05.2020,275,382,142,799
26.05.2020,272,388,144,804
27.05.2020,268,393,138,799
28.05.2020,265,397,139,801
29.05.2020,272,391,148,811
30.05.2020,270,394,153,817
31.05.2020,271,391,151,813
01.06.2020,274,389,154,817
02.06.2020,278,385,162,825
03.06.2020,273,391,157,821
04.06.2020,274,386,152,812
05.06.2020,276,389,161,826
06.06.2020,281,384,159,824
07.06.2020,281,385,157,823
08.06.2020,282,382,157,821
09.06.2020,283,379,160,822
10.06.2020,283,376,165,824
11.06.2020,281,374,171,826
12.06.2020,282,370,170,822
13.06.2020,283,372,171,826
14.06.2020,283,373,172,828
15.06.2020,279,375,177,831
16.06.2020,276,377,174,827
17.06.2020,280,376,170,826
18.06.2020,275,384,170,829
19.06.2020,280,376,170,826
20.06.2020,281,378,164,823
21.06.2020,283,377,165,825
22.06.2020,283,371,167,821
23.06.2020,282,369,174,825
24.06.2020,281,373,170,824
25.06.2020,279,380,167,826
26.06.2020,280,380,159,819
27.06.2020,282,379,155,816
28.06.2020,283,378,152,813
29.06.2020,284,378,148,810
30.06.2020,277,383,142,802
01.07.2020,274,391,145,810
02.07.2020,270,389,148,807
03.07.2020,273,379,141,793
04.07.2020,272,378,138,788
05.07.2020,269,381,140,790
06.07.2020,268,388,140,796
07.07.2020,270,389,142,801
08.07.2020,274,386,140,800
09.07.2020,272,388,131,791
10.07.2020,275,385,128,788
11.07.2020,276,385,127,788
12.07.2020,273,384,131,788
13.07.2020,265,388,130,783
14.07.2020,273,377,139,789
15.07.2020,267,376,138,781
16.07.2020,270,376,132,778
17.07.2020,268,383,131,782
18.07.2020,264,389,137,790
19.07.2020,264,388,141,793
20.07.2020,264,388,141,793
21.07.2020,268,380,145,793
22.07.2020,266,385,143,794
23.07.2020,262,386,141,789
24.07.2020,255,391,145,791
25.07.2020,254,395,143,792
26.07.2020,257,388,151,796
27.07.2020,258,389,150,797
28.07.2020,257,390,144,791
29.07.2020,259,386,145,790
30.07.2020,259,385,148,792
31.07.2020,266,386,148,800
01.08.2020,267,386,144,797
02.08.2020,264,391,149,804
03.08.2020,269,389,144,802
04.08.2020,271,390,139,800
05.08.2020,278,385,139,802
06.08.2020,273,388,144,805
07.08.2020,273,382,147,802
08.08.2020,269,385,145,799
09.08.2020,266,392,142,800
10.08.2020,262,397,143,802
11.08.2020,263,404,141,808
12.08.2020,257,410,146,813
13.08.2020,255,411,148,814
14.08.2020,253,415,144,812
15.08.2020,254,414,146,814
16.08.2020,253,417,139,809
17.08.2020,255,418,141,814
18.08.2020,255,418,145,818
19.08.2020,258,425,144,827
20.08.2020,261,429,140,830
21.08.2020,257,443,138,838
22.08.2020,260,444,137,841
23.08.2020,259,444,139,842
24.08.2020,263,448,140,851
25.08.2020,263,452,139,854
26.08.2020,259,449,142,850
27.08.2020,263,448,143,854
28.08.2020,260,449,141,850
29.08.2020,258,451,137,846
30.08.2020,253,452,131,836
31.08.2020,258,444,131,833
01.09.2020,257,443,137,837
02.09.2020,262,432,135,829
03.09.2020,259,428,136,823
04.09.2020,254,429,133,816
05.09.2020,249,432,140,821
06.09.2020,248,434,137,819
07.09.2020,255,429,138,822
08.09.2020,257,434,142,833
09.09.2020,255,437,142,834
10.09.2020,258,431,152,841
11.09.2020,259,433,147,839
12.09.2020,259,430,144,833
13.09.2020,257,435,141,833
14.09.2020,255,434,148,837
15.09.2020,250,438,157,845
16.09.2020,254,431,162,847
17.09.2020,258,433,163,854
18.09.2020,261,437,159,857
19.09.2020,263,437,163,863
20.09.2020,263,439,159,861
21.09.2020,265,435,153,853
22.09.2020,271,427,157,855
23.09.2020,273,430,153,856
24.09.2020,274,427,153,854
25.09.2020,273,436,148,857
26.09.2020,272,437,149,858
27.09.2020,271,442,153,866
28.09.2020,271,444,157,872
29.09.2020,273,447,152,872
30.09.2020,272,450,150,872
01.10.2020,266,450,156,872
02.10.2020,263,457,157,877
03.10.2020,259,463,151,873
04.10.2020,264,456,151,871
05.10.2020,272,445,156,873
06.10.2020,268,454,156,878
07.10.2020,271,448,162,881
08.10.2020,273,444,150,867
09.10.2020,275,447,140,862
10.10.2020,275,447,141,863
11.10.2020,273,449,145,867
12.10.2020,274,451,137,862
13.10.2020,273,450,132,855
14.10.2020,276,449,128,853
15.10.2020,275,453,128,856
16.10.2020,270,454,135,859
17.10.2020,274,450,134,858
18.10.2020,278,445,134,857
19.10.2020,285,434,134,853
20.10.2020,287,431,135,853
21.10.2020,286,424,138,848
22.10.2020,282,422,140,844
23.10.2020,281,425,139,845
24.10.2020,281,423,141,845
25.10.2020,280,429,134,843
26.10.2020,281,426,138,845
27.10.2020,283,424,141,848
28.10.2020,283,422,144,849
29.10.2020,282,425,140,847
30.10.2020,279,426,140,845
31.10.2020,278,425,145,848
01.11.2020,281,425,143,849
02.11.2020,286,422,140,848
03.11.2020,288,427,142,857
04.11.2020,293,424,144,861
05.11.2020,292,423,144,859
06.11.2020,293,417,148,858
07.11.2020,292,416,153,861
08.11.2020,289,420,150,859
09.11.2020,291,420,143,854
10.11.2020,295,419,144,858
11.11.2020,292,420,151,863
12.11.2020,287,427,146,860
13.11.2020,285,423,149,857
14.11.2020,287,422,153,862
15.11.2020,292,416,152,860
16.11.2020,289,420,152,861
17.11.2020,290,418,156,864
18.11.2020,295,413,158,866
19.11.2020,290,427,156,873
20.11.2020,285,427,150,862
21.11.2020,285,430,150,865
22.11.2020,286,421,150,857
23.11.2020,287,417,149,853
24.11.2020,291,415,145,851
25.11.2020,293,417,144,854
26.11.2020,288,420,143,851
27.11.2020,284,422,138,844
28.11.2020,284,427,136,847
29.11.2020,284,424,141,849
30.11.2020,289,414,140,843
01.12.2020,291,419,141,851
02.12.2020,291,432,134,857
03.12.2020,292,433,140,865
04.12.2020,297,436,134,867
05.12.2020,297,433,133,863
06.12.2020,294,443,134,871
07.12.2020,291,443,145,879
08.12.2020,294,443,137,874
09.12.2020,293,441,141,875
10.12.2020,288,445,141,874
11.12.2020,285,450,146,881
12.12.2020,284,447,147,878
13.12.2020,288,444,148,880
14.12.2020,290,445,153,888
15.12.2020,296,450,154,900
16.12.2020,292,453,156,901
17.12.2020,291,448,155,894
18.12.2020,291,442,154,887
19.12.2020,289,446,152,887
20.12.2020,288,448,155,891
21.12.2020,289,449,150,888
22.12.2020,289,453,149,891
23.12.2020,289,450,151,890
24.12.2020,290,443,150,883
25.12.2020,290,442,151,883
26.12.2020,286,445,150,881
27.12.2020,286,446,149,881
28.12.2020,285,449,148,882
29.12.2020,282,448,150,880
30.12.2020,280,447,152,879
31.12.2020,280,442,145,867
01.01.2021,278,432,138,848
02.01.2021,276,430,142,848
03.01.2021,275,433,139,847
04.01.2021,272,430,143,845
05.01.2021,273,421,144,838
06.01.2021,275,429,138,842
07.01.2021,277,422,139,838
08.01.2021,279,423,137,839
09.01.2021,275,427,137,839
10.01.2021,276,425,137,838
11.01.2021,273,427,134,834
12.01.2021,275,424,121,820
13.01.2021,275,421,120,816
14.01.2021,276,421,124,821
15.01.2021,274,420,126,820
16.01.2021,273,419,131,823
17.01.2021,275,429,135,839
18.01.2021,275,433,144,852
19.01.2021,272,435,152,859
20.01.2021,273,432,151,856
21.01.2021,272,436,157,865
22.01.2021,272,446,154,872
23.01.2021,271,450,154,875
24.01.2021,275,452,157,884
25.01.2021,278,450,156,884
26.01.2021,279,455,161,895
27.01.2021,282,453,162,897
28.01.2021,285,454,165,904
29.01.2021,291,450,165,906
30.01.2021,289,453,167,909
31.01.2021,291,446,165,902
01.02.2021,292,453,159,904
02.02.2021,291,457,157,905
03.02.2021,297,460,160,917
04.02.2021,297,466,161,924
05.02.2021,303,464,164,931
06.02.2021,302,459,164,925
07.02.2021,299,469,160,928
08.02.2021,299,462,168,929
09.02.2021,300,460,174,934
10.02.2021,294,464,177,935
11.02.2021,296,460,181,937
12.02.2021,298,459,179,936
13.02.2021,299,461,177,937
14.02.2021,302,458,172,932
15.02.2021,301,468,168,937
16.02.2021,298,475,167,940
17.02.2021,295,482,168,945
18.02.2021,295,486,169,950
19.02.2021,288,490,178,956
20.02.2021,285,493,182,960
21.02.2021,287,489,182,958
22.02.2021,284,488,175,947
23.02.2021,285,484,178,947
24.02.2021,289,474,172,935
25.02.2021,287,481,176,944
26.02.2021,287,480,175,942
27.02.2021,284,485,167,936
28.02.2021,286,481,171,938
01.03.2021,285,472,172,929
02.03.2021,283,473,173,929
03.03.2021,289,469,170,928
04.03.2021,293,461,171,925
05.03.2021,296,462,171,929
06.03.2021,298,463,168,929
07.03.2021,297,460,171,928
08.03.2021,299,460,177,936
09.03.2021,299,468,167,934
10.03.2021,296,470,168,934
11.03.2021,293,477,161,931
12.03.2021,289,475,157,921
13.03.2021,288,473,164,925
14.03.2021,286,475,163,924
15.03.2021,289,483,162,934
16.03.2021,290,475,156,921
17.03.2021,287,479,158,924
18.03.2021,286,477,158,921
19.03.2021,286,484,153,923
20.03.2021,285,489,149,923
21.03.2021,292,481,149,922
22.03.2021,288,486,153,927
23.03.2021,286,489,159,934
24.03.2021,285,491,161,937
25.03.2021,288,493,153,934
26.03.2021,291,485,161,937
27.03.2021,291,485,164,940
28.03.2021,292,484,159,935
29.03.2021,292,479,173,944
30.03.2021,290,483,169,942
31.03.2021,289,484,180,953
01.04.2021,295,479,177,951
02.04.2021,297,477,181,955
03.04.2021,298,475,179,952
04.04.2021,296,478,181,955
05.04.2021,300,481,175,956
06.04.2021,305,466,178,949
07.04.2021,301,462,185,948
08.04.2021,298,468,186,952
09.04.2021,294,476,182,952
10.04.2021,295,477,180,952
11.04.2021,295,481,179,955
12.04.2021,295,471,184,950
13.04.2021,296,476,181,953
14.04.2021,301,478,184,963
15.04.2021,302,474,183,959
16.04.2021,301,473,180,954
17.04.2021,303,469,180,952
18.04.2021,304,468,180,952
19.04.2021,305,467,186,958
20.04.2021,307,461,174,942
21.04.2021,307,461,176,944
22.04.2021,307,459,172,938
23.04.2021,304,462,165,931
24.04.2021,305,463,167,935
25.04.2021,305,463,165,933
26.04.2021,304,468,156,928
27.04.2021,302,472,160,934
28.04.2021,305,467,154,926
29.04.2021,302,468,158,928
30.04.2021,301,466,151,918
01.05.2021,301,465,153,919
02.05.2021,301,466,154,921
03.05.2021,306,463,157,926
04.05.2021,305,468,155,928
05.05.2021,304,468,153,925
06.05.2021,299,472,159,930
07.05.2021,297,483,159,939
08.05.2021,295,482,158,935
09.05.2021,299,475,161,935
10.05.2021,297,482,157,936
11.05.2021,301,484,155,940
12.05.2021,305,478,158,941
13.05.2021,306,479,153,938
14.05.2021,309,473,153,935
15.05.2021,310,469,150,929
16.05.2021,310,465,150,925
17.05.2021,307,464,148,919
18.05.2021,309,463,146,918
19.05.2021,310,460,157,927
20.05.2021,310,458,159,927
21.05.2021,308,463,158,929
22.05.2021,310,463,150,923
23.05.2021,312,465,152,929
24.05.2021,313,466,147,926
25.05.2021,315,454,150,919
26.05.2021,310,465,148,923
27.05.2021,305,471,146,922
28.05.2021,298,478,140,916
29.05.2021,297,478,143,918
30.05.2021,296,479,139,914
31.05.2021,294,479,142,915
01.06.2021,297,476,144,917
02.06.2021,303,468,146,917
03.06.2021,296,479,141,916
04.06.2021,298,473,139,910
05.06.2021,297,475,135,907
06.06.2021,298,479,134,911
07.06.2021,297,479,140,916
08.06.2021,306,470,137,913
09.06.2021,312,476,130,918
10.06.2021,309,486,124,919
11.06.2021,301,491,127,919
12.06.2021,299,494,131,924
13.06.2021,298,500,131,929
14.06.2021,304,488,142,934
15.06.2021,301,488,142,931
16.06.2021,299,490,143,932
17.06.2021,301,486,138,925
18.06.2021,294,487,140,921
19.06.2021,294,485,136,915
20.06.2021,295,481,146,922
21.06.2021,293,484,147,924
22.06.2021,290,486,144,920
23.06.2021,296,474,142,912
24.06.2021,300,465,147,912
25.06.2021,300,463,150,913
26.06.2021,298,463,147,908
27.06.2021,298,458,149,905
28.06.2021,296,462,147,905
29.06.2021,302,460,137,899
30.06.2021,309,460,139,908
01.07.2021,297,461,148,906
02.07.2021,297,468,154,919
03.07.2021,294,479,153,926
04.07.2021,293,479,152,924
05.07.2021,297,472,152,921
06.07.2021,301,469,153,923
07.07.2021,298,472,159,929
08.07.2021,299,468,155,922
09.07.2021,289,480,158,927
10.07.2021,288,479,154,921
11.07.2021,288,482,151,921
12.07.2021,296,470,142,908
13.07.2021,292,478,148,918
14.07.2021,291,487,149,927
15.07.2021,289,487,154,930
16.07.2021,288,489,155,932
17.07.2021,293,483,154,930
18.07.2021,296,478,150,924
19.07.2021,301,483,142,926
20.07.2021,296,486,146,928
21.07.2021,298,492,145,935
22.07.2021,299,490,145,934
23.07.2021,300,488,162,950
24.07.2021,301,485,162,948
25.07.2021,298,493,161,952
26.07.2021,296,495,172,963
27.07.2021,293,498,181,972
28.07.2021,296,499,186,981
29.07.2021,298,498,185,981
30.07.2021,302,492,184,978
31.07.2021,301,491,181,973
01.08.2021,295,502,183,980
02.08.2021,298,501,185,984
03.08.2021,304,493,191,988
04.08.2021,297,503,188,988
05.08.2021,296,501,188,985
06.08.2021,300,494,184,978
07.08.2021,299,501,185,985
08.08.2021,300,503,186,989
09.08.2021,301,497,184,982
10.08.2021,300,496,190,986
11.08.2021,304,495,183,982
12.08.2021,305,502,176,983
13.08.2021,302,505,180,987
14.08.2021,300,508,181,989
15.08.2021,301,509,178,988
16.08.2021,311,508,179,998
17.08.2021,312,507,183,1002
18.08.2021,313,503,185,1001
19.08.2021,315,503,190,1008
20.08.2021,313,509,177,999
21.08.2021,316,509,181,1006
22.08.2021,319,507,180,1006
23.08.2021,322,504,172,998
24.08.2021,320,511,171,1002
25.08.2021,323,510,162,995
26.08.2021,330,505,162,997
27.08.2021,335,498,162,995
28.08.2021,333,497,161,991
29.08.2021,331,496,159,986
30.08.2021,333,506,157,996
31.08.2021,336,509,156,1001
01.09.2021,333,510,159,1002
02.09.2021,333,511,162,1006
03.09.2021,337,514,162,1013
04.09.2021,337,513,164,1014
05.09.2021,340,507,161,1008
06.09.2021,343,505,165,1013
07.09.2021,343,513,161,1017
08.09.2021,345,501,160,1006
09.09.2021,344,500,165,1009
10.09.2021,342,506,165,1013
11.09.2021,336,511,165,1012
12.09.2021,333,508,164,1005
13.09.2021,338,509,163,1010
14.09.2021,335,517,162,1014
15.09.2021,337,521,167,1025
16.09.2021,335,518,165,1018
17.09.2021,337,514,169,1020
18.09.2021,338,511,172,1021
19.09.2021,336,518,178,1032
20.09.2021,335,517,177,1029
21.09.2021,333,522,170,1025
22.09.2021,340,521,166,1027
23.09.2021,341,519,173,1033
24.09.2021,347,511,178,1036
25.09.2021,349,517,184,1050
26.09.2021,346,527,179,1052
27.09.2021,335,531,186,1052
28.09.2021,338,519,174,1031
29.09.2021,330,531,175,1036
30.09.2021,330,533,177,1040
01.10.2021,340,525,175,1040
02.10.2021,340,526,175,1041
03.10.2021,338,532,175,1045
04.10.2021,336,531,174,1041
05.10.2021,345,515,175,1035
06.10.2021,340,527,174,1041
07.10.2021,337,525,166,1028
08.10.2021,332,526,160,1018
09.10.2021,328,533,164,1025
10.10.2021,328,535,162,1025
11.10.2021,330,531,164,1025
12.10.2021,333,527,167,1027
13.10.2021,330,528,153,1011
14.10.2021,333,528,153,1014
15.10.2021,334,531,157,1022
16.10.2021,331,530,160,1021
17.10.2021,333,532,146,1011
18.10.2021,332,531,151,1014
19.10.2021,333,518,150,1001
20.10.2021,337,522,150,1009
21.10.2021,333,523,143,999
22.10.2021,334,524,146,1004
23.10.2021,333,520,145,998
24.10.2021,328,520,147,995
25.10.2021,322,529,143,994
26.10.2021,330,525,145,1000
27.10.2021,324,525,145,994
28.10.2021,318,531,152,1001
29.10.2021,326,523,153,1002
30.10.2021,323,526,153,1002
31.10.2021,321,529,152,1002
01.11.2021,321,529,150,1000
02.11.2021,321,528,154,1003
03.11.2021,323,526,150,999
04.11.2021,314,533,149,996
05.11.2021,323,521,151,995
06.11.2021,322,519,151,992
07.11.2021,325,519,155,999
08.11.2021,331,511,154,996
09.11.2021,332,510,152,994
10.11.2021,336,500,165,1001
11.11.2021,334,503,163,1000
12.11.2021,335,504,158,997
13.11.2021,335,510,153,998
14.11.2021,333,510,157,1000
15.11.2021,338,511,152,1001
16.11.2021,336,512,158,1006
17.11.2021,333,504,158,995
18.11.2021,325,511,164,1000
19.11.2021,326,509,163,998
20.11.2021,326,510,163,999
21.11.2021,321,518,165,1004
22.11.2021,326,513,169,1008
23.11.2021,326,509,165,1000
24.11.2021,322,507,168,997
25.11.2021,323,508,165,996
26.11.2021,331,495,163,989
27.11.2021,327,498,170,995
28.11.2021,327,498,172,997
29.11.2021,329,494,169,992
30.11.2021,330,494,168,992
01.12.2021,328,495,170,993
02.12.2021,324,503,166,993
03.12.2021,329,503,167,999
04.12.2021,332,495,170,997
05.12.2021,336,500,169,1005
06.12.2021,332,504,164,1000
07.12.2021,333,497,168,998
08.12.2021,335,500,159,994
09.12.2021,341,503,169,1013
10.12.2021,337,507,175,1019
11.12.2021,336,512,176,1024
12.12.2021,332,520,176,1028
13.12.2021,336,517,182,1035
14.12.2021,337,511,176,1024
15.12.2021,336,518,175,1029
16.12.2021,330,526,178,1034
17.12.2021,333,531,171,1035
18.12.2021,334,532,171,1037
19.12.2021,331,529,173,1033
20.12.2021,330,530,177,1037
21.12.2021,334,517,178,1029
22.12.2021,325,532,170,1027
23.12.2021,324,529,173,1026
24.12.2021,324,525,171,1020
25.12.2021,320,529,167,1016
26.12.2021,321,526,164,1011
27.12.2021,319,524,165,1008
28.12.2021,315,523,169,1007
29.12.2021,310,523,169,1002
30.12.2021,306,523,175,1004
31.12.2021,310,512,175,997
01.01.2022,316,507,174,997
02.01.2022,317,510,168,995
03.01.2022,314,513,166,993
04.01.2022,313,498,171,982
05.01.2022,313,502,170,985
06.01.2022,308,502,163,973
07.01.2022,308,506,159,973
08.01.2022,303,504,158,965
09.01.2022,300,499,155,954
10.01.2022,301,489,142,932
11.01.2022,305,490,147,942
12.01.2022,302,489,145,936
13.01.2022,301,495,144,940
14.01.2022,299,487,150,936
15.01.2022,299,492,152,943
16.01.2022,300,492,154,946
17.01.2022,301,500,145,946
18.01.2022,306,501,149,956
19.01.2022,304,504,149,957
20.01.2022,305,509,147,961
21.01.2022,305,518,151,974
22.01.2022,305,517,154,976
23.01.2022,308,520,153,981
24.01.2022,311,514,164,989
25.01.2022,310,516,160,986
26.01.2022,310,521,162,993
27.01.2022,305,524,161,990
28.01.2022,309,535,160,1004
29.01.2022,312,535,162,1009
30.01.2022,317,536,159,1012
31.01.2022,310,536,160,1006
01.02.2022,307,547,155,1009
02.02.2022,310,546,163,1019
03.02.2022,310,547,165,1022
04.02.2022,311,553,159,1023
05.02.2022,307,562,155,1024
06.02.2022,310,559,158,1027
07.02.2022,313,561,171,1045
08.02.2022,316,557,172,1045
09.02.2022,313,570,170,1053
10.02.2022,315,568,161,1044
11.02.2022,314,565,163,1042
12.02.2022,314,565,159,1038
13.02.2022,315,562,158,1035
14.02.2022,317,554,160,1031
15.02.2022,314,565,149,1028
16.02.2022,313,562,148,1023
17.02.2022,308,563,151,1022
18.02.2022,302,574,155,1031
19.02.2022,299,579,152,1030
20.02.2022,305,567,155,1027
21.02.2022,311,565,148,1024
22.02.2022,311,568,149,1028
23.02.2022,312,567,152,1031
24.02.2022,313,566,146,1025
25.02.2022,309,563,142,1014
26.02.2022,307,562,141,1010
27.02.2022,307,553,147,1007
28.02.2022,308,551,143,1002
01.03.2022,309,537,149,995
02.03.2022,319,527,148,994
03.03.2022,312,533,147,992
04.03.2022,321,525,151,997
05.03.2022,325,522,150,997
06.03.2022,325,521,149,995
07.03.2022,323,511,147,981
08.03.2022,328,509,141,978
09.03.2022,323,517,135,975
10.03.2022,327,519,138,984
11.03.2022,323,526,146,995
12.03.2022,322,526,149,997
13.03.2022,324,527,147,998
14.03.2022,329,523,142,994
15.03.2022,332,518,141,991
16.03.2022,326,532,148,1006
17.03.2022,322,530,152,1004
18.03.2022,323,527,156,1006
19.03.2022,327,524,153,1004
20.03.2022,331,523,158,1012
21.03.2022,336,518,161,1015
22.03.2022,344,513,164,1021
23.03.2022,345,516,164,1025
24.03.2022,350,506,172,1028
25.03.2022,349,515,173,1037
26.03.2022,344,524,174,1042
27.03.2022,345,527,176,1048
28.03.2022,351,522,182,1055
29.03.2022,349,531,188,1068
30.03.2022,352,526,205,1083
31.03.2022,354,532,206,1092
01.04.2022,363,527,206,1096
02.04.2022,363,529,203,1095
03.04.2022,364,533,200,1097
04.04.2022,365,535,201,1101
05.04.2022,364,536,204,1104
06.04.2022,361,531,209,1101
07.04.2022,363,529,204,1096
08.04.2022,357,533,204,1094
09.04.2022,357,535,204,1096
10.04.2022,357,533,208,1098
11.04.2022,356,535,202,1093
12.04.2022,354,536,204,1094
13.04.2022,349,549,193,1091
14.04.2022,347,549,204,1100
15.04.2022,347,550,197,1094
16.04.2022,350,549,199,1098
17.04.2022,353,541,202,1096
18.04.2022,353,536,210,1099
19.04.2022,353,539,208,1100
20.04.2022,353,546,215,1114
21.04.2022,350,551,213,1114
22.04.2022,349,553,206,1108
23.04.2022,347,552,204,1103
24.04.2022,346,559,206,1111
25.04.2022,345,560,200,1105
26.04.2022,348,560,196,1104
27.04.2022,347,558,184,1089
28.04.2022,350,564,181,1095
29.04.2022,354,555,188,1097
30.04.2022,356,552,191,1099
01.05.2022,356,551,191,1098
02.05.2022,356,544,186,1086
03.05.2022,353,550,185,1088
04.05.2022,350,552,185,1087
05.05.2022,351,552,186,1089
06.05.2022,348,553,185,1086
07.05.2022,350,552,182,1084
08.05.2022,350,552,179,1081
09.05.2022,345,564,176,1085
10.05.2022,347,562,176,1085
11.05.2022,342,562,173,1077
12.05.2022,344,565,171,1080
13.05.2022,340,566,181,1087
14.05.2022,340,568,176,1084
15.05.2022,337,574,175,1086
16.05.2022,339,574,166,1079
17.05.2022,340,575,165,1080
18.05.2022,346,569,170,1085
19.05.2022,353,569,179,1101
20.05.2022,347,578,169,1094
21.05.2022,345,583,174,1102
22.05.2022,344,584,173,1101
23.05.2022,352,572,173,1097
24.05.2022,350,582,165,1097
25.05.2022,352,585,165,1102
26.05.2022,353,573,168,1094
27.05.2022,353,578,164,1095
28.05.2022,360,571,158,1089
29.05.2022,356,575,158,1089
30.05.2022,356,569,155,1080
31.05.2022,350,584,167,1101
01.06.2022,354,583,168,1105
02.06.2022,349,578,172,1099
03.06.2022,345,585,176,1106
04.06.2022,347,583,175,1105
05.06.2022,349,583,177,1109
06.06.2022,347,578,185,1110
07.06.2022,342,585,184,1111
08.06.2022,338,590,194,1122
09.06.2022,345,583,196,1124
10.06.2022,343,584,200,1127
11.06.2022,345,583,201,1129
12.06.2022,344,583,201,1128
13.06.2022,334,598,195,1127
14.06.2022,335,607,184,1126
15.06.2022,340,603,177,1120
16.06.2022,344,603,175,1122
17.06.2022,349,594,182,1125
18.06.2022,347,594,181,1122
19.06.2022,347,594,178,1119
20.06.2022,353,588,176,1117
21.06.2022,350,597,171,1118
22.06.2022,350,599,173,1122
23.06.2022,355,607,180,1142
24.06.2022,359,604,176,1139
25.06.2022,362,600,176,1138
26.06.2022,359,605,175,1139
27.06.2022,357,607,188,1152
28.06.2022,352,618,179,1149
29.06.2022,357,604,188,1149
30.06.2022,353,612,181,1146
01.07.2022,350,614,174,1138
02.07.2022,352,614,180,1146
03.07.2022,353,616,175,1144
04.07.2022,355,609,175,1139
05.07.2022,356,611,161,1128
06.07.2022,353,612,167,1132
07.07.2022,361,597,172,1130
08.07.2022,359,601,175,1135
09.07.2022,360,604,175,1139
10.07.2022,361,602,177,1140
11.07.2022,360,593,182,1135
12.07.2022,363,592,186,1141
13.07.2022,358,589,192,1139
14.07.2022,370,587,184,1141
15.07.2022,370,580,196,1146
16.07.2022,371,582,196,1149
17.07.2022,373,577,199,1149
18.07.2022,378,573,202,1153
19.07.2022,378,572,202,1152
20.07.2022,376,576,199,1151
21.07.2022,379,578,196,1153
22.07.2022,378,588,196,1162
23.07.2022,385,586,194,1165
24.07.2022,387,582,195,1164
25.07.2022,378,595,199,1172
26.07.2022,377,596,197,1170
27.07.2022,380,602,191,1173
28.07.2022,377,606,197,1180
29.07.2022,381,591,205,1177
30.07.2022,383,585,203,1171
31.07.2022,384,586,205,1175
01.08.2022,384,587,203,1174
02.08.2022,385,583,210,1178
03.08.2022,383,592,203,1178
04.08.2022,381,602,191,1174
05.08.2022,380,610,197,1187
06.08.2022,376,616,193,1185
07.08.2022,378,615,191,1184
08.08.2022,374,624,185,1183
09.08.2022,373,617,182,1172
10.08.2022,370,617,178,1165
11.08.2022,377,605,176,1158
12.08.2022,381,605,165,1151
13.08.2022,381,598,164,1143
14.08.2022,383,597,166,1146
15.08.2022,379,602,167,1148
16.08.2022,380,604,168,1152
17.08.2022,374,615,168,1157
18.08.2022,372,628,163,1163
19.08.2022,372,622,159,1153
20.08.2022,380,618,156,1154
21.08.2022,378,623,152,1153
22.08.2022,369,633,152,1154
23.08.2022,372,631,154,1157
24.08.2022,375,625,152,1152
25.08.2022,378,621,150,1149
26.08.2022,383,613,151,1147
27.08.2022,383,615,153,1151
28.08.2022,380,622,156,1158
29.08.2022,377,616,169,1162
30.08.2022,376,619,165,1160
31.08.2022,371,621,159,1151
01.09.2022,374,614,168,1156
02.09.2022,371,618,170,1159
03.09.2022,362,626,166,1154
04.09.2022,361,621,164,1146
05.09.2022,357,629,163,1149
06.09.2022,355,627,167,1149
07.09.2022,351,629,165,1145
08.09.2022,365,615,169,1149
09.09.2022,366,611,171,1148
10.09.2022,366,608,174,1148
11.09.2022,372,605,172,1149
12.09.2022,370,613,177,1160
13.09.2022,375,613,172,1160
14.09.2022,370,615,171,1156
15.09.2022,371,614,171,1156
16.09.2022,372,607,173,1152
17.09.2022,376,600,176,1152
18.09.2022,374,601,178,1153
19.09.2022,369,599,175,1143
20.09.2022,370,591,177,1138
21.09.2022,371,593,172,1136
22.09.2022,370,588,166,1124
23.09.2022,367,588,161,1116
24.09.2022,369,586,159,1114
25.09.2022,364,591,159,1114
26.09.2022,365,590,155,1110
27.09.2022,364,595,165,1124
28.09.2022,360,598,163,1121
29.09.2022,360,602,166,1128
30.09.2022,369,599,158,1126
01.10.2022,367,599,166,1132
02.10.2022,367,600,168,1135
03.10.2022,362,613,171,1146
04.10.2022,360,616,172,1148
05.10.2022,356,620,165,1141
06.10.2022,365,607,174,1146
07.10.2022,366,605,174,1145
08.10.2022,364,615,172,1151
09.10.2022,364,615,172,1151
10.10.2022,368,613,172,1153
11.10.2022,371,611,186,1168
12.10.2022,360,626,181,1167
13.10.2022,359,626,183,1168
14.10.2022,360,625,182,1167
15.10.2022,358,627,184,1169
16.10.2022,359,620,183,1162
17.10.2022,356,625,188,1169
18.10.2022,354,632,191,1177
19.10.2022,355,647,194,1196
20.10.2022,355,647,186,1188
21.10.2022,360,650,185,1195
22.10.2022,358,657,184,1199
23.10.2022,358,655,184,1197
24.10.2022,357,656,198,1211
25.10.2022,355,654,194,1203
26.10.2022,357,649,204,1210
27.10.2022,354,652,201,1207
28.10.2022,365,639,200,1204
29.10.2022,363,644,206,1213
30.10.2022,368,643,209,1220
31.10.2022,364,649,201,1214
01.11.2022,357,659,195,1211
02.11.2022,357,669,203,1229
03.11.2022,359,664,198,1221
04.11.2022,358,670,189,1217
05.11.2022,360,664,192,1216
06.11.2022,360,668,189,1217
07.11.2022,364,658,191,1213
08.11.2022,366,657,184,1207
09.11.2022,373,652,190,1215
10.11.2022,369,654,190,1213
11.11.2022,372,652,189,1213
12.11.2022,371,657,181,1209
13.11.2022,374,653,179,1206
14.11.2022,372,649,183,1204
15.11.2022,371,648,179,1198
16.11.2022,375,648,167,1190
17.11.2022,374,653,175,1202
18.11.2022,376,653,170,1199
19.11.2022,374,656,174,1204
20.11.2022,377,653,175,1205
21.11.2022,373,671,163,1207
22.11.2022,381,665,172,1218
23.11.2022,378,665,165,1208
24.11.2022,376,662,159,1197
25.11.2022,384,650,159,1193
26.11.2022,384,652,155,1191
27.11.2022,387,653,146,1186
28.11.2022,378,662,149,1189
29.11.2022,372,663,150,1185
30.11.2022,367,666,146,1179
01.12.2022,374,666,143,1183
02.12.2022,383,653,141,1177
03.12.2022,385,647,140,1172
04.12.2022,385,648,132,1165
05.12.2022,379,653,133,1165
06.12.2022,380,651,132,1163
07.12.2022,379,642,139,1160
08.12.2022,382,637,136,1155
09.12.2022,385,624,138,1147
10.12.2022,385,622,141,1148
11.12.2022,382,626,140,1148
12.12.2022,375,632,143,1150
13.12.2022,379,615,145,1139
14.12.2022,380,611,145,1136
15.12.2022,377,617,138,1132
16.12.2022,373,613,140,1126
17.12.2022,371,617,136,1124
18.12.2022,373,612,134,1119
19.12.2022,363,615,133,1111
20.12.2022,368,612,132,1112
21.12.2022,365,611,139,1115
22.12.2022,361,611,146,1118
23.12.2022,374,603,143,1120
24.12.2022,374,601,145,1120
25.12.2022,374,600,150,1124
26.12.2022,368,592,149,1109
27.12.2022,357,596,147,1100
28.12.2022,342,604,147,1093
29.12.2022,342,599,148,1089
30.12.2022,348,587,151,1086
31.12.2022,349,586,150,1085
01.01.2023,353,579,150,1082
02.01.2023,341,589,151,1081
03.01.2023,344,590,147,1081
04.01.2023,344,586,146,1076
05.01.2023,348,580,145,1073
06.01.2023,354,576,145,1075
07.01.2023,352,577,148,1077
08.01.2023,349,574,151,1074
09.01.2023,345,576,154,1075
10.01.2023,350,577,155,1082
11.01.2023,349,575,148,1072
12.01.2023,350,577,141,1068
13.01.2023,344,591,138,1073
14.01.2023,345,595,142,1082
15.01.2023,345,598,147,1090
16.01.2023,338,602,147,1087
17.01.2023,340,598,152,1090
18.01.2023,342,608,145,1095
19.01.2023,342,607,145,1094
20.01.2023,358,598,149,1105
21.01.2023,360,599,147,1106
22.01.2023,361,598,143,1102
23.01.2023,357,607,149,1113
24.01.2023,360,614,145,1119
25.01.2023,352,622,150,1124
26.01.2023,349,632,152,1133
27.01.2023,350,635,153,1138
28.01.2023,358,623,154,1135
29.01.2023,360,621,158,1139
30.01.2023,365,619,165,1149
31.01.2023,355,633,171,1159
01.02.2023,355,638,176,1169
02.02.2023,358,644,169,1171
03.02.2023,357,641,168,1166
04.02.2023,356,639,171,1166
05.02.2023,356,640,172,1168
06.02.2023,354,644,165,1163
07.02.2023,359,640,166,1165
08.02.2023,357,641,163,1161
09.02.2023,361,627,169,1157
10.02.2023,360,628,169,1157
11.02.2023,360,625,171,1156
12.02.2023,359,625,175,1159
13.02.2023,358,626,176,1160
14.02.2023,358,635,170,1163
15.02.2023,364,632,161,1157
16.02.2023,367,630,164,1161
17.02.2023,368,627,166,1161
18.02.2023,368,628,169,1165
19.02.2023,365,632,171,1168
20.02.2023,367,630,173,1170
21.02.2023,368,631,182,1181
22.02.2023,364,636,187,1187
23.02.2023,369,633,188,1190
24.02.2023,366,636,194,1196
25.02.2023,366,640,191,1197
26.02.2023,367,640,195,1202
27.02.2023,369,637,187,1193
28.02.2023,360,641,192,1193
01.03.2023,357,650,193,1200
02.03.2023,367,637,192,1196
03.03.2023,376,627,189,1192
04.03.2023,373,629,190,1192
05.03.2023,376,624,195,1195
06.03.2023,373,638,191,1202
07.03.2023,375,634,201,1210
08.03.2023,372,635,200,1207
09.03.2023,376,636,200,1212
10.03.2023,374,637,198,1209
11.03.2023,374,639,195,1208
12.03.2023,374,637,194,1205
13.03.2023,367,638,195,1200
14.03.2023,369,637,192,1198
15.03.2023,375,628,198,1201
16.03.2023,384,620,193,1197
17.03.2023,383,617,198,1198
18.03.2023,383,617,191,1191
19.03.2023,382,614,189,1185
20.03.2023,384,613,187,1184
21.03.2023,386,613,175,1174
22.03.2023,378,622,172,1172
23.03.2023,384,613,183,1180
24.03.2023,385,617,180,1182
25.03.2023,386,620,182,1188
26.03.2023,388,620,176,1184
27.03.2023,390,616,184,1190
28.03.2023,380,628,186,1194
29.03.2023,378,625,182,1185
30.03.2023,383,618,186,1187
31.03.2023,387,614,184,1185
01.04.2023,389,608,179,1176
02.04.2023,390,611,171,1172
03.04.2023,393,611,171,1175
04.04.2023,394,610,162,1166
05.04.2023,392,614,162,1168
06.04.2023,393,614,163,1170
07.04.2023,396,609,173,1178
08.04.2023,397,614,169,1180
09.04.2023,397,612,170,1179
10.04.2023,390,612,167,1169
11.04.2023,395,614,161,1170
12.04.2023,397,608,163,1168
13.04.2023,397,610,159,1166
14.04.2023,397,624,159,1180
15.04.2023,399,625,160,1184
16.04.2023,398,630,167,1195
17.04.2023,394,621,170,1185
18.04.2023,389,628,171,1188
19.04.2023,389,621,173,1183
20.04.2023,392,613,168,1173
21.04.2023,399,596,178,1173
22.04.2023,401,599,177,1177
23.04.2023,399,602,179,1180
24.04.2023,399,602,178,1179
25.04.2023,397,602,169,1168
26.04.2023,391,605,171,1167
27.04.2023,389,608,172,1169
28.04.2023,385,614,176,1175
29.04.2023,387,613,175,1175
30.04.2023,386,610,182,1178
01.05.2023,384,604,186,1174
02.05.2023,387,597,186,1170
03.05.2023,386,593,181,1160
04.05.2023,386,588,183,1157
05.05.2023,388,591,176,1155
06.05.2023,383,593,174,1150
07.05.2023,384,588,178,1150
08.05.2023,382,582,177,1141
09.05.2023,387,573,176,1136
10.05.2023,383,579,176,1138
11.05.2023,389,570,180,1139
12.05.2023,388,561,166,1115
13.05.2023,387,560,167,1114
14.05.2023,382,562,161,1105
15.05.2023,379,561,162,1102
16.05.2023,373,561,164,1098
17.05.2023,380,554,164,1098
18.05.2023,370,559,166,1095
19.05.2023,376,552,159,1087
20.05.2023,377,549,157,1083
21.05.2023,376,548,157,1081
22.05.2023,378,552,156,1086
23.05.2023,382,551,154,1087
24.05.2023,378,551,148,1077
25.05.2023,371,561,147,1079
26.05.2023,369,567,153,1089
27.05.2023,371,565,154,1090
28.05.2023,370,565,151,1086
29.05.2023,371,561,147,1079
30.05.2023,377,546,154,1077
31.05.2023,380,552,144,1076
01.06.2023,377,546,144,1067
02.06.2023,374,542,148,1064
03.06.2023,373,545,152,1070
04.06.2023,375,545,147,1067
05.06.2023,371,557,146,1074
06.06.2023,372,552,145,1069
07.06.2023,368,548,138,1054
08.06.2023,374,539,133,1046
09.06.2023,372,536,128,1036
10.06.2023,373,533,128,1034
11.06.2023,372,530,128,1030
12.06.2023,360,536,133,1029
13.06.2023,359,539,136,1034
14.06.2023,359,539,136,1034
15.06.2023,361,536,134,1031
16.06.2023,357,545,141,1043
17.06.2023,356,547,141,1044
18.06.2023,355,551,142,1048
19.06.2023,365,538,139,1042
20.06.2023,364,529,148,1041
21.06.2023,362,527,158,1047
22.06.2023,358,533,155,1046
23.06.2023,352,532,148,1032
24.06.2023,358,528,147,1033
25.06.2023,359,527,150,1036
26.06.2023,357,534,152,1043
27.06.2023,361,527,141,1029
28.06.2023,357,526,148,1031
29.06.2023,361,525,153,1039
30.06.2023,361,525,149,1035
01.07.2023,359,527,147,1033
02.07.2023,360,525,148,1033
03.07.2023,355,526,150,1031
04.07.2023,355,532,143,1030
05.07.2023,359,525,147,1031
06.07.2023,357,520,149,1026
07.07.2023,353,517,152,1022
08.07.2023,352,518,152,1022
09.07.2023,354,519,155,1028
10.07.2023,349,531,157,1037
11.07.2023,346,531,170,1047
12.07.2023,349,536,168,1053
13.07.2023,344,546,168,1058
14.07.2023,346,548,168,1062
15.07.2023,346,549,171,1066
16.07.2023,344,545,169,1058
17.07.2023,338,553,166,1057
18.07.2023,338,552,164,1054
19.07.2023,342,558,163,1063
20.07.2023,344,554,154,1052
21.07.2023,350,549,154,1053
22.07.2023,348,553,148,1049
23.07.2023,346,553,149,1048
24.07.2023,343,558,151,1052
25.07.2023,346,554,154,1054
26.07.2023,344,549,160,1053
27.07.2023,344,551,152,1047
28.07.2023,341,550,160,1051
29.07.2023,336,553,166,1055
30.07.2023,336,552,169,1057
31.07.2023,341,546,175,1062
01.08.2023,342,551,172,1065
02.08.2023,343,547,170,1060
03.08.2023,337,557,163,1057
04.08.2023,338,553,163,1054
05.08.2023,339,552,160,1051
06.08.2023,338,556,153,1047
07.08.2023,339,560,148,1047
08.08.2023,338,562,141,1041
09.08.2023,344,554,145,1043
10.08.2023,345,543,140,1028
11.08.2023,349,538,133,1020
12.08.2023,351,537,131,1019
13.08.2023,356,535,136,1027
14.08.2023,352,532,134,1018
15.08.2023,344,538,134,1016
16.08.2023,340,533,132,1005
17.08.2023,342,528,135,1005
18.08.2023,339,532,135,1006
19.08.2023,340,532,134,1006
20.08.2023,339,537,131,1007
21.08.2023,339,544,140,1023
22.08.2023,343,536,134,1013
23.08.2023,341,534,137,1012
24.08.2023,345,535,135,1015
25.08.2023,342,538,137,1017
26.08.2023,343,540,135,1018
27.08.2023,340,544,134,1018
28.08.2023,345,537,124,1006
29.08.2023,348,527,125,1000
30.08.2023,347,522,127,996
31.08.2023,338,524,128,990
01.09.2023,340,520,128,988
02.09.2023,342,515,131,988
03.09.2023,338,514,132,984
04.09.2023,338,505,130,973
05.09.2023,334,505,140,979
06.09.2023,340,503,142,985
07.09.2023,332,513,140,985
08.09.2023,325,512,140,977
09.09.2023,323,513,136,972
10.09.2023,322,507,133,962
11.09.2023,319,513,136,968
12.09.2023,322,515,141,978
13.09.2023,324,506,147,977
14.09.2023,328,501,142,971
15.09.2023,324,502,137,963
16.09.2023,322,509,138,969
17.09.2023,320,510,139,969
18.09.2023,326,507,128,961
19.09.2023,327,504,130,961
20.09.2023,325,505,134,964
21.09.2023,335,506,129,970
22.09.2023,335,504,128,967
23.09.2023,334,504,123,961
24.09.2023,335,502,123,960
25.09.2023,336,495,133,964
26.09.2023,341,487,132,960
27.09.2023,336,490,132,958
28.09.2023,339,480,137,956
29.09.2023,341,473,135,949
30.09.2023,341,472,136,949
01.10.2023,340,478,133,951
