bnb,,,,
Date, Full Time, Part Time, One Time, Total
06.01.2015,0,1,0,1
07.01.2015,0,0,1,1
08.01.2015,0,0,1,1
09.01.2015,0,0,1,1
10.01.2015,0,0,1,1
11.01.2015,0,0,1,1
12.01.2015,0,0,1,1
13.01.2015,0,0,1,1
14.01.2015,0,0,1,1
15.01.2015,0,0,1,1
16.01.2015,0,0,1,1
17.01.2015,0,0,1,1
18.01.2015,0,1,0,1
19.01.2015,0,1,0,1
20.01.2015,0,1,0,1
21.01.2015,0,1,0,1
22.01.2015,0,1,0,1
23.01.2015,0,1,0,1
24.01.2015,0,1,0,1
25.01.2015,0,1,0,1
26.01.2015,0,1,1,2
27.01.2015,0,2,0,2
28.01.2015,0,2,0,2
29.01.2015,0,2,0,2
30.01.2015,0,2,0,2
31.01.2015,0,2,0,2
01.02.2015,0,2,0,2
02.02.2015,0,2,0,2
03.02.2015,0,2,0,2
04.02.2015,0,2,0,2
05.02.2015,0,2,0,2
06.02.2015,0,2,0,2
07.02.2015,0,2,0,2
08.02.2015,0,2,0,2
09.02.2015,0,2,0,2
10.02.2015,0,2,0,2
11.02.2015,0,2,0,2
12.02.2015,0,2,0,2
13.02.2015,0,2,0,2
14.02.2015,0,2,0,2
15.02.2015,0,1,0,1
16.02.2015,0,1,0,1
17.02.2015,0,1,0,1
18.02.2015,0,1,0,1
19.02.2015,0,1,0,1
20.02.2015,0,1,0,1
21.02.2015,0,1,0,1
22.02.2015,0,1,0,1
23.02.2015,0,1,0,1
17.04.2015,0,0,1,1
18.04.2015,0,0,1,1
19.04.2015,0,0,1,1
20.04.2015,0,0,1,1
21.04.2015,0,0,1,1
22.04.2015,0,0,2,2
23.04.2015,0,0,2,2
24.04.2015,0,0,2,2
25.04.2015,0,0,2,2
26.04.2015,0,0,2,2
27.04.2015,0,0,2,2
28.04.2015,0,0,2,2
29.04.2015,0,0,2,2
30.04.2015,0,0,2,2
01.05.2015,0,0,2,2
02.05.2015,0,0,2,2
03.05.2015,0,0,2,2
04.05.2015,0,1,1,2
05.05.2015,0,1,1,2
06.05.2015,0,1,1,2
07.05.2015,0,1,1,2
08.05.2015,0,1,1,2
09.05.2015,0,1,1,2
10.05.2015,0,1,1,2
11.05.2015,0,1,1,2
12.05.2015,0,1,1,2
13.05.2015,0,1,1,2
14.05.2015,0,1,1,2
15.05.2015,0,1,0,1
16.05.2015,0,1,0,1
17.05.2015,0,1,0,1
18.05.2015,0,1,0,1
19.05.2015,0,1,2,3
20.05.2015,0,2,1,3
21.05.2015,0,2,1,3
22.05.2015,0,2,1,3
23.05.2015,0,2,1,3
24.05.2015,0,3,0,3
25.05.2015,0,3,0,3
26.05.2015,0,3,0,3
27.05.2015,0,3,0,3
28.05.2015,0,3,0,3
29.05.2015,0,3,0,3
30.05.2015,0,3,0,3
31.05.2015,0,3,0,3
01.06.2015,0,2,0,2
02.06.2015,0,2,0,2
03.06.2015,0,2,2,4
04.06.2015,0,2,2,4
05.06.2015,0,2,2,4
06.06.2015,0,2,2,4
07.06.2015,0,2,2,4
08.06.2015,0,2,2,4
09.06.2015,0,2,2,4
10.06.2015,0,2,2,4
11.06.2015,0,2,2,4
12.06.2015,0,2,2,4
13.06.2015,0,2,2,4
14.06.2015,0,2,2,4
15.06.2015,0,2,2,4
16.06.2015,0,2,2,4
17.06.2015,0,3,1,4
18.06.2015,0,3,1,4
19.06.2015,0,3,1,4
20.06.2015,0,3,1,4
21.06.2015,1,2,1,4
22.06.2015,1,2,1,4
23.06.2015,0,3,1,4
24.06.2015,0,3,1,4
25.06.2015,0,3,1,4
26.06.2015,0,3,1,4
27.06.2015,0,3,1,4
28.06.2015,0,3,1,4
29.06.2015,0,3,1,4
30.06.2015,0,3,1,4
01.07.2015,1,2,0,3
02.07.2015,1,2,0,3
03.07.2015,1,1,1,3
04.07.2015,1,1,1,3
05.07.2015,1,1,1,3
06.07.2015,0,3,0,3
07.07.2015,1,2,0,3
08.07.2015,1,2,0,3
09.07.2015,1,2,0,3
10.07.2015,1,3,0,4
11.07.2015,1,3,0,4
12.07.2015,1,3,0,4
13.07.2015,1,3,0,4
14.07.2015,1,3,0,4
15.07.2015,1,3,0,4
16.07.2015,1,3,0,4
17.07.2015,1,3,0,4
18.07.2015,1,3,0,4
19.07.2015,1,3,0,4
20.07.2015,1,3,0,4
21.07.2015,0,4,0,4
22.07.2015,0,4,0,4
23.07.2015,0,4,0,4
24.07.2015,0,4,0,4
25.07.2015,0,4,0,4
26.07.2015,0,4,0,4
27.07.2015,0,4,0,4
28.07.2015,0,4,1,5
29.07.2015,1,3,1,5
30.07.2015,1,3,1,5
31.07.2015,1,3,1,5
01.08.2015,1,3,1,5
02.08.2015,1,3,1,5
03.08.2015,2,2,1,5
04.08.2015,2,2,1,5
05.08.2015,2,2,1,5
06.08.2015,2,2,2,6
07.08.2015,2,1,2,5
08.08.2015,2,1,3,6
09.08.2015,2,1,3,6
10.08.2015,2,1,3,6
11.08.2015,2,1,3,6
12.08.2015,2,1,3,6
13.08.2015,2,1,3,6
14.08.2015,2,1,3,6
15.08.2015,2,1,3,6
16.08.2015,2,1,3,6
17.08.2015,2,1,3,6
18.08.2015,1,2,3,6
19.08.2015,1,3,2,6
20.08.2015,1,3,3,7
21.08.2015,1,3,3,7
22.08.2015,2,2,3,7
23.08.2015,2,2,3,7
24.08.2015,2,2,3,7
25.08.2015,2,2,2,6
26.08.2015,2,2,2,6
27.08.2015,2,2,2,6
28.08.2015,2,2,2,6
29.08.2015,2,2,2,6
30.08.2015,2,2,2,6
31.08.2015,2,1,2,5
01.09.2015,2,1,2,5
02.09.2015,2,1,2,5
03.09.2015,2,1,1,4
04.09.2015,2,1,1,4
05.09.2015,2,1,1,4
06.09.2015,2,1,1,4
07.09.2015,2,1,1,4
08.09.2015,2,1,1,4
09.09.2015,2,1,1,4
10.09.2015,2,1,1,4
11.09.2015,2,1,1,4
12.09.2015,2,1,1,4
13.09.2015,2,1,1,4
14.09.2015,2,1,1,4
15.09.2015,2,1,1,4
16.09.2015,1,2,2,5
17.09.2015,1,2,2,5
18.09.2015,1,2,1,4
19.09.2015,2,1,1,4
20.09.2015,2,1,1,4
21.09.2015,2,3,0,5
22.09.2015,2,3,0,5
23.09.2015,2,3,0,5
24.09.2015,2,3,0,5
25.09.2015,2,3,0,5
26.09.2015,2,3,0,5
27.09.2015,2,4,0,6
28.09.2015,2,4,0,6
29.09.2015,2,4,0,6
30.09.2015,2,4,0,6
01.10.2015,2,4,0,6
02.10.2015,2,3,1,6
03.10.2015,2,3,1,6
04.10.2015,2,3,1,6
05.10.2015,2,3,1,6
06.10.2015,2,3,1,6
07.10.2015,2,3,1,6
08.10.2015,2,3,1,6
09.10.2015,2,3,1,6
10.10.2015,2,3,1,6
11.10.2015,2,3,1,6
12.10.2015,2,3,1,6
13.10.2015,2,3,1,6
14.10.2015,1,4,1,6
15.10.2015,1,4,2,7
16.10.2015,1,4,2,7
17.10.2015,2,3,2,7
18.10.2015,2,3,2,7
19.10.2015,2,4,1,7
20.10.2015,1,4,1,6
21.10.2015,1,3,1,5
22.10.2015,1,3,2,6
23.10.2015,1,4,1,6
24.10.2015,1,4,1,6
25.10.2015,1,4,0,5
26.10.2015,1,4,0,5
27.10.2015,0,5,0,5
28.10.2015,0,5,0,5
29.10.2015,0,5,0,5
30.10.2015,0,5,0,5
31.10.2015,1,4,0,5
01.11.2015,1,4,0,5
02.11.2015,1,4,0,5
03.11.2015,1,4,0,5
04.11.2015,1,4,0,5
05.11.2015,1,4,0,5
06.11.2015,1,4,0,5
07.11.2015,1,4,0,5
08.11.2015,1,4,0,5
09.11.2015,1,4,0,5
10.11.2015,1,4,1,6
11.11.2015,0,5,2,7
12.11.2015,0,5,2,7
13.11.2015,0,5,2,7
14.11.2015,0,5,2,7
15.11.2015,0,5,2,7
16.11.2015,0,5,2,7
17.11.2015,0,4,2,6
18.11.2015,0,3,2,5
19.11.2015,0,3,2,5
20.11.2015,1,2,2,5
21.11.2015,0,3,2,5
22.11.2015,0,3,2,5
23.11.2015,0,3,2,5
24.11.2015,0,3,2,5
25.11.2015,0,3,2,5
26.11.2015,0,3,2,5
27.11.2015,0,3,2,5
28.11.2015,0,3,2,5
29.11.2015,0,3,2,5
30.11.2015,1,2,2,5
01.12.2015,1,2,2,5
02.12.2015,1,3,2,6
03.12.2015,1,3,2,6
04.12.2015,2,2,2,6
05.12.2015,1,3,2,6
06.12.2015,1,3,2,6
07.12.2015,1,3,2,6
08.12.2015,1,2,1,4
09.12.2015,1,2,0,3
10.12.2015,1,2,0,3
11.12.2015,1,3,0,4
12.12.2015,1,3,0,4
13.12.2015,1,3,0,4
14.12.2015,1,3,0,4
15.12.2015,1,3,0,4
16.12.2015,1,3,0,4
17.12.2015,1,3,0,4
18.12.2015,1,3,0,4
19.12.2015,1,3,0,4
20.12.2015,1,3,0,4
21.12.2015,1,4,0,5
22.12.2015,1,4,0,5
23.12.2015,1,4,0,5
24.12.2015,1,4,0,5
25.12.2015,1,4,0,5
26.12.2015,1,4,0,5
27.12.2015,1,4,0,5
28.12.2015,1,4,0,5
29.12.2015,1,4,0,5
30.12.2015,1,4,0,5
31.12.2015,1,4,0,5
01.01.2016,1,4,0,5
02.01.2016,1,4,0,5
03.01.2016,1,4,0,5
04.01.2016,1,4,0,5
05.01.2016,1,4,2,7
06.01.2016,1,5,2,8
07.01.2016,1,6,1,8
08.01.2016,1,7,0,8
09.01.2016,1,7,0,8
10.01.2016,1,7,0,8
11.01.2016,2,6,0,8
12.01.2016,2,6,0,8
13.01.2016,2,6,0,8
14.01.2016,2,6,0,8
15.01.2016,3,5,0,8
16.01.2016,3,5,0,8
17.01.2016,3,5,0,8
18.01.2016,2,6,0,8
19.01.2016,2,6,1,9
20.01.2016,2,6,1,9
21.01.2016,2,6,1,9
22.01.2016,3,5,1,9
23.01.2016,3,5,1,9
24.01.2016,3,5,1,9
25.01.2016,4,4,1,9
26.01.2016,3,5,1,9
27.01.2016,3,5,1,9
28.01.2016,3,5,1,9
29.01.2016,3,5,1,9
30.01.2016,3,5,1,9
31.01.2016,3,5,1,9
01.02.2016,3,5,1,9
02.02.2016,2,6,1,9
03.02.2016,3,5,1,9
04.02.2016,4,4,1,9
05.02.2016,5,3,1,9
06.02.2016,5,3,1,9
07.02.2016,5,3,1,9
08.02.2016,5,3,2,10
09.02.2016,5,4,1,10
10.02.2016,5,4,2,11
11.02.2016,5,5,1,11
12.02.2016,6,4,1,11
13.02.2016,6,4,1,11
14.02.2016,6,4,1,11
15.02.2016,5,5,1,11
16.02.2016,5,5,0,10
17.02.2016,5,5,0,10
18.02.2016,5,4,0,9
19.02.2016,6,3,0,9
20.02.2016,6,3,0,9
21.02.2016,6,3,0,9
22.02.2016,7,2,0,9
23.02.2016,6,3,0,9
24.02.2016,6,3,0,9
25.02.2016,6,3,2,11
26.02.2016,6,3,2,11
27.02.2016,6,4,2,12
28.02.2016,6,4,2,12
29.02.2016,6,4,2,12
01.03.2016,5,5,2,12
02.03.2016,5,5,2,12
03.03.2016,6,4,2,12
04.03.2016,6,4,2,12
05.03.2016,6,4,2,12
06.03.2016,6,4,2,12
07.03.2016,6,4,2,12
08.03.2016,6,3,3,12
09.03.2016,6,3,4,13
10.03.2016,6,3,7,16
11.03.2016,6,5,5,16
12.03.2016,6,5,5,16
13.03.2016,6,5,5,16
14.03.2016,6,5,5,16
15.03.2016,6,5,5,16
16.03.2016,6,6,5,17
17.03.2016,6,7,4,17
18.03.2016,6,7,4,17
19.03.2016,6,7,4,17
20.03.2016,6,7,4,17
21.03.2016,7,6,5,18
22.03.2016,6,7,5,18
23.03.2016,6,8,4,18
24.03.2016,6,9,1,16
25.03.2016,6,9,1,16
26.03.2016,6,9,1,16
27.03.2016,6,9,1,16
28.03.2016,6,9,1,16
29.03.2016,5,10,2,17
30.03.2016,5,11,2,18
31.03.2016,6,10,3,19
01.04.2016,6,10,3,19
02.04.2016,6,10,3,19
03.04.2016,6,10,3,19
04.04.2016,6,10,3,19
05.04.2016,5,10,3,18
06.04.2016,5,11,2,18
07.04.2016,5,11,1,17
08.04.2016,6,10,2,18
09.04.2016,6,10,2,18
10.04.2016,6,10,2,18
11.04.2016,6,10,3,19
12.04.2016,6,11,2,19
13.04.2016,6,11,2,19
14.04.2016,6,11,2,19
15.04.2016,6,11,3,20
16.04.2016,6,11,3,20
17.04.2016,6,11,3,20
18.04.2016,5,13,2,20
19.04.2016,4,14,2,20
20.04.2016,5,15,1,21
21.04.2016,6,14,1,21
22.04.2016,6,14,1,21
23.04.2016,7,13,1,21
24.04.2016,7,13,1,21
25.04.2016,7,13,1,21
26.04.2016,7,13,1,21
27.04.2016,7,13,2,22
28.04.2016,9,10,1,20
29.04.2016,9,10,1,20
30.04.2016,9,10,1,20
01.05.2016,9,10,1,20
02.05.2016,10,9,1,20
03.05.2016,10,8,2,20
04.05.2016,10,7,3,20
05.05.2016,10,7,5,22
06.05.2016,10,7,5,22
07.05.2016,10,7,5,22
08.05.2016,10,7,5,22
09.05.2016,9,11,3,23
10.05.2016,9,10,3,22
11.05.2016,7,12,3,22
12.05.2016,6,11,3,20
13.05.2016,6,10,5,21
14.05.2016,6,10,5,21
15.05.2016,6,10,5,21
16.05.2016,6,9,6,21
17.05.2016,5,11,5,21
18.05.2016,5,12,4,21
19.05.2016,6,11,4,21
20.05.2016,6,11,4,21
21.05.2016,7,10,4,21
22.05.2016,7,10,4,21
23.05.2016,7,10,5,22
24.05.2016,7,10,5,22
25.05.2016,7,10,6,23
26.05.2016,7,10,8,25
27.05.2016,7,11,7,25
28.05.2016,7,11,7,25
29.05.2016,7,11,7,25
30.05.2016,8,10,7,25
31.05.2016,8,10,7,25
01.06.2016,8,9,6,23
02.06.2016,8,9,4,21
03.06.2016,8,9,5,22
04.06.2016,8,8,5,21
05.06.2016,8,9,6,23
06.06.2016,8,12,4,24
07.06.2016,8,12,4,24
08.06.2016,6,16,4,26
09.06.2016,6,17,3,26
10.06.2016,6,17,2,25
11.06.2016,6,17,2,25
12.06.2016,6,17,2,25
13.06.2016,6,17,2,25
14.06.2016,6,17,2,25
15.06.2016,6,16,3,25
16.06.2016,6,16,3,25
17.06.2016,7,15,3,25
18.06.2016,8,14,3,25
19.06.2016,8,14,3,25
20.06.2016,8,14,2,24
21.06.2016,9,13,2,24
22.06.2016,9,13,1,23
23.06.2016,9,13,1,23
24.06.2016,8,15,0,23
25.06.2016,8,15,0,23
26.06.2016,8,15,0,23
27.06.2016,8,15,0,23
28.06.2016,8,15,0,23
29.06.2016,8,14,1,23
30.06.2016,8,14,1,23
01.07.2016,9,13,1,23
02.07.2016,9,13,1,23
03.07.2016,9,12,1,22
04.07.2016,9,11,1,21
05.07.2016,9,11,2,22
06.07.2016,8,12,1,21
07.07.2016,9,11,1,21
08.07.2016,9,11,1,21
09.07.2016,9,11,1,21
10.07.2016,7,13,1,21
11.07.2016,8,12,1,21
12.07.2016,8,12,2,22
13.07.2016,7,13,2,22
14.07.2016,6,14,2,22
15.07.2016,7,13,2,22
16.07.2016,7,13,2,22
17.07.2016,7,13,2,22
18.07.2016,7,13,2,22
19.07.2016,9,10,2,21
20.07.2016,8,11,2,21
21.07.2016,8,11,2,21
22.07.2016,8,10,2,20
23.07.2016,8,10,2,20
24.07.2016,8,11,2,21
25.07.2016,8,11,2,21
26.07.2016,8,11,3,22
27.07.2016,8,10,4,22
28.07.2016,8,11,5,24
29.07.2016,9,11,4,24
30.07.2016,9,11,4,24
31.07.2016,8,12,4,24
01.08.2016,8,12,5,25
02.08.2016,9,11,4,24
03.08.2016,9,10,4,23
04.08.2016,9,10,4,23
05.08.2016,10,9,4,23
06.08.2016,10,9,4,23
07.08.2016,9,10,4,23
08.08.2016,9,10,4,23
09.08.2016,10,8,3,21
10.08.2016,9,10,3,22
11.08.2016,10,9,3,22
12.08.2016,10,8,3,21
13.08.2016,10,8,3,21
14.08.2016,10,8,3,21
15.08.2016,10,8,4,22
16.08.2016,11,7,4,22
17.08.2016,10,8,4,22
18.08.2016,10,8,4,22
19.08.2016,9,9,4,22
20.08.2016,9,9,4,22
21.08.2016,9,9,4,22
22.08.2016,9,9,4,22
23.08.2016,9,10,4,23
24.08.2016,7,12,4,23
25.08.2016,8,10,3,21
26.08.2016,8,11,2,21
27.08.2016,8,11,2,21
28.08.2016,7,12,2,21
29.08.2016,7,12,1,20
30.08.2016,8,11,1,20
31.08.2016,8,9,2,19
01.09.2016,9,8,2,19
02.09.2016,11,6,2,19
03.09.2016,11,6,2,19
04.09.2016,11,6,2,19
05.09.2016,10,7,2,19
06.09.2016,11,6,2,19
07.09.2016,10,6,2,18
08.09.2016,10,6,2,18
09.09.2016,11,5,2,18
10.09.2016,11,5,2,18
11.09.2016,11,5,2,18
12.09.2016,11,5,1,17
13.09.2016,11,4,1,16
14.09.2016,10,5,1,16
15.09.2016,10,5,1,16
16.09.2016,9,6,1,16
17.09.2016,9,6,1,16
18.09.2016,9,6,1,16
19.09.2016,10,5,1,16
20.09.2016,10,5,0,15
21.09.2016,9,6,0,15
22.09.2016,9,6,0,15
23.09.2016,9,5,2,16
24.09.2016,9,5,2,16
25.09.2016,8,6,2,16
26.09.2016,8,6,2,16
27.09.2016,9,5,2,16
28.09.2016,8,6,2,16
29.09.2016,9,5,2,16
30.09.2016,10,4,2,16
01.10.2016,10,4,2,16
02.10.2016,11,3,3,17
03.10.2016,10,4,3,17
04.10.2016,10,4,3,17
05.10.2016,10,4,3,17
06.10.2016,10,4,3,17
07.10.2016,10,4,3,17
08.10.2016,10,4,3,17
09.10.2016,10,4,3,17
10.10.2016,10,4,3,17
11.10.2016,10,4,4,18
12.10.2016,10,4,4,18
13.10.2016,10,4,4,18
14.10.2016,9,5,4,18
15.10.2016,9,5,4,18
16.10.2016,9,5,5,19
17.10.2016,9,6,4,19
18.10.2016,9,6,4,19
19.10.2016,9,6,4,19
20.10.2016,10,5,4,19
21.10.2016,10,5,3,18
22.10.2016,10,5,3,18
23.10.2016,10,5,3,18
24.10.2016,10,5,3,18
25.10.2016,10,5,3,18
26.10.2016,9,6,3,18
27.10.2016,10,5,3,18
28.10.2016,11,4,3,18
29.10.2016,11,4,3,18
30.10.2016,11,4,2,17
31.10.2016,9,5,2,16
01.11.2016,8,6,2,16
02.11.2016,8,6,3,17
03.11.2016,9,6,3,18
04.11.2016,9,6,3,18
05.11.2016,9,6,3,18
06.11.2016,9,6,3,18
07.11.2016,9,6,3,18
08.11.2016,9,6,2,17
09.11.2016,9,6,2,17
10.11.2016,9,6,2,17
11.11.2016,9,6,3,18
12.11.2016,9,6,3,18
13.11.2016,9,6,3,18
14.11.2016,8,5,5,18
15.11.2016,8,4,6,18
16.11.2016,8,4,6,18
17.11.2016,8,3,6,17
18.11.2016,8,3,5,16
19.11.2016,8,3,5,16
20.11.2016,8,3,5,16
21.11.2016,8,3,5,16
22.11.2016,8,3,5,16
23.11.2016,7,1,5,13
24.11.2016,7,1,5,13
25.11.2016,6,2,5,13
26.11.2016,6,2,5,13
27.11.2016,6,2,6,14
28.11.2016,6,2,6,14
29.11.2016,6,2,5,13
30.11.2016,6,1,4,11
01.12.2016,6,1,4,11
02.12.2016,6,1,4,11
03.12.2016,6,1,4,11
04.12.2016,6,1,4,11
05.12.2016,6,1,4,11
06.12.2016,6,1,4,11
07.12.2016,6,2,3,11
08.12.2016,6,2,3,11
09.12.2016,6,2,2,10
10.12.2016,6,2,2,10
11.12.2016,6,2,2,10
12.12.2016,6,2,0,8
13.12.2016,6,2,0,8
14.12.2016,6,2,0,8
15.12.2016,6,2,0,8
16.12.2016,6,3,0,9
17.12.2016,6,3,0,9
18.12.2016,6,3,0,9
19.12.2016,6,3,0,9
20.12.2016,6,3,0,9
21.12.2016,5,3,0,8
22.12.2016,5,3,1,9
23.12.2016,5,4,1,10
24.12.2016,5,4,1,10
25.12.2016,5,4,1,10
26.12.2016,5,4,1,10
27.12.2016,5,5,1,11
28.12.2016,5,5,1,11
29.12.2016,5,5,1,11
30.12.2016,5,5,2,12
31.12.2016,5,5,2,12
01.01.2017,5,5,2,12
02.01.2017,5,5,2,12
03.01.2017,5,5,2,12
04.01.2017,4,4,2,10
05.01.2017,4,4,2,10
06.01.2017,6,4,2,12
07.01.2017,6,4,2,12
08.01.2017,6,4,2,12
09.01.2017,6,4,2,12
10.01.2017,6,4,2,12
11.01.2017,6,4,2,12
12.01.2017,6,4,3,13
13.01.2017,6,3,3,12
14.01.2017,6,3,3,12
15.01.2017,6,3,3,12
16.01.2017,6,3,3,12
17.01.2017,6,3,3,12
18.01.2017,6,3,3,12
19.01.2017,6,3,2,11
20.01.2017,6,3,2,11
21.01.2017,6,3,2,11
22.01.2017,6,3,2,11
23.01.2017,5,4,2,11
24.01.2017,5,4,2,11
25.01.2017,4,5,2,11
26.01.2017,4,5,2,11
27.01.2017,4,5,1,10
28.01.2017,4,5,1,10
29.01.2017,4,5,1,10
30.01.2017,3,6,2,11
31.01.2017,4,5,2,11
01.02.2017,4,5,2,11
02.02.2017,3,6,2,11
03.02.2017,3,5,2,10
04.02.2017,2,6,2,10
05.02.2017,2,6,2,10
06.02.2017,2,6,2,10
07.02.2017,2,6,2,10
08.02.2017,2,5,2,9
09.02.2017,2,5,1,8
10.02.2017,2,5,1,8
11.02.2017,2,5,1,8
12.02.2017,2,5,1,8
13.02.2017,2,5,1,8
14.02.2017,2,4,1,7
15.02.2017,2,4,1,7
16.02.2017,2,4,1,7
17.02.2017,2,4,1,7
18.02.2017,2,4,1,7
19.02.2017,2,4,2,8
20.02.2017,2,5,2,9
21.02.2017,2,5,4,11
22.02.2017,2,5,4,11
23.02.2017,2,6,4,12
24.02.2017,2,6,4,12
25.02.2017,2,5,4,11
26.02.2017,2,5,4,11
27.02.2017,3,4,3,10
28.02.2017,3,4,4,11
01.03.2017,2,6,3,11
02.03.2017,3,5,3,11
03.03.2017,3,5,3,11
04.03.2017,3,6,3,12
05.03.2017,3,6,3,12
06.03.2017,3,6,4,13
07.03.2017,3,6,4,13
08.03.2017,3,6,4,13
09.03.2017,3,6,4,13
10.03.2017,2,6,6,14
11.03.2017,2,6,6,14
12.03.2017,2,6,6,14
13.03.2017,2,6,7,15
14.03.2017,0,8,7,15
15.03.2017,0,5,7,12
16.03.2017,0,6,6,12
17.03.2017,0,6,6,12
18.03.2017,0,6,6,12
19.03.2017,0,6,5,11
20.03.2017,0,7,4,11
21.03.2017,0,7,4,11
22.03.2017,2,6,4,12
23.03.2017,2,7,4,13
24.03.2017,2,7,4,13
25.03.2017,2,7,4,13
26.03.2017,2,7,4,13
27.03.2017,3,6,4,13
28.03.2017,3,6,3,12
29.03.2017,2,6,3,11
30.03.2017,2,6,3,11
31.03.2017,1,7,4,12
01.04.2017,1,7,4,12
02.04.2017,1,7,4,12
03.04.2017,1,7,3,11
04.04.2017,1,8,3,12
05.04.2017,1,8,3,12
06.04.2017,1,8,4,13
07.04.2017,0,11,2,13
08.04.2017,1,10,2,13
09.04.2017,1,10,2,13
10.04.2017,1,10,1,12
11.04.2017,2,9,1,12
12.04.2017,1,10,1,12
13.04.2017,1,9,1,11
14.04.2017,1,9,1,11
15.04.2017,1,9,1,11
16.04.2017,1,9,1,11
17.04.2017,1,11,0,12
18.04.2017,1,11,1,13
19.04.2017,1,11,1,13
20.04.2017,1,11,1,13
21.04.2017,2,10,1,13
22.04.2017,2,10,1,13
23.04.2017,2,10,1,13
24.04.2017,1,11,1,13
25.04.2017,1,11,1,13
26.04.2017,1,10,2,13
27.04.2017,1,10,3,14
28.04.2017,3,9,2,14
29.04.2017,3,9,2,14
30.04.2017,3,9,2,14
01.05.2017,1,11,2,14
02.05.2017,3,9,2,14
03.05.2017,3,9,2,14
04.05.2017,2,10,2,14
05.05.2017,1,10,2,13
06.05.2017,2,8,2,12
07.05.2017,2,8,2,12
08.05.2017,3,7,2,12
09.05.2017,3,7,2,12
10.05.2017,3,7,2,12
11.05.2017,3,7,2,12
12.05.2017,3,7,2,12
13.05.2017,3,7,2,12
14.05.2017,3,7,2,12
15.05.2017,3,6,2,11
16.05.2017,3,5,1,9
17.05.2017,3,5,1,9
18.05.2017,3,6,1,10
19.05.2017,3,6,1,10
20.05.2017,3,6,1,10
21.05.2017,3,6,1,10
22.05.2017,3,6,1,10
23.05.2017,3,6,1,10
24.05.2017,3,6,1,10
25.05.2017,3,6,0,9
26.05.2017,4,5,0,9
27.05.2017,4,5,0,9
28.05.2017,4,5,0,9
29.05.2017,2,7,0,9
30.05.2017,4,5,0,9
31.05.2017,4,5,0,9
01.06.2017,3,6,0,9
02.06.2017,2,7,0,9
03.06.2017,2,7,0,9
04.06.2017,2,7,0,9
05.06.2017,3,6,0,9
06.06.2017,3,7,1,11
07.06.2017,3,7,1,11
08.06.2017,3,8,1,12
09.06.2017,3,8,1,12
10.06.2017,3,8,2,13
11.06.2017,3,8,2,13
12.06.2017,4,7,2,13
13.06.2017,4,7,2,13
14.06.2017,4,6,2,12
15.06.2017,4,5,2,11
16.06.2017,4,5,2,11
17.06.2017,4,5,2,11
18.06.2017,4,5,2,11
19.06.2017,4,5,2,11
20.06.2017,4,5,2,11
21.06.2017,4,6,2,12
22.06.2017,4,6,2,12
23.06.2017,4,6,3,13
24.06.2017,4,6,3,13
25.06.2017,4,6,3,13
26.06.2017,4,7,2,13
27.06.2017,4,6,2,12
28.06.2017,4,6,2,12
29.06.2017,4,6,2,12
30.06.2017,4,6,2,12
01.07.2017,4,5,3,12
02.07.2017,4,5,3,12
03.07.2017,4,5,3,12
04.07.2017,4,4,2,10
05.07.2017,4,4,2,10
06.07.2017,4,4,1,9
07.07.2017,4,4,1,9
08.07.2017,4,4,0,8
09.07.2017,4,4,0,8
10.07.2017,4,4,0,8
11.07.2017,4,4,0,8
12.07.2017,4,4,0,8
13.07.2017,4,4,0,8
14.07.2017,4,4,0,8
15.07.2017,4,4,0,8
16.07.2017,4,4,0,8
17.07.2017,4,5,0,9
18.07.2017,4,5,1,10
19.07.2017,4,6,0,10
20.07.2017,4,6,0,10
21.07.2017,4,6,0,10
22.07.2017,4,6,0,10
23.07.2017,4,6,0,10
24.07.2017,4,6,0,10
25.07.2017,4,5,0,9
26.07.2017,4,5,0,9
27.07.2017,4,5,0,9
28.07.2017,4,5,0,9
29.07.2017,4,5,0,9
30.07.2017,4,5,0,9
31.07.2017,4,5,0,9
01.08.2017,4,5,1,10
02.08.2017,4,5,1,10
03.08.2017,4,5,1,10
04.08.2017,4,5,1,10
05.08.2017,4,5,1,10
06.08.2017,4,5,1,10
07.08.2017,4,5,1,10
08.08.2017,4,5,1,10
09.08.2017,4,5,1,10
10.08.2017,4,5,1,10
11.08.2017,4,3,2,9
12.08.2017,4,3,2,9
13.08.2017,4,3,2,9
14.08.2017,4,3,3,10
15.08.2017,4,3,3,10
16.08.2017,4,4,2,10
17.08.2017,4,4,2,10
18.08.2017,4,4,3,11
19.08.2017,4,4,3,11
20.08.2017,4,4,3,11
21.08.2017,4,5,2,11
22.08.2017,4,5,2,11
23.08.2017,4,5,2,11
24.08.2017,4,5,2,11
25.08.2017,4,5,2,11
26.08.2017,4,5,2,11
27.08.2017,4,5,2,11
28.08.2017,4,5,2,11
29.08.2017,4,5,1,10
30.08.2017,4,5,1,10
31.08.2017,4,5,1,10
01.09.2017,4,4,1,9
02.09.2017,4,4,1,9
03.09.2017,4,4,1,9
04.09.2017,4,4,1,9
05.09.2017,4,4,1,9
06.09.2017,4,4,2,10
07.09.2017,4,4,2,10
08.09.2017,4,4,2,10
09.09.2017,4,4,2,10
10.09.2017,4,4,2,10
11.09.2017,4,4,3,11
12.09.2017,4,4,3,11
13.09.2017,4,3,3,10
14.09.2017,4,3,3,10
15.09.2017,4,3,3,10
16.09.2017,4,3,3,10
17.09.2017,4,3,3,10
18.09.2017,5,1,3,9
19.09.2017,5,2,3,10
20.09.2017,5,2,4,11
21.09.2017,5,2,5,12
22.09.2017,5,2,5,12
23.09.2017,5,2,5,12
24.09.2017,5,2,5,12
25.09.2017,5,2,5,12
26.09.2017,5,2,6,13
27.09.2017,5,2,6,13
28.09.2017,5,2,6,13
29.09.2017,5,2,6,13
30.09.2017,5,2,6,13
01.10.2017,5,2,6,13
02.10.2017,5,2,6,13
03.10.2017,5,2,6,13
04.10.2017,5,2,5,12
05.10.2017,5,2,5,12
06.10.2017,5,2,5,12
07.10.2017,5,3,6,14
08.10.2017,5,3,6,14
09.10.2017,5,3,5,13
10.10.2017,5,3,5,13
11.10.2017,5,3,5,13
12.10.2017,5,3,6,14
13.10.2017,5,4,5,14
14.10.2017,5,4,5,14
15.10.2017,5,4,5,14
16.10.2017,5,4,5,14
17.10.2017,5,4,5,14
18.10.2017,5,4,4,13
19.10.2017,5,4,3,12
20.10.2017,5,4,5,14
21.10.2017,5,4,5,14
22.10.2017,5,4,5,14
23.10.2017,5,4,5,14
24.10.2017,5,4,5,14
25.10.2017,5,3,5,13
26.10.2017,5,3,5,13
27.10.2017,5,4,5,14
28.10.2017,5,4,5,14
29.10.2017,5,4,5,14
30.10.2017,5,4,6,15
31.10.2017,5,5,6,16
01.11.2017,5,7,6,18
02.11.2017,5,7,6,18
03.11.2017,5,7,6,18
04.11.2017,5,7,4,16
05.11.2017,5,7,4,16
06.11.2017,5,7,4,16
07.11.2017,5,7,5,17
08.11.2017,5,8,4,17
09.11.2017,4,8,4,16
10.11.2017,5,7,4,16
11.11.2017,5,7,4,16
12.11.2017,5,7,4,16
13.11.2017,5,7,5,17
14.11.2017,5,8,5,18
15.11.2017,5,8,5,18
16.11.2017,4,9,5,18
17.11.2017,4,9,3,16
18.11.2017,4,9,3,16
19.11.2017,4,9,3,16
20.11.2017,5,9,3,17
21.11.2017,5,9,4,18
22.11.2017,5,9,4,18
23.11.2017,5,9,4,18
24.11.2017,5,9,4,18
25.11.2017,5,9,4,18
26.11.2017,5,9,4,18
27.11.2017,5,9,4,18
28.11.2017,6,7,3,16
29.11.2017,6,6,4,16
30.11.2017,6,7,4,17
01.12.2017,6,7,5,18
02.12.2017,6,7,5,18
03.12.2017,6,7,5,18
04.12.2017,6,7,5,18
05.12.2017,6,7,5,18
06.12.2017,6,7,5,18
07.12.2017,6,6,5,17
08.12.2017,6,6,5,17
09.12.2017,6,6,5,17
10.12.2017,6,6,5,17
11.12.2017,6,5,4,15
12.12.2017,6,5,4,15
13.12.2017,6,5,4,15
14.12.2017,6,6,4,16
15.12.2017,6,6,4,16
16.12.2017,6,6,4,16
17.12.2017,6,6,4,16
18.12.2017,6,6,5,17
19.12.2017,6,6,4,16
20.12.2017,6,6,4,16
21.12.2017,6,5,5,16
22.12.2017,5,5,5,15
23.12.2017,5,6,4,15
24.12.2017,5,6,4,15
25.12.2017,5,6,4,15
26.12.2017,6,5,4,15
27.12.2017,6,5,4,15
28.12.2017,5,5,3,13
29.12.2017,5,6,3,14
30.12.2017,5,6,3,14
31.12.2017,5,6,3,14
01.01.2018,4,7,3,14
02.01.2018,5,6,3,14
03.01.2018,5,6,3,14
04.01.2018,6,6,3,15
05.01.2018,5,7,3,15
06.01.2018,5,7,3,15
07.01.2018,5,7,3,15
08.01.2018,5,7,3,15
09.01.2018,4,8,2,14
10.01.2018,4,8,3,15
11.01.2018,4,7,3,14
12.01.2018,5,6,3,14
13.01.2018,5,6,3,14
14.01.2018,5,6,3,14
15.01.2018,4,7,2,13
16.01.2018,4,7,2,13
17.01.2018,4,7,3,14
18.01.2018,5,6,3,14
19.01.2018,5,6,3,14
20.01.2018,6,5,4,15
21.01.2018,6,5,4,15
22.01.2018,6,6,5,17
23.01.2018,7,6,5,18
24.01.2018,6,8,4,18
25.01.2018,5,9,5,19
26.01.2018,6,8,4,18
27.01.2018,6,8,4,18
28.01.2018,6,9,3,18
29.01.2018,5,10,3,18
30.01.2018,6,8,3,17
31.01.2018,6,9,3,18
01.02.2018,6,9,3,18
02.02.2018,5,10,3,18
03.02.2018,5,10,3,18
04.02.2018,5,10,3,18
05.02.2018,5,10,3,18
06.02.2018,6,8,3,17
07.02.2018,6,8,2,16
08.02.2018,6,8,3,17
09.02.2018,6,8,4,18
10.02.2018,6,8,4,18
11.02.2018,6,8,4,18
12.02.2018,6,8,4,18
13.02.2018,6,8,4,18
14.02.2018,6,8,3,17
15.02.2018,6,8,4,18
16.02.2018,6,7,4,17
17.02.2018,6,7,4,17
18.02.2018,6,7,4,17
19.02.2018,6,6,3,15
20.02.2018,6,5,3,14
21.02.2018,6,5,3,14
22.02.2018,6,5,3,14
23.02.2018,6,5,3,14
24.02.2018,6,5,3,14
25.02.2018,6,4,3,13
26.02.2018,6,4,3,13
27.02.2018,6,4,3,13
28.02.2018,6,5,2,13
01.03.2018,6,5,2,13
02.03.2018,6,5,2,13
03.03.2018,6,5,2,13
04.03.2018,6,5,2,13
05.03.2018,6,5,3,14
06.03.2018,6,6,4,16
07.03.2018,6,6,4,16
08.03.2018,6,6,4,16
09.03.2018,6,7,2,15
10.03.2018,6,8,2,16
11.03.2018,6,8,2,16
12.03.2018,6,8,2,16
13.03.2018,6,8,2,16
14.03.2018,6,8,2,16
15.03.2018,6,8,1,15
16.03.2018,6,7,1,14
17.03.2018,6,7,1,14
18.03.2018,6,7,1,14
19.03.2018,6,7,1,14
20.03.2018,6,7,1,14
21.03.2018,6,7,2,15
22.03.2018,6,7,2,15
23.03.2018,6,7,2,15
24.03.2018,6,7,2,15
25.03.2018,6,7,3,16
26.03.2018,6,7,4,17
27.03.2018,6,6,6,18
28.03.2018,6,8,4,18
29.03.2018,6,9,6,21
30.03.2018,6,10,5,21
31.03.2018,6,10,5,21
01.04.2018,6,10,5,21
02.04.2018,6,10,4,20
03.04.2018,6,10,3,19
04.04.2018,6,10,5,21
05.04.2018,6,11,4,21
06.04.2018,6,12,4,22
07.04.2018,6,12,3,21
08.04.2018,6,12,3,21
09.04.2018,6,12,4,22
10.04.2018,6,12,4,22
11.04.2018,6,13,4,23
12.04.2018,6,14,6,26
13.04.2018,6,14,6,26
14.04.2018,6,14,6,26
15.04.2018,6,14,6,26
16.04.2018,6,14,6,26
17.04.2018,6,13,6,25
18.04.2018,6,14,4,24
19.04.2018,6,14,4,24
20.04.2018,6,14,5,25
21.04.2018,6,14,5,25
22.04.2018,6,14,5,25
23.04.2018,6,14,6,26
24.04.2018,6,14,6,26
25.04.2018,6,14,5,25
26.04.2018,6,14,5,25
27.04.2018,7,13,6,26
28.04.2018,6,15,5,26
29.04.2018,6,15,6,27
30.04.2018,6,15,7,28
01.05.2018,7,14,6,27
02.05.2018,6,15,6,27
03.05.2018,6,15,7,28
04.05.2018,6,15,6,27
05.05.2018,6,15,6,27
06.05.2018,6,15,6,27
07.05.2018,6,15,6,27
08.05.2018,8,13,6,27
09.05.2018,8,13,7,28
10.05.2018,8,12,5,25
11.05.2018,8,12,5,25
12.05.2018,8,12,5,25
13.05.2018,8,12,6,26
14.05.2018,8,13,5,26
15.05.2018,8,15,4,27
16.05.2018,8,13,4,25
17.05.2018,8,14,5,27
18.05.2018,8,15,3,26
19.05.2018,8,15,3,26
20.05.2018,8,15,3,26
21.05.2018,8,15,3,26
22.05.2018,8,15,6,29
23.05.2018,8,16,6,30
24.05.2018,8,16,6,30
25.05.2018,8,16,8,32
26.05.2018,9,16,7,32
27.05.2018,9,16,8,33
28.05.2018,9,17,8,34
29.05.2018,9,17,8,34
30.05.2018,9,17,8,34
31.05.2018,9,17,7,33
01.06.2018,9,16,9,34
02.06.2018,9,16,9,34
03.06.2018,9,17,12,38
04.06.2018,9,20,12,41
05.06.2018,10,22,12,44
06.06.2018,10,24,9,43
07.06.2018,10,25,9,44
08.06.2018,10,24,9,43
09.06.2018,10,25,9,44
10.06.2018,10,25,10,45
11.06.2018,10,24,12,46
12.06.2018,10,28,8,46
13.06.2018,11,28,7,46
14.06.2018,11,27,7,45
15.06.2018,11,27,7,45
16.06.2018,11,27,8,46
17.06.2018,11,28,8,47
18.06.2018,11,28,9,48
19.06.2018,11,28,10,49
20.06.2018,12,28,10,50
21.06.2018,12,28,10,50
22.06.2018,12,29,9,50
23.06.2018,13,28,10,51
24.06.2018,13,28,10,51
25.06.2018,13,29,10,52
26.06.2018,14,30,9,53
27.06.2018,14,30,9,53
28.06.2018,13,31,9,53
29.06.2018,13,32,9,54
30.06.2018,13,32,9,54
01.07.2018,13,32,7,52
02.07.2018,13,33,7,53
03.07.2018,14,30,9,53
04.07.2018,14,32,9,55
05.07.2018,15,33,10,58
06.07.2018,15,33,10,58
07.07.2018,15,33,9,57
08.07.2018,15,32,9,56
09.07.2018,15,31,8,54
10.07.2018,15,30,9,54
11.07.2018,16,29,8,53
12.07.2018,16,29,8,53
13.07.2018,16,29,8,53
14.07.2018,16,30,8,54
15.07.2018,17,29,7,53
16.07.2018,17,30,6,53
17.07.2018,17,32,5,54
18.07.2018,16,33,4,53
19.07.2018,16,33,6,55
20.07.2018,16,34,7,57
21.07.2018,16,35,6,57
22.07.2018,16,35,6,57
23.07.2018,16,33,6,55
24.07.2018,16,32,7,55
25.07.2018,16,33,6,55
26.07.2018,16,33,8,57
27.07.2018,16,33,8,57
28.07.2018,16,34,7,57
29.07.2018,16,34,7,57
30.07.2018,16,34,6,56
31.07.2018,16,35,7,58
01.08.2018,16,35,7,58
02.08.2018,17,34,7,58
03.08.2018,17,35,9,61
04.08.2018,17,35,10,62
05.08.2018,18,35,10,63
06.08.2018,19,36,8,63
07.08.2018,20,35,7,62
08.08.2018,21,35,10,66
09.08.2018,21,36,10,67
10.08.2018,20,37,11,68
11.08.2018,20,37,11,68
12.08.2018,20,36,11,67
13.08.2018,20,35,11,66
14.08.2018,19,33,12,64
15.08.2018,19,34,12,65
16.08.2018,19,36,10,65
17.08.2018,19,36,12,67
18.08.2018,19,37,13,69
19.08.2018,19,38,12,69
20.08.2018,20,37,15,72
21.08.2018,21,38,12,71
22.08.2018,21,37,14,72
23.08.2018,21,36,17,74
24.08.2018,21,39,17,77
25.08.2018,21,41,15,77
26.08.2018,20,43,14,77
27.08.2018,20,44,14,78
28.08.2018,19,45,15,79
29.08.2018,20,45,16,81
30.08.2018,19,46,16,81
31.08.2018,21,44,16,81
01.09.2018,22,43,17,82
02.09.2018,22,43,16,81
03.09.2018,22,42,18,82
04.09.2018,23,40,20,83
05.09.2018,24,41,19,84
06.09.2018,23,41,19,83
07.09.2018,23,41,18,82
08.09.2018,23,41,18,82
09.09.2018,23,41,18,82
10.09.2018,23,42,16,81
11.09.2018,21,43,16,80
12.09.2018,21,43,15,79
13.09.2018,22,43,14,79
14.09.2018,21,45,14,80
15.09.2018,21,45,13,79
16.09.2018,21,46,13,80
17.09.2018,21,45,13,79
18.09.2018,22,44,13,79
19.09.2018,22,44,11,77
20.09.2018,24,43,10,77
21.09.2018,23,40,12,75
22.09.2018,23,40,12,75
23.09.2018,22,41,12,75
24.09.2018,21,40,12,73
25.09.2018,20,42,11,73
26.09.2018,21,41,12,74
27.09.2018,22,39,12,73
28.09.2018,23,39,16,78
29.09.2018,23,40,16,79
30.09.2018,23,40,16,79
01.10.2018,24,43,12,79
02.10.2018,24,45,13,82
03.10.2018,25,43,12,80
04.10.2018,24,43,12,79
05.10.2018,24,42,14,80
06.10.2018,24,43,14,81
07.10.2018,24,44,16,84
08.10.2018,24,45,15,84
09.10.2018,22,47,17,86
10.10.2018,23,46,18,87
11.10.2018,23,45,19,87
12.10.2018,23,44,18,85
13.10.2018,23,43,18,84
14.10.2018,22,42,18,82
15.10.2018,20,43,19,82
16.10.2018,20,44,21,85
17.10.2018,19,47,19,85
18.10.2018,22,45,18,85
19.10.2018,21,47,16,84
20.10.2018,21,47,16,84
21.10.2018,20,49,17,86
22.10.2018,23,47,19,89
23.10.2018,22,50,18,90
24.10.2018,22,52,19,93
25.10.2018,23,53,18,94
26.10.2018,27,49,20,96
27.10.2018,27,48,20,95
28.10.2018,27,48,20,95
29.10.2018,27,47,20,94
30.10.2018,29,41,19,89
31.10.2018,30,41,18,89
01.11.2018,29,42,19,90
02.11.2018,29,42,20,91
03.11.2018,28,42,20,90
04.11.2018,25,44,16,85
05.11.2018,25,44,17,86
06.11.2018,25,44,16,85
07.11.2018,26,41,15,82
08.11.2018,27,42,16,85
09.11.2018,27,45,15,87
10.11.2018,27,46,15,88
11.11.2018,28,45,15,88
12.11.2018,27,49,14,90
13.11.2018,28,47,15,90
14.11.2018,27,49,18,94
15.11.2018,27,50,17,94
16.11.2018,28,50,18,96
17.11.2018,28,50,18,96
18.11.2018,27,51,16,94
19.11.2018,28,50,14,92
20.11.2018,25,52,12,89
21.11.2018,26,50,10,86
22.11.2018,28,47,10,85
23.11.2018,30,46,8,84
24.11.2018,28,48,9,85
25.11.2018,27,50,9,86
26.11.2018,28,48,9,85
27.11.2018,30,47,9,86
28.11.2018,30,47,10,87
29.11.2018,28,50,10,88
30.11.2018,29,49,9,87
01.12.2018,30,50,9,89
02.12.2018,31,50,10,91
03.12.2018,31,51,9,91
04.12.2018,32,50,9,91
05.12.2018,35,46,10,91
06.12.2018,35,45,10,90
07.12.2018,34,45,9,88
08.12.2018,35,43,10,88
09.12.2018,35,43,10,88
10.12.2018,34,43,11,88
11.12.2018,35,45,11,91
12.12.2018,30,52,9,91
13.12.2018,29,51,11,91
14.12.2018,29,47,12,88
15.12.2018,29,46,12,87
16.12.2018,29,47,12,88
17.12.2018,32,47,15,94
18.12.2018,32,49,13,94
19.12.2018,31,49,13,93
20.12.2018,33,46,13,92
21.12.2018,34,45,13,92
22.12.2018,33,47,15,95
23.12.2018,33,49,15,97
24.12.2018,34,48,15,97
25.12.2018,37,45,16,98
26.12.2018,33,48,16,97
27.12.2018,33,49,17,99
28.12.2018,32,50,15,97
29.12.2018,32,52,13,97
30.12.2018,32,52,13,97
31.12.2018,31,53,14,98
01.01.2019,33,50,13,96
02.01.2019,32,50,12,94
03.01.2019,32,52,15,99
04.01.2019,30,55,16,101
05.01.2019,30,57,15,102
06.01.2019,30,57,15,102
07.01.2019,28,59,15,102
08.01.2019,28,57,14,99
09.01.2019,26,58,17,101
10.01.2019,27,60,14,101
11.01.2019,28,58,14,100
12.01.2019,28,58,13,99
13.01.2019,28,58,13,99
14.01.2019,28,59,14,101
15.01.2019,29,59,13,101
16.01.2019,30,59,12,101
17.01.2019,32,57,14,103
18.01.2019,31,58,14,103
19.01.2019,30,60,12,102
20.01.2019,30,60,10,100
21.01.2019,30,60,10,100
22.01.2019,31,59,10,100
23.01.2019,29,61,11,101
24.01.2019,33,58,9,100
25.01.2019,33,57,10,100
26.01.2019,34,55,11,100
27.01.2019,34,56,12,102
28.01.2019,33,58,11,102
29.01.2019,36,55,13,104
30.01.2019,36,55,13,104
31.01.2019,35,55,13,103
01.02.2019,33,57,13,103
02.02.2019,33,56,14,103
03.02.2019,34,55,15,104
04.02.2019,31,57,16,104
05.02.2019,32,57,15,104
06.02.2019,31,58,12,101
07.02.2019,29,61,13,103
08.02.2019,29,63,11,103
09.02.2019,30,62,12,104
10.02.2019,32,60,12,104
11.02.2019,32,60,11,103
12.02.2019,32,60,11,103
13.02.2019,32,58,10,100
14.02.2019,34,56,9,99
15.02.2019,33,55,8,96
16.02.2019,35,53,7,95
17.02.2019,36,52,7,95
18.02.2019,36,52,8,96
19.02.2019,36,52,9,97
20.02.2019,33,57,8,98
21.02.2019,36,55,8,99
22.02.2019,37,54,7,98
23.02.2019,36,55,7,98
24.02.2019,36,54,6,96
25.02.2019,37,54,7,98
26.02.2019,38,56,6,100
27.02.2019,38,57,7,102
28.02.2019,39,55,7,101
01.03.2019,36,58,7,101
02.03.2019,36,58,8,102
03.03.2019,38,56,9,103
04.03.2019,36,58,10,104
05.03.2019,36,57,12,105
06.03.2019,36,58,12,106
07.03.2019,35,58,10,103
08.03.2019,39,53,10,102
09.03.2019,39,53,12,104
10.03.2019,40,53,13,106
11.03.2019,41,54,13,108
12.03.2019,41,53,13,107
13.03.2019,41,53,14,108
14.03.2019,43,50,14,107
15.03.2019,42,49,16,107
16.03.2019,43,48,16,107
17.03.2019,43,48,16,107
18.03.2019,44,47,18,109
19.03.2019,41,49,17,107
20.03.2019,39,51,19,109
21.03.2019,39,50,18,107
22.03.2019,40,48,19,107
23.03.2019,38,49,19,106
24.03.2019,38,50,18,106
25.03.2019,38,50,18,106
26.03.2019,39,51,19,109
27.03.2019,39,49,17,105
28.03.2019,39,49,17,105
29.03.2019,37,50,17,104
30.03.2019,37,50,17,104
31.03.2019,37,48,17,102
01.04.2019,38,48,16,102
02.04.2019,37,47,17,101
03.04.2019,37,47,18,102
04.04.2019,36,49,16,101
05.04.2019,37,48,17,102
06.04.2019,36,48,15,99
07.04.2019,35,47,13,95
08.04.2019,35,47,15,97
09.04.2019,37,47,14,98
10.04.2019,38,46,13,97
11.04.2019,38,43,13,94
12.04.2019,39,41,14,94
13.04.2019,39,42,14,95
14.04.2019,39,42,16,97
15.04.2019,39,43,15,97
16.04.2019,37,46,14,97
17.04.2019,38,47,14,99
18.04.2019,38,50,12,100
19.04.2019,38,50,12,100
20.04.2019,38,50,13,101
21.04.2019,37,51,13,101
22.04.2019,37,51,13,101
23.04.2019,36,49,11,96
24.04.2019,36,48,10,94
25.04.2019,34,50,9,93
26.04.2019,35,49,10,94
27.04.2019,35,50,10,95
28.04.2019,35,50,10,95
29.04.2019,34,52,11,97
30.04.2019,35,53,10,98
01.05.2019,34,53,10,97
02.05.2019,33,51,11,95
03.05.2019,33,52,10,95
04.05.2019,34,51,10,95
05.05.2019,34,51,11,96
06.05.2019,34,52,11,97
07.05.2019,34,51,9,94
08.05.2019,33,52,8,93
09.05.2019,33,52,8,93
10.05.2019,34,53,5,92
11.05.2019,33,54,6,93
12.05.2019,33,54,7,94
13.05.2019,34,54,9,97
14.05.2019,32,58,10,100
15.05.2019,33,59,10,102
16.05.2019,34,59,10,103
17.05.2019,34,59,9,102
18.05.2019,34,59,9,102
19.05.2019,35,59,10,104
20.05.2019,35,56,10,101
21.05.2019,34,54,12,100
22.05.2019,34,54,13,101
23.05.2019,34,56,16,106
24.05.2019,36,54,15,105
25.05.2019,36,53,16,105
26.05.2019,35,55,16,106
27.05.2019,34,56,16,106
28.05.2019,32,59,14,105
29.05.2019,32,61,13,106
30.05.2019,32,63,13,108
31.05.2019,32,63,15,110
01.06.2019,32,62,15,109
02.06.2019,30,65,13,108
03.06.2019,32,66,12,110
04.06.2019,33,64,12,109
05.06.2019,37,61,11,109
06.06.2019,37,62,10,109
07.06.2019,35,59,11,105
08.06.2019,34,60,11,105
09.06.2019,35,60,10,105
10.06.2019,35,61,10,106
11.06.2019,36,60,11,107
12.06.2019,36,58,12,106
13.06.2019,35,59,11,105
14.06.2019,36,56,13,105
15.06.2019,33,58,13,104
16.06.2019,33,57,13,103
17.06.2019,34,58,13,105
18.06.2019,37,55,12,104
19.06.2019,38,56,14,108
20.06.2019,39,54,12,105
21.06.2019,40,52,17,109
22.06.2019,40,53,17,110
23.06.2019,42,52,16,110
24.06.2019,40,57,14,111
25.06.2019,37,60,17,114
26.06.2019,37,58,19,114
27.06.2019,37,58,21,116
28.06.2019,37,59,21,117
29.06.2019,38,59,21,118
30.06.2019,38,59,21,118
01.07.2019,39,59,20,118
02.07.2019,37,60,22,119
03.07.2019,41,54,29,124
04.07.2019,40,55,31,126
05.07.2019,39,55,32,126
06.07.2019,39,55,33,127
07.07.2019,39,55,34,128
08.07.2019,39,54,39,132
09.07.2019,37,58,38,133
10.07.2019,36,60,43,139
11.07.2019,34,65,41,140
12.07.2019,36,64,40,140
13.07.2019,35,66,40,141
14.07.2019,35,67,40,142
15.07.2019,36,67,42,145
16.07.2019,38,64,46,148
17.07.2019,37,63,45,145
18.07.2019,37,67,40,144
19.07.2019,37,68,36,141
20.07.2019,37,70,37,144
21.07.2019,37,70,36,143
22.07.2019,37,67,40,144
23.07.2019,36,72,38,146
24.07.2019,35,76,39,150
25.07.2019,34,75,41,150
26.07.2019,36,72,41,149
27.07.2019,37,71,41,149
28.07.2019,37,72,42,151
29.07.2019,37,71,49,157
30.07.2019,35,77,44,156
31.07.2019,36,81,41,158
01.08.2019,35,77,41,153
02.08.2019,33,80,40,153
03.08.2019,34,77,45,156
04.08.2019,34,77,45,156
05.08.2019,33,78,41,152
06.08.2019,33,78,39,150
07.08.2019,34,81,34,149
08.08.2019,35,82,32,149
09.08.2019,37,84,29,150
10.08.2019,36,85,29,150
11.08.2019,36,85,30,151
12.08.2019,35,86,29,150
13.08.2019,34,89,27,150
14.08.2019,36,86,31,153
15.08.2019,38,79,37,154
16.08.2019,37,82,37,156
17.08.2019,36,83,37,156
18.08.2019,36,82,37,155
19.08.2019,36,84,38,158
20.08.2019,38,86,36,160
21.08.2019,39,86,35,160
22.08.2019,42,81,33,156
23.08.2019,42,82,36,160
24.08.2019,42,83,35,160
25.08.2019,43,83,35,161
26.08.2019,42,83,34,159
27.08.2019,43,78,34,155
28.08.2019,43,77,32,152
29.08.2019,41,78,34,153
30.08.2019,40,80,36,156
31.08.2019,41,79,33,153
01.09.2019,41,80,32,153
02.09.2019,40,77,33,150
03.09.2019,40,78,32,150
04.09.2019,41,75,34,150
05.09.2019,39,75,35,149
06.09.2019,41,69,34,144
07.09.2019,42,67,35,144
08.09.2019,42,67,35,144
09.09.2019,44,65,37,146
10.09.2019,43,67,35,145
11.09.2019,42,68,34,144
12.09.2019,41,65,32,138
13.09.2019,40,68,29,137
14.09.2019,41,66,29,136
15.09.2019,41,65,31,137
16.09.2019,38,68,27,133
17.09.2019,38,66,27,131
18.09.2019,37,63,28,128
19.09.2019,38,60,27,125
20.09.2019,38,60,24,122
21.09.2019,38,60,24,122
22.09.2019,38,60,24,122
23.09.2019,37,59,26,122
24.09.2019,38,61,24,123
25.09.2019,40,62,22,124
26.09.2019,40,61,22,123
27.09.2019,40,59,22,121
28.09.2019,39,60,21,120
29.09.2019,38,61,21,120
30.09.2019,38,60,19,117
01.10.2019,41,57,17,115
02.10.2019,40,58,14,112
03.10.2019,40,58,13,111
04.10.2019,42,55,13,110
05.10.2019,41,56,14,111
06.10.2019,42,55,14,111
07.10.2019,42,55,12,109
08.10.2019,42,51,12,105
09.10.2019,41,49,16,106
10.10.2019,41,48,14,103
11.10.2019,39,53,13,105
12.10.2019,40,52,13,105
13.10.2019,41,50,13,104
14.10.2019,40,49,14,103
15.10.2019,39,48,15,102
16.10.2019,39,46,15,100
17.10.2019,37,46,15,98
18.10.2019,39,47,16,102
19.10.2019,39,45,16,100
20.10.2019,39,46,17,102
21.10.2019,40,46,17,103
22.10.2019,39,50,17,106
23.10.2019,39,49,18,106
24.10.2019,38,51,20,109
25.10.2019,38,51,20,109
26.10.2019,35,56,21,112
27.10.2019,34,60,20,114
28.10.2019,36,58,21,115
29.10.2019,36,58,21,115
30.10.2019,34,62,22,118
31.10.2019,36,62,24,122
01.11.2019,37,61,24,122
02.11.2019,36,61,23,120
03.11.2019,35,61,24,120
04.11.2019,34,63,23,120
05.11.2019,33,63,23,119
06.11.2019,32,64,23,119
07.11.2019,33,62,23,118
08.11.2019,33,62,21,116
09.11.2019,36,61,21,118
10.11.2019,36,61,21,118
11.11.2019,35,62,22,119
12.11.2019,34,63,21,118
13.11.2019,34,64,19,117
14.11.2019,35,63,18,116
15.11.2019,35,63,17,115
16.11.2019,36,62,17,115
17.11.2019,33,63,16,112
18.11.2019,35,59,17,111
19.11.2019,36,61,15,112
20.11.2019,35,63,14,112
21.11.2019,36,61,12,109
22.11.2019,35,60,14,109
23.11.2019,34,62,16,112
24.11.2019,34,61,16,111
25.11.2019,34,63,15,112
26.11.2019,33,66,17,116
27.11.2019,31,69,16,116
28.11.2019,33,65,15,113
29.11.2019,30,67,15,112
30.11.2019,30,68,14,112
01.12.2019,30,65,13,108
02.12.2019,31,62,13,106
03.12.2019,30,65,12,107
04.12.2019,30,64,16,110
05.12.2019,30,64,16,110
06.12.2019,29,61,17,107
07.12.2019,30,59,17,106
08.12.2019,29,61,17,107
09.12.2019,30,62,17,109
10.12.2019,27,62,19,108
11.12.2019,28,62,18,108
12.12.2019,30,59,19,108
13.12.2019,30,62,16,108
14.12.2019,30,62,16,108
15.12.2019,28,64,16,108
16.12.2019,28,66,17,111
17.12.2019,32,63,16,111
18.12.2019,31,65,16,112
19.12.2019,29,66,17,112
20.12.2019,30,66,18,114
21.12.2019,29,66,16,111
22.12.2019,29,66,15,110
23.12.2019,28,66,15,109
24.12.2019,27,67,12,106
25.12.2019,25,67,11,103
26.12.2019,26,62,10,98
27.12.2019,26,63,10,99
28.12.2019,26,62,10,98
29.12.2019,26,62,10,98
30.12.2019,27,61,9,97
31.12.2019,28,59,8,95
01.01.2020,27,60,6,93
02.01.2020,28,60,5,93
03.01.2020,27,60,6,93
04.01.2020,27,60,6,93
05.01.2020,27,60,6,93
06.01.2020,24,62,5,91
07.01.2020,24,59,7,90
08.01.2020,26,56,9,91
09.01.2020,26,58,9,93
10.01.2020,26,55,10,91
11.01.2020,25,56,9,90
12.01.2020,23,59,8,90
13.01.2020,24,59,8,91
14.01.2020,25,56,6,87
15.01.2020,24,55,7,86
16.01.2020,24,54,7,85
17.01.2020,24,54,6,84
18.01.2020,25,53,7,85
19.01.2020,25,53,8,86
20.01.2020,24,56,6,86
21.01.2020,23,58,5,86
22.01.2020,20,61,6,87
23.01.2020,20,62,7,89
24.01.2020,21,60,7,88
25.01.2020,21,61,8,90
26.01.2020,21,60,9,90
27.01.2020,20,59,10,89
28.01.2020,21,58,10,89
29.01.2020,19,60,12,91
30.01.2020,20,57,16,93
31.01.2020,18,60,13,91
01.02.2020,18,60,13,91
02.02.2020,20,58,14,92
03.02.2020,20,59,15,94
04.02.2020,21,56,14,91
05.02.2020,21,58,14,93
06.02.2020,20,59,12,91
07.02.2020,22,57,14,93
08.02.2020,22,57,13,92
09.02.2020,22,57,13,92
10.02.2020,22,55,13,90
11.02.2020,25,52,13,90
12.02.2020,25,52,13,90
13.02.2020,25,50,13,88
14.02.2020,24,50,13,87
15.02.2020,22,51,13,86
16.02.2020,21,52,12,85
17.02.2020,19,55,13,87
18.02.2020,20,54,12,86
19.02.2020,19,55,12,86
20.02.2020,20,58,11,89
21.02.2020,22,56,9,87
22.02.2020,23,55,8,86
23.02.2020,23,55,11,89
24.02.2020,24,54,11,89
25.02.2020,23,55,13,91
26.02.2020,21,56,12,89
27.02.2020,21,58,13,92
28.02.2020,23,57,15,95
29.02.2020,23,57,15,95
01.03.2020,19,62,19,100
02.03.2020,21,60,19,100
03.03.2020,22,61,20,103
04.03.2020,22,62,19,103
05.03.2020,21,67,17,105
06.03.2020,20,69,16,105
07.03.2020,21,67,17,105
08.03.2020,20,70,19,109
09.03.2020,21,71,18,110
10.03.2020,23,69,18,110
11.03.2020,22,71,20,113
12.03.2020,22,70,21,113
13.03.2020,22,71,21,114
14.03.2020,22,71,23,116
15.03.2020,21,72,23,116
16.03.2020,19,71,23,113
17.03.2020,19,70,26,115
18.03.2020,21,66,27,114
19.03.2020,20,69,27,116
20.03.2020,21,69,27,117
21.03.2020,22,67,27,116
22.03.2020,24,66,23,113
23.03.2020,25,66,22,113
24.03.2020,24,65,21,110
25.03.2020,26,63,22,111
26.03.2020,26,61,22,109
27.03.2020,26,64,21,111
28.03.2020,26,67,20,113
29.03.2020,25,69,19,113
30.03.2020,26,68,21,115
31.03.2020,26,66,20,112
01.04.2020,26,70,23,119
02.04.2020,27,70,24,121
03.04.2020,25,70,25,120
04.04.2020,26,69,26,121
05.04.2020,24,72,26,122
06.04.2020,26,69,26,121
07.04.2020,28,66,29,123
08.04.2020,26,68,29,123
09.04.2020,27,68,30,125
10.04.2020,29,68,29,126
11.04.2020,30,67,29,126
12.04.2020,30,66,28,124
13.04.2020,30,66,28,124
14.04.2020,31,67,28,126
15.04.2020,32,68,25,125
16.04.2020,30,74,24,128
17.04.2020,30,73,25,128
18.04.2020,30,75,27,132
19.04.2020,32,72,27,131
20.04.2020,31,76,25,132
21.04.2020,29,80,24,133
22.04.2020,31,77,23,131
23.04.2020,32,73,24,129
24.04.2020,32,70,23,125
25.04.2020,32,70,25,127
26.04.2020,32,71,27,130
27.04.2020,34,68,26,128
28.04.2020,34,70,26,130
29.04.2020,35,67,23,125
30.04.2020,32,69,22,123
01.05.2020,31,69,22,122
02.05.2020,31,68,21,120
03.05.2020,29,70,22,121
04.05.2020,28,76,22,126
05.05.2020,30,77,22,129
06.05.2020,29,79,23,131
07.05.2020,29,80,22,131
08.05.2020,31,77,23,131
09.05.2020,32,75,24,131
10.05.2020,31,73,24,128
11.05.2020,31,76,21,128
12.05.2020,32,78,19,129
13.05.2020,35,77,20,132
14.05.2020,35,75,22,132
15.05.2020,34,75,22,131
16.05.2020,32,74,21,127
17.05.2020,34,72,21,127
18.05.2020,33,72,20,125
19.05.2020,31,76,21,128
20.05.2020,32,73,20,125
21.05.2020,34,72,22,128
22.05.2020,33,74,22,129
23.05.2020,33,74,22,129
24.05.2020,33,74,21,128
25.05.2020,38,69,21,128
26.05.2020,38,67,22,127
27.05.2020,39,67,21,127
28.05.2020,37,68,23,128
29.05.2020,38,67,24,129
30.05.2020,38,67,25,130
31.05.2020,37,68,26,131
01.06.2020,34,72,23,129
02.06.2020,37,69,22,128
03.06.2020,35,71,22,128
04.06.2020,35,71,22,128
05.06.2020,35,72,22,129
06.06.2020,35,73,20,128
07.06.2020,35,74,23,132
08.06.2020,34,73,22,129
09.06.2020,34,71,25,130
10.06.2020,35,69,26,130
11.06.2020,35,69,26,130
12.06.2020,36,68,28,132
13.06.2020,33,71,30,134
14.06.2020,35,68,31,134
15.06.2020,35,69,31,135
16.06.2020,34,70,33,137
17.06.2020,35,69,37,141
18.06.2020,32,69,33,134
19.06.2020,32,63,32,127
20.06.2020,31,64,32,127
21.06.2020,31,65,30,126
22.06.2020,34,63,29,126
23.06.2020,33,63,32,128
24.06.2020,33,66,31,130
25.06.2020,32,66,28,126
26.06.2020,31,68,26,125
27.06.2020,31,68,26,125
28.06.2020,32,67,26,125
29.06.2020,32,66,27,125
30.06.2020,32,68,26,126
01.07.2020,29,73,25,127
02.07.2020,29,74,26,129
03.07.2020,29,75,26,130
04.07.2020,29,74,25,128
05.07.2020,29,77,21,127
06.07.2020,29,77,24,130
07.07.2020,30,77,23,130
08.07.2020,29,78,21,128
09.07.2020,28,80,22,130
10.07.2020,29,81,20,130
11.07.2020,27,83,18,128
12.07.2020,27,83,20,130
13.07.2020,29,78,21,128
14.07.2020,29,74,19,122
15.07.2020,28,75,19,122
16.07.2020,29,74,23,126
17.07.2020,30,74,26,130
18.07.2020,29,74,28,131
19.07.2020,29,75,27,131
20.07.2020,30,76,26,132
21.07.2020,31,73,28,132
22.07.2020,31,71,28,130
23.07.2020,31,69,27,127
24.07.2020,32,69,28,129
25.07.2020,32,68,27,127
26.07.2020,32,69,26,127
27.07.2020,33,67,26,126
28.07.2020,32,69,26,127
29.07.2020,30,70,26,126
30.07.2020,32,67,33,132
31.07.2020,31,67,32,130
01.08.2020,32,65,33,130
02.08.2020,32,65,32,129
03.08.2020,33,65,33,131
04.08.2020,33,69,30,132
05.08.2020,30,71,31,132
06.08.2020,30,68,27,125
07.08.2020,31,67,27,125
08.08.2020,30,66,28,124
09.08.2020,29,68,28,125
10.08.2020,30,70,28,128
11.08.2020,30,68,31,129
12.08.2020,31,63,31,125
13.08.2020,32,62,31,125
14.08.2020,33,62,32,127
15.08.2020,33,62,32,127
16.08.2020,35,60,35,130
17.08.2020,37,59,32,128
18.08.2020,37,61,32,130
19.08.2020,36,62,30,128
20.08.2020,35,62,30,127
21.08.2020,34,64,30,128
22.08.2020,34,68,29,131
23.08.2020,35,66,30,131
24.08.2020,34,67,31,132
25.08.2020,34,68,32,134
26.08.2020,31,75,31,137
27.08.2020,31,72,34,137
28.08.2020,32,74,37,143
29.08.2020,33,75,36,144
30.08.2020,33,76,36,145
31.08.2020,34,76,37,147
01.09.2020,34,78,35,147
02.09.2020,33,79,33,145
03.09.2020,34,79,36,149
04.09.2020,34,80,37,151
05.09.2020,34,80,36,150
06.09.2020,32,83,36,151
07.09.2020,34,80,40,154
08.09.2020,34,82,39,155
09.09.2020,34,87,47,168
10.09.2020,33,88,47,168
11.09.2020,34,92,46,172
12.09.2020,33,94,45,172
13.09.2020,34,96,44,174
14.09.2020,34,98,49,181
15.09.2020,34,103,45,182
16.09.2020,33,101,48,182
17.09.2020,32,101,49,182
18.09.2020,31,104,50,185
19.09.2020,31,105,49,185
20.09.2020,30,105,48,183
21.09.2020,27,110,47,184
22.09.2020,30,108,49,187
23.09.2020,31,107,53,191
24.09.2020,30,107,50,187
25.09.2020,31,106,46,183
26.09.2020,30,107,46,183
27.09.2020,30,109,45,184
28.09.2020,30,109,48,187
29.09.2020,33,103,52,188
30.09.2020,35,102,53,190
01.10.2020,35,107,51,193
02.10.2020,35,110,48,193
03.10.2020,35,112,49,196
04.10.2020,33,112,50,195
05.10.2020,36,112,50,198
06.10.2020,35,115,49,199
07.10.2020,34,115,42,191
08.10.2020,34,117,49,200
09.10.2020,35,118,48,201
10.10.2020,35,123,49,207
11.10.2020,35,125,51,211
12.10.2020,32,130,51,213
13.10.2020,35,128,48,211
14.10.2020,37,128,51,216
15.10.2020,34,130,50,214
16.10.2020,33,135,48,216
17.10.2020,33,131,45,209
18.10.2020,33,131,45,209
19.10.2020,33,133,46,212
20.10.2020,33,135,47,215
21.10.2020,34,136,45,215
22.10.2020,34,141,43,218
23.10.2020,36,140,45,221
24.10.2020,37,141,46,224
25.10.2020,39,138,48,225
26.10.2020,37,142,47,226
27.10.2020,37,145,45,227
28.10.2020,38,141,49,228
29.10.2020,39,142,46,227
30.10.2020,41,138,48,227
31.10.2020,41,139,46,226
01.11.2020,40,140,44,224
02.11.2020,43,141,42,226
03.11.2020,43,141,44,228
04.11.2020,46,141,49,236
05.11.2020,46,147,50,243
06.11.2020,46,147,46,239
07.11.2020,47,145,47,239
08.11.2020,48,147,46,241
09.11.2020,46,149,47,242
10.11.2020,47,150,47,244
11.11.2020,46,149,47,242
12.11.2020,44,151,47,242
13.11.2020,47,145,46,238
14.11.2020,48,144,46,238
15.11.2020,48,145,45,238
16.11.2020,48,144,45,237
17.11.2020,50,145,46,241
18.11.2020,49,147,47,243
19.11.2020,47,145,44,236
20.11.2020,50,141,44,235
21.11.2020,51,139,44,234
22.11.2020,54,135,45,234
23.11.2020,54,134,48,236
24.11.2020,52,137,49,238
25.11.2020,50,137,50,237
26.11.2020,52,137,52,241
27.11.2020,52,135,53,240
28.11.2020,51,137,56,244
29.11.2020,54,136,56,246
30.11.2020,53,140,57,250
01.12.2020,55,139,58,252
02.12.2020,60,135,55,250
03.12.2020,59,140,51,250
04.12.2020,60,141,51,252
05.12.2020,61,139,50,250
06.12.2020,61,139,49,249
07.12.2020,62,141,52,255
08.12.2020,62,138,53,253
09.12.2020,61,143,52,256
10.12.2020,60,148,46,254
11.12.2020,61,140,50,251
12.12.2020,59,144,47,250
13.12.2020,58,141,47,246
14.12.2020,59,142,49,250
15.12.2020,59,142,54,255
16.12.2020,57,146,54,257
17.12.2020,57,148,54,259
18.12.2020,59,144,57,260
19.12.2020,60,143,57,260
20.12.2020,59,145,59,263
21.12.2020,58,150,55,263
22.12.2020,56,157,51,264
23.12.2020,57,157,51,265
24.12.2020,57,156,53,266
25.12.2020,60,153,54,267
26.12.2020,61,154,51,266
27.12.2020,60,152,51,263
28.12.2020,61,154,52,267
29.12.2020,61,156,51,268
30.12.2020,63,159,50,272
31.12.2020,65,154,52,271
01.01.2021,63,155,57,275
02.01.2021,62,155,60,277
03.01.2021,64,156,56,276
04.01.2021,66,152,60,278
05.01.2021,65,158,64,287
06.01.2021,62,159,65,286
07.01.2021,63,164,69,296
08.01.2021,61,161,71,293
09.01.2021,63,158,71,292
10.01.2021,65,158,73,296
11.01.2021,62,163,71,296
12.01.2021,63,163,75,301
13.01.2021,61,162,76,299
14.01.2021,62,158,83,303
15.01.2021,62,167,75,304
16.01.2021,62,170,75,307
17.01.2021,61,171,84,316
18.01.2021,61,175,87,323
19.01.2021,61,179,91,331
20.01.2021,64,178,92,334
21.01.2021,65,181,89,335
22.01.2021,69,177,94,340
23.01.2021,70,174,96,340
24.01.2021,68,181,94,343
25.01.2021,65,184,90,339
26.01.2021,65,182,93,340
27.01.2021,64,179,96,339
28.01.2021,69,170,99,338
29.01.2021,67,174,98,339
30.01.2021,68,176,96,340
31.01.2021,71,174,96,341
01.02.2021,73,179,97,349
02.02.2021,71,184,89,344
03.02.2021,68,188,90,346
04.02.2021,69,189,84,342
05.02.2021,66,192,84,342
06.02.2021,68,191,87,346
07.02.2021,70,192,87,349
08.02.2021,71,195,91,357
09.02.2021,76,194,84,354
10.02.2021,73,195,83,351
11.02.2021,70,206,84,360
12.02.2021,71,207,87,365
13.02.2021,72,208,86,366
14.02.2021,72,210,84,366
15.02.2021,71,217,73,361
16.02.2021,74,210,74,358
17.02.2021,72,218,68,358
18.02.2021,77,222,67,366
19.02.2021,75,228,65,368
20.02.2021,77,226,65,368
21.02.2021,78,222,64,364
22.02.2021,71,223,71,365
23.02.2021,72,226,69,367
24.02.2021,74,229,75,378
25.02.2021,77,226,78,381
26.02.2021,74,234,80,388
27.02.2021,73,233,88,394
28.02.2021,75,236,88,399
01.03.2021,77,234,85,396
02.03.2021,74,235,92,401
03.03.2021,76,231,97,404
04.03.2021,76,231,100,407
05.03.2021,72,228,103,403
06.03.2021,72,229,105,406
07.03.2021,73,230,108,411
08.03.2021,79,225,108,412
09.03.2021,82,225,107,414
10.03.2021,80,224,109,413
11.03.2021,82,227,110,419
12.03.2021,82,233,109,424
13.03.2021,82,234,111,427
14.03.2021,80,237,113,430
15.03.2021,82,242,116,440
16.03.2021,84,242,116,442
17.03.2021,88,247,122,457
18.03.2021,90,253,112,455
19.03.2021,89,254,114,457
20.03.2021,90,253,113,456
21.03.2021,88,252,118,458
22.03.2021,86,263,114,463
23.03.2021,87,260,117,464
24.03.2021,90,258,113,461
25.03.2021,92,263,108,463
26.03.2021,91,263,107,461
27.03.2021,91,263,106,460
28.03.2021,91,259,108,458
29.03.2021,93,260,109,462
30.03.2021,94,263,103,460
31.03.2021,95,262,103,460
01.04.2021,96,263,98,457
02.04.2021,99,260,102,461
03.04.2021,96,267,98,461
04.04.2021,95,268,97,460
05.04.2021,101,261,102,464
06.04.2021,100,259,97,456
07.04.2021,98,263,96,457
08.04.2021,104,262,97,463
09.04.2021,97,273,92,462
10.04.2021,99,274,90,463
11.04.2021,99,273,93,465
12.04.2021,105,261,92,458
13.04.2021,109,259,103,471
14.04.2021,110,257,105,472
15.04.2021,112,256,104,472
16.04.2021,114,259,100,473
17.04.2021,115,259,100,474
18.04.2021,113,261,106,480
19.04.2021,119,261,110,490
20.04.2021,119,271,114,504
21.04.2021,121,271,112,504
22.04.2021,120,270,117,507
23.04.2021,119,273,113,505
24.04.2021,119,271,116,506
25.04.2021,117,280,115,512
26.04.2021,116,277,125,518
27.04.2021,117,278,128,523
28.04.2021,120,281,124,525
29.04.2021,119,283,127,529
30.04.2021,114,286,133,533
01.05.2021,116,284,136,536
02.05.2021,115,285,134,534
03.05.2021,114,291,135,540
04.05.2021,116,289,138,543
05.05.2021,116,290,137,543
06.05.2021,116,301,133,550
07.05.2021,121,303,129,553
08.05.2021,120,306,136,562
09.05.2021,118,310,140,568
10.05.2021,116,316,138,570
11.05.2021,119,314,133,566
12.05.2021,121,318,135,574
13.05.2021,125,316,141,582
14.05.2021,127,318,148,593
15.05.2021,128,320,150,598
16.05.2021,128,321,148,597
17.05.2021,128,325,145,598
18.05.2021,125,320,155,600
19.05.2021,131,321,154,606
20.05.2021,129,321,162,612
21.05.2021,131,330,165,626
22.05.2021,131,328,163,622
23.05.2021,132,326,168,626
24.05.2021,131,335,162,628
25.05.2021,131,339,157,627
26.05.2021,131,340,161,632
27.05.2021,127,347,164,638
28.05.2021,128,350,157,635
29.05.2021,129,354,153,636
30.05.2021,132,351,153,636
31.05.2021,132,356,157,645
01.06.2021,137,352,161,650
02.06.2021,141,349,166,656
03.06.2021,144,349,162,655
04.06.2021,150,340,153,643
05.06.2021,150,342,150,642
06.06.2021,150,336,149,635
07.06.2021,148,338,147,633
08.06.2021,155,342,157,654
09.06.2021,152,349,157,658
10.06.2021,158,343,159,660
11.06.2021,162,342,156,660
12.06.2021,162,342,161,665
13.06.2021,161,340,159,660
14.06.2021,159,343,159,661
15.06.2021,160,342,164,666
16.06.2021,161,348,170,679
17.06.2021,162,356,158,676
18.06.2021,157,362,155,674
19.06.2021,160,360,150,670
20.06.2021,161,363,150,674
21.06.2021,158,371,143,672
22.06.2021,158,375,145,678
23.06.2021,156,378,154,688
24.06.2021,158,373,150,681
25.06.2021,154,377,148,679
26.06.2021,158,372,147,677
27.06.2021,157,376,145,678
28.06.2021,156,381,146,683
29.06.2021,154,383,146,683
30.06.2021,157,375,143,675
01.07.2021,159,370,147,676
02.07.2021,158,369,147,674
03.07.2021,157,367,150,674
04.07.2021,155,372,153,680
05.07.2021,153,371,150,674
06.07.2021,156,369,137,662
07.07.2021,154,373,141,668
08.07.2021,158,369,141,668
09.07.2021,161,370,133,664
10.07.2021,163,366,136,665
11.07.2021,165,366,135,666
12.07.2021,162,367,140,669
13.07.2021,160,368,136,664
14.07.2021,159,366,137,662
15.07.2021,160,365,139,664
16.07.2021,163,359,141,663
17.07.2021,165,355,141,661
18.07.2021,165,358,130,653
19.07.2021,167,355,139,661
20.07.2021,167,350,146,663
21.07.2021,165,357,149,671
22.07.2021,165,361,150,676
23.07.2021,166,367,141,674
24.07.2021,166,366,140,672
25.07.2021,164,367,138,669
26.07.2021,159,373,141,673
27.07.2021,161,375,138,674
28.07.2021,165,369,136,670
29.07.2021,168,365,137,670
30.07.2021,168,365,141,674
31.07.2021,167,366,140,673
01.08.2021,167,369,136,672
02.08.2021,169,360,140,669
03.08.2021,171,354,145,670
04.08.2021,172,355,155,682
05.08.2021,176,357,154,687
06.08.2021,172,363,151,686
07.08.2021,174,361,152,687
08.08.2021,172,362,155,689
09.08.2021,174,353,155,682
10.08.2021,178,356,156,690
11.08.2021,180,353,156,689
12.08.2021,180,350,154,684
13.08.2021,181,346,165,692
14.08.2021,180,347,169,696
15.08.2021,179,349,167,695
16.08.2021,175,358,164,697
17.08.2021,172,361,164,697
18.08.2021,168,363,155,686
19.08.2021,168,366,154,688
20.08.2021,166,367,163,696
21.08.2021,167,362,163,692
22.08.2021,165,368,167,700
23.08.2021,166,372,164,702
24.08.2021,167,377,160,704
25.08.2021,174,375,165,714
26.08.2021,176,378,171,725
27.08.2021,172,377,173,722
28.08.2021,170,383,169,722
29.08.2021,170,377,172,719
30.08.2021,176,379,179,734
31.08.2021,174,382,177,733
01.09.2021,173,389,168,730
02.09.2021,174,389,160,723
03.09.2021,174,390,167,731
04.09.2021,176,382,163,721
05.09.2021,173,380,168,721
06.09.2021,175,393,166,734
07.09.2021,178,397,153,728
08.09.2021,181,404,147,732
09.09.2021,185,405,152,742
10.09.2021,193,404,146,743
11.09.2021,194,406,146,746
12.09.2021,197,408,148,753
13.09.2021,197,412,150,759
14.09.2021,197,419,147,763
15.09.2021,199,414,153,766
16.09.2021,198,418,156,772
17.09.2021,197,431,154,782
18.09.2021,197,433,150,780
19.09.2021,193,435,145,773
20.09.2021,192,434,140,766
21.09.2021,196,437,137,770
22.09.2021,198,443,130,771
23.09.2021,199,438,123,760
24.09.2021,197,444,116,757
25.09.2021,197,445,121,763
26.09.2021,199,448,116,763
27.09.2021,202,435,116,753
28.09.2021,201,449,117,767
29.09.2021,196,444,123,763
30.09.2021,198,444,114,756
01.10.2021,202,443,115,760
02.10.2021,202,445,111,758
03.10.2021,202,447,108,757
04.10.2021,201,443,108,752
05.10.2021,197,441,117,755
06.10.2021,196,437,115,748
07.10.2021,199,435,118,752
08.10.2021,198,427,122,747
09.10.2021,196,427,117,740
10.10.2021,204,416,121,741
11.10.2021,205,414,120,739
12.10.2021,202,412,116,730
13.10.2021,204,405,118,727
14.10.2021,210,398,129,737
15.10.2021,203,408,125,736
16.10.2021,206,406,130,742
17.10.2021,203,413,129,745
18.10.2021,205,415,130,750
19.10.2021,206,421,134,761
20.10.2021,206,419,138,763
21.10.2021,203,422,136,761
22.10.2021,204,421,139,764
23.10.2021,205,426,139,770
24.10.2021,208,426,138,772
25.10.2021,211,430,142,783
26.10.2021,213,424,134,771
27.10.2021,215,420,135,770
28.10.2021,224,412,147,783
29.10.2021,224,412,155,791
30.10.2021,226,415,154,795
31.10.2021,223,416,160,799
01.11.2021,220,420,160,800
02.11.2021,217,426,154,797
03.11.2021,215,425,156,796
04.11.2021,219,421,160,800
05.11.2021,217,422,160,799
06.11.2021,214,427,162,803
07.11.2021,218,420,159,797
08.11.2021,218,414,171,803
09.11.2021,213,426,168,807
10.11.2021,220,418,165,803
11.11.2021,217,430,161,808
12.11.2021,219,420,160,799
13.11.2021,221,424,156,801
14.11.2021,224,418,157,799
15.11.2021,229,417,156,802
16.11.2021,225,418,149,792
17.11.2021,224,419,160,803
18.11.2021,224,421,155,800
19.11.2021,221,424,157,802
20.11.2021,224,424,151,799
21.11.2021,223,425,149,797
22.11.2021,228,422,155,805
23.11.2021,226,425,156,807
24.11.2021,225,434,160,819
25.11.2021,233,424,160,817
26.11.2021,235,421,156,812
27.11.2021,237,418,157,812
28.11.2021,235,418,159,812
29.11.2021,229,420,166,815
30.11.2021,229,425,167,821
01.12.2021,231,426,170,827
02.12.2021,229,433,167,829
03.12.2021,229,431,165,825
04.12.2021,227,433,164,824
05.12.2021,226,437,162,825
06.12.2021,229,427,160,816
07.12.2021,231,427,161,819
08.12.2021,228,433,171,832
09.12.2021,227,440,168,835
10.12.2021,233,439,157,829
11.12.2021,232,442,158,832
12.12.2021,231,443,160,834
13.12.2021,232,442,166,840
14.12.2021,232,454,166,852
15.12.2021,234,450,171,855
16.12.2021,231,455,162,848
17.12.2021,228,462,155,845
18.12.2021,231,460,154,845
19.12.2021,234,461,155,850
20.12.2021,234,462,152,848
21.12.2021,235,461,148,844
22.12.2021,232,467,148,847
23.12.2021,233,462,148,843
24.12.2021,234,461,147,842
25.12.2021,233,460,144,837
26.12.2021,232,459,143,834
27.12.2021,229,459,149,837
28.12.2021,225,466,146,837
29.12.2021,228,465,143,836
30.12.2021,225,469,131,825
31.12.2021,228,460,128,816
01.01.2022,227,464,125,816
02.01.2022,225,469,125,819
03.01.2022,226,471,123,820
04.01.2022,226,468,117,811
05.01.2022,224,462,118,804
06.01.2022,227,455,122,804
07.01.2022,231,459,118,808
08.01.2022,231,458,124,813
09.01.2022,236,450,127,813
10.01.2022,230,460,137,827
11.01.2022,227,464,134,825
12.01.2022,227,467,133,827
13.01.2022,223,479,141,843
14.01.2022,219,476,149,844
15.01.2022,219,481,141,841
16.01.2022,224,487,141,852
17.01.2022,226,485,140,851
18.01.2022,230,487,147,864
19.01.2022,228,496,141,865
20.01.2022,231,500,133,864
21.01.2022,228,507,137,872
22.01.2022,226,509,140,875
23.01.2022,226,514,142,882
24.01.2022,228,507,144,879
25.01.2022,228,512,152,892
26.01.2022,233,520,152,905
27.01.2022,231,527,151,909
28.01.2022,227,528,156,911
29.01.2022,227,532,154,913
30.01.2022,227,537,153,917
31.01.2022,225,543,154,922
01.02.2022,228,546,163,937
02.02.2022,228,553,157,938
03.02.2022,236,553,158,947
04.02.2022,236,554,159,949
05.02.2022,233,556,155,944
06.02.2022,233,558,155,946
07.02.2022,230,560,150,940
08.02.2022,229,567,151,947
09.02.2022,230,567,142,939
10.02.2022,223,564,145,932
11.02.2022,222,565,145,932
12.02.2022,222,566,143,931
13.02.2022,219,561,141,921
14.02.2022,225,552,150,927
15.02.2022,229,546,146,921
16.02.2022,234,540,146,920
17.02.2022,234,538,147,919
18.02.2022,235,534,144,913
19.02.2022,234,534,142,910
20.02.2022,234,531,145,910
21.02.2022,228,543,139,910
22.02.2022,231,544,140,915
23.02.2022,234,538,150,922
24.02.2022,227,541,155,923
25.02.2022,228,544,163,935
26.02.2022,230,546,160,936
27.02.2022,232,545,156,933
28.02.2022,231,548,158,937
01.03.2022,231,545,157,933
02.03.2022,236,536,164,936
03.03.2022,240,530,169,939
04.03.2022,244,536,162,942
05.03.2022,243,542,161,946
06.03.2022,243,542,157,942
07.03.2022,244,546,173,963
08.03.2022,246,551,180,977
09.03.2022,240,551,180,971
10.03.2022,236,557,188,981
11.03.2022,242,550,181,973
12.03.2022,241,547,181,969
13.03.2022,240,551,178,969
14.03.2022,237,553,171,961
15.03.2022,240,565,174,979
16.03.2022,244,564,180,988
17.03.2022,241,573,184,998
18.03.2022,242,581,185,1008
19.03.2022,243,580,190,1013
20.03.2022,244,574,194,1012
21.03.2022,246,576,193,1015
22.03.2022,245,592,175,1012
23.03.2022,246,599,178,1023
24.03.2022,240,605,172,1017
25.03.2022,244,590,171,1005
26.03.2022,247,589,171,1007
27.03.2022,251,584,180,1015
28.03.2022,251,589,180,1020
29.03.2022,246,598,178,1022
30.03.2022,244,610,178,1032
31.03.2022,242,617,182,1041
01.04.2022,242,619,173,1034
02.04.2022,245,620,169,1034
03.04.2022,245,628,164,1037
04.04.2022,253,625,160,1038
05.04.2022,261,608,159,1028
06.04.2022,260,608,158,1026
07.04.2022,258,607,156,1021
08.04.2022,263,590,156,1009
09.04.2022,264,594,160,1018
10.04.2022,264,599,156,1019
11.04.2022,265,601,150,1016
12.04.2022,262,607,151,1020
13.04.2022,263,612,155,1030
14.04.2022,262,624,155,1041
15.04.2022,259,633,149,1041
16.04.2022,261,632,143,1036
17.04.2022,262,632,143,1037
18.04.2022,263,631,141,1035
19.04.2022,256,635,140,1031
20.04.2022,263,629,141,1033
21.04.2022,261,634,143,1038
22.04.2022,266,625,138,1029
23.04.2022,264,622,138,1024
24.04.2022,261,628,136,1025
25.04.2022,264,623,139,1026
26.04.2022,265,611,137,1013
27.04.2022,260,608,140,1008
28.04.2022,253,612,143,1008
29.04.2022,258,611,149,1018
30.04.2022,258,615,142,1015
01.05.2022,257,611,146,1014
02.05.2022,256,610,139,1005
03.05.2022,259,603,138,1000
04.05.2022,251,615,138,1004
05.05.2022,252,618,149,1019
06.05.2022,258,618,152,1028
07.05.2022,263,614,152,1029
08.05.2022,262,610,148,1020
09.05.2022,271,592,152,1015
10.05.2022,265,591,149,1005
11.05.2022,265,587,152,1004
12.05.2022,270,586,147,1003
13.05.2022,266,596,147,1009
14.05.2022,266,599,148,1013
15.05.2022,268,602,148,1018
16.05.2022,267,598,165,1030
17.05.2022,259,605,166,1030
18.05.2022,263,607,161,1031
19.05.2022,260,613,165,1038
20.05.2022,254,613,171,1038
21.05.2022,255,611,176,1042
22.05.2022,256,618,173,1047
23.05.2022,259,620,163,1042
24.05.2022,263,625,171,1059
25.05.2022,261,620,169,1050
26.05.2022,261,619,174,1054
27.05.2022,263,623,172,1058
28.05.2022,262,624,174,1060
29.05.2022,263,624,180,1067
30.05.2022,265,623,185,1073
31.05.2022,269,625,186,1080
01.06.2022,265,634,175,1074
02.06.2022,267,626,182,1075
03.06.2022,270,622,179,1071
04.06.2022,272,618,174,1064
05.06.2022,272,618,181,1071
06.06.2022,273,617,180,1070
07.06.2022,274,629,182,1085
08.06.2022,269,634,183,1086
09.06.2022,275,626,178,1079
10.06.2022,274,628,170,1072
11.06.2022,270,634,176,1080
12.06.2022,271,638,173,1082
13.06.2022,266,642,171,1079
14.06.2022,264,641,170,1075
15.06.2022,260,647,172,1079
16.06.2022,264,644,178,1086
17.06.2022,267,643,170,1080
18.06.2022,270,640,166,1076
19.06.2022,268,642,164,1074
20.06.2022,274,641,169,1084
21.06.2022,273,646,159,1078
22.06.2022,266,656,156,1078
23.06.2022,268,641,150,1059
24.06.2022,264,630,153,1047
25.06.2022,263,623,148,1034
26.06.2022,262,622,146,1030
27.06.2022,263,627,139,1029
28.06.2022,265,624,141,1030
29.06.2022,266,618,143,1027
30.06.2022,258,621,139,1018
01.07.2022,256,620,138,1014
02.07.2022,256,621,139,1016
03.07.2022,254,623,136,1013
04.07.2022,250,619,133,1002
05.07.2022,250,605,135,990
06.07.2022,257,603,138,998
07.07.2022,264,595,142,1001
08.07.2022,269,589,145,1003
09.07.2022,267,589,146,1002
10.07.2022,266,585,146,997
11.07.2022,258,590,140,988
12.07.2022,250,595,131,976
13.07.2022,247,598,130,975
14.07.2022,247,584,128,959
15.07.2022,245,583,127,955
16.07.2022,245,581,123,949
17.07.2022,246,580,121,947
18.07.2022,254,574,122,950
19.07.2022,252,570,127,949
20.07.2022,252,555,127,934
21.07.2022,254,550,124,928
22.07.2022,248,551,117,916
23.07.2022,248,553,113,914
24.07.2022,247,554,116,917
25.07.2022,240,553,114,907
26.07.2022,241,555,117,913
27.07.2022,248,544,112,904
28.07.2022,244,546,115,905
29.07.2022,244,541,115,900
30.07.2022,242,546,116,904
31.07.2022,242,545,122,909
01.08.2022,241,552,126,919
02.08.2022,238,553,126,917
03.08.2022,240,547,128,915
04.08.2022,243,545,130,918
05.08.2022,243,544,129,916
06.08.2022,243,549,125,917
07.08.2022,240,549,125,914
08.08.2022,241,549,125,915
09.08.2022,244,544,123,911
10.08.2022,242,543,123,908
11.08.2022,240,543,121,904
12.08.2022,233,540,128,901
13.08.2022,234,539,127,900
14.08.2022,233,540,128,901
15.08.2022,229,550,124,903
16.08.2022,229,553,126,908
17.08.2022,225,553,123,901
18.08.2022,221,556,133,910
19.08.2022,217,555,137,909
20.08.2022,214,557,136,907
21.08.2022,216,556,133,905
22.08.2022,223,546,133,902
23.08.2022,224,535,136,895
24.08.2022,225,530,146,901
25.08.2022,220,532,143,895
26.08.2022,218,535,148,901
27.08.2022,215,543,141,899
28.08.2022,216,544,135,895
29.08.2022,218,555,133,906
30.08.2022,209,560,136,905
31.08.2022,212,559,130,901
01.09.2022,219,548,120,887
02.09.2022,218,542,129,889
03.09.2022,219,534,130,883
04.09.2022,216,534,133,883
05.09.2022,221,530,129,880
06.09.2022,217,525,129,871
07.09.2022,221,513,141,875
08.09.2022,221,516,137,874
09.09.2022,222,523,136,881
10.09.2022,218,530,133,881
11.09.2022,217,534,130,881
12.09.2022,217,534,125,876
13.09.2022,218,535,119,872
14.09.2022,213,545,122,880
15.09.2022,212,549,124,885
16.09.2022,213,553,118,884
17.09.2022,211,553,116,880
18.09.2022,215,552,114,881
19.09.2022,224,538,116,878
20.09.2022,225,538,117,880
21.09.2022,222,544,108,874
22.09.2022,218,556,99,873
23.09.2022,219,561,103,883
24.09.2022,218,565,102,885
25.09.2022,216,565,106,887
26.09.2022,212,564,111,887
27.09.2022,203,566,112,881
28.09.2022,211,549,111,871
29.09.2022,210,544,118,872
30.09.2022,206,549,116,871
01.10.2022,210,552,109,871
02.10.2022,208,550,111,869
03.10.2022,210,543,113,866
04.10.2022,210,533,107,850
05.10.2022,209,530,108,847
06.10.2022,207,528,110,845
07.10.2022,212,525,106,843
08.10.2022,209,529,104,842
09.10.2022,208,531,108,847
10.10.2022,208,530,106,844
11.10.2022,206,527,111,844
12.10.2022,203,522,123,848
13.10.2022,203,514,124,841
14.10.2022,200,510,118,828
15.10.2022,195,514,121,830
16.10.2022,196,516,117,829
17.10.2022,201,520,114,835
18.10.2022,206,520,124,850
19.10.2022,200,526,123,849
20.10.2022,196,529,131,856
21.10.2022,198,521,137,856
22.10.2022,202,522,135,859
23.10.2022,204,524,133,861
24.10.2022,200,533,133,866
25.10.2022,197,546,122,865
26.10.2022,201,543,119,863
27.10.2022,209,540,115,864
28.10.2022,209,541,119,869
29.10.2022,213,539,121,873
30.10.2022,213,539,120,872
31.10.2022,211,543,116,870
01.11.2022,206,555,121,882
02.11.2022,202,566,120,888
03.11.2022,205,562,134,901
04.11.2022,210,567,138,915
05.11.2022,209,569,135,913
06.11.2022,210,566,134,910
07.11.2022,209,570,141,920
08.11.2022,207,578,148,933
09.11.2022,209,578,146,933
10.11.2022,215,574,150,939
11.11.2022,215,583,170,968
12.11.2022,215,593,167,975
13.11.2022,217,590,168,975
14.11.2022,214,585,168,967
15.11.2022,217,591,159,967
16.11.2022,213,591,161,965
17.11.2022,215,590,162,967
18.11.2022,216,594,154,964
19.11.2022,218,591,156,965
20.11.2022,219,588,159,966
21.11.2022,225,584,158,967
22.11.2022,220,583,165,968
23.11.2022,220,590,161,971
24.11.2022,219,591,160,970
25.11.2022,216,584,167,967
26.11.2022,217,581,164,962
27.11.2022,217,577,167,961
28.11.2022,215,587,167,969
29.11.2022,209,591,158,958
30.11.2022,209,587,171,967
01.12.2022,210,594,161,965
02.12.2022,214,589,159,962
03.12.2022,212,590,155,957
04.12.2022,212,587,154,953
05.12.2022,212,584,150,946
06.12.2022,214,585,147,946
07.12.2022,211,582,143,936
08.12.2022,215,570,141,926
09.12.2022,210,548,126,884
10.12.2022,213,537,123,873
11.12.2022,210,537,120,867
12.12.2022,215,526,126,867
13.12.2022,214,526,121,861
14.12.2022,206,532,120,858
15.12.2022,210,529,119,858
16.12.2022,207,535,120,862
17.12.2022,208,534,124,866
18.12.2022,207,538,122,867
19.12.2022,213,541,120,874
20.12.2022,213,541,115,869
21.12.2022,217,537,110,864
22.12.2022,217,537,110,864
23.12.2022,216,540,110,866
24.12.2022,218,536,129,883
25.12.2022,215,541,125,881
26.12.2022,211,540,121,872
27.12.2022,208,533,119,860
28.12.2022,209,531,111,851
29.12.2022,211,525,110,846
30.12.2022,211,521,108,840
31.12.2022,210,515,108,833
01.01.2023,210,514,105,829
02.01.2023,210,508,107,825
03.01.2023,214,504,107,825
04.01.2023,211,493,114,818
05.01.2023,213,494,111,818
06.01.2023,205,505,114,824
07.01.2023,207,506,111,824
08.01.2023,207,509,109,825
09.01.2023,215,513,111,839
10.01.2023,212,521,112,845
11.01.2023,214,517,114,845
12.01.2023,215,517,119,851
13.01.2023,208,525,120,853
14.01.2023,206,527,129,862
15.01.2023,205,523,126,854
16.01.2023,208,506,119,833
17.01.2023,206,511,122,839
18.01.2023,205,503,129,837
19.01.2023,199,503,128,830
20.01.2023,196,504,124,824
21.01.2023,195,503,112,810
22.01.2023,196,497,113,806
23.01.2023,194,504,115,813
24.01.2023,193,502,124,819
25.01.2023,191,507,125,823
26.01.2023,189,511,123,823
27.01.2023,188,513,132,833
28.01.2023,185,520,136,841
29.01.2023,187,522,137,846
30.01.2023,194,530,138,862
31.01.2023,201,530,140,871
01.02.2023,202,529,134,865
02.02.2023,202,535,139,876
03.02.2023,196,544,132,872
04.02.2023,199,540,131,870
05.02.2023,195,543,134,872
06.02.2023,198,539,133,870
07.02.2023,197,537,137,871
08.02.2023,207,530,146,883
09.02.2023,212,531,144,887
10.02.2023,205,546,137,888
11.02.2023,208,547,133,888
12.02.2023,209,547,136,892
13.02.2023,214,546,143,903
14.02.2023,215,550,144,909
15.02.2023,211,559,150,920
16.02.2023,214,565,140,919
17.02.2023,215,565,150,930
18.02.2023,214,567,149,930
19.02.2023,213,565,152,930
20.02.2023,207,582,157,946
21.02.2023,211,585,149,945
22.02.2023,212,587,154,953
23.02.2023,211,601,150,962
24.02.2023,215,595,150,960
25.02.2023,209,598,155,962
26.02.2023,206,600,160,966
27.02.2023,206,601,156,963
28.02.2023,206,599,154,959
01.03.2023,208,590,157,955
02.03.2023,206,603,153,962
03.03.2023,203,610,150,963
04.03.2023,205,605,149,959
05.03.2023,205,607,148,960
06.03.2023,211,600,154,965
07.03.2023,209,590,153,952
08.03.2023,214,582,142,938
09.03.2023,219,578,147,944
10.03.2023,219,577,146,942
11.03.2023,221,580,146,947
12.03.2023,220,584,143,947
13.03.2023,225,577,142,944
14.03.2023,224,578,142,944
15.03.2023,220,580,154,954
16.03.2023,225,584,150,959
17.03.2023,220,590,149,959
18.03.2023,218,592,149,959
19.03.2023,220,592,146,958
20.03.2023,220,590,149,959
21.03.2023,223,578,146,947
22.03.2023,223,569,151,943
23.03.2023,225,569,156,950
24.03.2023,227,572,158,957
25.03.2023,223,571,149,943
26.03.2023,221,571,151,943
27.03.2023,230,556,160,946
28.03.2023,232,561,151,944
29.03.2023,237,550,141,928
30.03.2023,232,541,135,908
31.03.2023,228,546,129,903
01.04.2023,228,543,128,899
02.04.2023,229,537,129,895
03.04.2023,226,535,136,897
04.04.2023,221,539,136,896
05.04.2023,218,539,145,902
06.04.2023,218,536,137,891
07.04.2023,221,540,137,898
08.04.2023,222,544,136,902
09.04.2023,221,545,135,901
10.04.2023,222,546,147,915
11.04.2023,223,548,147,918
12.04.2023,218,556,139,913
13.04.2023,225,547,147,919
14.04.2023,221,553,148,922
15.04.2023,221,554,151,926
16.04.2023,222,558,152,932
17.04.2023,221,562,152,935
18.04.2023,223,565,148,936
19.04.2023,225,567,157,949
20.04.2023,229,578,150,957
21.04.2023,231,569,154,954
22.04.2023,231,568,157,956
23.04.2023,231,569,160,960
24.04.2023,230,565,161,956
25.04.2023,232,561,151,944
26.04.2023,232,556,159,947
27.04.2023,228,559,159,946
28.04.2023,225,551,159,935
29.04.2023,222,555,161,938
30.04.2023,223,543,162,928
01.05.2023,217,549,155,921
02.05.2023,217,542,152,911
03.05.2023,213,543,155,911
04.05.2023,216,546,152,914
05.05.2023,216,540,145,901
06.05.2023,218,534,146,898
07.05.2023,215,533,149,897
08.05.2023,217,533,145,895
09.05.2023,212,529,152,893
10.05.2023,212,535,140,887
11.05.2023,212,532,141,885
12.05.2023,212,539,141,892
13.05.2023,215,534,145,894
14.05.2023,215,539,136,890
15.05.2023,215,536,137,888
16.05.2023,215,532,127,874
17.05.2023,217,523,122,862
18.05.2023,220,507,124,851
19.05.2023,218,495,117,830
20.05.2023,219,494,118,831
21.05.2023,222,487,112,821
22.05.2023,221,500,106,827
23.05.2023,220,495,110,825
24.05.2023,221,498,113,832
25.05.2023,220,503,110,833
26.05.2023,219,490,114,823
27.05.2023,221,489,110,820
28.05.2023,214,494,113,821
29.05.2023,207,509,113,829
30.05.2023,212,505,119,836
31.05.2023,205,522,126,853
01.06.2023,207,517,125,849
02.06.2023,204,522,123,849
03.06.2023,209,512,123,844
04.06.2023,208,512,123,843
05.06.2023,207,510,118,835
06.06.2023,202,512,119,833
07.06.2023,201,514,117,832
08.06.2023,212,505,126,843
09.06.2023,209,506,120,835
10.06.2023,210,503,112,825
11.06.2023,210,491,110,811
12.06.2023,209,495,115,819
13.06.2023,210,495,124,829
14.06.2023,207,487,122,816
15.06.2023,205,491,125,821
16.06.2023,204,495,125,824
17.06.2023,206,492,121,819
18.06.2023,210,485,122,817
19.06.2023,210,478,127,815
20.06.2023,211,471,130,812
21.06.2023,204,480,124,808
22.06.2023,209,474,125,808
23.06.2023,201,484,135,820
24.06.2023,202,483,136,821
25.06.2023,202,485,136,823
26.06.2023,205,481,136,822
27.06.2023,208,489,129,826
28.06.2023,204,493,119,816
29.06.2023,206,490,118,814
30.06.2023,204,489,119,812
01.07.2023,208,483,120,811
02.07.2023,211,480,121,812
03.07.2023,207,473,126,806
04.07.2023,205,470,128,803
05.07.2023,209,463,127,799
06.07.2023,210,455,123,788
07.07.2023,209,453,125,787
08.07.2023,211,454,127,792
09.07.2023,209,458,127,794
10.07.2023,209,455,122,786
11.07.2023,203,456,118,777
12.07.2023,202,460,125,787
13.07.2023,204,455,121,780
14.07.2023,204,442,120,766
15.07.2023,205,445,123,773
16.07.2023,207,446,124,777
17.07.2023,203,455,115,773
18.07.2023,204,455,119,778
19.07.2023,200,460,118,778
20.07.2023,202,454,116,772
21.07.2023,200,455,113,768
22.07.2023,200,455,119,774
23.07.2023,201,458,118,777
24.07.2023,202,468,122,792
25.07.2023,198,473,129,800
26.07.2023,190,482,128,800
27.07.2023,197,464,134,795
28.07.2023,196,461,137,794
29.07.2023,199,458,136,793
30.07.2023,200,460,133,793
31.07.2023,199,461,134,794
01.08.2023,202,449,133,784
02.08.2023,204,453,134,791
03.08.2023,202,469,131,802
04.08.2023,198,474,127,799
05.08.2023,201,470,127,798
06.08.2023,202,470,123,795
07.08.2023,197,470,122,789
08.08.2023,199,465,117,781
09.08.2023,193,465,105,763
10.08.2023,197,457,103,757
11.08.2023,201,448,103,752
12.08.2023,199,447,104,750
13.08.2023,198,445,106,749
14.08.2023,193,447,110,750
15.08.2023,196,443,110,749
16.08.2023,191,442,107,740
17.08.2023,192,443,110,745
18.08.2023,192,439,108,739
19.08.2023,192,436,105,733
20.08.2023,192,430,100,722
21.08.2023,191,431,101,723
22.08.2023,196,424,99,719
23.08.2023,189,437,95,721
24.08.2023,192,439,92,723
25.08.2023,197,439,90,726
26.08.2023,195,440,88,723
27.08.2023,194,435,89,718
28.08.2023,192,428,87,707
29.08.2023,188,412,90,690
30.08.2023,194,401,90,685
31.08.2023,188,400,82,670
01.09.2023,184,398,78,660
02.09.2023,184,393,78,655
03.09.2023,185,386,78,649
04.09.2023,178,396,76,650
05.09.2023,179,389,82,650
06.09.2023,181,384,85,650
07.09.2023,181,389,89,659
08.09.2023,181,386,87,654
09.09.2023,177,389,83,649
10.09.2023,175,395,82,652
11.09.2023,172,393,81,646
12.09.2023,173,395,83,651
13.09.2023,168,398,83,649
14.09.2023,168,395,78,641
15.09.2023,175,389,76,640
16.09.2023,175,389,74,638
17.09.2023,175,387,74,636
18.09.2023,174,383,72,629
19.09.2023,171,386,70,627
20.09.2023,172,375,69,616
21.09.2023,171,376,70,617
22.09.2023,177,365,72,614
23.09.2023,175,363,73,611
24.09.2023,171,365,73,609
25.09.2023,170,364,74,608
26.09.2023,175,354,69,598
27.09.2023,173,356,69,598
28.09.2023,166,364,72,602
29.09.2023,163,366,70,599
30.09.2023,162,367,72,601
01.10.2023,163,365,72,600
