cardano,,,,
Date, Full Time, Part Time, One Time, Total
01.01.2015,0,2,1,3
02.01.2015,0,2,1,3
03.01.2015,0,2,1,3
04.01.2015,0,2,1,3
05.01.2015,0,2,1,3
06.01.2015,0,2,1,3
07.01.2015,0,2,1,3
08.01.2015,0,2,1,3
09.01.2015,0,2,1,3
10.01.2015,0,2,1,3
11.01.2015,0,2,0,2
12.01.2015,0,2,0,2
13.01.2015,0,2,0,2
14.01.2015,0,2,0,2
15.01.2015,0,2,0,2
16.01.2015,0,2,0,2
17.01.2015,0,2,0,2
18.01.2015,0,2,2,4
19.01.2015,0,2,2,4
20.01.2015,0,2,2,4
21.01.2015,0,2,2,4
22.01.2015,0,2,2,4
23.01.2015,0,2,4,6
24.01.2015,0,3,3,6
25.01.2015,0,3,3,6
26.01.2015,0,3,3,6
27.01.2015,0,3,3,6
28.01.2015,0,4,2,6
29.01.2015,0,4,2,6
30.01.2015,0,4,2,6
31.01.2015,0,4,2,6
01.02.2015,0,4,2,6
02.02.2015,0,4,2,6
03.02.2015,0,4,2,6
04.02.2015,0,4,2,6
05.02.2015,0,4,2,6
06.02.2015,0,4,2,6
07.02.2015,0,4,2,6
08.02.2015,0,6,0,6
09.02.2015,0,6,0,6
10.02.2015,0,6,1,7
11.02.2015,0,6,1,7
12.02.2015,0,6,2,8
13.02.2015,0,6,2,8
14.02.2015,0,6,2,8
15.02.2015,0,6,2,8
16.02.2015,0,6,2,8
17.02.2015,0,6,2,8
18.02.2015,0,6,2,8
19.02.2015,0,6,2,8
20.02.2015,0,6,3,9
21.02.2015,0,6,3,9
22.02.2015,0,6,3,9
23.02.2015,0,6,3,9
24.02.2015,0,6,3,9
25.02.2015,0,6,3,9
26.02.2015,0,6,3,9
27.02.2015,0,6,3,9
28.02.2015,0,6,3,9
01.03.2015,0,6,3,9
02.03.2015,0,6,3,9
03.03.2015,0,6,3,9
04.03.2015,0,6,3,9
05.03.2015,0,6,3,9
06.03.2015,0,6,3,9
07.03.2015,0,6,4,10
08.03.2015,0,5,4,9
09.03.2015,0,5,4,9
10.03.2015,1,2,3,6
11.03.2015,1,2,3,6
12.03.2015,1,2,2,5
13.03.2015,1,2,2,5
14.03.2015,1,2,2,5
15.03.2015,1,2,2,5
16.03.2015,1,1,2,4
17.03.2015,1,3,2,6
18.03.2015,1,3,2,6
19.03.2015,1,4,2,7
20.03.2015,0,5,1,6
21.03.2015,0,7,1,8
22.03.2015,1,6,1,8
23.03.2015,1,6,1,8
24.03.2015,1,6,1,8
25.03.2015,1,6,1,8
26.03.2015,1,6,1,8
27.03.2015,1,6,1,8
28.03.2015,1,6,1,8
29.03.2015,1,6,1,8
30.03.2015,1,6,1,8
31.03.2015,1,6,1,8
01.04.2015,1,6,1,8
02.04.2015,1,6,1,8
03.04.2015,0,8,0,8
04.04.2015,1,7,0,8
05.04.2015,1,7,0,8
06.04.2015,1,7,0,8
07.04.2015,1,7,0,8
08.04.2015,1,7,0,8
09.04.2015,1,7,1,9
10.04.2015,1,7,1,9
11.04.2015,1,7,1,9
12.04.2015,1,7,1,9
13.04.2015,1,7,1,9
14.04.2015,1,6,1,8
15.04.2015,1,6,1,8
16.04.2015,1,6,1,8
17.04.2015,1,6,1,8
18.04.2015,1,5,1,7
19.04.2015,1,5,1,7
20.04.2015,1,5,1,7
21.04.2015,1,5,1,7
22.04.2015,1,5,1,7
23.04.2015,1,5,1,7
24.04.2015,1,5,2,8
25.04.2015,1,5,2,8
26.04.2015,1,5,2,8
27.04.2015,1,5,2,8
28.04.2015,1,5,3,9
29.04.2015,1,5,2,8
30.04.2015,1,4,2,7
01.05.2015,1,3,2,6
02.05.2015,1,3,2,6
03.05.2015,1,4,2,7
04.05.2015,1,6,1,8
05.05.2015,1,6,1,8
06.05.2015,1,6,1,8
07.05.2015,1,6,0,7
08.05.2015,1,6,0,7
09.05.2015,1,6,0,7
10.05.2015,1,6,0,7
11.05.2015,1,6,0,7
12.05.2015,1,6,0,7
13.05.2015,1,6,0,7
14.05.2015,1,6,0,7
15.05.2015,1,6,0,7
16.05.2015,1,7,0,8
17.05.2015,1,7,0,8
18.05.2015,1,7,0,8
19.05.2015,1,6,0,7
20.05.2015,1,6,0,7
21.05.2015,1,6,0,7
22.05.2015,1,6,0,7
23.05.2015,1,6,0,7
24.05.2015,1,6,0,7
25.05.2015,1,6,0,7
26.05.2015,1,6,0,7
27.05.2015,1,6,0,7
28.05.2015,1,6,0,7
29.05.2015,1,6,0,7
30.05.2015,1,6,0,7
31.05.2015,1,5,0,6
01.06.2015,1,4,0,5
02.06.2015,1,3,0,4
03.06.2015,1,3,0,4
04.06.2015,1,3,0,4
05.06.2015,1,3,0,4
06.06.2015,1,3,0,4
07.06.2015,1,3,0,4
08.06.2015,1,3,0,4
09.06.2015,1,3,0,4
10.06.2015,1,3,0,4
11.06.2015,1,3,0,4
12.06.2015,1,3,0,4
13.06.2015,1,2,0,3
14.06.2015,1,2,0,3
15.06.2015,1,3,0,4
16.06.2015,1,3,0,4
17.06.2015,1,3,0,4
18.06.2015,1,3,0,4
19.06.2015,1,3,0,4
20.06.2015,1,3,0,4
21.06.2015,1,3,0,4
22.06.2015,1,3,0,4
23.06.2015,1,3,0,4
24.06.2015,1,2,0,3
25.06.2015,1,2,0,3
26.06.2015,1,2,1,4
27.06.2015,1,2,1,4
28.06.2015,1,2,1,4
29.06.2015,1,2,1,4
30.06.2015,1,3,1,5
01.07.2015,1,3,1,5
02.07.2015,1,3,1,5
03.07.2015,1,4,0,5
04.07.2015,1,4,0,5
05.07.2015,1,4,0,5
06.07.2015,1,4,1,6
07.07.2015,1,4,1,6
08.07.2015,1,4,1,6
09.07.2015,1,4,1,6
10.07.2015,1,4,1,6
11.07.2015,1,4,2,7
12.07.2015,1,4,2,7
13.07.2015,1,5,1,7
14.07.2015,1,5,1,7
15.07.2015,1,5,1,7
16.07.2015,1,5,1,7
17.07.2015,1,5,1,7
18.07.2015,1,5,1,7
19.07.2015,1,5,1,7
20.07.2015,1,5,1,7
21.07.2015,1,5,1,7
22.07.2015,1,5,1,7
23.07.2015,1,5,1,7
24.07.2015,1,5,1,7
25.07.2015,1,5,1,7
26.07.2015,1,5,1,7
27.07.2015,1,5,1,7
28.07.2015,1,5,1,7
29.07.2015,1,5,1,7
30.07.2015,1,5,2,8
31.07.2015,1,5,1,7
01.08.2015,1,5,1,7
02.08.2015,1,5,1,7
03.08.2015,1,3,1,5
04.08.2015,1,3,1,5
05.08.2015,1,3,1,5
06.08.2015,1,3,1,5
07.08.2015,1,3,1,5
08.08.2015,1,3,1,5
09.08.2015,1,3,1,5
10.08.2015,1,3,1,5
11.08.2015,1,4,1,6
12.08.2015,1,4,1,6
13.08.2015,1,4,1,6
14.08.2015,1,4,1,6
15.08.2015,1,4,2,7
16.08.2015,1,4,2,7
17.08.2015,1,4,2,7
18.08.2015,1,4,2,7
19.08.2015,1,4,2,7
20.08.2015,1,4,2,7
21.08.2015,1,4,2,7
22.08.2015,1,4,2,7
23.08.2015,1,4,2,7
24.08.2015,1,4,2,7
25.08.2015,1,4,2,7
26.08.2015,1,4,2,7
27.08.2015,1,4,2,7
28.08.2015,1,4,2,7
29.08.2015,1,4,2,7
30.08.2015,1,4,2,7
31.08.2015,1,4,1,6
01.09.2015,1,4,1,6
02.09.2015,1,4,1,6
03.09.2015,1,4,1,6
04.09.2015,1,4,1,6
05.09.2015,1,4,1,6
06.09.2015,1,4,1,6
07.09.2015,1,4,1,6
08.09.2015,1,4,1,6
09.09.2015,1,4,1,6
10.09.2015,1,4,1,6
11.09.2015,1,4,1,6
12.09.2015,1,4,0,5
13.09.2015,1,4,0,5
14.09.2015,1,4,1,6
15.09.2015,1,4,1,6
16.09.2015,1,4,1,6
17.09.2015,1,4,1,6
18.09.2015,1,4,1,6
19.09.2015,1,4,1,6
20.09.2015,1,4,1,6
21.09.2015,1,4,1,6
22.09.2015,1,4,1,6
23.09.2015,1,4,2,7
24.09.2015,1,4,2,7
25.09.2015,1,4,2,7
26.09.2015,1,4,2,7
27.09.2015,1,4,2,7
28.09.2015,1,3,2,6
29.09.2015,1,3,2,6
30.09.2015,1,3,2,6
01.10.2015,1,3,2,6
02.10.2015,1,3,2,6
03.10.2015,1,3,2,6
04.10.2015,1,3,2,6
05.10.2015,1,3,2,6
06.10.2015,1,3,2,6
07.10.2015,2,2,2,6
08.10.2015,2,2,2,6
09.10.2015,2,2,2,6
10.10.2015,2,2,2,6
11.10.2015,2,2,2,6
12.10.2015,2,2,1,5
13.10.2015,2,2,1,5
14.10.2015,2,2,1,5
15.10.2015,2,2,2,6
16.10.2015,2,2,2,6
17.10.2015,2,2,2,6
18.10.2015,2,2,2,6
19.10.2015,2,2,3,7
20.10.2015,2,2,3,7
21.10.2015,2,3,1,6
22.10.2015,2,3,1,6
23.10.2015,2,3,1,6
24.10.2015,2,3,1,6
25.10.2015,2,3,1,6
26.10.2015,2,3,1,6
27.10.2015,2,3,1,6
28.10.2015,2,3,1,6
29.10.2015,2,3,1,6
30.10.2015,2,3,1,6
31.10.2015,2,3,1,6
01.11.2015,2,3,1,6
02.11.2015,2,3,1,6
03.11.2015,2,3,1,6
04.11.2015,2,3,1,6
05.11.2015,2,3,1,6
06.11.2015,2,3,1,6
07.11.2015,2,3,1,6
08.11.2015,2,3,1,6
09.11.2015,2,3,2,7
10.11.2015,2,4,1,7
11.11.2015,2,4,1,7
12.11.2015,2,4,0,6
13.11.2015,2,4,0,6
14.11.2015,2,5,0,7
15.11.2015,2,5,0,7
16.11.2015,2,5,0,7
17.11.2015,2,5,0,7
18.11.2015,2,5,1,8
19.11.2015,2,5,1,8
20.11.2015,2,5,1,8
21.11.2015,2,5,1,8
22.11.2015,2,5,1,8
23.11.2015,2,4,2,8
24.11.2015,2,4,2,8
25.11.2015,2,4,2,8
26.11.2015,2,4,2,8
27.11.2015,2,4,2,8
28.11.2015,2,3,2,7
29.11.2015,2,3,2,7
30.11.2015,2,3,2,7
01.12.2015,2,3,3,8
02.12.2015,2,3,3,8
03.12.2015,2,3,3,8
04.12.2015,2,3,3,8
05.12.2015,2,3,3,8
06.12.2015,2,3,3,8
07.12.2015,2,3,4,9
08.12.2015,3,2,4,9
09.12.2015,3,2,4,9
10.12.2015,3,2,4,9
11.12.2015,3,2,4,9
12.12.2015,3,2,3,8
13.12.2015,3,2,3,8
14.12.2015,3,2,3,8
15.12.2015,3,1,3,7
16.12.2015,3,2,2,7
17.12.2015,3,2,2,7
18.12.2015,3,2,2,7
19.12.2015,3,2,2,7
20.12.2015,3,2,2,7
21.12.2015,3,2,2,7
22.12.2015,3,2,2,7
23.12.2015,3,2,2,7
24.12.2015,3,2,2,7
25.12.2015,3,2,2,7
26.12.2015,3,2,2,7
27.12.2015,3,2,2,7
28.12.2015,3,3,2,8
29.12.2015,3,3,2,8
30.12.2015,3,3,2,8
31.12.2015,3,3,2,8
01.01.2016,3,3,2,8
02.01.2016,3,3,2,8
03.01.2016,3,3,2,8
04.01.2016,3,4,2,9
05.01.2016,3,4,1,8
06.01.2016,3,4,1,8
07.01.2016,3,4,1,8
08.01.2016,3,4,1,8
09.01.2016,3,4,1,8
10.01.2016,2,4,1,7
11.01.2016,2,4,1,7
12.01.2016,2,4,2,8
13.01.2016,2,5,0,7
14.01.2016,2,5,1,8
15.01.2016,2,5,1,8
16.01.2016,2,5,1,8
17.01.2016,2,5,1,8
18.01.2016,2,5,1,8
19.01.2016,2,5,2,9
20.01.2016,2,5,2,9
21.01.2016,2,5,2,9
22.01.2016,2,5,2,9
23.01.2016,2,5,2,9
24.01.2016,2,5,2,9
25.01.2016,2,4,2,8
26.01.2016,2,4,3,9
27.01.2016,2,6,3,11
28.01.2016,2,6,3,11
29.01.2016,2,6,3,11
30.01.2016,2,6,3,11
31.01.2016,2,6,3,11
01.02.2016,2,6,3,11
02.02.2016,2,6,3,11
03.02.2016,2,6,3,11
04.02.2016,2,6,3,11
05.02.2016,2,7,2,11
06.02.2016,2,6,2,10
07.02.2016,2,6,2,10
08.02.2016,2,6,2,10
09.02.2016,2,6,2,10
10.02.2016,2,7,1,10
11.02.2016,2,7,1,10
12.02.2016,2,7,2,11
13.02.2016,2,7,2,11
14.02.2016,2,7,2,11
15.02.2016,2,7,2,11
16.02.2016,2,7,2,11
17.02.2016,2,7,2,11
18.02.2016,2,7,2,11
19.02.2016,2,7,2,11
20.02.2016,2,6,3,11
21.02.2016,2,6,3,11
22.02.2016,2,6,3,11
23.02.2016,2,7,2,11
24.02.2016,2,7,3,12
25.02.2016,2,6,3,11
26.02.2016,2,6,3,11
27.02.2016,3,5,3,11
28.02.2016,2,6,3,11
29.02.2016,2,6,3,11
01.03.2016,2,5,4,11
02.03.2016,2,5,4,11
03.03.2016,2,5,4,11
04.03.2016,2,4,4,10
05.03.2016,2,4,4,10
06.03.2016,2,5,4,11
07.03.2016,2,5,4,11
08.03.2016,2,5,4,11
09.03.2016,2,4,4,10
10.03.2016,2,4,4,10
11.03.2016,2,4,3,9
12.03.2016,2,4,3,9
13.03.2016,2,4,3,9
14.03.2016,2,4,3,9
15.03.2016,2,5,3,10
16.03.2016,2,5,3,10
17.03.2016,2,5,3,10
18.03.2016,2,6,3,11
19.03.2016,2,6,2,10
20.03.2016,2,5,3,10
21.03.2016,2,5,4,11
22.03.2016,2,5,6,13
23.03.2016,2,8,2,12
24.03.2016,2,8,2,12
25.03.2016,2,9,2,13
26.03.2016,3,8,2,13
27.03.2016,3,8,3,14
28.03.2016,3,9,2,14
29.03.2016,3,9,1,13
30.03.2016,3,9,1,13
31.03.2016,3,9,1,13
01.04.2016,3,10,0,13
02.04.2016,3,9,1,13
03.04.2016,3,9,0,12
04.04.2016,3,10,0,13
05.04.2016,3,10,0,13
06.04.2016,2,11,0,13
07.04.2016,2,11,0,13
08.04.2016,2,11,0,13
09.04.2016,2,11,0,13
10.04.2016,2,11,0,13
11.04.2016,2,11,0,13
12.04.2016,2,11,0,13
13.04.2016,2,11,2,15
14.04.2016,2,12,1,15
15.04.2016,2,13,0,15
16.04.2016,2,13,0,15
17.04.2016,2,13,0,15
18.04.2016,2,13,0,15
19.04.2016,2,13,0,15
20.04.2016,5,10,0,15
21.04.2016,4,11,0,15
22.04.2016,4,11,0,15
23.04.2016,3,12,0,15
24.04.2016,3,11,0,14
25.04.2016,3,11,0,14
26.04.2016,3,11,1,15
27.04.2016,3,10,1,14
28.04.2016,5,10,1,16
29.04.2016,4,11,1,16
30.04.2016,4,11,1,16
01.05.2016,4,10,1,15
02.05.2016,4,10,2,16
03.05.2016,4,11,3,18
04.05.2016,4,11,2,17
05.05.2016,4,11,2,17
06.05.2016,4,10,3,17
07.05.2016,4,10,3,17
08.05.2016,4,11,2,17
09.05.2016,4,11,2,17
10.05.2016,4,12,2,18
11.05.2016,4,11,2,17
12.05.2016,4,11,3,18
13.05.2016,6,9,3,18
14.05.2016,6,9,3,18
15.05.2016,6,8,3,17
16.05.2016,6,9,2,17
17.05.2016,6,9,2,17
18.05.2016,6,9,2,17
19.05.2016,5,10,3,18
20.05.2016,5,10,4,19
21.05.2016,6,9,4,19
22.05.2016,6,10,4,20
23.05.2016,6,10,4,20
24.05.2016,6,10,4,20
25.05.2016,6,10,5,21
26.05.2016,6,11,3,20
27.05.2016,6,11,3,20
28.05.2016,6,11,3,20
29.05.2016,6,10,4,20
30.05.2016,6,10,4,20
31.05.2016,6,12,2,20
01.06.2016,7,11,3,21
02.06.2016,7,11,3,21
03.06.2016,7,13,1,21
04.06.2016,7,13,1,21
05.06.2016,7,13,1,21
06.06.2016,7,13,1,21
07.06.2016,7,13,2,22
08.06.2016,7,13,2,22
09.06.2016,7,14,1,22
10.06.2016,7,15,0,22
11.06.2016,7,15,0,22
12.06.2016,7,15,1,23
13.06.2016,7,15,1,23
14.06.2016,7,15,1,23
15.06.2016,6,15,1,22
16.06.2016,6,15,1,22
17.06.2016,6,15,1,22
18.06.2016,6,15,1,22
19.06.2016,6,15,2,23
20.06.2016,7,14,2,23
21.06.2016,7,14,4,25
22.06.2016,7,13,4,24
23.06.2016,7,12,4,23
24.06.2016,6,13,4,23
25.06.2016,6,11,4,21
26.06.2016,6,11,5,22
27.06.2016,6,12,5,23
28.06.2016,7,11,6,24
29.06.2016,7,11,7,25
30.06.2016,7,11,7,25
01.07.2016,7,11,8,26
02.07.2016,7,12,7,26
03.07.2016,7,12,7,26
04.07.2016,7,13,6,26
05.07.2016,7,13,6,26
06.07.2016,6,13,6,25
07.07.2016,7,12,6,25
08.07.2016,8,11,6,25
09.07.2016,8,11,6,25
10.07.2016,9,10,5,24
11.07.2016,9,10,5,24
12.07.2016,8,11,5,24
13.07.2016,9,10,5,24
14.07.2016,9,10,5,24
15.07.2016,9,10,5,24
16.07.2016,9,10,5,24
17.07.2016,9,10,4,23
18.07.2016,9,9,5,23
19.07.2016,9,9,4,22
20.07.2016,9,9,4,22
21.07.2016,9,9,4,22
22.07.2016,9,9,4,22
23.07.2016,9,9,4,22
24.07.2016,9,10,3,22
25.07.2016,9,9,2,20
26.07.2016,9,8,2,19
27.07.2016,9,8,1,18
28.07.2016,9,8,3,20
29.07.2016,9,9,2,20
30.07.2016,9,10,1,20
31.07.2016,9,10,1,20
01.08.2016,9,9,1,19
02.08.2016,9,10,2,21
03.08.2016,9,10,2,21
04.08.2016,9,10,2,21
05.08.2016,9,11,1,21
06.08.2016,9,11,1,21
07.08.2016,9,11,1,21
08.08.2016,9,11,1,21
09.08.2016,9,11,1,21
10.08.2016,9,11,2,22
11.08.2016,9,11,2,22
12.08.2016,8,12,2,22
13.08.2016,8,11,2,21
14.08.2016,8,11,3,22
15.08.2016,7,11,2,20
16.08.2016,7,10,2,19
17.08.2016,8,10,2,20
18.08.2016,8,10,2,20
19.08.2016,8,8,3,19
20.08.2016,8,8,3,19
21.08.2016,8,8,3,19
22.08.2016,8,8,3,19
23.08.2016,8,8,3,19
24.08.2016,8,8,4,20
25.08.2016,8,9,3,20
26.08.2016,8,9,4,21
27.08.2016,8,7,5,20
28.08.2016,8,6,5,19
29.08.2016,8,6,5,19
30.08.2016,7,6,5,18
31.08.2016,7,7,4,18
01.09.2016,7,7,5,19
02.09.2016,7,6,6,19
03.09.2016,7,6,7,20
04.09.2016,7,6,7,20
05.09.2016,7,6,8,21
06.09.2016,7,6,9,22
07.09.2016,7,8,7,22
08.09.2016,7,8,8,23
09.09.2016,8,8,8,24
10.09.2016,9,7,8,24
11.09.2016,9,7,7,23
12.09.2016,9,7,8,24
13.09.2016,9,8,7,24
14.09.2016,9,8,7,24
15.09.2016,9,8,7,24
16.09.2016,9,8,7,24
17.09.2016,8,10,6,24
18.09.2016,8,10,6,24
19.09.2016,8,10,6,24
20.09.2016,8,10,8,26
21.09.2016,8,11,7,26
22.09.2016,8,11,7,26
23.09.2016,8,10,7,25
24.09.2016,7,11,6,24
25.09.2016,7,11,6,24
26.09.2016,7,11,6,24
27.09.2016,7,12,5,24
28.09.2016,7,12,5,24
29.09.2016,7,12,4,23
30.09.2016,7,12,3,22
01.10.2016,7,12,2,21
02.10.2016,7,12,4,23
03.10.2016,7,13,4,24
04.10.2016,7,13,5,25
05.10.2016,8,12,4,24
06.10.2016,8,12,4,24
07.10.2016,8,12,5,25
08.10.2016,8,12,5,25
09.10.2016,8,12,5,25
10.10.2016,8,10,4,22
11.10.2016,8,9,6,23
12.10.2016,8,10,5,23
13.10.2016,8,12,4,24
14.10.2016,8,12,5,25
15.10.2016,9,11,5,25
16.10.2016,9,13,6,28
17.10.2016,9,14,7,30
18.10.2016,10,15,6,31
19.10.2016,10,15,6,31
20.10.2016,10,15,6,31
21.10.2016,9,16,6,31
22.10.2016,10,15,6,31
23.10.2016,10,15,6,31
24.10.2016,10,17,6,33
25.10.2016,10,16,7,33
26.10.2016,10,17,6,33
27.10.2016,11,17,5,33
28.10.2016,11,17,5,33
29.10.2016,11,17,6,34
30.10.2016,11,18,3,32
31.10.2016,11,17,2,30
01.11.2016,11,17,2,30
02.11.2016,11,17,2,30
03.11.2016,11,17,3,31
04.11.2016,11,17,2,30
05.11.2016,11,18,2,31
06.11.2016,11,18,2,31
07.11.2016,11,18,2,31
08.11.2016,11,18,2,31
09.11.2016,11,18,2,31
10.11.2016,11,18,3,32
11.11.2016,11,20,1,32
12.11.2016,11,20,2,33
13.11.2016,11,20,2,33
14.11.2016,12,20,2,34
15.11.2016,13,19,4,36
16.11.2016,13,19,3,35
17.11.2016,12,20,3,35
18.11.2016,11,19,3,33
19.11.2016,12,19,2,33
20.11.2016,12,19,2,33
21.11.2016,12,18,2,32
22.11.2016,12,19,2,33
23.11.2016,13,18,2,33
24.11.2016,13,18,2,33
25.11.2016,13,17,2,32
26.11.2016,13,16,3,32
27.11.2016,14,14,4,32
28.11.2016,14,14,4,32
29.11.2016,14,14,4,32
30.11.2016,14,14,4,32
01.12.2016,15,14,4,33
02.12.2016,15,15,4,34
03.12.2016,15,16,3,34
04.12.2016,14,17,3,34
05.12.2016,14,18,3,35
06.12.2016,14,19,3,36
07.12.2016,14,19,3,36
08.12.2016,13,21,3,37
09.12.2016,13,22,3,38
10.12.2016,13,22,3,38
11.12.2016,12,23,3,38
12.12.2016,14,21,5,40
13.12.2016,16,19,7,42
14.12.2016,17,20,5,42
15.12.2016,17,20,6,43
16.12.2016,16,20,6,42
17.12.2016,17,18,6,41
18.12.2016,16,18,7,41
19.12.2016,16,19,6,41
20.12.2016,16,22,5,43
21.12.2016,16,22,6,44
22.12.2016,16,22,5,43
23.12.2016,16,24,6,46
24.12.2016,17,23,6,46
25.12.2016,18,22,5,45
26.12.2016,18,23,5,46
27.12.2016,18,23,6,47
28.12.2016,18,24,6,48
29.12.2016,18,23,6,47
30.12.2016,19,22,6,47
31.12.2016,19,21,6,46
01.01.2017,18,22,6,46
02.01.2017,18,22,7,47
03.01.2017,18,22,6,46
04.01.2017,18,22,6,46
05.01.2017,18,22,6,46
06.01.2017,19,21,5,45
07.01.2017,19,21,5,45
08.01.2017,19,21,5,45
09.01.2017,20,21,5,46
10.01.2017,20,21,5,46
11.01.2017,21,21,5,47
12.01.2017,21,20,7,48
13.01.2017,22,19,8,49
14.01.2017,21,20,8,49
15.01.2017,21,20,9,50
16.01.2017,23,17,9,49
17.01.2017,24,16,9,49
18.01.2017,23,17,9,49
19.01.2017,24,15,9,48
20.01.2017,24,13,6,43
21.01.2017,24,13,6,43
22.01.2017,25,12,6,43
23.01.2017,25,12,9,46
24.01.2017,25,12,10,47
25.01.2017,26,13,8,47
26.01.2017,26,13,8,47
27.01.2017,26,15,9,50
28.01.2017,26,15,9,50
29.01.2017,25,16,9,50
30.01.2017,25,20,6,51
31.01.2017,26,19,6,51
01.02.2017,26,19,6,51
02.02.2017,26,20,7,53
03.02.2017,25,21,7,53
04.02.2017,25,20,8,53
05.02.2017,25,21,7,53
06.02.2017,23,24,6,53
07.02.2017,24,23,6,53
08.02.2017,25,23,6,54
09.02.2017,25,23,5,53
10.02.2017,26,22,7,55
11.02.2017,26,22,7,55
12.02.2017,27,22,5,54
13.02.2017,28,21,4,53
14.02.2017,28,21,4,53
15.02.2017,28,22,3,53
16.02.2017,28,22,4,54
17.02.2017,28,21,4,53
18.02.2017,28,22,3,53
19.02.2017,28,22,3,53
20.02.2017,27,23,2,52
21.02.2017,25,25,2,52
22.02.2017,27,22,2,51
23.02.2017,28,21,2,51
24.02.2017,29,20,1,50
25.02.2017,29,20,2,51
26.02.2017,29,20,2,51
27.02.2017,30,19,2,51
28.02.2017,30,18,2,50
01.03.2017,30,17,2,49
02.03.2017,29,18,2,49
03.03.2017,29,19,3,51
04.03.2017,29,19,3,51
05.03.2017,29,19,3,51
06.03.2017,28,20,3,51
07.03.2017,28,20,2,50
08.03.2017,28,20,2,50
09.03.2017,30,19,3,52
10.03.2017,30,19,3,52
11.03.2017,31,18,3,52
12.03.2017,31,18,3,52
13.03.2017,30,19,5,54
14.03.2017,30,18,5,53
15.03.2017,28,18,7,53
16.03.2017,28,18,7,53
17.03.2017,28,17,8,53
18.03.2017,28,17,8,53
19.03.2017,28,17,8,53
20.03.2017,26,20,9,55
21.03.2017,26,21,9,56
22.03.2017,28,21,8,57
23.03.2017,29,22,7,58
24.03.2017,29,22,7,58
25.03.2017,28,23,6,57
26.03.2017,29,22,6,57
27.03.2017,30,24,5,59
28.03.2017,29,25,5,59
29.03.2017,28,26,7,61
30.03.2017,27,27,6,60
31.03.2017,28,24,6,58
01.04.2017,27,25,6,58
02.04.2017,27,24,6,57
03.04.2017,27,23,6,56
04.04.2017,27,22,7,56
05.04.2017,27,22,7,56
06.04.2017,28,19,7,54
07.04.2017,28,19,7,54
08.04.2017,29,18,7,54
09.04.2017,29,18,8,55
10.04.2017,29,19,5,53
11.04.2017,29,19,5,53
12.04.2017,28,22,6,56
13.04.2017,28,22,8,58
14.04.2017,28,22,9,59
15.04.2017,28,22,9,59
16.04.2017,28,22,9,59
17.04.2017,27,23,9,59
18.04.2017,28,24,7,59
19.04.2017,30,22,7,59
20.04.2017,31,22,9,62
21.04.2017,31,23,8,62
22.04.2017,30,25,7,62
23.04.2017,31,24,8,63
24.04.2017,31,23,9,63
25.04.2017,29,25,9,63
26.04.2017,28,26,8,62
27.04.2017,28,27,7,62
28.04.2017,28,27,9,64
29.04.2017,28,26,9,63
30.04.2017,28,26,9,63
01.05.2017,28,27,8,63
02.05.2017,28,27,7,62
03.05.2017,28,28,6,62
04.05.2017,29,27,6,62
05.05.2017,30,28,6,64
06.05.2017,32,26,6,64
07.05.2017,32,26,6,64
08.05.2017,32,26,7,65
09.05.2017,31,27,8,66
10.05.2017,30,27,10,67
11.05.2017,30,29,11,70
12.05.2017,31,29,11,71
13.05.2017,28,32,10,70
14.05.2017,29,31,11,71
15.05.2017,28,33,11,72
16.05.2017,30,30,10,70
17.05.2017,31,28,11,70
18.05.2017,31,27,10,68
19.05.2017,30,26,9,65
20.05.2017,29,27,9,65
21.05.2017,30,26,8,64
22.05.2017,31,24,8,63
23.05.2017,28,28,7,63
24.05.2017,28,28,6,62
25.05.2017,29,27,6,62
26.05.2017,29,25,7,61
27.05.2017,31,23,7,61
28.05.2017,31,23,7,61
29.05.2017,30,22,8,60
30.05.2017,30,23,9,62
31.05.2017,30,23,9,62
01.06.2017,31,22,10,63
02.06.2017,31,22,10,63
03.06.2017,31,23,11,65
04.06.2017,31,23,12,66
05.06.2017,30,24,12,66
06.06.2017,30,25,10,65
07.06.2017,31,25,8,64
08.06.2017,32,22,8,62
09.06.2017,32,24,7,63
10.06.2017,32,25,7,64
11.06.2017,32,27,6,65
12.06.2017,32,28,6,66
13.06.2017,33,29,6,68
14.06.2017,32,29,6,67
15.06.2017,32,29,7,68
16.06.2017,31,31,7,69
17.06.2017,30,32,8,70
18.06.2017,31,31,8,70
19.06.2017,33,30,7,70
20.06.2017,32,33,7,72
21.06.2017,33,31,7,71
22.06.2017,32,33,8,73
23.06.2017,32,34,9,75
24.06.2017,33,33,10,76
25.06.2017,32,34,10,76
26.06.2017,32,35,9,76
27.06.2017,34,32,9,75
28.06.2017,36,31,8,75
29.06.2017,35,31,7,73
30.06.2017,34,33,7,74
01.07.2017,34,33,6,73
02.07.2017,34,33,6,73
03.07.2017,35,31,5,71
04.07.2017,35,31,5,71
05.07.2017,36,30,5,71
06.07.2017,35,30,5,70
07.07.2017,34,32,5,71
08.07.2017,33,31,7,71
09.07.2017,33,30,7,70
10.07.2017,33,29,8,70
11.07.2017,36,26,8,70
12.07.2017,34,24,8,66
13.07.2017,34,27,6,67
14.07.2017,33,28,6,67
15.07.2017,31,29,5,65
16.07.2017,31,28,6,65
17.07.2017,33,25,6,64
18.07.2017,32,27,5,64
19.07.2017,34,24,5,63
20.07.2017,34,25,4,63
21.07.2017,34,24,6,64
22.07.2017,34,23,5,62
23.07.2017,34,23,5,62
24.07.2017,35,22,5,62
25.07.2017,35,23,6,64
26.07.2017,33,26,5,64
27.07.2017,33,24,5,62
28.07.2017,32,24,6,62
29.07.2017,32,24,7,63
30.07.2017,32,24,7,63
31.07.2017,32,25,7,64
01.08.2017,32,25,7,64
02.08.2017,32,25,7,64
03.08.2017,32,22,8,62
04.08.2017,32,23,7,62
05.08.2017,32,23,7,62
06.08.2017,32,23,7,62
07.08.2017,33,22,6,61
08.08.2017,33,22,6,61
09.08.2017,33,23,6,62
10.08.2017,34,23,5,62
11.08.2017,34,23,5,62
12.08.2017,34,23,5,62
13.08.2017,35,22,5,62
14.08.2017,35,21,7,63
15.08.2017,36,22,6,64
16.08.2017,37,21,6,64
17.08.2017,37,22,5,64
18.08.2017,37,21,3,61
19.08.2017,37,22,3,62
20.08.2017,37,22,3,62
21.08.2017,37,22,3,62
22.08.2017,38,20,3,61
23.08.2017,37,20,3,60
24.08.2017,37,20,4,61
25.08.2017,37,20,4,61
26.08.2017,37,20,3,60
27.08.2017,36,20,3,59
28.08.2017,36,20,3,59
29.08.2017,36,20,4,60
30.08.2017,37,20,4,61
31.08.2017,37,19,3,59
01.09.2017,36,19,4,59
02.09.2017,36,18,4,58
03.09.2017,36,18,4,58
04.09.2017,36,18,4,58
05.09.2017,35,19,4,58
06.09.2017,32,21,4,57
07.09.2017,33,21,5,59
08.09.2017,33,21,6,60
09.09.2017,34,20,6,60
10.09.2017,34,20,6,60
11.09.2017,33,20,6,59
12.09.2017,33,19,8,60
13.09.2017,34,21,6,61
14.09.2017,34,21,7,62
15.09.2017,34,21,8,63
16.09.2017,35,20,8,63
17.09.2017,35,20,8,63
18.09.2017,35,19,8,62
19.09.2017,36,19,7,62
20.09.2017,36,19,7,62
21.09.2017,37,18,6,61
22.09.2017,37,18,5,60
23.09.2017,37,18,5,60
24.09.2017,37,17,6,60
25.09.2017,37,17,7,61
26.09.2017,37,17,7,61
27.09.2017,36,18,7,61
28.09.2017,37,17,8,62
29.09.2017,36,19,7,62
30.09.2017,36,19,7,62
01.10.2017,36,20,7,63
02.10.2017,35,21,7,63
03.10.2017,34,22,7,63
04.10.2017,33,23,5,61
05.10.2017,33,22,4,59
06.10.2017,34,22,6,62
07.10.2017,35,21,7,63
08.10.2017,35,22,6,63
09.10.2017,35,24,4,63
10.10.2017,35,25,6,66
11.10.2017,34,23,6,63
12.10.2017,33,24,6,63
13.10.2017,33,23,6,62
14.10.2017,34,22,6,62
15.10.2017,34,22,6,62
16.10.2017,34,25,6,65
17.10.2017,32,28,6,66
18.10.2017,32,28,5,65
19.10.2017,33,28,5,66
20.10.2017,34,28,4,66
21.10.2017,34,28,4,66
22.10.2017,34,27,4,65
23.10.2017,34,26,6,66
24.10.2017,34,25,6,65
25.10.2017,31,25,6,62
26.10.2017,32,24,7,63
27.10.2017,32,23,7,62
28.10.2017,32,23,7,62
29.10.2017,32,23,6,61
30.10.2017,32,23,7,62
31.10.2017,32,23,8,63
01.11.2017,30,25,7,62
02.11.2017,30,26,7,63
03.11.2017,33,24,8,65
04.11.2017,33,23,8,64
05.11.2017,33,22,9,64
06.11.2017,32,23,9,64
07.11.2017,30,25,9,64
08.11.2017,30,25,9,64
09.11.2017,29,26,9,64
10.11.2017,31,26,8,65
11.11.2017,31,26,8,65
12.11.2017,31,26,8,65
13.11.2017,31,24,7,62
14.11.2017,29,26,7,62
15.11.2017,30,26,7,63
16.11.2017,30,26,8,64
17.11.2017,32,24,8,64
18.11.2017,32,23,8,63
19.11.2017,32,23,8,63
20.11.2017,31,24,7,62
21.11.2017,31,25,7,63
22.11.2017,31,25,7,63
23.11.2017,31,26,6,63
24.11.2017,31,27,6,64
25.11.2017,31,27,8,66
26.11.2017,32,26,8,66
27.11.2017,31,27,8,66
28.11.2017,31,27,11,69
29.11.2017,32,27,10,69
30.11.2017,29,31,10,70
01.12.2017,30,30,9,69
02.12.2017,30,30,9,69
03.12.2017,30,31,9,70
04.12.2017,31,30,9,70
05.12.2017,31,30,9,70
06.12.2017,31,29,11,71
07.12.2017,30,31,10,71
08.12.2017,32,30,10,72
09.12.2017,31,32,10,73
10.12.2017,29,34,12,75
11.12.2017,29,35,11,75
12.12.2017,30,34,11,75
13.12.2017,30,36,10,76
14.12.2017,30,36,10,76
15.12.2017,31,36,9,76
16.12.2017,29,38,9,76
17.12.2017,30,38,8,76
18.12.2017,31,37,8,76
19.12.2017,31,36,8,75
20.12.2017,33,33,9,75
21.12.2017,33,32,10,75
22.12.2017,33,32,9,74
23.12.2017,33,32,7,72
24.12.2017,33,33,7,73
25.12.2017,32,34,7,73
26.12.2017,30,36,7,73
27.12.2017,31,35,7,73
28.12.2017,33,32,7,72
29.12.2017,31,33,6,70
30.12.2017,31,33,7,71
31.12.2017,31,33,8,72
01.01.2018,32,33,8,73
02.01.2018,32,33,9,74
03.01.2018,32,31,11,74
04.01.2018,31,32,10,73
05.01.2018,33,29,11,73
06.01.2018,33,30,11,74
07.01.2018,32,31,9,72
08.01.2018,31,32,9,72
09.01.2018,30,32,10,72
10.01.2018,29,33,11,73
11.01.2018,29,33,14,76
12.01.2018,29,30,16,75
13.01.2018,29,31,18,78
14.01.2018,30,31,20,81
15.01.2018,30,32,18,80
16.01.2018,30,33,18,81
17.01.2018,30,31,17,78
18.01.2018,28,32,16,76
19.01.2018,27,31,17,75
20.01.2018,27,32,19,78
21.01.2018,28,32,18,78
22.01.2018,28,33,17,78
23.01.2018,29,34,16,79
24.01.2018,29,36,16,81
25.01.2018,29,39,17,85
26.01.2018,28,41,18,87
27.01.2018,28,41,17,86
28.01.2018,27,44,16,87
29.01.2018,27,44,18,89
30.01.2018,26,48,17,91
31.01.2018,25,50,17,92
01.02.2018,26,48,16,90
02.02.2018,27,44,16,87
03.02.2018,26,45,16,87
04.02.2018,25,46,16,87
05.02.2018,25,46,18,89
06.02.2018,24,47,16,87
07.02.2018,25,46,15,86
08.02.2018,25,47,13,85
09.02.2018,26,46,13,85
10.02.2018,26,46,12,84
11.02.2018,27,43,12,82
12.02.2018,27,43,15,85
13.02.2018,27,45,15,87
14.02.2018,28,46,13,87
15.02.2018,27,45,14,86
16.02.2018,26,46,16,88
17.02.2018,25,47,15,87
18.02.2018,25,46,15,86
19.02.2018,26,46,17,89
20.02.2018,29,44,18,91
21.02.2018,29,46,16,91
22.02.2018,28,44,14,86
23.02.2018,25,46,15,86
24.02.2018,25,46,15,86
25.02.2018,25,45,17,87
26.02.2018,27,45,17,89
27.02.2018,27,43,15,85
28.02.2018,25,44,15,84
01.03.2018,25,45,16,86
02.03.2018,26,44,17,87
03.03.2018,26,45,17,88
04.03.2018,27,45,16,88
05.03.2018,26,47,17,90
06.03.2018,26,46,17,89
07.03.2018,27,51,10,88
08.03.2018,29,49,10,88
09.03.2018,29,48,10,87
10.03.2018,29,48,10,87
11.03.2018,28,49,11,88
12.03.2018,28,51,14,93
13.03.2018,27,51,14,92
14.03.2018,32,46,15,93
15.03.2018,31,50,15,96
16.03.2018,30,52,15,97
17.03.2018,32,50,15,97
18.03.2018,31,50,15,96
19.03.2018,30,51,14,95
20.03.2018,31,51,12,94
21.03.2018,31,50,12,93
22.03.2018,31,49,12,92
23.03.2018,31,49,11,91
24.03.2018,31,49,11,91
25.03.2018,30,50,10,90
26.03.2018,33,48,11,92
27.03.2018,33,49,11,93
28.03.2018,29,55,10,94
29.03.2018,29,56,9,94
30.03.2018,29,54,8,91
31.03.2018,29,54,8,91
01.04.2018,28,55,9,92
02.04.2018,26,57,9,92
03.04.2018,27,55,9,91
04.04.2018,30,52,13,95
05.04.2018,30,55,10,95
06.04.2018,31,54,10,95
07.04.2018,31,54,10,95
08.04.2018,31,53,9,93
09.04.2018,29,56,6,91
10.04.2018,29,53,6,88
11.04.2018,33,47,8,88
12.04.2018,30,50,6,86
13.04.2018,29,52,5,86
14.04.2018,31,51,4,86
15.04.2018,31,51,4,86
16.04.2018,29,53,4,86
17.04.2018,32,51,8,91
18.04.2018,31,51,9,91
19.04.2018,30,54,8,92
20.04.2018,29,56,7,92
21.04.2018,29,55,7,91
22.04.2018,28,57,8,93
23.04.2018,33,51,8,92
24.04.2018,35,48,9,92
25.04.2018,33,49,10,92
26.04.2018,31,51,9,91
27.04.2018,32,50,12,94
28.04.2018,32,51,11,94
29.04.2018,32,51,11,94
30.04.2018,31,51,11,93
01.05.2018,32,51,12,95
02.05.2018,34,48,11,93
03.05.2018,36,48,11,95
04.05.2018,38,46,12,96
05.05.2018,39,45,14,98
06.05.2018,37,47,15,99
07.05.2018,36,49,16,101
08.05.2018,35,51,16,102
09.05.2018,36,51,18,105
10.05.2018,36,50,18,104
11.05.2018,35,52,18,105
12.05.2018,37,49,18,104
13.05.2018,37,48,18,103
14.05.2018,35,50,21,106
15.05.2018,34,50,19,103
16.05.2018,36,46,19,101
17.05.2018,37,43,18,98
18.05.2018,35,43,18,96
19.05.2018,35,44,18,97
20.05.2018,35,44,17,96
21.05.2018,37,41,19,97
22.05.2018,40,41,19,100
23.05.2018,39,43,20,102
24.05.2018,38,45,18,101
25.05.2018,39,44,19,102
26.05.2018,38,45,20,103
27.05.2018,38,46,18,102
28.05.2018,37,48,18,103
29.05.2018,39,48,15,102
30.05.2018,38,50,14,102
31.05.2018,40,48,14,102
01.06.2018,40,47,14,101
02.06.2018,41,46,11,98
03.06.2018,39,48,10,97
04.06.2018,37,51,9,97
05.06.2018,36,52,10,98
06.06.2018,37,47,9,93
07.06.2018,36,50,9,95
08.06.2018,37,49,10,96
09.06.2018,37,49,12,98
10.06.2018,37,49,12,98
11.06.2018,37,50,10,97
12.06.2018,37,50,9,96
13.06.2018,37,51,9,97
14.06.2018,36,52,10,98
15.06.2018,34,58,11,103
16.06.2018,34,58,12,104
17.06.2018,36,55,13,104
18.06.2018,37,54,14,105
19.06.2018,37,53,15,105
20.06.2018,36,57,16,109
21.06.2018,35,57,16,108
22.06.2018,39,52,16,107
23.06.2018,39,52,16,107
24.06.2018,38,54,15,107
25.06.2018,38,55,15,108
26.06.2018,40,55,16,111
27.06.2018,40,57,14,111
28.06.2018,40,59,13,112
29.06.2018,41,58,15,114
30.06.2018,41,59,15,115
01.07.2018,40,60,15,115
02.07.2018,40,62,16,118
03.07.2018,39,64,18,121
04.07.2018,39,65,18,122
05.07.2018,39,66,17,122
06.07.2018,40,66,16,122
07.07.2018,40,66,16,122
08.07.2018,40,67,15,122
09.07.2018,39,68,17,124
10.07.2018,39,68,17,124
11.07.2018,40,66,20,126
12.07.2018,40,68,19,127
13.07.2018,41,69,16,126
14.07.2018,41,68,16,125
15.07.2018,42,67,16,125
16.07.2018,44,66,17,127
17.07.2018,43,69,16,128
18.07.2018,42,73,13,128
19.07.2018,47,70,15,132
20.07.2018,47,72,13,132
21.07.2018,46,70,13,129
22.07.2018,45,71,14,130
23.07.2018,48,71,12,131
24.07.2018,47,72,13,132
25.07.2018,47,71,13,131
26.07.2018,49,68,13,130
27.07.2018,50,67,11,128
28.07.2018,50,65,11,126
29.07.2018,50,65,12,127
30.07.2018,52,64,15,131
31.07.2018,51,66,12,129
01.08.2018,52,67,14,133
02.08.2018,54,65,17,136
03.08.2018,55,67,19,141
04.08.2018,55,68,19,142
05.08.2018,55,68,20,143
06.08.2018,52,71,21,144
07.08.2018,54,71,23,148
08.08.2018,54,74,17,145
09.08.2018,52,73,19,144
10.08.2018,51,76,19,146
11.08.2018,51,76,19,146
12.08.2018,52,74,19,145
13.08.2018,52,76,15,143
14.08.2018,54,73,21,148
15.08.2018,52,75,19,146
16.08.2018,54,70,18,142
17.08.2018,54,72,16,142
18.08.2018,54,73,16,143
19.08.2018,53,75,16,144
20.08.2018,53,79,14,146
21.08.2018,52,80,17,149
22.08.2018,51,77,17,145
23.08.2018,54,75,18,147
24.08.2018,55,75,19,149
25.08.2018,57,75,18,150
26.08.2018,57,74,17,148
27.08.2018,56,71,18,145
28.08.2018,55,72,18,145
29.08.2018,53,75,15,143
30.08.2018,57,72,15,144
31.08.2018,57,68,16,141
01.09.2018,55,70,15,140
02.09.2018,55,70,14,139
03.09.2018,54,71,13,138
04.09.2018,54,69,14,137
05.09.2018,54,71,12,137
06.09.2018,52,71,12,135
07.09.2018,51,69,13,133
08.09.2018,51,69,13,133
09.09.2018,51,69,13,133
10.09.2018,51,69,14,134
11.09.2018,51,73,12,136
12.09.2018,50,74,13,137
13.09.2018,51,72,13,136
14.09.2018,49,72,16,137
15.09.2018,49,70,16,135
16.09.2018,50,69,17,136
17.09.2018,51,70,13,134
18.09.2018,49,72,10,131
19.09.2018,46,76,10,132
20.09.2018,46,73,9,128
21.09.2018,46,72,9,127
22.09.2018,48,70,9,127
23.09.2018,48,69,11,128
24.09.2018,50,64,12,126
25.09.2018,52,65,12,129
26.09.2018,50,67,11,128
27.09.2018,54,62,12,128
28.09.2018,54,63,12,129
29.09.2018,54,63,12,129
30.09.2018,54,63,12,129
01.10.2018,53,63,12,128
02.10.2018,56,61,11,128
03.10.2018,52,64,11,127
04.10.2018,47,66,12,125
05.10.2018,48,68,12,128
06.10.2018,49,67,12,128
07.10.2018,49,67,12,128
08.10.2018,49,68,15,132
09.10.2018,53,65,15,133
10.10.2018,50,68,16,134
11.10.2018,50,69,18,137
12.10.2018,50,72,14,136
13.10.2018,50,72,14,136
14.10.2018,50,74,12,136
15.10.2018,47,77,13,137
16.10.2018,48,78,13,139
17.10.2018,46,81,14,141
18.10.2018,45,79,16,140
19.10.2018,45,81,17,143
20.10.2018,46,80,18,144
21.10.2018,47,79,18,144
22.10.2018,48,79,17,144
23.10.2018,47,75,17,139
24.10.2018,45,76,16,137
25.10.2018,49,72,16,137
26.10.2018,49,77,14,140
27.10.2018,49,77,14,140
28.10.2018,51,77,15,143
29.10.2018,53,78,15,146
30.10.2018,55,77,13,145
31.10.2018,54,77,14,145
01.11.2018,49,82,12,143
02.11.2018,49,84,13,146
03.11.2018,51,82,14,147
04.11.2018,51,83,13,147
05.11.2018,50,84,12,146
06.11.2018,51,86,15,152
07.11.2018,49,89,12,150
08.11.2018,49,88,12,149
09.11.2018,50,85,13,148
10.11.2018,50,87,11,148
11.11.2018,50,85,12,147
12.11.2018,47,88,13,148
13.11.2018,49,86,13,148
14.11.2018,49,86,16,151
15.11.2018,51,85,15,151
16.11.2018,51,84,19,154
17.11.2018,50,85,19,154
18.11.2018,51,85,18,154
19.11.2018,51,86,20,157
20.11.2018,50,90,19,159
21.11.2018,51,90,21,162
22.11.2018,54,87,22,163
23.11.2018,53,90,21,164
24.11.2018,54,89,21,164
25.11.2018,54,88,18,160
26.11.2018,55,89,18,162
27.11.2018,54,89,18,161
28.11.2018,54,89,20,163
29.11.2018,53,89,23,165
30.11.2018,53,90,23,166
01.12.2018,54,90,23,167
02.12.2018,54,89,24,167
03.12.2018,54,90,24,168
04.12.2018,56,89,23,168
05.12.2018,54,92,23,169
06.12.2018,55,92,21,168
07.12.2018,52,93,19,164
08.12.2018,53,92,20,165
09.12.2018,53,92,19,164
10.12.2018,53,94,19,166
11.12.2018,50,97,17,164
12.12.2018,54,95,16,165
13.12.2018,55,94,17,166
14.12.2018,56,91,19,166
15.12.2018,56,90,19,165
16.12.2018,56,92,18,166
17.12.2018,56,88,17,161
18.12.2018,57,91,16,164
19.12.2018,57,88,16,161
20.12.2018,59,86,16,161
21.12.2018,58,88,14,160
22.12.2018,58,88,14,160
23.12.2018,58,88,15,161
24.12.2018,57,86,15,158
25.12.2018,56,87,15,158
26.12.2018,58,85,13,156
27.12.2018,56,87,12,155
28.12.2018,56,86,14,156
29.12.2018,57,85,15,157
30.12.2018,57,85,14,156
31.12.2018,59,82,12,153
01.01.2019,56,80,12,148
02.01.2019,58,79,12,149
03.01.2019,60,76,11,147
04.01.2019,57,78,13,148
05.01.2019,57,77,13,147
06.01.2019,58,76,13,147
07.01.2019,57,75,11,143
08.01.2019,55,75,13,143
09.01.2019,55,74,14,143
10.01.2019,55,74,14,143
11.01.2019,58,70,13,141
12.01.2019,58,70,13,141
13.01.2019,58,70,13,141
14.01.2019,56,69,12,137
15.01.2019,53,70,14,137
16.01.2019,55,67,15,137
17.01.2019,58,65,15,138
18.01.2019,57,62,14,133
19.01.2019,57,62,14,133
20.01.2019,55,62,13,130
21.01.2019,54,64,12,130
22.01.2019,56,65,16,137
23.01.2019,61,63,16,140
24.01.2019,59,69,16,144
25.01.2019,58,69,15,142
26.01.2019,57,70,14,141
27.01.2019,58,69,14,141
28.01.2019,57,71,15,143
29.01.2019,57,75,15,147
30.01.2019,58,73,17,148
31.01.2019,58,77,18,153
01.02.2019,58,80,15,153
02.02.2019,58,79,16,153
03.02.2019,58,78,17,153
04.02.2019,60,80,16,156
05.02.2019,61,76,15,152
06.02.2019,62,76,17,155
07.02.2019,64,74,14,152
08.02.2019,64,73,13,150
09.02.2019,64,73,15,152
10.02.2019,64,73,16,153
11.02.2019,64,71,19,154
12.02.2019,63,72,19,154
13.02.2019,62,76,16,154
14.02.2019,63,74,19,156
15.02.2019,64,74,18,156
16.02.2019,63,76,17,156
17.02.2019,64,75,19,158
18.02.2019,64,74,17,155
19.02.2019,63,74,16,153
20.02.2019,61,75,18,154
21.02.2019,65,71,19,155
22.02.2019,62,75,17,154
23.02.2019,60,78,17,155
24.02.2019,60,77,17,154
25.02.2019,58,81,19,158
26.02.2019,59,80,19,158
27.02.2019,57,82,18,157
28.02.2019,59,80,17,156
01.03.2019,61,79,18,158
02.03.2019,61,79,18,158
03.03.2019,63,77,18,158
04.03.2019,62,78,18,158
05.03.2019,62,75,20,157
06.03.2019,63,78,19,160
07.03.2019,62,79,18,159
08.03.2019,62,78,18,158
09.03.2019,64,76,18,158
10.03.2019,65,75,18,158
11.03.2019,63,77,17,157
12.03.2019,62,81,17,160
13.03.2019,64,77,17,158
14.03.2019,64,77,18,159
15.03.2019,64,74,17,155
16.03.2019,64,73,17,154
17.03.2019,64,73,15,152
18.03.2019,66,73,16,155
19.03.2019,70,67,18,155
20.03.2019,70,68,12,150
21.03.2019,72,66,11,149
22.03.2019,73,65,11,149
23.03.2019,72,65,11,148
24.03.2019,72,64,12,148
25.03.2019,70,64,12,146
26.03.2019,70,64,14,148
27.03.2019,70,64,15,149
28.03.2019,72,63,15,150
29.03.2019,72,63,17,152
30.03.2019,72,63,17,152
31.03.2019,74,61,17,152
01.04.2019,73,65,16,154
02.04.2019,68,73,15,156
03.04.2019,69,71,17,157
04.04.2019,69,72,16,157
05.04.2019,71,69,18,158
06.04.2019,72,68,18,158
07.04.2019,73,66,19,158
08.04.2019,70,67,20,157
09.04.2019,74,64,19,157
10.04.2019,74,65,19,158
11.04.2019,75,65,21,161
12.04.2019,74,66,22,162
13.04.2019,74,66,22,162
14.04.2019,74,67,21,162
15.04.2019,73,65,21,159
16.04.2019,71,67,20,158
17.04.2019,74,63,20,157
18.04.2019,74,62,20,156
19.04.2019,74,60,20,154
20.04.2019,73,62,19,154
21.04.2019,75,60,20,155
22.04.2019,75,62,18,155
23.04.2019,72,64,16,152
24.04.2019,70,66,16,152
25.04.2019,68,69,15,152
26.04.2019,67,71,15,153
27.04.2019,67,71,16,154
28.04.2019,68,70,19,157
29.04.2019,65,71,17,153
30.04.2019,62,76,14,152
01.05.2019,62,74,11,147
02.05.2019,62,71,11,144
03.05.2019,62,70,9,141
04.05.2019,64,67,10,141
05.05.2019,64,67,10,141
06.05.2019,61,69,10,140
07.05.2019,66,64,9,139
08.05.2019,66,63,11,140
09.05.2019,68,64,8,140
10.05.2019,67,64,8,139
11.05.2019,68,64,8,140
12.05.2019,67,65,8,140
13.05.2019,65,66,10,141
14.05.2019,62,65,12,139
15.05.2019,63,66,13,142
16.05.2019,65,65,13,143
17.05.2019,66,64,15,145
18.05.2019,66,64,15,145
19.05.2019,66,64,14,144
20.05.2019,67,64,14,145
21.05.2019,67,66,16,149
22.05.2019,67,66,15,148
23.05.2019,70,62,18,150
24.05.2019,67,70,16,153
25.05.2019,67,70,15,152
26.05.2019,66,71,15,152
27.05.2019,64,70,15,149
28.05.2019,64,70,13,147
29.05.2019,61,72,15,148
30.05.2019,61,77,13,151
31.05.2019,61,79,12,152
01.06.2019,62,78,12,152
02.06.2019,62,79,12,153
03.06.2019,64,76,13,153
04.06.2019,64,72,13,149
05.06.2019,64,74,13,151
06.06.2019,66,71,13,150
07.06.2019,67,71,13,151
08.06.2019,68,69,13,150
09.06.2019,68,69,13,150
10.06.2019,66,71,13,150
11.06.2019,67,71,12,150
12.06.2019,66,71,12,149
13.06.2019,65,70,16,151
14.06.2019,64,74,14,152
15.06.2019,65,75,12,152
16.06.2019,65,75,12,152
17.06.2019,68,72,14,154
18.06.2019,67,75,11,153
19.06.2019,69,73,13,155
20.06.2019,69,71,12,152
21.06.2019,71,68,12,151
22.06.2019,70,69,13,152
23.06.2019,68,72,12,152
24.06.2019,66,74,14,154
25.06.2019,67,73,16,156
26.06.2019,68,73,14,155
27.06.2019,67,76,13,156
28.06.2019,64,78,12,154
29.06.2019,65,77,12,154
30.06.2019,65,78,12,155
01.07.2019,67,75,15,157
02.07.2019,67,75,15,157
03.07.2019,64,77,16,157
04.07.2019,64,79,14,157
05.07.2019,65,77,14,156
06.07.2019,64,78,14,156
07.07.2019,63,79,14,156
08.07.2019,63,77,16,156
09.07.2019,61,77,15,153
10.07.2019,64,72,15,151
11.07.2019,64,73,17,154
12.07.2019,65,74,16,155
13.07.2019,66,72,16,154
14.07.2019,66,72,17,155
15.07.2019,65,74,16,155
16.07.2019,63,74,17,154
17.07.2019,65,73,18,156
18.07.2019,66,73,16,155
19.07.2019,67,74,13,154
20.07.2019,68,73,12,153
21.07.2019,68,73,12,153
22.07.2019,69,71,11,151
23.07.2019,72,67,12,151
24.07.2019,72,65,12,149
25.07.2019,71,64,13,148
26.07.2019,72,65,14,151
27.07.2019,72,64,16,152
28.07.2019,73,64,15,152
29.07.2019,71,65,14,150
30.07.2019,65,71,14,150
31.07.2019,68,67,13,148
01.08.2019,70,65,13,148
02.08.2019,68,64,14,146
03.08.2019,69,63,14,146
04.08.2019,69,62,14,145
05.08.2019,73,59,13,145
06.08.2019,73,61,12,146
07.08.2019,74,60,17,151
08.08.2019,77,60,15,152
09.08.2019,77,57,14,148
10.08.2019,77,57,15,149
11.08.2019,77,57,14,148
12.08.2019,78,54,14,146
13.08.2019,78,56,13,147
14.08.2019,77,58,14,149
15.08.2019,77,61,14,152
16.08.2019,76,63,15,154
17.08.2019,77,62,14,153
18.08.2019,77,62,14,153
19.08.2019,79,63,14,156
20.08.2019,79,62,14,155
21.08.2019,80,62,16,158
22.08.2019,81,57,17,155
23.08.2019,81,61,15,157
24.08.2019,81,61,16,158
25.08.2019,81,60,16,157
26.08.2019,81,62,16,159
27.08.2019,79,64,14,157
28.08.2019,79,64,14,157
29.08.2019,81,62,15,158
30.08.2019,79,64,16,159
31.08.2019,80,63,16,159
01.09.2019,80,63,16,159
02.09.2019,82,61,18,161
03.09.2019,82,59,21,162
04.09.2019,81,60,19,160
05.09.2019,84,57,19,160
06.09.2019,83,62,18,163
07.09.2019,85,60,19,164
08.09.2019,85,60,19,164
09.09.2019,88,58,18,164
10.09.2019,88,58,21,167
11.09.2019,88,57,23,168
12.09.2019,86,59,20,165
13.09.2019,85,61,18,164
14.09.2019,87,58,18,163
15.09.2019,86,59,18,163
16.09.2019,85,62,17,164
17.09.2019,84,62,19,165
18.09.2019,82,67,18,167
19.09.2019,84,63,21,168
20.09.2019,85,60,21,166
21.09.2019,85,58,20,163
22.09.2019,85,58,22,165
23.09.2019,83,59,23,165
24.09.2019,82,60,22,164
25.09.2019,82,61,21,164
26.09.2019,82,63,22,167
27.09.2019,80,63,22,165
28.09.2019,81,62,23,166
29.09.2019,82,61,23,166
30.09.2019,84,58,22,164
01.10.2019,85,59,21,165
02.10.2019,84,62,21,167
03.10.2019,83,63,20,166
04.10.2019,85,62,19,166
05.10.2019,84,62,19,165
06.10.2019,84,62,19,165
07.10.2019,84,63,18,165
08.10.2019,84,62,18,164
09.10.2019,85,58,17,160
10.10.2019,84,57,17,158
11.10.2019,84,54,17,155
12.10.2019,86,52,17,155
13.10.2019,85,53,19,157
14.10.2019,83,52,19,154
15.10.2019,82,56,16,154
16.10.2019,81,52,14,147
17.10.2019,83,52,13,148
18.10.2019,82,50,13,145
19.10.2019,83,48,13,144
20.10.2019,83,47,12,142
21.10.2019,82,48,13,143
22.10.2019,81,48,14,143
23.10.2019,83,48,15,146
24.10.2019,84,47,14,145
25.10.2019,81,51,13,145
26.10.2019,83,48,12,143
27.10.2019,83,48,12,143
28.10.2019,85,45,12,142
29.10.2019,85,44,13,142
30.10.2019,83,46,12,141
31.10.2019,85,45,15,145
01.11.2019,86,45,13,144
02.11.2019,85,45,14,144
03.11.2019,84,48,15,147
04.11.2019,84,46,17,147
05.11.2019,83,48,15,146
06.11.2019,83,49,15,147
07.11.2019,84,47,16,147
08.11.2019,82,52,13,147
09.11.2019,81,51,14,146
10.11.2019,79,53,12,144
11.11.2019,78,53,15,146
12.11.2019,79,54,15,148
13.11.2019,78,56,16,150
14.11.2019,79,57,16,152
15.11.2019,78,61,17,156
16.11.2019,79,61,18,158
17.11.2019,78,62,17,157
18.11.2019,77,63,20,160
19.11.2019,78,70,17,165
20.11.2019,78,70,18,166
21.11.2019,80,69,17,166
22.11.2019,81,69,19,169
23.11.2019,81,69,18,168
24.11.2019,81,69,19,169
25.11.2019,81,72,18,171
26.11.2019,80,72,20,172
27.11.2019,80,74,24,178
28.11.2019,80,76,21,177
29.11.2019,80,77,25,182
30.11.2019,79,78,25,182
01.12.2019,78,79,26,183
02.12.2019,78,77,28,183
03.12.2019,77,81,24,182
04.12.2019,76,84,23,183
05.12.2019,78,83,25,186
06.12.2019,76,86,23,185
07.12.2019,76,84,23,183
08.12.2019,76,84,22,182
09.12.2019,76,86,24,186
10.12.2019,76,87,23,186
11.12.2019,77,83,25,185
12.12.2019,76,83,24,183
13.12.2019,78,83,21,182
14.12.2019,78,83,21,182
15.12.2019,77,84,22,183
16.12.2019,78,84,20,182
17.12.2019,80,79,20,179
18.12.2019,82,78,18,178
19.12.2019,79,78,18,175
20.12.2019,80,76,16,172
21.12.2019,80,76,16,172
22.12.2019,80,76,15,171
23.12.2019,79,74,14,167
24.12.2019,79,74,14,167
25.12.2019,77,72,11,160
26.12.2019,78,71,10,159
27.12.2019,78,70,7,155
28.12.2019,78,69,7,154
29.12.2019,78,69,7,154
30.12.2019,81,66,8,155
31.12.2019,78,63,8,149
01.01.2020,76,61,8,145
02.01.2020,75,60,8,143
03.01.2020,74,59,11,144
04.01.2020,74,59,10,143
05.01.2020,74,59,11,144
06.01.2020,73,61,10,144
07.01.2020,74,61,10,145
08.01.2020,75,58,13,146
09.01.2020,74,58,15,147
10.01.2020,73,58,11,142
11.01.2020,72,57,11,140
12.01.2020,71,57,12,140
13.01.2020,72,54,13,139
14.01.2020,72,53,16,141
15.01.2020,74,52,17,143
16.01.2020,73,58,15,146
17.01.2020,74,54,15,143
18.01.2020,74,54,16,144
19.01.2020,74,54,17,145
20.01.2020,72,56,16,144
21.01.2020,74,55,15,144
22.01.2020,73,58,15,146
23.01.2020,74,55,16,145
24.01.2020,74,55,17,146
25.01.2020,74,55,17,146
26.01.2020,75,53,17,145
27.01.2020,76,54,18,148
28.01.2020,76,53,18,147
29.01.2020,75,54,19,148
30.01.2020,74,56,20,150
31.01.2020,72,60,18,150
01.02.2020,73,59,18,150
02.02.2020,73,60,19,152
03.02.2020,72,61,19,152
04.02.2020,74,58,21,153
05.02.2020,74,59,19,152
06.02.2020,74,59,20,153
07.02.2020,71,64,20,155
08.02.2020,71,65,21,157
09.02.2020,71,65,21,157
10.02.2020,72,63,22,157
11.02.2020,74,60,21,155
12.02.2020,78,57,21,156
13.02.2020,75,58,21,154
14.02.2020,75,56,20,151
15.02.2020,75,56,21,152
16.02.2020,75,56,21,152
17.02.2020,74,56,22,152
18.02.2020,74,55,22,151
19.02.2020,74,57,22,153
20.02.2020,76,55,19,150
21.02.2020,75,55,20,150
22.02.2020,75,56,19,150
23.02.2020,76,55,19,150
24.02.2020,74,55,19,148
25.02.2020,74,56,20,150
26.02.2020,74,59,20,153
27.02.2020,75,58,21,154
28.02.2020,74,59,22,155
29.02.2020,73,59,23,155
01.03.2020,72,60,22,154
02.03.2020,74,58,23,155
03.03.2020,74,61,20,155
04.03.2020,75,60,20,155
05.03.2020,75,60,19,154
06.03.2020,77,55,19,151
07.03.2020,77,56,17,150
08.03.2020,77,56,18,151
09.03.2020,77,57,17,151
10.03.2020,78,54,16,148
11.03.2020,79,54,16,149
12.03.2020,80,50,15,145
13.03.2020,80,51,16,147
14.03.2020,80,52,14,146
15.03.2020,80,52,15,147
16.03.2020,79,53,15,147
17.03.2020,78,54,15,147
18.03.2020,78,55,14,147
19.03.2020,79,54,15,148
20.03.2020,79,52,18,149
21.03.2020,80,51,18,149
22.03.2020,81,51,17,149
23.03.2020,82,54,17,153
24.03.2020,84,53,20,157
25.03.2020,84,53,18,155
26.03.2020,84,55,18,157
27.03.2020,83,56,18,157
28.03.2020,83,56,18,157
29.03.2020,83,56,21,160
30.03.2020,83,60,20,163
31.03.2020,84,59,21,164
01.04.2020,85,57,21,163
02.04.2020,84,61,22,167
03.04.2020,83,65,20,168
04.04.2020,83,67,20,170
05.04.2020,83,68,19,170
06.04.2020,83,65,19,167
07.04.2020,84,64,19,167
08.04.2020,84,63,18,165
09.04.2020,84,64,21,169
10.04.2020,84,62,20,166
11.04.2020,84,62,21,167
12.04.2020,84,62,21,167
13.04.2020,83,62,23,168
14.04.2020,81,64,24,169
15.04.2020,81,64,25,170
16.04.2020,83,64,24,171
17.04.2020,84,63,21,168
18.04.2020,84,63,21,168
19.04.2020,84,64,20,168
20.04.2020,85,62,17,164
21.04.2020,84,67,19,170
22.04.2020,82,70,23,175
23.04.2020,80,74,22,176
24.04.2020,80,74,20,174
25.04.2020,81,74,19,174
26.04.2020,81,75,21,177
27.04.2020,81,78,21,180
28.04.2020,80,80,20,180
29.04.2020,80,82,22,184
30.04.2020,80,78,21,179
01.05.2020,80,76,22,178
02.05.2020,80,77,21,178
03.05.2020,82,75,21,178
04.05.2020,83,74,25,182
05.05.2020,83,78,24,185
06.05.2020,83,79,25,187
07.05.2020,82,81,24,187
08.05.2020,80,81,28,189
09.05.2020,80,81,27,188
10.05.2020,80,82,28,190
11.05.2020,80,88,27,195
12.05.2020,81,88,29,198
13.05.2020,81,87,30,198
14.05.2020,83,87,28,198
15.05.2020,83,88,29,200
16.05.2020,84,88,28,200
17.05.2020,84,86,29,199
18.05.2020,83,85,32,200
19.05.2020,81,87,35,203
20.05.2020,80,85,37,202
21.05.2020,80,85,39,204
22.05.2020,81,83,38,202
23.05.2020,81,84,37,202
24.05.2020,80,86,38,204
25.05.2020,79,87,34,200
26.05.2020,80,87,36,203
27.05.2020,81,86,33,200
28.05.2020,79,90,32,201
29.05.2020,77,97,31,205
30.05.2020,78,96,33,207
31.05.2020,78,97,36,211
01.06.2020,79,97,34,210
02.06.2020,80,100,30,210
03.06.2020,80,104,33,217
04.06.2020,80,102,35,217
05.06.2020,80,100,33,213
06.06.2020,80,100,36,216
07.06.2020,80,101,33,214
08.06.2020,80,102,32,214
09.06.2020,82,102,32,216
10.06.2020,82,105,33,220
11.06.2020,83,108,48,239
12.06.2020,81,105,58,244
13.06.2020,81,104,58,243
14.06.2020,80,106,59,245
15.06.2020,81,106,66,253
16.06.2020,82,105,66,253
17.06.2020,82,108,66,256
18.06.2020,83,108,67,258
19.06.2020,85,106,66,257
20.06.2020,87,106,68,261
21.06.2020,87,106,68,261
22.06.2020,84,106,74,264
23.06.2020,84,109,71,264
24.06.2020,88,104,74,266
25.06.2020,86,105,72,263
26.06.2020,91,99,71,261
27.06.2020,90,100,71,261
28.06.2020,90,98,69,257
29.06.2020,91,98,69,258
30.06.2020,90,98,68,256
01.07.2020,89,99,67,255
02.07.2020,89,99,66,254
03.07.2020,89,100,66,255
04.07.2020,89,99,65,253
05.07.2020,90,99,64,253
06.07.2020,89,102,64,255
07.07.2020,88,100,66,254
08.07.2020,89,99,64,252
09.07.2020,85,102,44,231
10.07.2020,86,99,35,220
11.07.2020,86,100,37,223
12.07.2020,85,102,35,222
13.07.2020,82,103,27,212
14.07.2020,85,100,33,218
15.07.2020,85,97,33,215
16.07.2020,88,95,30,213
17.07.2020,86,96,30,212
18.07.2020,87,96,29,212
19.07.2020,87,96,30,213
20.07.2020,86,97,26,209
21.07.2020,86,100,25,211
22.07.2020,90,93,22,205
23.07.2020,90,92,23,205
24.07.2020,90,96,22,208
25.07.2020,88,99,22,209
26.07.2020,87,100,22,209
27.07.2020,87,99,22,208
28.07.2020,87,98,23,208
29.07.2020,86,102,21,209
30.07.2020,88,102,19,209
31.07.2020,88,102,22,212
01.08.2020,90,101,23,214
02.08.2020,90,102,23,215
03.08.2020,89,103,24,216
04.08.2020,89,105,25,219
05.08.2020,92,100,26,218
06.08.2020,89,104,23,216
07.08.2020,89,99,24,212
08.08.2020,89,99,21,209
09.08.2020,88,98,21,207
10.08.2020,88,98,22,208
11.08.2020,86,98,17,201
12.08.2020,87,94,17,198
13.08.2020,85,95,18,198
14.08.2020,84,96,18,198
15.08.2020,85,95,18,198
16.08.2020,85,95,18,198
17.08.2020,82,100,16,198
18.08.2020,81,99,17,197
19.08.2020,85,96,19,200
20.08.2020,87,91,20,198
21.08.2020,89,90,18,197
22.08.2020,88,89,19,196
23.08.2020,88,87,18,193
24.08.2020,86,93,21,200
25.08.2020,85,92,23,200
26.08.2020,85,91,22,198
27.08.2020,87,86,22,195
28.08.2020,85,90,23,198
29.08.2020,87,87,22,196
30.08.2020,87,87,22,196
31.08.2020,84,88,26,198
01.09.2020,82,93,25,200
02.09.2020,83,94,22,199
03.09.2020,81,96,24,201
04.09.2020,82,92,24,198
05.09.2020,82,92,23,197
06.09.2020,81,94,25,200
07.09.2020,79,94,24,197
08.09.2020,79,96,24,199
09.09.2020,78,100,24,202
10.09.2020,79,100,24,203
11.09.2020,77,102,23,202
12.09.2020,77,102,23,202
13.09.2020,77,101,23,201
14.09.2020,78,102,24,204
15.09.2020,76,107,21,204
16.09.2020,76,105,23,204
17.09.2020,78,104,22,204
18.09.2020,77,102,22,201
19.09.2020,77,103,21,201
20.09.2020,77,104,21,202
21.09.2020,79,98,19,196
22.09.2020,78,99,21,198
23.09.2020,79,96,21,196
24.09.2020,81,98,17,196
25.09.2020,79,101,15,195
26.09.2020,80,101,15,196
27.09.2020,79,101,16,196
28.09.2020,77,99,17,193
29.09.2020,77,101,15,193
30.09.2020,78,101,14,193
01.10.2020,77,105,11,193
02.10.2020,78,100,12,190
03.10.2020,78,99,14,191
04.10.2020,78,98,14,190
05.10.2020,76,103,13,192
06.10.2020,76,102,13,191
07.10.2020,78,101,14,193
08.10.2020,76,102,14,192
09.10.2020,76,106,11,193
10.10.2020,76,107,14,197
11.10.2020,76,105,15,196
12.10.2020,78,101,16,195
13.10.2020,80,95,18,193
14.10.2020,75,102,17,194
15.10.2020,70,108,14,192
16.10.2020,71,108,13,192
17.10.2020,71,109,12,192
18.10.2020,71,109,12,192
19.10.2020,70,109,13,192
20.10.2020,72,107,11,190
21.10.2020,71,111,10,192
22.10.2020,71,109,13,193
23.10.2020,69,110,13,192
24.10.2020,69,109,12,190
25.10.2020,70,107,12,189
26.10.2020,70,107,14,191
27.10.2020,76,103,15,194
28.10.2020,77,103,14,194
29.10.2020,79,102,13,194
30.10.2020,81,104,11,196
31.10.2020,80,105,12,197
01.11.2020,80,105,13,198
02.11.2020,79,104,14,197
03.11.2020,82,96,15,193
04.11.2020,81,95,18,194
05.11.2020,84,94,16,194
06.11.2020,87,89,18,194
07.11.2020,87,90,17,194
08.11.2020,87,90,16,193
09.11.2020,86,92,15,193
10.11.2020,84,95,14,193
11.11.2020,84,96,14,194
12.11.2020,83,98,16,197
13.11.2020,83,100,19,202
14.11.2020,83,100,19,202
15.11.2020,83,100,19,202
16.11.2020,82,103,22,207
17.11.2020,81,107,21,209
18.11.2020,79,108,23,210
19.11.2020,79,108,23,210
20.11.2020,80,106,25,211
21.11.2020,80,107,24,211
22.11.2020,79,107,24,210
23.11.2020,80,108,25,213
24.11.2020,85,100,25,210
25.11.2020,84,104,24,212
26.11.2020,82,104,27,213
27.11.2020,81,109,26,216
28.11.2020,82,110,25,217
29.11.2020,81,109,24,214
30.11.2020,81,110,25,216
01.12.2020,82,107,26,215
02.12.2020,81,108,27,216
03.12.2020,87,105,25,217
04.12.2020,90,102,25,217
05.12.2020,91,102,25,218
06.12.2020,90,104,28,222
07.12.2020,94,102,26,222
08.12.2020,93,105,23,221
09.12.2020,93,103,25,221
10.12.2020,93,106,22,221
11.12.2020,95,105,24,224
12.12.2020,95,105,24,224
13.12.2020,95,103,25,223
14.12.2020,95,104,23,222
15.12.2020,95,104,23,222
16.12.2020,94,105,28,227
17.12.2020,94,105,30,229
18.12.2020,90,112,29,231
19.12.2020,92,110,28,230
20.12.2020,91,112,28,231
21.12.2020,92,110,29,231
22.12.2020,92,104,28,224
23.12.2020,94,99,29,222
24.12.2020,92,101,30,223
25.12.2020,90,103,29,222
26.12.2020,90,102,28,220
27.12.2020,89,103,30,222
28.12.2020,89,104,29,222
29.12.2020,90,102,31,223
30.12.2020,85,109,29,223
31.12.2020,88,104,30,222
01.01.2021,89,103,30,222
02.01.2021,90,100,30,220
03.01.2021,90,99,29,218
04.01.2021,93,97,28,218
05.01.2021,92,95,30,217
06.01.2021,91,94,30,215
07.01.2021,91,93,27,211
08.01.2021,89,90,26,205
09.01.2021,89,91,26,206
10.01.2021,89,91,27,207
11.01.2021,89,94,29,212
12.01.2021,90,95,31,216
13.01.2021,91,95,30,216
14.01.2021,91,99,28,218
15.01.2021,86,102,26,214
16.01.2021,85,104,27,216
17.01.2021,86,105,30,221
18.01.2021,87,105,28,220
19.01.2021,88,104,30,222
20.01.2021,91,103,33,227
21.01.2021,89,104,35,228
22.01.2021,86,111,34,231
23.01.2021,87,110,34,231
24.01.2021,86,109,37,232
25.01.2021,87,109,36,232
26.01.2021,88,110,38,236
27.01.2021,87,119,36,242
28.01.2021,90,116,35,241
29.01.2021,87,126,32,245
30.01.2021,88,123,32,243
31.01.2021,89,123,31,243
01.02.2021,92,119,33,244
02.02.2021,93,119,31,243
03.02.2021,91,122,34,247
04.02.2021,92,122,35,249
05.02.2021,94,125,32,251
06.02.2021,94,125,32,251
07.02.2021,92,128,31,251
08.02.2021,95,125,34,254
09.02.2021,98,122,32,252
10.02.2021,98,121,30,249
11.02.2021,98,121,28,247
12.02.2021,95,122,27,244
13.02.2021,96,122,25,243
14.02.2021,94,123,23,240
15.02.2021,88,126,23,237
16.02.2021,89,127,23,239
17.02.2021,86,125,27,238
18.02.2021,91,124,27,242
19.02.2021,94,120,30,244
20.02.2021,94,121,31,246
21.02.2021,93,123,32,248
22.02.2021,96,122,32,250
23.02.2021,93,123,36,252
24.02.2021,90,126,35,251
25.02.2021,92,125,35,252
26.02.2021,90,123,35,248
27.02.2021,91,122,36,249
28.02.2021,92,120,37,249
01.03.2021,93,119,35,247
02.03.2021,92,121,33,246
03.03.2021,89,121,35,245
04.03.2021,90,126,35,251
05.03.2021,93,119,36,248
06.03.2021,93,121,36,250
07.03.2021,91,123,35,249
08.03.2021,94,120,35,249
09.03.2021,93,123,38,254
10.03.2021,96,122,36,254
11.03.2021,96,122,38,256
12.03.2021,95,121,42,258
13.03.2021,95,123,42,260
14.03.2021,91,127,41,259
15.03.2021,90,131,41,262
16.03.2021,95,132,39,266
17.03.2021,93,134,35,262
18.03.2021,98,132,33,263
19.03.2021,99,133,32,264
20.03.2021,99,130,33,262
21.03.2021,98,130,34,262
22.03.2021,100,128,33,261
23.03.2021,103,127,33,263
24.03.2021,104,121,34,259
25.03.2021,105,121,33,259
26.03.2021,104,120,36,260
27.03.2021,106,119,35,260
28.03.2021,106,120,36,262
29.03.2021,109,120,39,268
30.03.2021,108,125,39,272
31.03.2021,103,133,35,271
01.04.2021,103,128,31,262
02.04.2021,104,125,32,261
03.04.2021,105,124,31,260
04.04.2021,102,126,33,261
05.04.2021,103,126,30,259
06.04.2021,104,126,32,262
07.04.2021,105,125,36,266
08.04.2021,104,129,38,271
09.04.2021,100,133,41,274
10.04.2021,100,132,42,274
11.04.2021,98,134,42,274
12.04.2021,101,132,46,279
13.04.2021,104,130,42,276
14.04.2021,105,134,40,279
15.04.2021,106,136,35,277
16.04.2021,104,134,34,272
17.04.2021,106,132,35,273
18.04.2021,106,133,35,274
19.04.2021,105,133,36,274
20.04.2021,104,134,37,275
21.04.2021,103,138,37,278
22.04.2021,103,138,39,280
23.04.2021,100,140,37,277
24.04.2021,101,138,39,278
25.04.2021,102,137,40,279
26.04.2021,104,135,40,279
27.04.2021,107,131,43,281
28.04.2021,107,131,50,288
29.04.2021,109,128,51,288
30.04.2021,112,123,58,293
01.05.2021,113,123,61,297
02.05.2021,114,123,62,299
03.05.2021,114,123,66,303
04.05.2021,112,124,65,301
05.05.2021,108,127,63,298
06.05.2021,108,127,59,294
07.05.2021,106,130,63,299
08.05.2021,106,130,66,302
09.05.2021,105,133,67,305
10.05.2021,105,131,73,309
11.05.2021,107,128,78,313
12.05.2021,109,125,86,320
13.05.2021,108,125,84,317
14.05.2021,108,126,87,321
15.05.2021,108,128,83,319
16.05.2021,109,125,84,318
17.05.2021,108,131,86,325
18.05.2021,108,134,89,331
19.05.2021,110,134,85,329
20.05.2021,112,137,84,333
21.05.2021,110,141,83,334
22.05.2021,108,146,81,335
23.05.2021,109,149,77,335
24.05.2021,109,149,80,338
25.05.2021,110,149,81,340
26.05.2021,111,153,71,335
27.05.2021,113,150,73,336
28.05.2021,111,152,69,332
29.05.2021,113,152,67,332
30.05.2021,113,153,66,332
31.05.2021,113,150,65,328
01.06.2021,113,153,67,333
02.06.2021,109,158,71,338
03.06.2021,111,160,70,341
04.06.2021,108,163,72,343
05.06.2021,108,165,68,341
06.06.2021,109,162,67,338
07.06.2021,110,163,62,335
08.06.2021,112,163,57,332
09.06.2021,112,161,56,329
10.06.2021,114,160,55,329
11.06.2021,116,157,57,330
12.06.2021,117,154,59,330
13.06.2021,116,156,57,329
14.06.2021,118,154,58,330
15.06.2021,118,156,53,327
16.06.2021,113,160,53,326
17.06.2021,115,159,55,329
18.06.2021,118,158,56,332
19.06.2021,119,157,55,331
20.06.2021,120,155,54,329
21.06.2021,116,162,57,335
22.06.2021,117,165,57,339
23.06.2021,116,167,59,342
24.06.2021,115,170,59,344
25.06.2021,117,168,62,347
26.06.2021,117,168,61,346
27.06.2021,118,166,60,344
28.06.2021,119,165,60,344
29.06.2021,121,165,55,341
30.06.2021,122,160,54,336
01.07.2021,122,157,58,337
02.07.2021,121,157,57,335
03.07.2021,123,155,58,336
04.07.2021,125,153,59,337
05.07.2021,127,155,60,342
06.07.2021,125,162,60,347
07.07.2021,123,162,63,348
08.07.2021,123,161,64,348
09.07.2021,127,155,62,344
10.07.2021,126,156,62,344
11.07.2021,127,154,62,343
12.07.2021,125,160,64,349
13.07.2021,124,161,67,352
14.07.2021,122,164,72,358
15.07.2021,123,169,68,360
16.07.2021,124,169,64,357
17.07.2021,125,169,62,356
18.07.2021,125,168,63,356
19.07.2021,123,165,61,349
20.07.2021,122,168,62,352
21.07.2021,123,169,58,350
22.07.2021,122,171,60,353
23.07.2021,125,170,63,358
24.07.2021,125,170,63,358
25.07.2021,127,169,63,359
26.07.2021,126,174,64,364
27.07.2021,128,174,63,365
28.07.2021,125,174,65,364
29.07.2021,125,178,63,366
30.07.2021,124,182,61,367
31.07.2021,126,180,60,366
01.08.2021,126,180,60,366
02.08.2021,125,180,65,370
03.08.2021,123,182,63,368
04.08.2021,120,181,66,367
05.08.2021,123,182,65,370
06.08.2021,125,180,64,369
07.08.2021,123,182,67,372
08.08.2021,124,182,68,374
09.08.2021,120,184,70,374
10.08.2021,121,189,67,377
11.08.2021,119,190,67,376
12.08.2021,114,196,65,375
13.08.2021,117,194,63,374
14.08.2021,116,197,64,377
15.08.2021,116,197,71,384
16.08.2021,117,195,75,387
17.08.2021,116,199,76,391
18.08.2021,116,193,80,389
19.08.2021,118,192,78,388
20.08.2021,121,188,75,384
21.08.2021,122,189,79,390
22.08.2021,122,187,79,388
23.08.2021,122,190,79,391
24.08.2021,118,192,81,391
25.08.2021,117,195,88,400
26.08.2021,118,196,88,402
27.08.2021,119,193,91,403
28.08.2021,120,193,91,404
29.08.2021,122,191,95,408
30.08.2021,124,193,85,402
31.08.2021,122,197,86,405
01.09.2021,121,200,80,401
02.09.2021,123,196,83,402
03.09.2021,122,202,86,410
04.09.2021,120,203,86,409
05.09.2021,122,203,84,409
06.09.2021,125,198,85,408
07.09.2021,128,197,86,411
08.09.2021,128,198,83,409
09.09.2021,126,206,83,415
10.09.2021,128,207,84,419
11.09.2021,127,207,86,420
12.09.2021,129,208,84,421
13.09.2021,134,205,88,427
14.09.2021,133,209,88,430
15.09.2021,134,213,88,435
16.09.2021,135,210,84,429
17.09.2021,137,208,89,434
18.09.2021,139,207,86,432
19.09.2021,138,209,92,439
20.09.2021,130,219,89,438
21.09.2021,128,218,92,438
22.09.2021,129,217,85,431
23.09.2021,128,215,89,432
24.09.2021,131,214,88,433
25.09.2021,129,215,89,433
26.09.2021,129,216,91,436
27.09.2021,131,214,89,434
28.09.2021,127,218,88,433
29.09.2021,128,212,93,433
30.09.2021,130,213,90,433
01.10.2021,131,217,85,433
02.10.2021,131,220,85,436
03.10.2021,131,220,86,437
04.10.2021,129,216,88,433
05.10.2021,132,216,89,437
06.10.2021,132,221,84,437
07.10.2021,133,225,82,440
08.10.2021,132,228,79,439
09.10.2021,130,229,75,434
10.10.2021,128,226,73,427
11.10.2021,132,221,73,426
12.10.2021,134,219,71,424
13.10.2021,135,213,70,418
14.10.2021,134,217,76,427
15.10.2021,137,222,74,433
16.10.2021,136,222,72,430
17.10.2021,134,224,69,427
18.10.2021,129,228,66,423
19.10.2021,131,220,70,421
20.10.2021,138,220,70,428
21.10.2021,136,222,66,424
22.10.2021,135,221,66,422
23.10.2021,134,221,69,424
24.10.2021,135,222,66,423
25.10.2021,139,223,68,430
26.10.2021,142,220,70,432
27.10.2021,142,224,67,433
28.10.2021,142,225,72,439
29.10.2021,139,227,68,434
30.10.2021,141,220,68,429
31.10.2021,140,216,69,425
01.11.2021,143,209,71,423
02.11.2021,139,213,75,427
03.11.2021,140,208,81,429
04.11.2021,136,208,84,428
05.11.2021,137,204,80,421
06.11.2021,136,205,85,426
07.11.2021,136,206,82,424
08.11.2021,138,207,80,425
09.11.2021,138,207,80,425
10.11.2021,138,211,84,433
11.11.2021,135,212,85,432
12.11.2021,138,204,85,427
13.11.2021,135,208,92,435
14.11.2021,134,211,93,438
15.11.2021,129,216,91,436
16.11.2021,133,218,97,448
17.11.2021,140,211,94,445
18.11.2021,139,212,99,450
19.11.2021,144,210,99,453
20.11.2021,143,213,97,453
21.11.2021,143,214,97,454
22.11.2021,142,216,96,454
23.11.2021,145,215,99,459
24.11.2021,144,214,101,459
25.11.2021,144,210,96,450
26.11.2021,142,216,98,456
27.11.2021,144,214,97,455
28.11.2021,144,215,99,458
29.11.2021,144,220,102,466
30.11.2021,143,216,107,466
01.12.2021,146,214,100,460
02.12.2021,146,208,98,452
03.12.2021,143,213,99,455
04.12.2021,143,215,99,457
05.12.2021,144,216,99,459
06.12.2021,147,207,104,458
07.12.2021,142,209,100,451
08.12.2021,141,214,96,451
09.12.2021,138,217,90,445
10.12.2021,139,214,87,440
11.12.2021,138,215,82,435
12.12.2021,137,217,82,436
13.12.2021,136,209,89,434
14.12.2021,137,208,88,433
15.12.2021,141,205,89,435
16.12.2021,139,203,88,430
17.12.2021,142,199,88,429
18.12.2021,141,199,89,429
19.12.2021,139,196,89,424
20.12.2021,138,194,90,422
21.12.2021,139,194,91,424
22.12.2021,136,197,91,424
23.12.2021,138,194,96,428
24.12.2021,136,193,97,426
25.12.2021,136,195,94,425
26.12.2021,137,195,91,423
27.12.2021,137,193,84,414
28.12.2021,138,193,80,411
29.12.2021,138,183,78,399
30.12.2021,135,181,74,390
31.12.2021,133,181,72,386
01.01.2022,132,180,68,380
02.01.2022,133,183,66,382
03.01.2022,132,180,65,377
04.01.2022,131,181,62,374
05.01.2022,133,184,64,381
06.01.2022,131,184,63,378
07.01.2022,130,185,66,381
08.01.2022,130,187,67,384
09.01.2022,132,190,62,384
10.01.2022,136,189,68,393
11.01.2022,135,195,71,401
12.01.2022,133,196,71,400
13.01.2022,130,200,73,403
14.01.2022,131,197,68,396
15.01.2022,133,194,69,396
16.01.2022,132,196,72,400
17.01.2022,129,201,74,404
18.01.2022,135,202,77,414
19.01.2022,134,206,76,416
20.01.2022,135,205,77,417
21.01.2022,133,208,79,420
22.01.2022,132,209,81,422
23.01.2022,134,209,84,427
24.01.2022,134,210,88,432
25.01.2022,134,215,94,443
26.01.2022,135,213,96,444
27.01.2022,136,219,103,458
28.01.2022,134,223,103,460
29.01.2022,138,220,108,466
30.01.2022,138,224,108,470
31.01.2022,136,225,109,470
01.02.2022,138,218,118,474
02.02.2022,139,219,115,473
03.02.2022,139,224,115,478
04.02.2022,138,225,119,482
05.02.2022,137,233,114,484
06.02.2022,139,229,117,485
07.02.2022,140,226,116,482
08.02.2022,139,226,120,485
09.02.2022,140,230,118,488
10.02.2022,142,231,109,482
11.02.2022,139,235,107,481
12.02.2022,140,237,105,482
13.02.2022,141,236,104,481
14.02.2022,145,232,98,475
15.02.2022,146,231,95,472
16.02.2022,146,229,99,474
17.02.2022,148,231,95,474
18.02.2022,149,229,95,473
19.02.2022,148,231,98,477
20.02.2022,147,233,95,475
21.02.2022,144,237,98,479
22.02.2022,147,232,91,470
23.02.2022,145,233,89,467
24.02.2022,144,229,80,453
25.02.2022,149,222,80,451
26.02.2022,150,217,83,450
27.02.2022,149,219,80,448
28.02.2022,147,225,81,453
01.03.2022,146,232,75,453
02.03.2022,149,228,82,459
03.03.2022,147,233,83,463
04.03.2022,146,237,83,466
05.03.2022,143,242,85,470
06.03.2022,144,239,85,468
07.03.2022,147,235,85,467
08.03.2022,147,231,82,460
09.03.2022,148,234,83,465
10.03.2022,152,231,79,462
11.03.2022,150,231,81,462
12.03.2022,150,229,80,459
13.03.2022,152,226,81,459
14.03.2022,152,222,79,453
15.03.2022,153,218,77,448
16.03.2022,156,213,76,445
17.03.2022,155,208,79,442
18.03.2022,154,215,74,443
19.03.2022,155,216,70,441
20.03.2022,153,225,71,449
21.03.2022,154,226,76,456
22.03.2022,157,223,77,457
23.03.2022,154,223,83,460
24.03.2022,155,226,84,465
25.03.2022,155,228,83,466
26.03.2022,155,224,85,464
27.03.2022,155,222,87,464
28.03.2022,157,223,85,465
29.03.2022,156,223,88,467
30.03.2022,152,228,79,459
31.03.2022,152,226,82,460
01.04.2022,151,232,91,474
02.04.2022,147,235,97,479
03.04.2022,151,239,91,481
04.04.2022,157,233,95,485
05.04.2022,156,240,94,490
06.04.2022,156,242,95,493
07.04.2022,160,242,94,496
08.04.2022,159,246,92,497
09.04.2022,159,244,100,503
10.04.2022,161,246,99,506
11.04.2022,159,249,98,506
12.04.2022,160,247,100,507
13.04.2022,164,245,99,508
14.04.2022,160,248,94,502
15.04.2022,160,251,90,501
16.04.2022,158,253,95,506
17.04.2022,158,254,89,501
18.04.2022,157,255,85,497
19.04.2022,159,255,88,502
20.04.2022,157,255,84,496
21.04.2022,160,249,89,498
22.04.2022,165,241,90,496
23.04.2022,163,245,90,498
24.04.2022,163,243,89,495
25.04.2022,166,238,87,491
26.04.2022,161,243,83,487
27.04.2022,161,241,86,488
28.04.2022,161,240,86,487
29.04.2022,160,242,78,480
30.04.2022,159,244,73,476
01.05.2022,160,243,73,476
02.05.2022,159,238,74,471
03.05.2022,155,239,73,467
04.05.2022,159,238,79,476
05.05.2022,163,235,81,479
06.05.2022,164,237,87,488
07.05.2022,164,239,83,486
08.05.2022,164,237,83,484
09.05.2022,162,245,84,491
10.05.2022,163,241,90,494
11.05.2022,163,247,85,495
12.05.2022,162,246,91,499
13.05.2022,170,246,97,513
14.05.2022,170,246,94,510
15.05.2022,172,240,100,512
16.05.2022,168,249,100,517
17.05.2022,169,248,99,516
18.05.2022,165,252,98,515
19.05.2022,163,255,90,508
20.05.2022,165,255,88,508
21.05.2022,162,260,85,507
22.05.2022,164,260,84,508
23.05.2022,165,261,89,515
24.05.2022,166,255,94,515
25.05.2022,170,256,91,517
26.05.2022,172,257,89,518
27.05.2022,169,256,93,518
28.05.2022,169,257,92,518
29.05.2022,172,256,92,520
30.05.2022,171,256,93,520
31.05.2022,166,263,96,525
01.06.2022,165,263,89,517
02.06.2022,167,263,97,527
03.06.2022,165,263,101,529
04.06.2022,165,260,101,526
05.06.2022,166,260,99,525
06.06.2022,165,262,98,525
07.06.2022,164,265,96,525
08.06.2022,165,270,94,529
09.06.2022,169,265,98,532
10.06.2022,170,263,94,527
11.06.2022,168,265,95,528
12.06.2022,168,264,96,528
13.06.2022,170,260,96,526
14.06.2022,170,258,95,523
15.06.2022,170,266,92,528
16.06.2022,170,264,96,530
17.06.2022,172,266,98,536
18.06.2022,173,264,98,535
19.06.2022,174,262,96,532
20.06.2022,171,262,91,524
21.06.2022,170,261,93,524
22.06.2022,173,260,98,531
23.06.2022,171,264,92,527
24.06.2022,171,263,91,525
25.06.2022,174,263,88,525
26.06.2022,174,262,89,525
27.06.2022,170,269,88,527
28.06.2022,173,267,90,530
29.06.2022,175,267,90,532
30.06.2022,172,269,83,524
01.07.2022,170,271,79,520
02.07.2022,168,275,76,519
03.07.2022,168,274,78,520
04.07.2022,165,275,78,518
05.07.2022,163,274,83,520
06.07.2022,173,269,86,528
07.07.2022,181,266,84,531
08.07.2022,182,266,82,530
09.07.2022,182,265,81,528
10.07.2022,182,268,80,530
11.07.2022,185,268,78,531
12.07.2022,186,269,83,538
13.07.2022,186,274,80,540
14.07.2022,187,274,79,540
15.07.2022,184,279,80,543
16.07.2022,184,278,79,541
17.07.2022,186,278,80,544
18.07.2022,181,284,84,549
19.07.2022,184,275,86,545
20.07.2022,187,271,83,541
21.07.2022,187,274,82,543
22.07.2022,187,276,81,544
23.07.2022,188,273,82,543
24.07.2022,188,273,80,541
25.07.2022,187,270,83,540
26.07.2022,182,280,77,539
27.07.2022,183,280,76,539
28.07.2022,185,278,77,540
29.07.2022,189,269,83,541
30.07.2022,187,272,83,542
31.07.2022,187,273,82,542
01.08.2022,186,274,77,537
02.08.2022,187,273,83,543
03.08.2022,183,276,82,541
04.08.2022,190,269,72,531
05.08.2022,188,268,74,530
06.08.2022,186,269,74,529
07.08.2022,186,266,73,525
08.08.2022,182,271,72,525
09.08.2022,180,268,74,522
10.08.2022,176,268,70,514
11.08.2022,176,269,70,515
12.08.2022,177,260,70,507
13.08.2022,176,261,70,507
14.08.2022,177,261,72,510
15.08.2022,176,261,71,508
16.08.2022,173,264,73,510
17.08.2022,177,268,72,517
18.08.2022,181,266,73,520
19.08.2022,185,267,78,530
20.08.2022,186,267,80,533
21.08.2022,185,269,79,533
22.08.2022,184,271,79,534
23.08.2022,179,275,80,534
24.08.2022,180,274,83,537
25.08.2022,178,282,90,550
26.08.2022,181,277,86,544
27.08.2022,181,283,89,553
28.08.2022,181,281,86,548
29.08.2022,179,285,84,548
30.08.2022,181,275,90,546
31.08.2022,179,283,87,549
01.09.2022,180,281,96,557
02.09.2022,184,278,96,558
03.09.2022,180,279,95,554
04.09.2022,180,280,96,556
05.09.2022,177,283,100,560
06.09.2022,180,286,100,566
07.09.2022,177,287,101,565
08.09.2022,174,287,100,561
09.09.2022,178,289,98,565
10.09.2022,177,292,98,567
11.09.2022,179,289,101,569
12.09.2022,180,283,101,564
13.09.2022,175,289,99,563
14.09.2022,178,290,104,572
15.09.2022,180,287,101,568
16.09.2022,176,282,97,555
17.09.2022,177,278,93,548
18.09.2022,175,277,95,547
19.09.2022,174,282,91,547
20.09.2022,168,292,88,548
21.09.2022,166,297,87,550
22.09.2022,166,302,84,552
23.09.2022,174,290,83,547
24.09.2022,172,294,80,546
25.09.2022,171,293,79,543
26.09.2022,166,292,85,543
27.09.2022,164,293,82,539
28.09.2022,162,293,85,540
29.09.2022,163,289,86,538
30.09.2022,164,288,89,541
01.10.2022,164,291,90,545
02.10.2022,162,291,91,544
03.10.2022,156,297,87,540
04.10.2022,161,286,87,534
05.10.2022,164,281,91,536
06.10.2022,163,295,88,546
07.10.2022,166,288,86,540
08.10.2022,165,291,87,543
09.10.2022,168,288,86,542
10.10.2022,164,298,79,541
11.10.2022,164,298,81,543
12.10.2022,164,301,79,544
13.10.2022,163,305,81,549
14.10.2022,161,307,83,551
15.10.2022,160,305,86,551
16.10.2022,158,307,86,551
17.10.2022,159,307,89,555
18.10.2022,157,311,89,557
19.10.2022,157,311,99,567
20.10.2022,155,308,103,566
21.10.2022,155,305,102,562
22.10.2022,157,305,105,567
23.10.2022,157,306,102,565
24.10.2022,156,308,107,571
25.10.2022,157,311,106,574
26.10.2022,156,314,109,579
27.10.2022,155,316,111,582
28.10.2022,159,311,108,578
29.10.2022,161,309,111,581
30.10.2022,159,315,106,580
31.10.2022,153,322,102,577
01.11.2022,158,319,97,574
02.11.2022,158,319,97,574
03.11.2022,158,319,96,573
04.11.2022,161,319,98,578
05.11.2022,162,324,97,583
06.11.2022,164,323,97,584
07.11.2022,164,319,95,578
08.11.2022,162,323,96,581
09.11.2022,161,326,94,581
10.11.2022,164,318,89,571
11.11.2022,163,321,83,567
12.11.2022,164,319,82,565
13.11.2022,163,318,86,567
14.11.2022,162,316,87,565
15.11.2022,160,316,81,557
16.11.2022,160,315,84,559
17.11.2022,162,318,77,557
18.11.2022,162,312,78,552
19.11.2022,163,306,74,543
20.11.2022,165,302,77,544
21.11.2022,159,309,73,541
22.11.2022,160,304,76,540
23.11.2022,159,304,74,537
24.11.2022,161,301,68,530
25.11.2022,169,297,66,532
26.11.2022,169,297,66,532
27.11.2022,168,296,68,532
28.11.2022,165,296,69,530
29.11.2022,166,294,70,530
30.11.2022,164,303,73,540
01.12.2022,166,303,72,541
02.12.2022,166,303,74,543
03.12.2022,165,306,75,546
04.12.2022,166,308,73,547
05.12.2022,168,303,83,554
06.12.2022,169,293,90,552
07.12.2022,173,286,89,548
08.12.2022,174,284,90,548
09.12.2022,175,283,98,556
10.12.2022,175,283,98,556
11.12.2022,175,283,97,555
12.12.2022,179,278,95,552
13.12.2022,182,273,93,548
14.12.2022,181,277,93,551
15.12.2022,183,279,93,555
16.12.2022,185,284,95,564
17.12.2022,184,290,94,568
18.12.2022,186,288,93,567
19.12.2022,181,297,95,573
20.12.2022,179,305,91,575
21.12.2022,175,313,93,581
22.12.2022,174,316,90,580
23.12.2022,174,311,90,575
24.12.2022,174,308,88,570
25.12.2022,176,304,86,566
26.12.2022,174,300,87,561
27.12.2022,174,301,85,560
28.12.2022,170,299,87,556
29.12.2022,167,297,86,550
30.12.2022,165,297,80,542
31.12.2022,166,293,78,537
01.01.2023,167,290,76,533
02.01.2023,168,282,73,523
03.01.2023,171,275,73,519
04.01.2023,172,268,75,515
05.01.2023,166,272,79,517
06.01.2023,164,279,75,518
07.01.2023,165,282,78,525
08.01.2023,166,281,78,525
09.01.2023,171,272,77,520
10.01.2023,169,269,77,515
11.01.2023,171,262,75,508
12.01.2023,169,264,77,510
13.01.2023,169,265,73,507
14.01.2023,173,259,70,502
15.01.2023,175,258,69,502
16.01.2023,176,250,71,497
17.01.2023,169,254,71,494
18.01.2023,172,247,75,494
19.01.2023,168,256,82,506
20.01.2023,166,270,74,510
21.01.2023,165,275,72,512
22.01.2023,167,276,74,517
23.01.2023,168,281,70,519
24.01.2023,171,282,69,522
25.01.2023,171,288,69,528
26.01.2023,167,301,70,538
27.01.2023,167,311,60,538
28.01.2023,164,315,59,538
29.01.2023,162,317,59,538
30.01.2023,164,316,64,544
31.01.2023,169,311,72,552
01.02.2023,174,305,75,554
02.02.2023,169,309,73,551
03.02.2023,171,306,75,552
04.02.2023,170,306,72,548
05.02.2023,170,306,72,548
06.02.2023,170,304,78,552
07.02.2023,174,303,81,558
08.02.2023,178,298,86,562
09.02.2023,176,304,87,567
10.02.2023,176,306,86,568
11.02.2023,177,305,88,570
12.02.2023,175,307,85,567
13.02.2023,176,301,82,559
14.02.2023,175,295,84,554
15.02.2023,172,296,86,554
16.02.2023,169,300,74,543
17.02.2023,168,299,73,540
18.02.2023,169,295,75,539
19.02.2023,170,294,72,536
20.02.2023,167,291,77,535
21.02.2023,168,291,75,534
22.02.2023,164,293,77,534
23.02.2023,165,291,75,531
24.02.2023,168,285,76,529
25.02.2023,169,285,75,529
26.02.2023,167,288,75,530
27.02.2023,168,285,77,530
28.02.2023,168,282,76,526
01.03.2023,166,288,82,536
02.03.2023,164,282,83,529
03.03.2023,166,286,82,534
04.03.2023,166,286,83,535
05.03.2023,165,289,79,533
06.03.2023,168,288,81,537
07.03.2023,167,289,79,535
08.03.2023,166,294,76,536
09.03.2023,172,288,78,538
10.03.2023,171,293,76,540
11.03.2023,171,292,77,540
12.03.2023,174,286,78,538
13.03.2023,174,288,77,539
14.03.2023,172,288,77,537
15.03.2023,173,290,75,538
16.03.2023,169,296,76,541
17.03.2023,168,299,74,541
18.03.2023,167,301,74,542
19.03.2023,166,301,75,542
20.03.2023,170,300,78,548
21.03.2023,169,302,73,544
22.03.2023,172,297,76,545
23.03.2023,174,301,74,549
24.03.2023,175,294,70,539
25.03.2023,173,293,71,537
26.03.2023,173,291,70,534
27.03.2023,171,293,63,527
28.03.2023,171,290,68,529
29.03.2023,172,290,69,531
30.03.2023,171,291,72,534
31.03.2023,177,287,66,530
01.04.2023,177,289,65,531
02.04.2023,174,295,65,534
03.04.2023,174,289,59,522
04.04.2023,174,293,58,525
05.04.2023,169,290,60,519
06.04.2023,170,283,60,513
07.04.2023,167,282,58,507
08.04.2023,166,282,56,504
09.04.2023,166,284,57,507
10.04.2023,165,285,57,507
11.04.2023,166,291,55,512
12.04.2023,165,288,53,506
13.04.2023,164,289,50,503
14.04.2023,162,288,52,502
15.04.2023,160,287,51,498
16.04.2023,163,281,54,498
17.04.2023,163,273,59,495
18.04.2023,159,258,59,476
19.04.2023,163,259,56,478
20.04.2023,164,252,55,471
21.04.2023,162,252,56,470
22.04.2023,160,253,57,470
23.04.2023,162,249,57,468
24.04.2023,160,254,57,471
25.04.2023,162,259,59,480
26.04.2023,158,265,59,482
27.04.2023,159,261,62,482
28.04.2023,160,262,59,481
29.04.2023,160,261,61,482
30.04.2023,157,261,60,478
01.05.2023,157,264,60,481
02.05.2023,157,258,69,484
03.05.2023,159,254,67,480
04.05.2023,165,249,73,487
05.05.2023,159,254,77,490
06.05.2023,159,255,78,492
07.05.2023,159,255,78,492
08.05.2023,155,259,83,497
09.05.2023,155,258,84,497
10.05.2023,151,260,81,492
11.05.2023,152,255,79,486
12.05.2023,154,255,82,491
13.05.2023,151,257,83,491
14.05.2023,154,253,81,488
15.05.2023,155,250,81,486
16.05.2023,156,252,78,486
17.05.2023,155,251,76,482
18.05.2023,154,252,76,482
19.05.2023,152,255,77,484
20.05.2023,150,255,75,480
21.05.2023,148,257,74,479
22.05.2023,145,259,76,480
23.05.2023,149,249,76,474
24.05.2023,143,250,69,462
25.05.2023,144,244,69,457
26.05.2023,141,237,69,447
27.05.2023,140,235,69,444
28.05.2023,140,233,70,443
29.05.2023,143,234,67,444
30.05.2023,141,240,64,445
31.05.2023,144,240,66,450
01.06.2023,145,240,65,450
02.06.2023,145,245,56,446
03.06.2023,144,247,58,449
04.06.2023,143,248,59,450
05.06.2023,143,252,60,455
06.06.2023,142,256,61,459
07.06.2023,140,254,71,465
08.06.2023,139,262,67,468
09.06.2023,139,262,66,467
10.06.2023,138,263,66,467
11.06.2023,142,260,66,468
12.06.2023,147,256,62,465
13.06.2023,147,249,60,456
14.06.2023,146,252,64,462
15.06.2023,143,258,66,467
16.06.2023,140,265,63,468
17.06.2023,138,264,65,467
18.06.2023,137,264,65,466
19.06.2023,139,260,65,464
20.06.2023,144,257,61,462
21.06.2023,146,252,61,459
22.06.2023,145,256,62,463
23.06.2023,147,256,59,462
24.06.2023,148,256,59,463
25.06.2023,145,257,59,461
26.06.2023,152,251,59,462
27.06.2023,151,250,59,460
28.06.2023,150,245,59,454
29.06.2023,149,251,59,459
30.06.2023,154,246,64,464
01.07.2023,155,240,66,461
02.07.2023,155,238,66,459
03.07.2023,157,235,64,456
04.07.2023,157,231,65,453
05.07.2023,156,233,61,450
06.07.2023,156,233,62,451
07.07.2023,158,229,61,448
08.07.2023,155,233,58,446
09.07.2023,156,235,60,451
10.07.2023,152,232,60,444
11.07.2023,152,228,62,442
12.07.2023,152,226,62,440
13.07.2023,149,227,60,436
14.07.2023,148,229,61,438
15.07.2023,150,226,61,437
16.07.2023,149,228,62,439
17.07.2023,149,224,62,435
18.07.2023,149,222,61,432
19.07.2023,148,223,58,429
20.07.2023,147,220,58,425
21.07.2023,145,222,63,430
22.07.2023,147,220,62,429
23.07.2023,147,221,61,429
24.07.2023,149,216,61,426
25.07.2023,146,217,59,422
26.07.2023,145,220,60,425
27.07.2023,146,220,60,426
28.07.2023,144,219,54,417
29.07.2023,145,217,53,415
30.07.2023,145,218,55,418
31.07.2023,145,218,52,415
01.08.2023,145,218,53,416
02.08.2023,148,214,54,416
03.08.2023,148,214,56,418
04.08.2023,149,216,57,422
05.08.2023,145,216,58,419
06.08.2023,143,215,56,414
07.08.2023,142,218,59,419
08.08.2023,145,217,61,423
09.08.2023,142,220,57,419
10.08.2023,142,224,52,418
11.08.2023,137,228,50,415
12.08.2023,136,228,50,414
13.08.2023,137,222,49,408
14.08.2023,137,221,53,411
15.08.2023,135,226,59,420
16.08.2023,140,225,59,424
17.08.2023,136,231,62,429
18.08.2023,131,236,62,429
19.08.2023,134,234,64,432
20.08.2023,133,234,65,432
21.08.2023,139,230,65,434
22.08.2023,143,225,70,438
23.08.2023,145,224,65,434
24.08.2023,142,234,58,434
25.08.2023,145,229,53,427
26.08.2023,146,227,54,427
27.08.2023,146,226,54,426
28.08.2023,145,233,55,433
29.08.2023,146,229,58,433
30.08.2023,151,227,64,442
31.08.2023,148,223,64,435
01.09.2023,152,217,64,433
02.09.2023,151,218,65,434
03.09.2023,152,217,65,434
04.09.2023,154,216,67,437
05.09.2023,153,221,64,438
06.09.2023,150,229,61,440
07.09.2023,151,224,61,436
08.09.2023,148,225,60,433
09.09.2023,148,226,62,436
10.09.2023,149,225,60,434
11.09.2023,148,221,61,430
12.09.2023,149,220,59,428
13.09.2023,152,216,59,427
14.09.2023,148,222,57,427
15.09.2023,145,229,50,424
16.09.2023,145,231,49,425
17.09.2023,141,235,51,427
18.09.2023,138,236,49,423
19.09.2023,146,234,46,426
20.09.2023,143,238,44,425
21.09.2023,145,235,45,425
22.09.2023,146,230,45,421
23.09.2023,148,226,45,419
24.09.2023,149,226,44,419
25.09.2023,148,224,45,417
26.09.2023,153,220,51,424
27.09.2023,154,222,47,423
28.09.2023,153,223,46,422
29.09.2023,156,219,41,416
30.09.2023,155,220,40,415
01.10.2023,153,223,39,415
