chainlink,,,,
Date, Full Time, Part Time, One Time, Total
09.05.2016,0,0,1,1
10.05.2016,0,1,0,1
11.05.2016,0,1,0,1
12.05.2016,0,1,0,1
13.05.2016,0,1,0,1
14.05.2016,0,1,0,1
15.05.2016,0,1,0,1
16.05.2016,0,1,0,1
17.05.2016,0,1,0,1
18.05.2016,0,1,0,1
19.05.2016,0,1,0,1
20.05.2016,0,1,0,1
21.05.2016,0,1,0,1
22.05.2016,0,1,0,1
23.05.2016,0,1,0,1
24.05.2016,0,1,0,1
25.05.2016,0,1,0,1
26.05.2016,0,1,0,1
27.05.2016,0,1,0,1
28.05.2016,0,1,0,1
29.05.2016,0,1,0,1
30.05.2016,0,1,0,1
31.05.2016,0,1,0,1
01.06.2016,0,1,0,1
02.06.2016,0,1,0,1
03.06.2016,0,1,0,1
04.06.2016,0,1,0,1
05.06.2016,0,1,0,1
06.06.2016,0,1,0,1
07.06.2016,0,1,0,1
08.06.2016,0,1,0,1
09.06.2016,0,1,0,1
10.06.2016,0,1,0,1
11.06.2016,0,1,0,1
12.06.2016,0,1,0,1
13.06.2016,0,1,0,1
14.06.2016,0,1,0,1
15.06.2016,0,1,0,1
16.06.2016,0,1,0,1
17.06.2016,0,1,0,1
18.06.2016,0,1,0,1
19.06.2016,0,1,0,1
20.06.2016,0,1,0,1
21.06.2016,0,1,0,1
22.06.2016,0,1,0,1
23.06.2016,0,1,0,1
24.06.2016,0,1,0,1
25.06.2016,0,1,0,1
26.06.2016,0,1,0,1
27.06.2016,0,1,0,1
28.06.2016,0,1,0,1
29.06.2016,1,0,0,1
30.06.2016,1,0,0,1
01.07.2016,1,0,0,1
02.07.2016,1,0,0,1
03.07.2016,1,0,0,1
04.07.2016,0,1,0,1
05.07.2016,0,1,0,1
06.07.2016,0,1,0,1
07.07.2016,0,1,0,1
08.07.2016,0,1,0,1
09.07.2016,0,1,0,1
10.07.2016,0,1,0,1
11.07.2016,0,1,0,1
12.07.2016,0,1,0,1
13.07.2016,0,1,0,1
14.07.2016,0,1,0,1
15.07.2016,0,1,0,1
16.07.2016,0,1,0,1
17.07.2016,0,1,0,1
18.07.2016,0,1,0,1
19.07.2016,0,1,0,1
20.07.2016,0,1,0,1
21.07.2016,0,1,0,1
22.07.2016,0,1,0,1
23.07.2016,0,1,0,1
24.07.2016,0,1,0,1
25.07.2016,0,1,0,1
26.07.2016,0,1,0,1
27.07.2016,1,0,0,1
28.07.2016,1,0,0,1
29.07.2016,1,0,0,1
30.07.2016,1,0,0,1
31.07.2016,1,0,0,1
01.08.2016,0,1,0,1
02.08.2016,0,1,0,1
03.08.2016,0,1,0,1
04.08.2016,0,1,0,1
05.08.2016,0,1,0,1
06.08.2016,0,1,0,1
07.08.2016,0,1,0,1
08.08.2016,0,1,0,1
09.08.2016,0,1,0,1
10.08.2016,0,1,0,1
26.08.2016,0,1,0,1
27.08.2016,0,1,0,1
28.08.2016,0,1,0,1
29.08.2016,0,1,0,1
30.08.2016,0,1,0,1
31.08.2016,0,1,0,1
01.09.2016,0,1,0,1
02.09.2016,0,1,0,1
03.09.2016,0,1,0,1
04.09.2016,0,1,0,1
05.09.2016,0,1,0,1
06.09.2016,0,1,0,1
07.09.2016,0,1,0,1
08.09.2016,0,1,0,1
09.09.2016,0,1,0,1
10.09.2016,0,1,0,1
11.09.2016,0,1,0,1
12.09.2016,0,1,0,1
13.09.2016,0,1,0,1
14.09.2016,0,1,0,1
15.09.2016,0,1,0,1
16.09.2016,0,1,0,1
17.09.2016,0,1,0,1
18.09.2016,0,1,0,1
19.09.2016,0,1,0,1
20.09.2016,0,1,0,1
21.09.2016,0,1,1,2
22.09.2016,0,1,1,2
23.09.2016,0,1,1,2
24.09.2016,0,1,1,2
25.09.2016,0,1,1,2
26.09.2016,0,1,1,2
27.09.2016,0,1,1,2
28.09.2016,0,1,1,2
29.09.2016,0,1,1,2
30.09.2016,0,1,1,2
01.10.2016,0,1,1,2
02.10.2016,0,1,1,2
03.10.2016,0,1,1,2
04.10.2016,0,1,1,2
05.10.2016,0,1,1,2
06.10.2016,0,1,1,2
07.10.2016,0,1,1,2
08.10.2016,0,1,1,2
09.10.2016,0,1,1,2
10.10.2016,0,1,1,2
11.10.2016,0,1,1,2
12.10.2016,0,1,1,2
13.10.2016,0,1,1,2
14.10.2016,0,1,1,2
15.10.2016,0,1,1,2
16.10.2016,0,1,1,2
17.10.2016,0,1,1,2
18.10.2016,0,1,1,2
19.10.2016,1,0,0,1
20.10.2016,1,0,0,1
21.10.2016,1,0,0,1
22.10.2016,1,0,0,1
23.10.2016,1,0,0,1
24.10.2016,1,0,0,1
25.10.2016,1,0,0,1
26.10.2016,1,0,0,1
27.10.2016,1,0,0,1
28.10.2016,1,0,0,1
29.10.2016,1,0,0,1
30.10.2016,1,0,0,1
31.10.2016,1,0,0,1
01.11.2016,1,0,0,1
02.11.2016,1,0,0,1
03.11.2016,1,0,0,1
04.11.2016,1,0,0,1
05.11.2016,1,0,0,1
06.11.2016,1,0,0,1
07.11.2016,1,0,0,1
08.11.2016,1,0,0,1
09.11.2016,1,0,0,1
10.11.2016,1,0,0,1
11.11.2016,1,0,0,1
12.11.2016,1,0,0,1
13.11.2016,1,0,0,1
14.11.2016,1,0,0,1
15.11.2016,1,0,0,1
16.11.2016,1,0,0,1
17.11.2016,1,0,0,1
18.11.2016,1,0,0,1
19.11.2016,1,0,0,1
20.11.2016,1,0,0,1
21.11.2016,1,0,0,1
22.11.2016,1,0,0,1
23.11.2016,1,0,0,1
24.11.2016,1,0,0,1
25.11.2016,1,0,0,1
26.11.2016,1,0,0,1
27.11.2016,1,0,0,1
28.11.2016,1,0,0,1
29.11.2016,1,0,0,1
30.11.2016,1,0,0,1
01.12.2016,1,0,0,1
02.12.2016,1,0,0,1
03.12.2016,1,0,0,1
04.12.2016,1,0,0,1
05.12.2016,1,0,0,1
06.12.2016,1,0,0,1
07.12.2016,1,0,0,1
08.12.2016,1,0,0,1
09.12.2016,1,0,0,1
10.12.2016,1,0,0,1
11.12.2016,1,0,0,1
12.12.2016,1,0,0,1
13.12.2016,1,0,0,1
14.12.2016,1,0,0,1
15.12.2016,1,0,0,1
16.12.2016,1,0,0,1
17.12.2016,1,0,0,1
18.12.2016,1,0,0,1
19.12.2016,1,0,0,1
20.12.2016,1,0,0,1
21.12.2016,1,0,0,1
22.12.2016,1,0,0,1
23.12.2016,1,0,0,1
24.12.2016,1,0,0,1
25.12.2016,1,0,0,1
26.12.2016,1,0,0,1
27.12.2016,1,0,0,1
28.12.2016,1,0,0,1
29.12.2016,1,0,0,1
30.12.2016,1,0,0,1
31.12.2016,1,0,0,1
01.01.2017,1,0,0,1
02.01.2017,1,0,0,1
03.01.2017,1,0,0,1
04.01.2017,1,0,0,1
05.01.2017,1,0,0,1
06.01.2017,1,0,0,1
07.01.2017,1,0,0,1
08.01.2017,1,0,0,1
09.01.2017,1,0,0,1
10.01.2017,1,0,0,1
11.01.2017,1,0,0,1
12.01.2017,1,0,0,1
13.01.2017,1,0,0,1
14.01.2017,1,0,0,1
15.01.2017,1,0,0,1
16.01.2017,1,0,0,1
17.01.2017,1,0,0,1
18.01.2017,1,0,0,1
19.01.2017,1,0,0,1
20.01.2017,1,0,0,1
21.01.2017,1,0,0,1
22.01.2017,1,0,0,1
23.01.2017,1,0,0,1
24.01.2017,1,0,0,1
25.01.2017,1,0,0,1
26.01.2017,1,0,0,1
27.01.2017,1,0,0,1
28.01.2017,1,0,0,1
29.01.2017,1,0,0,1
30.01.2017,1,0,0,1
31.01.2017,1,0,0,1
01.02.2017,1,0,0,1
02.02.2017,1,0,0,1
03.02.2017,1,0,0,1
04.02.2017,1,0,0,1
05.02.2017,1,0,0,1
06.02.2017,1,0,0,1
07.02.2017,1,0,0,1
08.02.2017,1,0,0,1
09.02.2017,1,0,0,1
10.02.2017,1,0,0,1
11.02.2017,1,0,0,1
12.02.2017,1,0,0,1
13.02.2017,1,0,0,1
14.02.2017,1,0,0,1
15.02.2017,1,0,0,1
16.02.2017,1,0,0,1
17.02.2017,1,0,0,1
18.02.2017,1,0,0,1
19.02.2017,1,0,0,1
20.02.2017,1,0,0,1
21.02.2017,1,0,0,1
22.02.2017,1,0,0,1
23.02.2017,1,0,0,1
24.02.2017,1,0,0,1
25.02.2017,1,0,0,1
26.02.2017,1,0,0,1
27.02.2017,1,0,0,1
28.02.2017,1,0,0,1
01.03.2017,1,0,0,1
02.03.2017,1,0,0,1
03.03.2017,1,0,0,1
04.03.2017,1,0,0,1
05.03.2017,1,0,0,1
06.03.2017,1,0,0,1
07.03.2017,1,0,0,1
08.03.2017,1,0,0,1
09.03.2017,1,0,0,1
10.03.2017,1,0,0,1
11.03.2017,1,0,0,1
12.03.2017,1,0,0,1
13.03.2017,1,0,0,1
14.03.2017,1,0,0,1
15.03.2017,1,0,0,1
16.03.2017,1,0,0,1
17.03.2017,1,0,0,1
18.03.2017,1,0,0,1
19.03.2017,1,0,0,1
20.03.2017,1,0,0,1
21.03.2017,1,0,0,1
22.03.2017,1,0,0,1
23.03.2017,1,0,0,1
24.03.2017,1,0,0,1
25.03.2017,1,0,0,1
26.03.2017,1,0,0,1
27.03.2017,1,0,0,1
28.03.2017,1,0,0,1
29.03.2017,1,0,0,1
30.03.2017,1,0,0,1
31.03.2017,1,0,0,1
01.04.2017,1,0,0,1
02.04.2017,1,0,0,1
03.04.2017,1,0,0,1
04.04.2017,1,0,0,1
05.04.2017,1,0,0,1
06.04.2017,1,0,0,1
07.04.2017,1,0,0,1
08.04.2017,1,0,0,1
09.04.2017,1,0,0,1
10.04.2017,1,0,0,1
11.04.2017,1,0,0,1
12.04.2017,1,0,0,1
13.04.2017,1,0,0,1
14.04.2017,1,0,0,1
15.04.2017,1,0,0,1
16.04.2017,1,0,0,1
17.04.2017,1,0,0,1
18.04.2017,1,0,0,1
19.04.2017,1,0,0,1
20.04.2017,1,0,0,1
21.04.2017,1,0,0,1
22.04.2017,1,0,0,1
23.04.2017,1,0,0,1
24.04.2017,1,0,0,1
25.04.2017,1,0,0,1
26.04.2017,1,0,0,1
27.04.2017,1,0,0,1
28.04.2017,1,0,0,1
29.04.2017,1,0,0,1
30.04.2017,1,0,0,1
01.05.2017,1,0,0,1
02.05.2017,1,0,0,1
03.05.2017,1,0,0,1
04.05.2017,1,0,0,1
05.05.2017,1,0,0,1
06.05.2017,1,0,0,1
07.05.2017,1,0,0,1
08.05.2017,1,0,0,1
09.05.2017,1,0,0,1
10.05.2017,1,0,0,1
11.05.2017,1,0,0,1
12.05.2017,1,0,0,1
13.05.2017,1,0,0,1
14.05.2017,1,0,0,1
15.05.2017,1,0,0,1
16.05.2017,1,0,0,1
17.05.2017,1,0,0,1
18.05.2017,1,0,0,1
19.05.2017,1,0,0,1
20.05.2017,1,0,0,1
21.05.2017,1,0,0,1
22.05.2017,1,0,0,1
23.05.2017,1,0,0,1
24.05.2017,1,0,0,1
25.05.2017,1,0,0,1
26.05.2017,1,0,0,1
27.05.2017,1,0,0,1
28.05.2017,1,0,0,1
29.05.2017,1,0,0,1
30.05.2017,1,0,0,1
31.05.2017,1,0,0,1
01.06.2017,1,0,0,1
02.06.2017,1,0,0,1
03.06.2017,1,0,0,1
04.06.2017,1,0,0,1
05.06.2017,1,0,0,1
06.06.2017,1,0,0,1
07.06.2017,1,0,0,1
08.06.2017,1,0,0,1
09.06.2017,1,0,0,1
10.06.2017,1,0,0,1
11.06.2017,1,0,0,1
12.06.2017,1,0,0,1
13.06.2017,1,0,0,1
14.06.2017,1,0,0,1
15.06.2017,1,0,0,1
16.06.2017,1,0,0,1
17.06.2017,1,0,0,1
18.06.2017,1,0,0,1
19.06.2017,1,0,0,1
20.06.2017,1,0,0,1
21.06.2017,1,0,0,1
22.06.2017,1,0,0,1
23.06.2017,1,0,0,1
24.06.2017,1,0,0,1
25.06.2017,1,0,0,1
26.06.2017,1,0,0,1
27.06.2017,1,0,0,1
28.06.2017,1,0,0,1
29.06.2017,1,0,0,1
30.06.2017,1,0,0,1
01.07.2017,1,0,0,1
02.07.2017,1,0,0,1
03.07.2017,1,0,0,1
04.07.2017,1,0,1,2
05.07.2017,1,0,1,2
06.07.2017,1,0,1,2
07.07.2017,1,0,1,2
08.07.2017,1,0,1,2
09.07.2017,1,0,1,2
10.07.2017,1,0,1,2
11.07.2017,1,0,1,2
12.07.2017,1,0,1,2
13.07.2017,1,0,1,2
14.07.2017,1,0,1,2
15.07.2017,1,0,1,2
16.07.2017,1,0,1,2
17.07.2017,1,0,1,2
18.07.2017,1,0,1,2
19.07.2017,1,0,1,2
20.07.2017,1,0,1,2
21.07.2017,1,0,1,2
22.07.2017,1,0,1,2
23.07.2017,1,0,1,2
24.07.2017,1,0,1,2
25.07.2017,1,0,2,3
26.07.2017,1,0,2,3
27.07.2017,1,0,2,3
28.07.2017,1,0,2,3
29.07.2017,1,0,2,3
30.07.2017,1,0,2,3
31.07.2017,1,0,2,3
01.08.2017,1,0,1,2
02.08.2017,1,0,1,2
03.08.2017,1,0,1,2
04.08.2017,1,0,1,2
05.08.2017,1,0,1,2
06.08.2017,1,0,1,2
07.08.2017,1,0,1,2
08.08.2017,1,0,1,2
09.08.2017,1,0,1,2
10.08.2017,1,0,1,2
11.08.2017,1,0,1,2
12.08.2017,1,0,1,2
13.08.2017,1,0,1,2
14.08.2017,1,0,1,2
15.08.2017,1,0,1,2
16.08.2017,1,0,1,2
17.08.2017,1,0,1,2
18.08.2017,1,0,1,2
19.08.2017,1,0,1,2
20.08.2017,1,0,1,2
21.08.2017,1,0,1,2
22.08.2017,1,0,0,1
23.08.2017,1,0,0,1
24.08.2017,1,0,0,1
25.08.2017,1,0,0,1
26.08.2017,1,0,0,1
27.08.2017,1,0,0,1
28.08.2017,1,0,0,1
29.08.2017,1,0,0,1
30.08.2017,1,0,0,1
31.08.2017,1,0,0,1
01.09.2017,1,0,0,1
02.09.2017,1,0,0,1
03.09.2017,1,0,0,1
04.09.2017,1,0,0,1
05.09.2017,1,0,0,1
06.09.2017,1,0,0,1
07.09.2017,1,0,0,1
08.09.2017,1,0,0,1
09.09.2017,1,0,0,1
10.09.2017,1,0,0,1
11.09.2017,1,0,0,1
12.09.2017,1,0,0,1
13.09.2017,1,0,0,1
14.09.2017,1,0,0,1
15.09.2017,1,0,0,1
16.09.2017,1,0,0,1
17.09.2017,1,0,0,1
18.09.2017,1,0,0,1
19.09.2017,1,0,0,1
20.09.2017,1,0,0,1
21.09.2017,1,0,0,1
22.09.2017,1,0,0,1
23.09.2017,1,0,0,1
24.09.2017,1,0,0,1
25.09.2017,1,0,0,1
26.09.2017,1,0,0,1
27.09.2017,1,0,0,1
28.09.2017,1,0,0,1
29.09.2017,1,0,0,1
30.09.2017,1,0,0,1
01.10.2017,1,0,0,1
02.10.2017,1,0,0,1
03.10.2017,1,0,0,1
04.10.2017,1,0,0,1
05.10.2017,1,0,0,1
06.10.2017,1,0,0,1
07.10.2017,1,0,0,1
08.10.2017,1,0,0,1
09.10.2017,0,1,0,1
10.10.2017,0,1,0,1
11.10.2017,0,1,0,1
12.10.2017,0,1,0,1
13.10.2017,0,1,0,1
14.10.2017,0,1,0,1
15.10.2017,0,1,0,1
16.10.2017,0,1,0,1
17.10.2017,0,1,0,1
18.10.2017,0,1,1,2
19.10.2017,0,1,1,2
20.10.2017,1,0,1,2
21.10.2017,1,0,1,2
22.10.2017,1,0,1,2
23.10.2017,1,0,1,2
24.10.2017,0,1,1,2
25.10.2017,0,1,3,4
26.10.2017,0,2,3,5
27.10.2017,0,2,3,5
28.10.2017,0,2,3,5
29.10.2017,0,2,3,5
30.10.2017,0,3,3,6
31.10.2017,0,3,3,6
01.11.2017,0,3,4,7
02.11.2017,0,3,4,7
03.11.2017,0,3,4,7
04.11.2017,0,3,4,7
05.11.2017,0,3,4,7
06.11.2017,0,3,4,7
07.11.2017,0,3,4,7
08.11.2017,0,3,4,7
09.11.2017,0,3,4,7
10.11.2017,0,3,4,7
11.11.2017,0,3,4,7
12.11.2017,0,3,4,7
13.11.2017,0,3,4,7
14.11.2017,0,3,4,7
15.11.2017,0,3,4,7
16.11.2017,0,3,4,7
17.11.2017,0,3,4,7
18.11.2017,1,2,4,7
19.11.2017,1,2,4,7
20.11.2017,1,2,4,7
21.11.2017,1,2,5,8
22.11.2017,1,2,4,7
23.11.2017,1,1,4,6
24.11.2017,1,1,5,7
25.11.2017,1,1,5,7
26.11.2017,1,1,5,7
27.11.2017,1,2,3,6
28.11.2017,1,2,3,6
29.11.2017,1,1,2,4
30.11.2017,1,1,2,4
01.12.2017,1,1,2,4
02.12.2017,1,1,2,4
03.12.2017,1,1,2,4
04.12.2017,1,1,2,4
05.12.2017,1,1,2,4
06.12.2017,1,1,2,4
07.12.2017,1,1,2,4
08.12.2017,1,1,2,4
09.12.2017,1,1,2,4
10.12.2017,1,1,2,4
11.12.2017,1,1,2,4
12.12.2017,1,1,2,4
13.12.2017,1,1,1,3
14.12.2017,1,1,1,3
15.12.2017,1,1,1,3
16.12.2017,1,1,1,3
17.12.2017,1,1,1,3
18.12.2017,1,1,1,3
19.12.2017,1,1,0,2
20.12.2017,1,1,1,3
21.12.2017,1,1,1,3
22.12.2017,1,1,1,3
23.12.2017,1,1,1,3
24.12.2017,1,1,1,3
25.12.2017,2,0,1,3
26.12.2017,2,0,1,3
27.12.2017,2,0,1,3
28.12.2017,2,0,1,3
29.12.2017,2,0,1,3
30.12.2017,2,0,1,3
31.12.2017,2,0,1,3
01.01.2018,2,0,1,3
02.01.2018,2,0,1,3
03.01.2018,2,0,2,4
04.01.2018,2,1,1,4
05.01.2018,2,1,2,5
06.01.2018,2,1,2,5
07.01.2018,2,1,2,5
08.01.2018,2,1,2,5
09.01.2018,2,1,2,5
10.01.2018,2,1,2,5
11.01.2018,2,1,2,5
12.01.2018,2,1,2,5
13.01.2018,2,1,2,5
14.01.2018,2,1,2,5
15.01.2018,2,1,2,5
16.01.2018,2,1,2,5
17.01.2018,2,1,3,6
18.01.2018,2,1,3,6
19.01.2018,2,1,3,6
20.01.2018,2,1,3,6
21.01.2018,2,1,3,6
22.01.2018,2,1,3,6
23.01.2018,2,2,2,6
24.01.2018,2,2,2,6
25.01.2018,2,2,2,6
26.01.2018,2,2,2,6
27.01.2018,2,2,3,7
28.01.2018,2,2,3,7
29.01.2018,2,2,3,7
30.01.2018,2,2,3,7
31.01.2018,2,2,3,7
01.02.2018,2,1,3,6
02.02.2018,2,1,2,5
03.02.2018,2,1,2,5
04.02.2018,2,1,2,5
05.02.2018,2,1,2,5
06.02.2018,2,1,2,5
07.02.2018,2,1,2,5
08.02.2018,2,1,2,5
09.02.2018,2,1,2,5
10.02.2018,2,1,2,5
11.02.2018,2,1,2,5
12.02.2018,2,2,1,5
13.02.2018,2,2,1,5
14.02.2018,2,2,1,5
15.02.2018,2,2,1,5
16.02.2018,2,2,1,5
17.02.2018,2,2,2,6
18.02.2018,2,2,2,6
19.02.2018,2,2,2,6
20.02.2018,3,1,2,6
21.02.2018,3,1,3,7
22.02.2018,3,1,3,7
23.02.2018,3,1,4,8
24.02.2018,3,1,3,7
25.02.2018,3,1,3,7
26.02.2018,3,1,3,7
27.02.2018,3,1,3,7
28.02.2018,3,1,3,7
01.03.2018,3,1,3,7
02.03.2018,3,1,4,8
03.03.2018,3,1,5,9
04.03.2018,3,1,5,9
05.03.2018,3,1,5,9
06.03.2018,3,1,5,9
07.03.2018,3,1,6,10
08.03.2018,3,1,6,10
09.03.2018,3,1,6,10
10.03.2018,3,1,8,12
11.03.2018,3,3,6,12
12.03.2018,3,2,6,11
13.03.2018,3,3,6,12
14.03.2018,3,3,6,12
15.03.2018,3,4,5,12
16.03.2018,3,4,5,12
17.03.2018,3,4,4,11
18.03.2018,3,4,5,12
19.03.2018,3,5,4,12
20.03.2018,3,5,4,12
21.03.2018,3,5,3,11
22.03.2018,3,5,3,11
23.03.2018,3,5,3,11
24.03.2018,3,5,4,12
25.03.2018,3,5,4,12
26.03.2018,3,6,4,13
27.03.2018,3,6,4,13
28.03.2018,3,7,3,13
29.03.2018,3,7,3,13
30.03.2018,3,7,2,12
31.03.2018,3,7,1,11
01.04.2018,3,7,3,13
02.04.2018,3,7,3,13
03.04.2018,3,7,3,13
04.04.2018,3,7,3,13
05.04.2018,3,7,4,14
06.04.2018,3,8,3,14
07.04.2018,3,8,3,14
08.04.2018,4,7,3,14
09.04.2018,3,7,6,16
10.04.2018,3,8,6,17
11.04.2018,3,8,6,17
12.04.2018,3,7,6,16
13.04.2018,3,8,5,16
14.04.2018,3,8,5,16
15.04.2018,3,8,5,16
16.04.2018,4,7,5,16
17.04.2018,4,7,5,16
18.04.2018,4,8,5,17
19.04.2018,4,9,4,17
20.04.2018,4,9,4,17
21.04.2018,5,8,5,18
22.04.2018,5,8,5,18
23.04.2018,5,7,5,17
24.04.2018,5,7,5,17
25.04.2018,5,8,4,17
26.04.2018,5,8,4,17
27.04.2018,5,8,4,17
28.04.2018,5,8,5,18
29.04.2018,5,8,5,18
30.04.2018,5,8,6,19
01.05.2018,5,8,6,19
02.05.2018,5,9,5,19
03.05.2018,5,9,5,19
04.05.2018,5,9,5,19
05.05.2018,6,8,5,19
06.05.2018,5,9,5,19
07.05.2018,5,9,4,18
08.05.2018,5,9,3,17
09.05.2018,4,10,3,17
10.05.2018,4,10,3,17
11.05.2018,5,9,3,17
12.05.2018,5,9,3,17
13.05.2018,5,9,3,17
14.05.2018,5,9,3,17
15.05.2018,5,9,3,17
16.05.2018,6,9,2,17
17.05.2018,6,8,2,16
18.05.2018,6,8,2,16
19.05.2018,6,8,1,15
20.05.2018,6,8,1,15
21.05.2018,6,8,1,15
22.05.2018,6,8,1,15
23.05.2018,6,7,1,14
24.05.2018,6,7,1,14
25.05.2018,6,7,1,14
26.05.2018,6,7,1,14
27.05.2018,6,7,1,14
28.05.2018,6,7,1,14
29.05.2018,6,7,1,14
30.05.2018,6,6,1,13
31.05.2018,7,4,1,12
01.06.2018,6,5,1,12
02.06.2018,7,4,1,12
03.06.2018,7,4,1,12
04.06.2018,7,4,0,11
05.06.2018,6,4,0,10
06.06.2018,5,5,0,10
07.06.2018,5,5,0,10
08.06.2018,6,3,0,9
09.06.2018,6,3,0,9
10.06.2018,6,3,0,9
11.06.2018,6,3,0,9
12.06.2018,6,3,0,9
13.06.2018,6,3,0,9
14.06.2018,6,2,0,8
15.06.2018,6,2,0,8
16.06.2018,6,2,0,8
17.06.2018,6,2,0,8
18.06.2018,6,2,0,8
19.06.2018,6,2,0,8
20.06.2018,6,2,0,8
21.06.2018,6,2,0,8
22.06.2018,6,2,0,8
23.06.2018,6,2,0,8
24.06.2018,6,2,0,8
25.06.2018,6,2,0,8
26.06.2018,6,1,0,7
27.06.2018,6,1,1,8
28.06.2018,6,1,2,9
29.06.2018,6,2,3,11
30.06.2018,6,4,1,11
01.07.2018,6,4,1,11
02.07.2018,6,4,1,11
03.07.2018,6,4,1,11
04.07.2018,6,4,1,11
05.07.2018,6,4,1,11
06.07.2018,6,4,1,11
07.07.2018,6,4,1,11
08.07.2018,6,4,1,11
09.07.2018,6,4,1,11
10.07.2018,6,4,1,11
11.07.2018,6,4,1,11
12.07.2018,6,5,1,12
13.07.2018,6,5,1,12
14.07.2018,6,4,1,11
15.07.2018,5,5,1,11
16.07.2018,5,5,2,12
17.07.2018,5,5,2,12
18.07.2018,5,5,2,12
19.07.2018,5,5,2,12
20.07.2018,5,5,2,12
21.07.2018,5,5,2,12
22.07.2018,5,5,2,12
23.07.2018,5,5,2,12
24.07.2018,5,5,2,12
25.07.2018,5,4,2,11
26.07.2018,5,4,2,11
27.07.2018,5,4,2,11
28.07.2018,6,2,2,10
29.07.2018,6,2,2,10
30.07.2018,6,2,2,10
31.07.2018,6,1,2,9
01.08.2018,6,1,2,9
02.08.2018,6,1,2,9
03.08.2018,6,1,2,9
04.08.2018,6,1,2,9
05.08.2018,6,1,2,9
06.08.2018,6,2,2,10
07.08.2018,6,2,2,10
08.08.2018,6,2,2,10
09.08.2018,6,2,1,9
10.08.2018,6,2,1,9
11.08.2018,6,2,1,9
12.08.2018,6,3,2,11
13.08.2018,6,3,1,10
14.08.2018,6,2,1,9
15.08.2018,6,2,1,9
16.08.2018,6,2,1,9
17.08.2018,6,2,1,9
18.08.2018,6,2,1,9
19.08.2018,6,2,1,9
20.08.2018,6,2,1,9
21.08.2018,6,1,2,9
22.08.2018,6,1,2,9
23.08.2018,6,1,2,9
24.08.2018,6,1,2,9
25.08.2018,6,1,2,9
26.08.2018,6,1,2,9
27.08.2018,6,1,2,9
28.08.2018,6,1,2,9
29.08.2018,6,1,2,9
30.08.2018,6,1,2,9
31.08.2018,6,1,2,9
01.09.2018,6,2,2,10
02.09.2018,6,2,2,10
03.09.2018,6,2,1,9
04.09.2018,6,3,2,11
05.09.2018,6,3,2,11
06.09.2018,6,3,2,11
07.09.2018,6,3,2,11
08.09.2018,6,2,3,11
09.09.2018,6,2,1,9
10.09.2018,6,2,1,9
11.09.2018,6,2,1,9
12.09.2018,6,3,0,9
13.09.2018,6,3,0,9
14.09.2018,6,3,0,9
15.09.2018,6,3,1,10
16.09.2018,6,3,1,10
17.09.2018,6,3,1,10
18.09.2018,5,4,1,10
19.09.2018,6,4,1,11
20.09.2018,6,4,1,11
21.09.2018,6,4,1,11
22.09.2018,6,4,1,11
23.09.2018,6,4,1,11
24.09.2018,6,4,1,11
25.09.2018,6,4,1,11
26.09.2018,6,4,1,11
27.09.2018,6,4,1,11
28.09.2018,6,4,1,11
29.09.2018,6,4,1,11
30.09.2018,6,4,1,11
01.10.2018,6,4,1,11
02.10.2018,6,5,0,11
03.10.2018,6,5,0,11
04.10.2018,6,5,0,11
05.10.2018,6,5,0,11
06.10.2018,6,4,0,10
07.10.2018,6,4,1,11
08.10.2018,5,5,1,11
09.10.2018,5,5,1,11
10.10.2018,5,4,1,10
11.10.2018,5,4,1,10
12.10.2018,5,4,1,10
13.10.2018,5,4,1,10
14.10.2018,5,4,1,10
15.10.2018,5,3,1,9
16.10.2018,5,3,1,9
17.10.2018,5,3,1,9
18.10.2018,5,3,1,9
19.10.2018,5,3,1,9
20.10.2018,5,3,1,9
21.10.2018,5,3,1,9
22.10.2018,5,3,2,10
23.10.2018,5,3,2,10
24.10.2018,5,3,2,10
25.10.2018,5,3,2,10
26.10.2018,5,3,2,10
27.10.2018,5,3,2,10
28.10.2018,5,3,2,10
29.10.2018,5,3,2,10
30.10.2018,5,3,2,10
31.10.2018,5,3,2,10
01.11.2018,5,3,2,10
02.11.2018,5,4,1,10
03.11.2018,5,4,1,10
04.11.2018,5,4,0,9
05.11.2018,5,4,0,9
06.11.2018,5,4,0,9
07.11.2018,5,4,0,9
08.11.2018,5,4,0,9
09.11.2018,5,4,0,9
10.11.2018,5,3,0,8
11.11.2018,5,3,0,8
12.11.2018,5,3,0,8
13.11.2018,5,3,0,8
14.11.2018,5,3,0,8
15.11.2018,5,3,0,8
16.11.2018,5,3,0,8
17.11.2018,5,3,0,8
18.11.2018,5,3,0,8
19.11.2018,5,3,0,8
20.11.2018,5,3,0,8
21.11.2018,5,3,0,8
22.11.2018,5,3,0,8
23.11.2018,5,3,0,8
24.11.2018,5,3,0,8
25.11.2018,5,3,0,8
26.11.2018,5,3,0,8
27.11.2018,5,3,0,8
28.11.2018,5,3,0,8
29.11.2018,5,3,0,8
30.11.2018,5,3,0,8
01.12.2018,5,3,0,8
02.12.2018,5,3,0,8
03.12.2018,5,3,0,8
04.12.2018,5,3,0,8
05.12.2018,5,3,0,8
06.12.2018,5,3,0,8
07.12.2018,5,2,0,7
08.12.2018,5,2,0,7
09.12.2018,5,2,0,7
10.12.2018,5,2,0,7
11.12.2018,5,2,0,7
12.12.2018,5,2,0,7
13.12.2018,5,2,0,7
14.12.2018,5,2,0,7
15.12.2018,5,2,0,7
16.12.2018,5,2,0,7
17.12.2018,5,2,0,7
18.12.2018,5,2,1,8
19.12.2018,5,2,1,8
20.12.2018,5,2,1,8
21.12.2018,5,2,1,8
22.12.2018,5,2,1,8
23.12.2018,5,2,1,8
24.12.2018,5,2,1,8
25.12.2018,5,1,1,7
26.12.2018,5,1,1,7
27.12.2018,5,1,1,7
28.12.2018,5,1,1,7
29.12.2018,5,1,1,7
30.12.2018,5,1,1,7
31.12.2018,5,1,1,7
01.01.2019,5,1,1,7
02.01.2019,5,2,1,8
03.01.2019,5,2,1,8
04.01.2019,5,2,1,8
05.01.2019,5,2,3,10
06.01.2019,5,2,3,10
07.01.2019,5,3,2,10
08.01.2019,4,4,2,10
09.01.2019,4,4,2,10
10.01.2019,4,4,2,10
11.01.2019,5,3,2,10
12.01.2019,5,3,2,10
13.01.2019,5,3,2,10
14.01.2019,5,3,2,10
15.01.2019,5,4,1,10
16.01.2019,5,4,1,10
17.01.2019,5,4,1,10
18.01.2019,5,4,1,10
19.01.2019,5,3,1,9
20.01.2019,5,3,1,9
21.01.2019,5,3,1,9
22.01.2019,5,3,1,9
23.01.2019,5,3,1,9
24.01.2019,5,3,1,9
25.01.2019,5,3,1,9
26.01.2019,5,3,1,9
27.01.2019,5,3,1,9
28.01.2019,5,3,1,9
29.01.2019,5,3,2,10
30.01.2019,5,4,2,11
31.01.2019,4,5,2,11
01.02.2019,4,5,2,11
02.02.2019,4,5,1,10
03.02.2019,4,4,1,9
04.02.2019,4,3,1,8
05.02.2019,4,3,1,8
06.02.2019,4,3,1,8
07.02.2019,4,3,1,8
08.02.2019,5,2,1,8
09.02.2019,5,2,1,8
10.02.2019,5,2,1,8
11.02.2019,5,2,1,8
12.02.2019,5,2,1,8
13.02.2019,5,2,1,8
14.02.2019,5,2,1,8
15.02.2019,5,2,2,9
16.02.2019,5,3,2,10
17.02.2019,5,3,2,10
18.02.2019,5,3,2,10
19.02.2019,5,3,2,10
20.02.2019,5,3,3,11
21.02.2019,5,3,3,11
22.02.2019,5,3,3,11
23.02.2019,5,3,3,11
24.02.2019,5,3,3,11
25.02.2019,5,2,3,10
26.02.2019,5,2,3,10
27.02.2019,5,2,2,9
28.02.2019,4,3,2,9
01.03.2019,4,3,2,9
02.03.2019,4,3,2,9
03.03.2019,4,3,2,9
04.03.2019,4,4,2,10
05.03.2019,4,4,2,10
06.03.2019,4,4,2,10
07.03.2019,4,4,2,10
08.03.2019,4,4,2,10
09.03.2019,4,4,3,11
10.03.2019,4,4,3,11
11.03.2019,4,4,3,11
12.03.2019,4,4,3,11
13.03.2019,4,4,3,11
14.03.2019,5,4,2,11
15.03.2019,5,5,1,11
16.03.2019,5,5,1,11
17.03.2019,5,5,1,11
18.03.2019,5,5,1,11
19.03.2019,5,5,1,11
20.03.2019,5,5,2,12
21.03.2019,4,6,2,12
22.03.2019,4,6,2,12
23.03.2019,4,6,2,12
24.03.2019,4,6,2,12
25.03.2019,4,6,2,12
26.03.2019,4,6,2,12
27.03.2019,4,7,2,13
28.03.2019,4,7,2,13
29.03.2019,4,8,1,13
30.03.2019,4,7,2,13
31.03.2019,4,7,2,13
01.04.2019,4,8,2,14
02.04.2019,4,8,2,14
03.04.2019,4,7,2,13
04.04.2019,5,6,2,13
05.04.2019,5,6,2,13
06.04.2019,5,6,2,13
07.04.2019,5,6,2,13
08.04.2019,5,6,2,13
09.04.2019,5,6,2,13
10.04.2019,5,6,2,13
11.04.2019,5,5,3,13
12.04.2019,5,5,3,13
13.04.2019,5,5,3,13
14.04.2019,5,5,3,13
15.04.2019,5,5,3,13
16.04.2019,5,5,3,13
17.04.2019,5,6,1,12
18.04.2019,5,6,1,12
19.04.2019,4,8,1,13
20.04.2019,4,8,1,13
21.04.2019,4,8,1,13
22.04.2019,4,7,2,13
23.04.2019,4,7,2,13
24.04.2019,4,7,1,12
25.04.2019,4,6,1,11
26.04.2019,4,6,1,11
27.04.2019,4,6,1,11
28.04.2019,4,6,1,11
29.04.2019,4,6,0,10
30.04.2019,4,6,0,10
01.05.2019,4,6,0,10
02.05.2019,5,5,0,10
03.05.2019,5,5,0,10
04.05.2019,5,5,0,10
05.05.2019,5,5,0,10
06.05.2019,5,5,0,10
07.05.2019,5,5,0,10
08.05.2019,5,5,0,10
09.05.2019,5,5,0,10
10.05.2019,6,4,0,10
11.05.2019,6,4,0,10
12.05.2019,6,4,0,10
13.05.2019,6,3,0,9
14.05.2019,6,3,0,9
15.05.2019,6,4,0,10
16.05.2019,6,4,0,10
17.05.2019,5,5,0,10
18.05.2019,5,5,0,10
19.05.2019,6,4,1,11
20.05.2019,6,4,1,11
21.05.2019,6,4,1,11
22.05.2019,6,4,1,11
23.05.2019,6,4,1,11
24.05.2019,6,4,1,11
25.05.2019,6,4,1,11
26.05.2019,6,4,1,11
27.05.2019,6,4,1,11
28.05.2019,6,4,1,11
29.05.2019,6,4,2,12
30.05.2019,6,3,3,12
31.05.2019,6,4,3,13
01.06.2019,6,4,3,13
02.06.2019,6,4,3,13
03.06.2019,6,4,3,13
04.06.2019,6,4,3,13
05.06.2019,6,4,3,13
06.06.2019,6,5,2,13
07.06.2019,6,5,2,13
08.06.2019,6,5,2,13
09.06.2019,6,5,2,13
10.06.2019,6,5,4,15
11.06.2019,6,5,4,15
12.06.2019,6,6,3,15
13.06.2019,6,6,3,15
14.06.2019,6,6,3,15
15.06.2019,7,5,3,15
16.06.2019,7,5,3,15
17.06.2019,7,5,3,15
18.06.2019,7,5,3,15
19.06.2019,7,5,3,15
20.06.2019,7,5,3,15
21.06.2019,7,5,4,16
22.06.2019,7,5,4,16
23.06.2019,7,5,4,16
24.06.2019,7,5,4,16
25.06.2019,7,5,4,16
26.06.2019,7,5,4,16
27.06.2019,7,5,4,16
28.06.2019,8,4,3,15
29.06.2019,8,4,3,15
30.06.2019,8,4,3,15
01.07.2019,8,4,3,15
02.07.2019,8,4,3,15
03.07.2019,8,4,3,15
04.07.2019,8,3,3,14
05.07.2019,8,3,3,14
06.07.2019,8,3,3,14
07.07.2019,8,4,3,15
08.07.2019,8,4,1,13
09.07.2019,8,4,1,13
10.07.2019,8,4,2,14
11.07.2019,8,4,2,14
12.07.2019,8,4,2,14
13.07.2019,8,4,3,15
14.07.2019,8,4,3,15
15.07.2019,8,4,3,15
16.07.2019,8,3,4,15
17.07.2019,8,3,3,14
18.07.2019,8,3,3,14
19.07.2019,8,3,3,14
20.07.2019,8,3,3,14
21.07.2019,8,3,3,14
22.07.2019,8,3,4,15
23.07.2019,8,4,3,15
24.07.2019,8,4,3,15
25.07.2019,8,3,4,15
26.07.2019,8,3,5,16
27.07.2019,8,4,4,16
28.07.2019,9,3,4,16
29.07.2019,9,3,4,16
30.07.2019,9,4,5,18
31.07.2019,9,5,4,18
01.08.2019,9,6,4,19
02.08.2019,9,7,4,20
03.08.2019,9,7,4,20
04.08.2019,9,7,3,19
05.08.2019,9,7,4,20
06.08.2019,9,7,4,20
07.08.2019,9,8,2,19
08.08.2019,9,8,3,20
09.08.2019,9,9,3,21
10.08.2019,9,9,3,21
11.08.2019,9,9,3,21
12.08.2019,9,9,3,21
13.08.2019,9,9,3,21
14.08.2019,9,11,1,21
15.08.2019,9,11,1,21
16.08.2019,8,11,1,20
17.08.2019,8,10,2,20
18.08.2019,8,10,2,20
19.08.2019,8,10,2,20
20.08.2019,8,10,2,20
21.08.2019,8,10,2,20
22.08.2019,8,10,2,20
23.08.2019,7,11,2,20
24.08.2019,7,11,2,20
25.08.2019,7,11,2,20
26.08.2019,7,11,2,20
27.08.2019,7,11,1,19
28.08.2019,9,10,1,20
29.08.2019,9,10,1,20
30.08.2019,10,9,0,19
31.08.2019,9,10,0,19
01.09.2019,9,10,0,19
02.09.2019,9,10,0,19
03.09.2019,8,10,0,18
04.09.2019,8,9,0,17
05.09.2019,9,8,0,17
06.09.2019,9,7,1,17
07.09.2019,9,7,1,17
08.09.2019,9,7,1,17
09.09.2019,9,7,2,18
10.09.2019,8,10,0,18
11.09.2019,8,10,0,18
12.09.2019,8,10,0,18
13.09.2019,8,9,0,17
14.09.2019,8,9,0,17
15.09.2019,8,9,0,17
16.09.2019,9,8,0,17
17.09.2019,9,8,0,17
18.09.2019,9,8,0,17
19.09.2019,9,8,1,18
20.09.2019,9,8,1,18
21.09.2019,9,9,1,19
22.09.2019,10,8,1,19
23.09.2019,9,9,2,20
24.09.2019,9,10,2,21
25.09.2019,10,9,2,21
26.09.2019,9,10,2,21
27.09.2019,9,10,3,22
28.09.2019,9,11,2,22
29.09.2019,9,11,2,22
30.09.2019,10,10,2,22
01.10.2019,10,10,2,22
02.10.2019,10,10,2,22
03.10.2019,10,10,2,22
04.10.2019,10,10,2,22
05.10.2019,10,10,2,22
06.10.2019,10,10,2,22
07.10.2019,9,11,2,22
08.10.2019,8,12,2,22
09.10.2019,8,12,2,22
10.10.2019,8,12,2,22
11.10.2019,8,12,2,22
12.10.2019,8,12,2,22
13.10.2019,8,11,2,21
14.10.2019,9,10,2,21
15.10.2019,9,10,2,21
16.10.2019,9,9,2,20
17.10.2019,8,11,2,21
18.10.2019,8,12,1,21
19.10.2019,8,12,1,21
20.10.2019,10,11,2,23
21.10.2019,9,12,3,24
22.10.2019,9,12,3,24
23.10.2019,10,12,2,24
24.10.2019,8,13,2,23
25.10.2019,8,13,2,23
26.10.2019,9,12,2,23
27.10.2019,9,13,2,24
28.10.2019,10,12,2,24
29.10.2019,10,12,3,25
30.10.2019,10,11,3,24
31.10.2019,10,12,2,24
01.11.2019,10,12,2,24
02.11.2019,10,12,3,25
03.11.2019,10,12,3,25
04.11.2019,9,14,2,25
05.11.2019,8,15,3,26
06.11.2019,8,16,2,26
07.11.2019,8,16,2,26
08.11.2019,8,15,3,26
09.11.2019,8,15,4,27
10.11.2019,8,15,4,27
11.11.2019,8,13,4,25
12.11.2019,8,13,4,25
13.11.2019,8,13,4,25
14.11.2019,9,13,4,26
15.11.2019,9,14,4,27
16.11.2019,9,14,4,27
17.11.2019,12,11,3,26
18.11.2019,11,11,3,25
19.11.2019,11,11,5,27
20.11.2019,11,11,5,27
21.11.2019,11,11,5,27
22.11.2019,11,12,5,28
23.11.2019,12,11,5,28
24.11.2019,12,11,4,27
25.11.2019,13,10,4,27
26.11.2019,13,10,6,29
27.11.2019,13,12,7,32
28.11.2019,14,12,7,33
29.11.2019,14,11,7,32
30.11.2019,14,11,7,32
01.12.2019,14,11,7,32
02.12.2019,13,11,7,31
03.12.2019,13,11,6,30
04.12.2019,12,11,6,29
05.12.2019,11,10,6,27
06.12.2019,11,10,6,27
07.12.2019,11,10,5,26
08.12.2019,11,10,5,26
09.12.2019,11,10,5,26
10.12.2019,11,9,6,26
11.12.2019,13,7,6,26
12.12.2019,13,7,7,27
13.12.2019,13,7,7,27
14.12.2019,13,7,7,27
15.12.2019,13,7,7,27
16.12.2019,14,6,7,27
17.12.2019,13,7,5,25
18.12.2019,12,8,5,25
19.12.2019,12,8,6,26
20.12.2019,12,10,4,26
21.12.2019,13,9,4,26
22.12.2019,13,9,4,26
23.12.2019,13,8,6,27
24.12.2019,13,8,5,26
25.12.2019,13,6,4,23
26.12.2019,14,5,3,22
27.12.2019,14,6,2,22
28.12.2019,14,6,2,22
29.12.2019,14,6,2,22
30.12.2019,13,6,2,21
31.12.2019,13,6,2,21
01.01.2020,13,6,2,21
02.01.2020,12,7,2,21
03.01.2020,12,7,2,21
04.01.2020,12,7,2,21
05.01.2020,12,7,2,21
06.01.2020,12,7,2,21
07.01.2020,12,7,1,20
08.01.2020,13,6,2,21
09.01.2020,13,6,2,21
10.01.2020,13,6,2,21
11.01.2020,13,6,2,21
12.01.2020,13,6,2,21
13.01.2020,13,6,2,21
14.01.2020,13,6,2,21
15.01.2020,12,7,2,21
16.01.2020,12,8,2,22
17.01.2020,12,9,2,23
18.01.2020,13,8,2,23
19.01.2020,13,8,2,23
20.01.2020,12,9,5,26
21.01.2020,14,8,4,26
22.01.2020,13,9,4,26
23.01.2020,14,9,2,25
24.01.2020,14,7,2,23
25.01.2020,13,8,2,23
26.01.2020,13,8,2,23
27.01.2020,13,8,2,23
28.01.2020,13,8,3,24
29.01.2020,13,8,3,24
30.01.2020,12,9,3,24
31.01.2020,12,9,3,24
01.02.2020,12,9,3,24
02.02.2020,13,7,3,23
03.02.2020,13,7,3,23
04.02.2020,13,8,3,24
05.02.2020,14,7,3,24
06.02.2020,14,7,3,24
07.02.2020,14,7,3,24
08.02.2020,14,7,3,24
09.02.2020,14,7,3,24
10.02.2020,14,7,3,24
11.02.2020,13,8,3,24
12.02.2020,13,8,4,25
13.02.2020,13,8,4,25
14.02.2020,13,8,4,25
15.02.2020,13,8,4,25
16.02.2020,13,8,4,25
17.02.2020,13,9,2,24
18.02.2020,13,8,3,24
19.02.2020,12,10,2,24
20.02.2020,12,10,3,25
21.02.2020,13,9,4,26
22.02.2020,12,11,4,27
23.02.2020,12,11,4,27
24.02.2020,12,12,4,28
25.02.2020,13,12,4,29
26.02.2020,13,13,3,29
27.02.2020,13,13,3,29
28.02.2020,13,13,3,29
29.02.2020,13,13,3,29
01.03.2020,13,13,3,29
02.03.2020,13,13,3,29
03.03.2020,13,14,3,30
04.03.2020,12,15,4,31
05.03.2020,12,16,3,31
06.03.2020,12,16,5,33
07.03.2020,12,17,4,33
08.03.2020,12,17,4,33
09.03.2020,13,16,4,33
10.03.2020,13,15,4,32
11.03.2020,14,14,3,31
12.03.2020,15,14,3,32
13.03.2020,15,14,3,32
14.03.2020,15,14,3,32
15.03.2020,15,14,3,32
16.03.2020,15,13,3,31
17.03.2020,15,13,2,30
18.03.2020,17,12,2,31
19.03.2020,17,12,2,31
20.03.2020,15,14,2,31
21.03.2020,14,14,1,29
22.03.2020,14,14,1,29
23.03.2020,14,14,3,31
24.03.2020,14,15,2,31
25.03.2020,14,15,2,31
26.03.2020,14,15,2,31
27.03.2020,14,15,2,31
28.03.2020,14,15,2,31
29.03.2020,14,15,2,31
30.03.2020,15,14,2,31
31.03.2020,15,13,1,29
01.04.2020,13,15,1,29
02.04.2020,12,14,0,26
03.04.2020,12,12,1,25
04.04.2020,12,12,1,25
05.04.2020,12,12,1,25
06.04.2020,12,12,1,25
07.04.2020,13,11,1,25
08.04.2020,14,10,1,25
09.04.2020,13,11,2,26
10.04.2020,13,11,2,26
11.04.2020,13,11,2,26
12.04.2020,13,11,2,26
13.04.2020,13,11,2,26
14.04.2020,13,10,2,25
15.04.2020,14,10,2,26
16.04.2020,14,10,2,26
17.04.2020,13,13,2,28
18.04.2020,13,13,2,28
19.04.2020,13,13,3,29
20.04.2020,12,11,4,27
21.04.2020,14,10,3,27
22.04.2020,13,12,2,27
23.04.2020,13,11,2,26
24.04.2020,13,11,2,26
25.04.2020,13,11,2,26
26.04.2020,14,10,3,27
27.04.2020,15,10,2,27
28.04.2020,15,10,2,27
29.04.2020,15,11,2,28
30.04.2020,15,10,2,27
01.05.2020,15,11,1,27
02.05.2020,15,11,1,27
03.05.2020,15,11,1,27
04.05.2020,15,11,1,27
05.05.2020,15,11,1,27
06.05.2020,15,11,1,27
07.05.2020,14,12,1,27
08.05.2020,14,12,1,27
09.05.2020,14,12,0,26
10.05.2020,15,11,0,26
11.05.2020,15,11,0,26
12.05.2020,15,11,0,26
13.05.2020,15,11,0,26
14.05.2020,15,11,0,26
15.05.2020,15,11,0,26
16.05.2020,15,11,0,26
17.05.2020,15,11,0,26
18.05.2020,15,11,0,26
19.05.2020,16,9,1,26
20.05.2020,16,9,2,27
21.05.2020,16,10,3,29
22.05.2020,14,12,4,30
23.05.2020,14,12,6,32
24.05.2020,14,12,6,32
25.05.2020,14,12,6,32
26.05.2020,14,11,6,31
27.05.2020,14,11,6,31
28.05.2020,15,10,7,32
29.05.2020,15,9,8,32
30.05.2020,15,9,8,32
31.05.2020,15,9,8,32
01.06.2020,15,9,9,33
02.06.2020,16,9,7,32
03.06.2020,17,8,8,33
04.06.2020,17,10,6,33
05.06.2020,17,11,5,33
06.06.2020,17,11,5,33
07.06.2020,16,12,6,34
08.06.2020,16,14,4,34
09.06.2020,15,15,5,35
10.06.2020,15,15,5,35
11.06.2020,15,15,5,35
12.06.2020,15,15,5,35
13.06.2020,15,15,6,36
14.06.2020,15,15,6,36
15.06.2020,16,13,6,35
16.06.2020,16,13,7,36
17.06.2020,16,14,6,36
18.06.2020,15,15,6,36
19.06.2020,14,16,6,36
20.06.2020,14,16,6,36
21.06.2020,14,16,6,36
22.06.2020,14,16,6,36
23.06.2020,14,17,7,38
24.06.2020,13,16,7,36
25.06.2020,14,14,6,34
26.06.2020,14,14,6,34
27.06.2020,14,14,6,34
28.06.2020,14,14,6,34
29.06.2020,14,13,5,32
30.06.2020,15,12,6,33
01.07.2020,16,12,6,34
02.07.2020,15,11,6,32
03.07.2020,16,10,7,33
04.07.2020,16,11,6,33
05.07.2020,16,11,7,34
06.07.2020,17,9,7,33
07.07.2020,17,9,7,33
08.07.2020,16,10,7,33
09.07.2020,17,9,7,33
10.07.2020,16,11,6,33
11.07.2020,16,11,6,33
12.07.2020,16,11,6,33
13.07.2020,16,11,7,34
14.07.2020,15,10,6,31
15.07.2020,15,12,6,33
16.07.2020,16,11,6,33
17.07.2020,16,12,5,33
18.07.2020,15,13,6,34
19.07.2020,15,14,5,34
20.07.2020,16,13,5,34
21.07.2020,16,12,5,33
22.07.2020,15,13,5,33
23.07.2020,15,14,7,36
24.07.2020,15,15,6,36
25.07.2020,15,15,6,36
26.07.2020,15,15,7,37
27.07.2020,15,15,8,38
28.07.2020,15,15,7,37
29.07.2020,13,17,9,39
30.07.2020,13,17,9,39
31.07.2020,14,15,8,37
01.08.2020,14,14,11,39
02.08.2020,14,17,8,39
03.08.2020,13,18,8,39
04.08.2020,14,19,7,40
05.08.2020,15,18,7,40
06.08.2020,14,19,7,40
07.08.2020,14,18,7,39
08.08.2020,14,18,7,39
09.08.2020,14,18,7,39
10.08.2020,13,19,8,40
11.08.2020,14,18,8,40
12.08.2020,13,18,8,39
13.08.2020,13,17,9,39
14.08.2020,13,17,9,39
15.08.2020,14,17,7,38
16.08.2020,14,17,7,38
17.08.2020,14,17,7,38
18.08.2020,14,18,6,38
19.08.2020,13,19,6,38
20.08.2020,13,18,6,37
21.08.2020,12,20,5,37
22.08.2020,12,20,5,37
23.08.2020,12,20,5,37
24.08.2020,12,19,5,36
25.08.2020,12,19,5,36
26.08.2020,12,19,8,39
27.08.2020,13,19,10,42
28.08.2020,13,21,8,42
29.08.2020,13,20,8,41
30.08.2020,13,20,9,42
31.08.2020,13,20,10,43
01.09.2020,14,18,10,42
02.09.2020,15,17,12,44
03.09.2020,16,17,11,44
04.09.2020,14,18,11,43
05.09.2020,14,18,11,43
06.09.2020,14,18,11,43
07.09.2020,14,18,14,46
08.09.2020,14,22,11,47
09.09.2020,12,25,10,47
10.09.2020,13,24,10,47
11.09.2020,13,27,10,50
12.09.2020,13,28,13,54
13.09.2020,13,29,12,54
14.09.2020,12,29,16,57
15.09.2020,12,30,15,57
16.09.2020,13,30,14,57
17.09.2020,12,31,14,57
18.09.2020,11,34,16,61
19.09.2020,12,33,17,62
20.09.2020,13,33,19,65
21.09.2020,13,33,18,64
22.09.2020,12,36,15,63
23.09.2020,12,37,13,62
24.09.2020,14,35,13,62
25.09.2020,15,33,13,61
26.09.2020,15,35,14,64
27.09.2020,15,38,12,65
28.09.2020,15,38,11,64
29.09.2020,16,37,11,64
30.09.2020,16,38,10,64
01.10.2020,18,37,10,65
02.10.2020,14,42,10,66
03.10.2020,15,41,10,66
04.10.2020,15,42,10,67
05.10.2020,14,43,11,68
06.10.2020,15,44,11,70
07.10.2020,15,45,10,70
08.10.2020,16,44,11,71
09.10.2020,15,46,9,70
10.10.2020,14,47,9,70
11.10.2020,14,47,9,70
12.10.2020,13,47,9,69
13.10.2020,16,46,9,71
14.10.2020,16,47,9,72
15.10.2020,15,48,9,72
16.10.2020,13,49,6,68
17.10.2020,13,49,7,69
18.10.2020,13,49,6,68
19.10.2020,14,49,5,68
20.10.2020,14,46,7,67
21.10.2020,15,46,5,66
22.10.2020,15,44,3,62
23.10.2020,15,43,3,61
24.10.2020,16,41,2,59
25.10.2020,17,32,1,50
26.10.2020,17,32,1,50
27.10.2020,17,31,1,49
28.10.2020,16,31,2,49
29.10.2020,18,27,2,47
30.10.2020,20,23,3,46
31.10.2020,20,24,3,47
01.11.2020,20,23,3,46
02.11.2020,21,23,2,46
03.11.2020,23,21,4,48
04.11.2020,24,20,4,48
05.11.2020,24,20,4,48
06.11.2020,21,23,4,48
07.11.2020,19,25,4,48
08.11.2020,19,24,5,48
09.11.2020,18,26,5,49
10.11.2020,20,24,7,51
11.11.2020,19,24,7,50
12.11.2020,19,24,9,52
13.11.2020,18,25,9,52
14.11.2020,18,26,8,52
15.11.2020,19,25,8,52
16.11.2020,20,25,8,53
17.11.2020,20,26,8,54
18.11.2020,18,29,9,56
19.11.2020,19,28,7,54
20.11.2020,18,28,7,53
21.11.2020,18,28,8,54
22.11.2020,18,29,7,54
23.11.2020,17,30,7,54
24.11.2020,17,30,7,54
25.11.2020,16,30,5,51
26.11.2020,16,30,5,51
27.11.2020,17,29,5,51
28.11.2020,17,28,4,49
29.11.2020,17,28,4,49
30.11.2020,18,27,4,49
01.12.2020,19,28,4,51
02.12.2020,23,23,3,49
03.12.2020,23,23,3,49
04.12.2020,22,22,3,47
05.12.2020,22,22,3,47
06.12.2020,20,23,3,46
07.12.2020,19,24,3,46
08.12.2020,18,24,2,44
09.12.2020,17,22,3,42
10.12.2020,19,18,2,39
11.12.2020,18,20,2,40
12.12.2020,18,18,2,38
13.12.2020,18,18,2,38
14.12.2020,18,17,2,37
15.12.2020,17,18,2,37
16.12.2020,16,15,3,34
17.12.2020,20,13,2,35
18.12.2020,20,13,2,35
19.12.2020,20,13,2,35
20.12.2020,20,13,2,35
21.12.2020,18,15,2,35
22.12.2020,16,17,2,35
23.12.2020,15,18,2,35
24.12.2020,15,18,2,35
25.12.2020,16,17,2,35
26.12.2020,15,18,2,35
27.12.2020,14,19,2,35
28.12.2020,15,18,2,35
29.12.2020,15,18,1,34
30.12.2020,18,15,1,34
31.12.2020,18,15,1,34
01.01.2021,18,15,1,34
02.01.2021,18,15,1,34
03.01.2021,17,16,1,34
04.01.2021,15,17,1,33
05.01.2021,14,17,3,34
06.01.2021,15,17,1,33
07.01.2021,16,17,1,34
08.01.2021,15,18,2,35
09.01.2021,15,18,1,34
10.01.2021,15,18,1,34
11.01.2021,16,17,2,35
12.01.2021,17,17,2,36
13.01.2021,17,19,3,39
14.01.2021,18,17,3,38
15.01.2021,18,16,5,39
16.01.2021,18,15,5,38
17.01.2021,18,16,6,40
18.01.2021,18,16,6,40
19.01.2021,17,17,6,40
20.01.2021,15,19,7,41
21.01.2021,14,20,7,41
22.01.2021,14,20,7,41
23.01.2021,15,19,7,41
24.01.2021,15,19,7,41
25.01.2021,15,19,9,43
26.01.2021,15,19,10,44
27.01.2021,17,17,10,44
28.01.2021,17,17,10,44
29.01.2021,17,17,10,44
30.01.2021,17,17,10,44
31.01.2021,17,17,10,44
01.02.2021,17,18,10,45
02.02.2021,16,19,9,44
03.02.2021,17,18,10,45
04.02.2021,16,20,10,46
05.02.2021,17,19,10,46
06.02.2021,17,19,10,46
07.02.2021,17,19,11,47
08.02.2021,18,18,10,46
09.02.2021,19,17,11,47
10.02.2021,19,17,11,47
11.02.2021,18,19,9,46
12.02.2021,18,19,7,44
13.02.2021,18,19,7,44
14.02.2021,18,19,6,43
15.02.2021,18,19,6,43
16.02.2021,17,20,8,45
17.02.2021,17,21,6,44
18.02.2021,17,20,6,43
19.02.2021,17,20,7,44
20.02.2021,17,21,6,44
21.02.2021,17,21,6,44
22.02.2021,17,21,4,42
23.02.2021,17,22,4,43
24.02.2021,17,22,3,42
25.02.2021,17,22,4,43
26.02.2021,17,22,4,43
27.02.2021,17,22,4,43
28.02.2021,17,22,5,44
01.03.2021,17,23,4,44
02.03.2021,19,21,4,44
03.03.2021,19,21,4,44
04.03.2021,18,22,3,43
05.03.2021,18,22,3,43
06.03.2021,18,22,3,43
07.03.2021,18,22,2,42
08.03.2021,18,22,5,45
09.03.2021,18,24,4,46
10.03.2021,18,24,4,46
11.03.2021,19,22,5,46
12.03.2021,18,23,5,46
13.03.2021,18,22,5,45
14.03.2021,18,22,5,45
15.03.2021,18,22,5,45
16.03.2021,17,24,4,45
17.03.2021,18,23,4,45
18.03.2021,18,23,5,46
19.03.2021,18,23,5,46
20.03.2021,18,23,5,46
21.03.2021,18,23,5,46
22.03.2021,18,24,5,47
23.03.2021,19,21,6,46
24.03.2021,20,19,6,45
25.03.2021,20,19,7,46
26.03.2021,20,19,6,45
27.03.2021,20,19,6,45
28.03.2021,20,19,5,44
29.03.2021,19,18,5,42
30.03.2021,20,18,6,44
31.03.2021,20,19,7,46
01.04.2021,21,17,7,45
02.04.2021,20,18,7,45
03.04.2021,20,18,7,45
04.04.2021,20,19,6,45
05.04.2021,21,17,6,44
06.04.2021,22,16,5,43
07.04.2021,21,19,5,45
08.04.2021,22,19,4,45
09.04.2021,23,18,5,46
10.04.2021,23,19,4,46
11.04.2021,23,19,5,47
12.04.2021,23,20,4,47
13.04.2021,23,19,5,47
14.04.2021,23,19,5,47
15.04.2021,23,19,4,46
16.04.2021,23,19,4,46
17.04.2021,23,19,4,46
18.04.2021,23,19,4,46
19.04.2021,23,19,4,46
20.04.2021,23,20,3,46
21.04.2021,23,20,4,47
22.04.2021,24,20,3,47
23.04.2021,24,18,3,45
24.04.2021,24,18,3,45
25.04.2021,24,18,3,45
26.04.2021,24,18,3,45
27.04.2021,24,18,3,45
28.04.2021,25,17,3,45
29.04.2021,24,17,3,44
30.04.2021,24,17,4,45
01.05.2021,24,17,5,46
02.05.2021,24,17,5,46
03.05.2021,23,18,5,46
04.05.2021,23,18,6,47
05.05.2021,23,17,6,46
06.05.2021,23,16,7,46
07.05.2021,23,16,7,46
08.05.2021,23,16,7,46
09.05.2021,22,16,6,44
10.05.2021,22,14,5,41
11.05.2021,22,15,5,42
12.05.2021,22,16,4,42
13.05.2021,22,16,5,43
14.05.2021,22,16,6,44
15.05.2021,23,17,5,45
16.05.2021,23,17,6,46
17.05.2021,23,17,7,47
18.05.2021,22,19,7,48
19.05.2021,21,20,7,48
20.05.2021,22,19,8,49
21.05.2021,21,20,10,51
22.05.2021,21,20,10,51
23.05.2021,21,20,10,51
24.05.2021,21,21,10,52
25.05.2021,22,20,11,53
26.05.2021,22,20,13,55
27.05.2021,21,21,13,55
28.05.2021,22,20,13,55
29.05.2021,22,20,12,54
30.05.2021,22,21,11,54
31.05.2021,22,21,11,54
01.06.2021,22,21,11,54
02.06.2021,23,21,12,56
03.06.2021,22,21,15,58
04.06.2021,22,21,15,58
05.06.2021,21,22,16,59
06.06.2021,21,22,16,59
07.06.2021,21,22,16,59
08.06.2021,21,21,15,57
09.06.2021,21,23,14,58
10.06.2021,22,22,11,55
11.06.2021,22,22,11,55
12.06.2021,22,21,11,54
13.06.2021,23,20,11,54
14.06.2021,23,21,11,55
15.06.2021,22,21,12,55
16.06.2021,23,22,10,55
17.06.2021,23,22,10,55
18.06.2021,23,25,9,57
19.06.2021,23,25,9,57
20.06.2021,22,25,9,56
21.06.2021,21,27,9,57
22.06.2021,23,26,10,59
23.06.2021,23,27,7,57
24.06.2021,23,27,7,57
25.06.2021,23,27,6,56
26.06.2021,23,27,6,56
27.06.2021,23,27,6,56
28.06.2021,23,27,9,59
29.06.2021,23,27,9,59
30.06.2021,23,30,9,62
01.07.2021,23,31,6,60
02.07.2021,22,33,6,61
03.07.2021,22,33,6,61
04.07.2021,21,34,6,61
05.07.2021,21,34,7,62
06.07.2021,21,34,8,63
07.07.2021,21,33,10,64
08.07.2021,21,32,11,64
09.07.2021,24,29,13,66
10.07.2021,24,29,13,66
11.07.2021,25,28,13,66
12.07.2021,25,29,14,68
13.07.2021,24,29,14,67
14.07.2021,24,27,15,66
15.07.2021,24,27,15,66
16.07.2021,25,27,15,67
17.07.2021,25,27,16,68
18.07.2021,24,28,16,68
19.07.2021,21,31,15,67
20.07.2021,24,26,15,65
21.07.2021,25,24,15,64
22.07.2021,23,26,14,63
23.07.2021,22,27,14,63
24.07.2021,22,27,14,63
25.07.2021,22,27,16,65
26.07.2021,22,26,15,63
27.07.2021,22,27,16,65
28.07.2021,22,24,13,59
29.07.2021,23,24,14,61
30.07.2021,21,26,13,60
31.07.2021,21,27,11,59
01.08.2021,20,28,11,59
02.08.2021,20,29,11,60
03.08.2021,20,29,12,61
04.08.2021,19,30,12,61
05.08.2021,19,30,14,63
06.08.2021,20,32,12,64
07.08.2021,20,32,12,64
08.08.2021,20,32,12,64
09.08.2021,20,32,10,62
10.08.2021,20,31,10,61
11.08.2021,20,33,9,62
12.08.2021,21,33,9,63
13.08.2021,21,34,13,68
14.08.2021,21,34,12,67
15.08.2021,21,34,12,67
16.08.2021,21,34,16,71
17.08.2021,22,40,11,73
18.08.2021,23,39,13,75
19.08.2021,23,41,13,77
20.08.2021,22,43,12,77
21.08.2021,22,43,12,77
22.08.2021,22,43,10,75
23.08.2021,22,43,10,75
24.08.2021,22,44,11,77
25.08.2021,22,44,12,78
26.08.2021,23,44,11,78
27.08.2021,22,44,11,77
28.08.2021,22,44,11,77
29.08.2021,22,44,11,77
30.08.2021,22,48,9,79
31.08.2021,22,48,11,81
01.09.2021,22,49,12,83
02.09.2021,21,51,13,85
03.09.2021,23,50,13,86
04.09.2021,23,50,13,86
05.09.2021,23,50,13,86
06.09.2021,24,49,13,86
07.09.2021,24,48,14,86
08.09.2021,23,47,14,84
09.09.2021,22,51,11,84
10.09.2021,21,53,8,82
11.09.2021,20,54,8,82
12.09.2021,20,54,8,82
13.09.2021,20,54,9,83
14.09.2021,24,48,10,82
15.09.2021,25,45,10,80
16.09.2021,27,43,10,80
17.09.2021,27,43,10,80
18.09.2021,26,44,11,81
19.09.2021,26,44,11,81
20.09.2021,26,45,11,82
21.09.2021,27,45,13,85
22.09.2021,26,47,12,85
23.09.2021,28,45,12,85
24.09.2021,27,47,12,86
25.09.2021,27,47,12,86
26.09.2021,27,47,13,87
27.09.2021,27,48,15,90
28.09.2021,28,49,16,93
29.09.2021,27,47,16,90
30.09.2021,29,45,15,89
01.10.2021,32,41,11,84
02.10.2021,32,41,11,84
03.10.2021,32,41,11,84
04.10.2021,32,42,10,84
05.10.2021,29,43,13,85
06.10.2021,29,43,12,84
07.10.2021,30,40,12,82
08.10.2021,30,39,13,82
09.10.2021,30,39,14,83
10.10.2021,30,39,15,84
11.10.2021,31,39,13,83
12.10.2021,30,39,14,83
13.10.2021,32,36,14,82
14.10.2021,32,36,16,84
15.10.2021,33,35,17,85
16.10.2021,33,35,16,84
17.10.2021,33,35,16,84
18.10.2021,33,33,16,82
19.10.2021,32,35,14,81
20.10.2021,32,38,14,84
21.10.2021,32,39,16,87
22.10.2021,32,40,16,88
23.10.2021,32,40,18,90
24.10.2021,32,39,17,88
25.10.2021,32,38,16,86
26.10.2021,30,38,16,84
27.10.2021,30,40,16,86
28.10.2021,31,40,17,88
29.10.2021,32,39,16,87
30.10.2021,32,39,17,88
31.10.2021,32,40,19,91
01.11.2021,32,40,19,91
02.11.2021,30,42,19,91
03.11.2021,29,43,19,91
04.11.2021,30,43,21,94
05.11.2021,30,46,17,93
06.11.2021,31,46,18,95
07.11.2021,31,46,17,94
08.11.2021,32,45,17,94
09.11.2021,30,47,17,94
10.11.2021,32,45,18,95
11.11.2021,33,43,21,97
12.11.2021,32,44,18,94
13.11.2021,32,45,17,94
14.11.2021,32,45,17,94
15.11.2021,34,41,20,95
16.11.2021,35,39,19,93
17.11.2021,37,37,23,97
18.11.2021,36,40,20,96
19.11.2021,35,40,19,94
20.11.2021,35,42,15,92
21.11.2021,35,42,15,92
22.11.2021,35,42,16,93
23.11.2021,37,41,20,98
24.11.2021,37,43,22,102
25.11.2021,36,47,21,104
26.11.2021,38,45,21,104
27.11.2021,38,46,18,102
28.11.2021,37,45,18,100
29.11.2021,37,45,21,103
30.11.2021,33,50,19,102
01.12.2021,33,49,17,99
02.12.2021,34,47,20,101
03.12.2021,34,45,19,98
04.12.2021,34,45,19,98
05.12.2021,34,46,18,98
06.12.2021,34,48,15,97
07.12.2021,30,51,17,98
08.12.2021,29,55,15,99
09.12.2021,28,56,15,99
10.12.2021,29,57,14,100
11.12.2021,29,56,14,99
12.12.2021,29,58,14,101
13.12.2021,29,58,12,99
14.12.2021,28,59,13,100
15.12.2021,28,59,12,99
16.12.2021,28,60,15,103
17.12.2021,28,61,16,105
18.12.2021,28,61,16,105
19.12.2021,28,61,16,105
20.12.2021,28,60,17,105
21.12.2021,28,58,17,103
22.12.2021,28,58,17,103
23.12.2021,28,57,17,102
24.12.2021,28,56,17,101
25.12.2021,28,54,17,99
26.12.2021,28,52,15,95
27.12.2021,28,50,16,94
28.12.2021,28,46,16,90
29.12.2021,26,45,15,86
30.12.2021,26,45,16,87
31.12.2021,25,44,16,85
01.01.2022,25,44,17,86
02.01.2022,25,43,17,85
03.01.2022,26,42,18,86
04.01.2022,24,44,19,87
05.01.2022,25,43,20,88
06.01.2022,25,43,20,88
07.01.2022,26,37,23,86
08.01.2022,26,39,21,86
09.01.2022,26,38,22,86
10.01.2022,26,38,20,84
11.01.2022,26,38,18,82
12.01.2022,26,38,19,83
13.01.2022,28,34,19,81
14.01.2022,27,35,18,80
15.01.2022,27,35,20,82
16.01.2022,27,35,20,82
17.01.2022,27,36,20,83
18.01.2022,26,40,19,85
19.01.2022,26,41,17,84
20.01.2022,29,39,15,83
21.01.2022,31,38,16,85
22.01.2022,31,39,17,87
23.01.2022,31,38,17,86
24.01.2022,34,39,15,88
25.01.2022,34,42,16,92
26.01.2022,35,40,18,93
27.01.2022,35,42,17,94
28.01.2022,35,45,17,97
29.01.2022,35,46,15,96
30.01.2022,35,46,17,98
31.01.2022,35,48,16,99
01.02.2022,35,49,17,101
02.02.2022,34,53,18,105
03.02.2022,34,52,20,106
04.02.2022,34,55,18,107
05.02.2022,35,55,19,109
06.02.2022,34,57,21,112
07.02.2022,34,59,19,112
08.02.2022,32,62,21,115
09.02.2022,31,66,21,118
10.02.2022,30,68,19,117
11.02.2022,27,70,23,120
12.02.2022,27,73,20,120
13.02.2022,27,73,20,120
14.02.2022,27,75,18,120
15.02.2022,25,77,16,118
16.02.2022,26,77,15,118
17.02.2022,28,75,17,120
18.02.2022,29,74,15,118
19.02.2022,30,73,14,117
20.02.2022,30,73,14,117
21.02.2022,32,70,16,118
22.02.2022,32,67,15,114
23.02.2022,31,67,17,115
24.02.2022,31,67,17,115
25.02.2022,32,67,16,115
26.02.2022,33,67,22,122
27.02.2022,33,67,28,128
28.02.2022,31,68,40,139
01.03.2022,30,76,39,145
02.03.2022,30,77,39,146
03.03.2022,30,79,38,147
04.03.2022,30,75,41,146
05.03.2022,30,75,41,146
06.03.2022,29,74,39,142
07.03.2022,29,75,40,144
08.03.2022,30,72,39,141
09.03.2022,29,73,34,136
10.03.2022,28,77,31,136
11.03.2022,28,82,26,136
12.03.2022,30,86,20,136
13.03.2022,31,89,16,136
14.03.2022,32,86,16,134
15.03.2022,31,84,17,132
16.03.2022,32,82,16,130
17.03.2022,34,78,16,128
18.03.2022,35,77,17,129
19.03.2022,34,78,17,129
20.03.2022,34,78,17,129
21.03.2022,34,74,18,126
22.03.2022,34,76,17,127
23.03.2022,35,77,14,126
24.03.2022,36,73,14,123
25.03.2022,37,72,16,125
26.03.2022,37,72,16,125
27.03.2022,37,73,15,125
28.03.2022,38,72,14,124
29.03.2022,38,70,15,123
30.03.2022,40,68,12,120
31.03.2022,42,64,12,118
01.04.2022,43,62,12,117
02.04.2022,43,62,12,117
03.04.2022,43,62,12,117
04.04.2022,42,64,9,115
05.04.2022,41,66,9,116
06.04.2022,43,63,10,116
07.04.2022,40,63,11,114
08.04.2022,40,59,10,109
09.04.2022,40,52,11,103
10.04.2022,40,46,10,96
11.04.2022,39,45,10,94
12.04.2022,39,46,10,95
13.04.2022,43,42,9,94
14.04.2022,43,42,10,95
15.04.2022,43,42,9,94
16.04.2022,43,42,10,95
17.04.2022,43,42,10,95
18.04.2022,43,42,11,96
19.04.2022,43,40,12,95
20.04.2022,46,38,12,96
21.04.2022,45,39,16,100
22.04.2022,45,40,13,98
23.04.2022,45,40,13,98
24.04.2022,45,41,13,99
25.04.2022,45,40,14,99
26.04.2022,43,41,13,97
27.04.2022,43,38,12,93
28.04.2022,44,37,11,92
29.04.2022,44,38,10,92
30.04.2022,44,37,10,91
01.05.2022,44,37,10,91
02.05.2022,43,34,11,88
03.05.2022,42,37,11,90
04.05.2022,42,36,11,89
05.05.2022,41,39,10,90
06.05.2022,41,39,10,90
07.05.2022,41,38,9,88
08.05.2022,40,39,9,88
09.05.2022,40,40,12,92
10.05.2022,40,41,11,92
11.05.2022,41,42,12,95
12.05.2022,41,41,11,93
13.05.2022,42,40,12,94
14.05.2022,42,41,10,93
15.05.2022,42,41,10,93
16.05.2022,42,40,10,92
17.05.2022,40,43,9,92
18.05.2022,42,40,9,91
19.05.2022,42,41,7,90
20.05.2022,43,42,8,93
21.05.2022,43,42,8,93
22.05.2022,43,42,8,93
23.05.2022,43,44,12,99
24.05.2022,42,45,15,102
25.05.2022,43,45,17,105
26.05.2022,42,44,19,105
27.05.2022,41,45,18,104
28.05.2022,41,45,20,106
29.05.2022,41,45,22,108
30.05.2022,40,45,23,108
31.05.2022,40,45,23,108
01.06.2022,40,45,23,108
02.06.2022,40,46,23,109
03.06.2022,39,47,23,109
04.06.2022,39,48,22,109
05.06.2022,39,48,22,109
06.06.2022,39,47,22,108
07.06.2022,38,47,26,111
08.06.2022,38,45,26,109
09.06.2022,37,48,26,111
10.06.2022,38,45,28,111
11.06.2022,40,43,28,111
12.06.2022,40,43,28,111
13.06.2022,39,43,27,109
14.06.2022,38,45,28,111
15.06.2022,38,44,28,110
16.06.2022,41,42,29,112
17.06.2022,39,45,29,113
18.06.2022,39,45,30,114
19.06.2022,39,45,31,115
20.06.2022,41,42,29,112
21.06.2022,43,41,27,111
22.06.2022,42,42,28,112
23.06.2022,43,43,26,112
24.06.2022,40,45,26,111
25.06.2022,39,44,24,107
26.06.2022,38,46,22,106
27.06.2022,38,46,24,108
28.06.2022,36,51,22,109
29.06.2022,36,50,20,106
30.06.2022,37,48,20,105
01.07.2022,34,47,20,101
02.07.2022,35,44,22,101
03.07.2022,35,44,22,101
04.07.2022,36,43,24,103
05.07.2022,37,39,22,98
06.07.2022,36,40,23,99
07.07.2022,34,42,23,99
08.07.2022,34,43,20,97
09.07.2022,35,42,21,98
10.07.2022,35,42,21,98
11.07.2022,34,44,21,99
12.07.2022,33,44,22,99
13.07.2022,37,42,20,99
14.07.2022,36,42,20,98
15.07.2022,35,43,17,95
16.07.2022,35,43,17,95
17.07.2022,35,44,15,94
18.07.2022,37,43,15,95
19.07.2022,38,44,16,98
20.07.2022,36,44,14,94
21.07.2022,38,43,17,98
22.07.2022,37,45,15,97
23.07.2022,38,45,15,98
24.07.2022,38,44,15,97
25.07.2022,38,43,14,95
26.07.2022,35,48,16,99
27.07.2022,34,53,14,101
28.07.2022,35,53,15,103
29.07.2022,32,52,15,99
30.07.2022,32,52,14,98
31.07.2022,32,52,13,97
01.08.2022,33,54,11,98
02.08.2022,34,54,11,99
03.08.2022,35,54,10,99
04.08.2022,37,52,10,99
05.08.2022,36,52,12,100
06.08.2022,37,51,11,99
07.08.2022,37,52,11,100
08.08.2022,35,52,12,99
09.08.2022,35,51,11,97
10.08.2022,38,49,13,100
11.08.2022,40,50,13,103
12.08.2022,40,51,15,106
13.08.2022,40,50,16,106
14.08.2022,40,50,16,106
15.08.2022,40,49,15,104
16.08.2022,38,53,15,106
17.08.2022,36,55,16,107
18.08.2022,36,55,16,107
19.08.2022,36,54,18,108
20.08.2022,36,55,20,111
21.08.2022,36,56,20,112
22.08.2022,38,54,20,112
23.08.2022,35,58,19,112
24.08.2022,36,58,22,116
25.08.2022,36,60,24,120
26.08.2022,31,65,23,119
27.08.2022,31,66,22,119
28.08.2022,31,68,21,120
29.08.2022,35,64,24,123
30.08.2022,35,64,24,123
31.08.2022,37,63,30,130
01.09.2022,37,64,30,131
02.09.2022,39,61,31,131
03.09.2022,39,61,32,132
04.09.2022,39,61,32,132
05.09.2022,41,58,33,132
06.09.2022,41,59,35,135
07.09.2022,42,61,34,137
08.09.2022,43,59,33,135
09.09.2022,40,61,33,134
10.09.2022,41,60,33,134
11.09.2022,41,60,32,133
12.09.2022,44,57,32,133
13.09.2022,39,61,31,131
14.09.2022,38,61,30,129
15.09.2022,39,60,31,130
16.09.2022,41,59,31,131
17.09.2022,40,61,29,130
18.09.2022,40,61,28,129
19.09.2022,41,60,27,128
20.09.2022,40,60,23,123
21.09.2022,41,59,22,122
22.09.2022,42,57,22,121
23.09.2022,38,59,23,120
24.09.2022,39,57,23,119
25.09.2022,39,56,22,117
26.09.2022,43,52,18,113
27.09.2022,45,49,17,111
28.09.2022,46,48,16,110
29.09.2022,46,44,15,105
30.09.2022,47,43,15,105
01.10.2022,48,42,14,104
02.10.2022,48,42,14,104
03.10.2022,47,44,13,104
04.10.2022,46,44,11,101
05.10.2022,45,45,12,102
06.10.2022,46,47,10,103
07.10.2022,42,51,10,103
08.10.2022,45,48,11,104
09.10.2022,45,48,11,104
10.10.2022,46,44,10,100
11.10.2022,42,48,11,101
12.10.2022,44,46,11,101
13.10.2022,44,47,10,101
14.10.2022,44,46,11,101
15.10.2022,43,47,11,101
16.10.2022,43,47,13,103
17.10.2022,42,47,16,105
18.10.2022,41,46,17,104
19.10.2022,40,48,19,107
20.10.2022,39,49,17,105
21.10.2022,39,49,17,105
22.10.2022,40,48,19,107
23.10.2022,39,50,18,107
24.10.2022,40,48,20,108
25.10.2022,41,48,18,107
26.10.2022,41,48,20,109
27.10.2022,39,50,20,109
28.10.2022,41,49,21,111
29.10.2022,41,52,18,111
30.10.2022,41,53,19,113
31.10.2022,39,55,18,112
01.11.2022,39,56,19,114
02.11.2022,36,57,19,112
03.11.2022,40,54,19,113
04.11.2022,37,56,18,111
05.11.2022,40,53,17,110
06.11.2022,40,53,18,111
07.11.2022,38,56,18,112
08.11.2022,41,52,17,110
09.11.2022,42,51,17,110
10.11.2022,44,49,16,109
11.11.2022,46,47,15,108
12.11.2022,45,49,18,112
13.11.2022,45,50,15,110
14.11.2022,43,54,13,110
15.11.2022,44,54,12,110
16.11.2022,41,59,14,114
17.11.2022,40,59,13,112
18.11.2022,41,58,14,113
19.11.2022,42,58,13,113
20.11.2022,40,60,13,113
21.11.2022,40,61,11,112
22.11.2022,44,54,13,111
23.11.2022,43,52,14,109
24.11.2022,43,52,13,108
25.11.2022,42,49,13,104
26.11.2022,42,47,13,102
27.11.2022,42,47,12,101
28.11.2022,41,49,12,102
29.11.2022,41,47,10,98
30.11.2022,38,49,10,97
01.12.2022,36,48,10,94
02.12.2022,38,47,11,96
03.12.2022,39,46,11,96
04.12.2022,39,46,12,97
05.12.2022,35,50,10,95
06.12.2022,37,49,11,97
07.12.2022,39,46,13,98
08.12.2022,39,46,15,100
09.12.2022,39,46,14,99
10.12.2022,39,44,11,94
11.12.2022,39,44,11,94
12.12.2022,34,51,10,95
13.12.2022,34,49,10,93
14.12.2022,32,51,9,92
15.12.2022,32,49,10,91
16.12.2022,33,49,10,92
17.12.2022,31,50,9,90
18.12.2022,31,50,9,90
19.12.2022,31,49,8,88
20.12.2022,34,47,6,87
21.12.2022,32,49,6,87
22.12.2022,33,48,6,87
23.12.2022,33,48,6,87
24.12.2022,33,48,6,87
25.12.2022,34,47,6,87
26.12.2022,32,48,6,86
27.12.2022,34,43,6,83
28.12.2022,34,42,6,82
29.12.2022,33,41,6,80
30.12.2022,31,42,6,79
31.12.2022,30,41,6,77
01.01.2023,30,41,5,76
02.01.2023,27,41,6,74
03.01.2023,27,36,8,71
04.01.2023,27,38,5,70
05.01.2023,27,39,5,71
06.01.2023,25,39,5,69
07.01.2023,26,38,5,69
08.01.2023,26,38,5,69
09.01.2023,24,39,7,70
10.01.2023,24,41,7,72
11.01.2023,24,40,11,75
12.01.2023,22,42,12,76
13.01.2023,22,42,13,77
14.01.2023,22,42,13,77
15.01.2023,22,42,13,77
16.01.2023,22,42,13,77
17.01.2023,24,44,14,82
18.01.2023,23,49,13,85
19.01.2023,23,50,12,85
20.01.2023,23,51,15,89
21.01.2023,23,51,16,90
22.01.2023,23,51,16,90
23.01.2023,22,57,14,93
24.01.2023,22,57,18,97
25.01.2023,24,57,19,100
26.01.2023,24,60,20,104
27.01.2023,22,63,20,105
28.01.2023,22,63,20,105
29.01.2023,22,63,20,105
30.01.2023,22,63,21,106
31.01.2023,23,63,21,107
01.02.2023,23,63,20,106
02.02.2023,24,61,20,105
03.02.2023,23,62,20,105
04.02.2023,24,62,19,105
05.02.2023,24,62,20,106
06.02.2023,25,62,18,105
07.02.2023,25,63,18,106
08.02.2023,25,62,16,103
09.02.2023,25,62,17,104
10.02.2023,24,65,16,105
11.02.2023,24,64,18,106
12.02.2023,24,64,18,106
13.02.2023,24,64,19,107
14.02.2023,21,68,20,109
15.02.2023,20,71,19,110
16.02.2023,22,69,19,110
17.02.2023,21,71,17,109
18.02.2023,22,70,17,109
19.02.2023,22,70,18,110
20.02.2023,21,71,16,108
21.02.2023,21,71,14,106
22.02.2023,22,72,14,108
23.02.2023,21,74,14,109
24.02.2023,22,75,13,110
25.02.2023,22,75,14,111
26.02.2023,22,75,14,111
27.02.2023,22,78,13,113
28.02.2023,24,75,13,112
01.03.2023,24,76,14,114
02.03.2023,27,73,16,116
03.03.2023,27,73,16,116
04.03.2023,27,73,16,116
05.03.2023,27,74,15,116
06.03.2023,28,69,15,112
07.03.2023,28,68,16,112
08.03.2023,28,67,14,109
09.03.2023,29,66,14,109
10.03.2023,29,66,14,109
11.03.2023,29,66,13,108
12.03.2023,29,67,13,109
13.03.2023,27,69,13,109
14.03.2023,26,72,15,113
15.03.2023,27,69,13,109
16.03.2023,29,67,16,112
17.03.2023,29,69,13,111
18.03.2023,31,67,14,112
19.03.2023,31,67,14,112
20.03.2023,34,62,13,109
21.03.2023,33,64,16,113
22.03.2023,32,67,13,112
23.03.2023,34,63,13,110
24.03.2023,36,63,14,113
25.03.2023,36,63,13,112
26.03.2023,36,62,13,111
27.03.2023,37,59,13,109
28.03.2023,37,58,15,110
29.03.2023,38,57,12,107
30.03.2023,35,58,11,104
31.03.2023,34,58,11,103
01.04.2023,34,59,11,104
02.04.2023,34,58,11,103
03.04.2023,34,59,11,104
04.04.2023,34,60,12,106
05.04.2023,34,58,12,104
06.04.2023,36,57,12,105
07.04.2023,35,58,13,106
08.04.2023,36,57,13,106
09.04.2023,35,58,13,106
10.04.2023,34,59,13,106
11.04.2023,34,59,12,105
12.04.2023,34,59,12,105
13.04.2023,35,60,11,106
14.04.2023,35,59,12,106
15.04.2023,38,56,12,106
16.04.2023,38,56,12,106
17.04.2023,40,54,14,108
18.04.2023,39,51,14,104
19.04.2023,36,56,12,104
20.04.2023,38,55,11,104
21.04.2023,39,55,8,102
22.04.2023,39,55,9,103
23.04.2023,38,57,9,104
24.04.2023,37,57,12,106
25.04.2023,37,54,12,103
26.04.2023,34,56,12,102
27.04.2023,32,58,12,102
28.04.2023,34,56,13,103
29.04.2023,35,55,12,102
30.04.2023,35,56,11,102
01.05.2023,34,56,12,102
02.05.2023,36,53,12,101
03.05.2023,36,53,14,103
04.05.2023,36,52,16,104
05.05.2023,36,56,12,104
06.05.2023,37,55,12,104
07.05.2023,36,56,12,104
08.05.2023,36,58,10,104
09.05.2023,38,60,9,107
10.05.2023,38,60,12,110
11.05.2023,39,62,11,112
12.05.2023,39,61,12,112
13.05.2023,39,61,12,112
14.05.2023,39,61,12,112
15.05.2023,40,61,12,113
16.05.2023,39,61,11,111
17.05.2023,37,63,14,114
18.05.2023,40,60,16,116
19.05.2023,41,60,14,115
20.05.2023,40,61,14,115
21.05.2023,39,62,14,115
22.05.2023,38,63,14,115
23.05.2023,36,67,12,115
24.05.2023,33,70,12,115
25.05.2023,34,71,11,116
26.05.2023,36,70,15,121
27.05.2023,37,69,15,121
28.05.2023,36,70,16,122
29.05.2023,36,73,14,123
30.05.2023,36,77,11,124
31.05.2023,36,77,12,125
01.06.2023,39,74,12,125
02.06.2023,41,72,12,125
03.06.2023,42,71,12,125
04.06.2023,42,71,12,125
05.06.2023,41,73,12,126
06.06.2023,42,74,13,129
07.06.2023,42,75,10,127
08.06.2023,39,75,9,123
09.06.2023,40,73,9,122
10.06.2023,40,73,9,122
11.06.2023,40,74,9,123
12.06.2023,37,76,10,123
13.06.2023,38,73,10,121
14.06.2023,37,75,8,120
15.06.2023,39,72,11,122
16.06.2023,40,71,11,122
17.06.2023,40,70,11,121
18.06.2023,40,70,11,121
19.06.2023,40,72,11,123
20.06.2023,39,72,10,121
21.06.2023,37,73,12,122
22.06.2023,40,70,12,122
23.06.2023,43,66,11,120
24.06.2023,43,66,11,120
25.06.2023,43,66,11,120
26.06.2023,44,64,12,120
27.06.2023,44,61,12,117
28.06.2023,43,63,10,116
29.06.2023,43,61,10,114
30.06.2023,40,64,10,114
01.07.2023,40,63,10,113
02.07.2023,40,63,10,113
03.07.2023,38,64,9,111
04.07.2023,40,59,8,107
05.07.2023,37,56,8,101
06.07.2023,35,58,8,101
07.07.2023,35,53,8,96
08.07.2023,35,52,9,96
09.07.2023,34,50,8,92
10.07.2023,33,49,8,90
11.07.2023,33,46,11,90
12.07.2023,33,44,10,87
13.07.2023,33,45,8,86
14.07.2023,37,43,9,89
15.07.2023,37,43,9,89
16.07.2023,37,43,9,89
17.07.2023,37,43,9,89
18.07.2023,38,45,9,92
19.07.2023,38,45,7,90
20.07.2023,39,41,9,89
21.07.2023,41,41,10,92
22.07.2023,41,41,10,92
23.07.2023,42,40,12,94
24.07.2023,43,40,13,96
25.07.2023,44,45,15,104
26.07.2023,45,48,12,105
27.07.2023,45,51,12,108
28.07.2023,43,54,12,109
29.07.2023,43,55,12,110
30.07.2023,43,56,11,110
31.07.2023,42,58,11,111
01.08.2023,45,58,11,114
02.08.2023,46,57,12,115
03.08.2023,45,58,12,115
04.08.2023,44,61,13,118
05.08.2023,44,61,12,117
06.08.2023,44,61,12,117
07.08.2023,43,63,13,119
08.08.2023,42,64,13,119
09.08.2023,44,64,13,121
10.08.2023,42,66,13,121
11.08.2023,42,66,15,123
12.08.2023,42,66,15,123
13.08.2023,42,67,14,123
14.08.2023,42,67,15,124
15.08.2023,40,69,14,123
16.08.2023,38,70,16,124
17.08.2023,39,69,18,126
18.08.2023,40,66,18,124
19.08.2023,40,66,18,124
20.08.2023,40,66,16,122
21.08.2023,42,65,14,121
22.08.2023,40,65,13,118
23.08.2023,39,64,12,115
24.08.2023,39,65,13,117
25.08.2023,38,68,13,119
26.08.2023,38,68,13,119
27.08.2023,39,67,13,119
28.08.2023,37,68,12,117
29.08.2023,36,67,12,115
30.08.2023,39,64,12,115
31.08.2023,38,66,15,119
01.09.2023,37,65,16,118
02.09.2023,37,65,16,118
03.09.2023,38,63,16,117
04.09.2023,39,62,17,118
05.09.2023,37,65,17,119
06.09.2023,38,63,16,117
07.09.2023,38,62,18,118
08.09.2023,40,60,15,115
09.09.2023,40,60,15,115
10.09.2023,41,59,15,115
11.09.2023,41,62,14,117
12.09.2023,41,63,13,117
13.09.2023,39,67,9,115
14.09.2023,39,69,6,114
15.09.2023,41,68,9,118
16.09.2023,42,67,9,118
17.09.2023,42,68,9,119
18.09.2023,41,69,11,121
19.09.2023,43,66,12,121
20.09.2023,43,64,12,119
21.09.2023,46,62,13,121
22.09.2023,45,63,12,120
23.09.2023,45,63,12,120
24.09.2023,45,64,11,120
25.09.2023,43,66,11,120
26.09.2023,45,65,11,121
27.09.2023,48,63,11,122
28.09.2023,47,64,10,121
29.09.2023,48,63,11,122
30.09.2023,48,64,10,122
01.10.2023,49,64,10,123
