elrond,,,,
Date, Full Time, Part Time, One Time, Total
01.01.2015,2,2,0,4
02.01.2015,2,2,0,4
03.01.2015,2,2,0,4
04.01.2015,2,2,0,4
05.01.2015,2,2,0,4
06.01.2015,2,2,0,4
07.01.2015,2,2,0,4
08.01.2015,2,2,0,4
09.01.2015,2,2,0,4
10.01.2015,2,2,0,4
11.01.2015,2,2,0,4
12.01.2015,2,2,0,4
13.01.2015,2,3,0,5
14.01.2015,2,3,0,5
15.01.2015,2,3,0,5
16.01.2015,2,3,0,5
17.01.2015,2,3,0,5
18.01.2015,2,2,1,5
19.01.2015,2,2,1,5
20.01.2015,2,2,1,5
21.01.2015,2,2,1,5
22.01.2015,2,2,1,5
23.01.2015,2,1,0,3
24.01.2015,2,1,0,3
25.01.2015,2,1,0,3
26.01.2015,2,1,0,3
27.01.2015,2,1,0,3
28.01.2015,2,1,0,3
29.01.2015,2,1,0,3
30.01.2015,2,1,0,3
31.01.2015,2,1,0,3
01.02.2015,2,1,0,3
02.02.2015,2,1,0,3
03.02.2015,2,1,0,3
04.02.2015,2,1,0,3
05.02.2015,2,1,0,3
06.02.2015,2,1,0,3
07.02.2015,2,1,0,3
08.02.2015,2,1,0,3
09.02.2015,2,1,0,3
10.02.2015,2,1,0,3
11.02.2015,2,1,0,3
12.02.2015,2,0,0,2
13.02.2015,2,0,0,2
14.02.2015,2,0,0,2
15.02.2015,2,0,0,2
16.02.2015,2,0,0,2
17.02.2015,2,0,0,2
18.02.2015,2,0,0,2
19.02.2015,2,0,0,2
20.02.2015,2,0,0,2
21.02.2015,2,0,0,2
22.02.2015,2,0,0,2
23.02.2015,2,0,0,2
24.02.2015,2,0,0,2
25.02.2015,2,0,0,2
26.02.2015,2,0,0,2
27.02.2015,2,1,0,3
28.02.2015,2,1,0,3
01.03.2015,2,1,0,3
02.03.2015,2,1,0,3
03.03.2015,2,1,0,3
04.03.2015,2,1,0,3
05.03.2015,2,1,1,4
06.03.2015,2,1,1,4
07.03.2015,2,1,1,4
08.03.2015,2,1,1,4
09.03.2015,2,1,1,4
10.03.2015,2,1,1,4
11.03.2015,2,1,1,4
12.03.2015,2,1,1,4
13.03.2015,2,1,2,5
14.03.2015,2,1,2,5
15.03.2015,2,1,2,5
16.03.2015,2,1,2,5
17.03.2015,2,1,2,5
18.03.2015,2,1,2,5
19.03.2015,2,2,1,5
20.03.2015,2,1,2,5
21.03.2015,2,1,2,5
22.03.2015,2,1,2,5
23.03.2015,2,2,1,5
24.03.2015,2,2,1,5
25.03.2015,2,2,1,5
26.03.2015,2,2,1,5
27.03.2015,2,2,1,5
28.03.2015,2,2,1,5
29.03.2015,2,2,1,5
30.03.2015,2,2,1,5
31.03.2015,2,2,1,5
01.04.2015,2,2,1,5
02.04.2015,2,2,1,5
03.04.2015,2,2,1,5
04.04.2015,2,2,1,5
05.04.2015,2,2,2,6
06.04.2015,2,2,2,6
07.04.2015,2,2,2,6
08.04.2015,2,2,2,6
09.04.2015,2,2,2,6
10.04.2015,2,2,1,5
11.04.2015,2,2,1,5
12.04.2015,2,2,1,5
13.04.2015,2,2,1,5
14.04.2015,2,2,1,5
15.04.2015,2,2,1,5
16.04.2015,2,1,1,4
17.04.2015,2,1,1,4
18.04.2015,2,1,1,4
19.04.2015,2,1,1,4
20.04.2015,2,1,1,4
21.04.2015,2,1,1,4
22.04.2015,2,1,1,4
23.04.2015,2,1,1,4
24.04.2015,2,1,1,4
25.04.2015,2,1,1,4
26.04.2015,2,1,1,4
27.04.2015,2,1,1,4
28.04.2015,2,1,1,4
29.04.2015,2,1,1,4
30.04.2015,2,1,1,4
01.05.2015,2,1,1,4
02.05.2015,2,1,1,4
03.05.2015,2,2,0,4
04.05.2015,2,2,0,4
05.05.2015,2,2,1,5
06.05.2015,2,2,1,5
07.05.2015,2,2,1,5
08.05.2015,2,2,1,5
09.05.2015,2,2,1,5
10.05.2015,2,2,1,5
11.05.2015,2,2,1,5
12.05.2015,2,2,1,5
13.05.2015,2,2,1,5
14.05.2015,2,2,1,5
15.05.2015,2,2,1,5
16.05.2015,2,2,1,5
17.05.2015,2,2,1,5
18.05.2015,2,2,1,5
19.05.2015,2,2,1,5
20.05.2015,2,2,1,5
21.05.2015,2,2,1,5
22.05.2015,2,2,2,6
23.05.2015,2,2,2,6
24.05.2015,2,2,2,6
25.05.2015,2,1,2,5
26.05.2015,2,1,2,5
27.05.2015,2,1,2,5
28.05.2015,2,1,2,5
29.05.2015,2,1,2,5
30.05.2015,2,1,2,5
31.05.2015,2,1,1,4
01.06.2015,2,1,1,4
02.06.2015,2,2,1,5
03.06.2015,2,2,1,5
04.06.2015,2,2,1,5
05.06.2015,2,2,1,5
06.06.2015,2,2,1,5
07.06.2015,2,2,1,5
08.06.2015,2,2,1,5
09.06.2015,2,2,2,6
10.06.2015,2,3,1,6
11.06.2015,2,3,1,6
12.06.2015,2,3,1,6
13.06.2015,2,3,1,6
14.06.2015,2,3,1,6
15.06.2015,2,3,1,6
16.06.2015,3,2,1,6
17.06.2015,3,2,1,6
18.06.2015,3,2,1,6
19.06.2015,3,2,0,5
20.06.2015,3,2,0,5
21.06.2015,2,3,0,5
22.06.2015,3,3,0,6
23.06.2015,3,3,0,6
24.06.2015,3,3,0,6
25.06.2015,3,3,0,6
26.06.2015,2,4,0,6
27.06.2015,2,4,0,6
28.06.2015,2,4,0,6
29.06.2015,2,4,0,6
30.06.2015,2,4,0,6
01.07.2015,2,4,0,6
02.07.2015,2,4,0,6
03.07.2015,2,4,0,6
04.07.2015,2,3,0,5
05.07.2015,2,3,0,5
06.07.2015,2,3,0,5
07.07.2015,2,3,1,6
08.07.2015,2,3,1,6
09.07.2015,2,3,1,6
10.07.2015,2,3,1,6
11.07.2015,2,3,1,6
12.07.2015,2,3,1,6
13.07.2015,2,3,1,6
14.07.2015,2,3,2,7
15.07.2015,2,3,2,7
16.07.2015,2,3,2,7
17.07.2015,2,3,3,8
18.07.2015,2,3,3,8
19.07.2015,2,3,3,8
20.07.2015,2,3,3,8
21.07.2015,2,2,3,7
22.07.2015,2,2,3,7
23.07.2015,2,3,3,8
24.07.2015,2,3,3,8
25.07.2015,2,2,3,7
26.07.2015,2,2,3,7
27.07.2015,2,2,3,7
28.07.2015,2,2,3,7
29.07.2015,2,2,3,7
30.07.2015,2,2,3,7
31.07.2015,2,2,4,8
01.08.2015,2,3,3,8
02.08.2015,2,3,3,8
03.08.2015,2,3,3,8
04.08.2015,2,3,4,9
05.08.2015,2,3,3,8
06.08.2015,2,4,3,9
07.08.2015,2,4,3,9
08.08.2015,2,4,3,9
09.08.2015,2,4,4,10
10.08.2015,2,4,4,10
11.08.2015,2,4,4,10
12.08.2015,2,6,2,10
13.08.2015,2,6,2,10
14.08.2015,2,6,2,10
15.08.2015,2,6,2,10
16.08.2015,2,6,2,10
17.08.2015,2,6,2,10
18.08.2015,2,6,2,10
19.08.2015,2,6,3,11
20.08.2015,2,7,3,12
21.08.2015,2,8,2,12
22.08.2015,2,8,3,13
23.08.2015,2,8,3,13
24.08.2015,2,8,3,13
25.08.2015,2,8,3,13
26.08.2015,3,7,3,13
27.08.2015,3,7,3,13
28.08.2015,3,7,2,12
29.08.2015,3,7,3,13
30.08.2015,3,7,3,13
31.08.2015,3,7,3,13
01.09.2015,3,7,3,13
02.09.2015,3,7,3,13
03.09.2015,3,6,3,12
04.09.2015,3,6,3,12
05.09.2015,3,6,3,12
06.09.2015,3,6,2,11
07.09.2015,3,6,2,11
08.09.2015,3,6,2,11
09.09.2015,2,7,2,11
10.09.2015,2,7,3,12
11.09.2015,2,7,4,13
12.09.2015,2,7,4,13
13.09.2015,2,7,4,13
14.09.2015,2,8,3,13
15.09.2015,2,6,3,11
16.09.2015,2,6,3,11
17.09.2015,3,4,3,10
18.09.2015,3,4,2,9
19.09.2015,3,4,1,8
20.09.2015,3,5,1,9
21.09.2015,3,4,1,8
22.09.2015,3,4,1,8
23.09.2015,4,3,1,8
24.09.2015,4,3,1,8
25.09.2015,4,3,1,8
26.09.2015,4,3,1,8
27.09.2015,4,3,1,8
28.09.2015,3,3,1,7
29.09.2015,3,3,1,7
30.09.2015,3,3,1,7
01.10.2015,3,3,1,7
02.10.2015,3,3,2,8
03.10.2015,3,3,2,8
04.10.2015,3,3,2,8
05.10.2015,3,3,2,8
06.10.2015,3,3,2,8
07.10.2015,3,3,2,8
08.10.2015,3,3,3,9
09.10.2015,3,3,2,8
10.10.2015,3,3,2,8
11.10.2015,3,3,2,8
12.10.2015,3,3,2,8
13.10.2015,3,3,2,8
14.10.2015,3,3,2,8
15.10.2015,3,3,2,8
16.10.2015,3,2,2,7
17.10.2015,3,2,2,7
18.10.2015,3,2,2,7
19.10.2015,3,2,3,8
20.10.2015,3,2,3,8
21.10.2015,3,3,2,8
22.10.2015,3,4,2,9
23.10.2015,3,4,2,9
24.10.2015,3,4,2,9
25.10.2015,3,4,2,9
26.10.2015,3,4,2,9
27.10.2015,3,4,2,9
28.10.2015,3,5,2,10
29.10.2015,3,4,2,9
30.10.2015,3,4,1,8
31.10.2015,3,4,1,8
01.11.2015,3,4,1,8
02.11.2015,3,4,1,8
03.11.2015,3,3,1,7
04.11.2015,3,3,2,8
05.11.2015,3,4,0,7
06.11.2015,3,4,0,7
07.11.2015,3,4,0,7
08.11.2015,3,4,0,7
09.11.2015,3,4,0,7
10.11.2015,3,3,1,7
11.11.2015,3,4,1,8
12.11.2015,3,3,2,8
13.11.2015,3,3,2,8
14.11.2015,3,3,2,8
15.11.2015,3,3,2,8
16.11.2015,3,3,2,8
17.11.2015,2,4,2,8
18.11.2015,2,4,2,8
19.11.2015,3,3,1,7
20.11.2015,3,3,1,7
21.11.2015,3,3,1,7
22.11.2015,3,3,1,7
23.11.2015,3,3,1,7
24.11.2015,3,3,1,7
25.11.2015,3,3,0,6
26.11.2015,3,3,0,6
27.11.2015,3,3,0,6
28.11.2015,3,3,0,6
29.11.2015,3,3,0,6
30.11.2015,3,3,0,6
01.12.2015,3,3,0,6
02.12.2015,3,3,0,6
03.12.2015,3,3,0,6
04.12.2015,3,3,0,6
05.12.2015,3,3,0,6
06.12.2015,3,3,0,6
07.12.2015,3,3,1,7
08.12.2015,3,3,1,7
09.12.2015,3,3,1,7
10.12.2015,3,3,1,7
11.12.2015,3,3,1,7
12.12.2015,3,3,1,7
13.12.2015,3,3,1,7
14.12.2015,3,3,1,7
15.12.2015,3,3,1,7
16.12.2015,2,4,1,7
17.12.2015,3,3,2,8
18.12.2015,3,4,2,9
19.12.2015,3,4,2,9
20.12.2015,3,5,1,9
21.12.2015,3,5,1,9
22.12.2015,3,5,1,9
23.12.2015,2,6,1,9
24.12.2015,2,6,1,9
25.12.2015,2,6,1,9
26.12.2015,2,6,1,9
27.12.2015,2,6,1,9
28.12.2015,2,6,1,9
29.12.2015,2,6,1,9
30.12.2015,2,6,1,9
31.12.2015,2,6,1,9
01.01.2016,2,6,1,9
02.01.2016,2,6,1,9
03.01.2016,2,7,0,9
04.01.2016,2,7,0,9
05.01.2016,2,7,1,10
06.01.2016,3,6,1,10
07.01.2016,3,6,1,10
08.01.2016,3,6,1,10
09.01.2016,3,6,1,10
10.01.2016,3,6,1,10
11.01.2016,3,6,1,10
12.01.2016,3,6,1,10
13.01.2016,3,6,1,10
14.01.2016,3,5,1,9
15.01.2016,3,5,1,9
16.01.2016,3,5,1,9
17.01.2016,3,5,1,9
18.01.2016,3,4,1,8
19.01.2016,3,4,1,8
20.01.2016,3,4,1,8
21.01.2016,3,4,1,8
22.01.2016,3,4,1,8
23.01.2016,3,4,1,8
24.01.2016,3,4,1,8
25.01.2016,3,4,1,8
26.01.2016,2,5,1,8
27.01.2016,2,5,1,8
28.01.2016,2,5,2,9
29.01.2016,2,5,3,10
30.01.2016,2,5,3,10
31.01.2016,2,5,3,10
01.02.2016,3,4,3,10
02.02.2016,2,5,2,9
03.02.2016,2,5,2,9
04.02.2016,2,5,2,9
05.02.2016,3,4,2,9
06.02.2016,2,5,2,9
07.02.2016,4,4,1,9
08.02.2016,3,5,1,9
09.02.2016,3,5,1,9
10.02.2016,3,5,1,9
11.02.2016,4,4,1,9
12.02.2016,4,4,1,9
13.02.2016,4,4,1,9
14.02.2016,4,4,1,9
15.02.2016,3,5,1,9
16.02.2016,3,5,1,9
17.02.2016,3,5,1,9
18.02.2016,3,5,1,9
19.02.2016,3,5,1,9
20.02.2016,3,5,1,9
21.02.2016,3,5,1,9
22.02.2016,3,5,1,9
23.02.2016,2,6,1,9
24.02.2016,2,5,1,8
25.02.2016,2,5,1,8
26.02.2016,2,5,0,7
27.02.2016,2,5,0,7
28.02.2016,2,5,1,8
29.02.2016,3,4,1,8
01.03.2016,2,5,1,8
02.03.2016,2,5,1,8
03.03.2016,2,5,1,8
04.03.2016,3,4,1,8
05.03.2016,2,5,1,8
06.03.2016,4,2,1,7
07.03.2016,3,3,1,7
08.03.2016,3,3,1,7
09.03.2016,3,3,2,8
10.03.2016,3,4,1,8
11.03.2016,3,4,1,8
12.03.2016,3,4,1,8
13.03.2016,3,4,1,8
14.03.2016,2,5,1,8
15.03.2016,2,5,1,8
16.03.2016,2,5,2,9
17.03.2016,2,5,2,9
18.03.2016,2,5,3,10
19.03.2016,2,5,3,10
20.03.2016,2,5,3,10
21.03.2016,2,5,3,10
22.03.2016,2,5,3,10
23.03.2016,2,5,3,10
24.03.2016,2,5,3,10
25.03.2016,2,5,3,10
26.03.2016,2,5,3,10
27.03.2016,2,5,2,9
28.03.2016,3,4,2,9
29.03.2016,2,5,3,10
30.03.2016,2,5,3,10
31.03.2016,2,5,3,10
01.04.2016,3,4,3,10
02.04.2016,2,5,3,10
03.04.2016,3,4,3,10
04.04.2016,3,4,3,10
05.04.2016,3,4,3,10
06.04.2016,3,4,3,10
07.04.2016,3,4,3,10
08.04.2016,3,4,3,10
09.04.2016,3,4,3,10
10.04.2016,3,4,3,10
11.04.2016,2,5,3,10
12.04.2016,2,5,3,10
13.04.2016,2,4,2,8
14.04.2016,2,4,2,8
15.04.2016,2,3,1,6
16.04.2016,2,3,1,6
17.04.2016,2,3,1,6
18.04.2016,2,3,1,6
19.04.2016,2,3,1,6
20.04.2016,2,3,1,6
21.04.2016,2,3,1,6
22.04.2016,2,3,1,6
23.04.2016,2,3,1,6
24.04.2016,2,3,1,6
25.04.2016,2,3,1,6
26.04.2016,1,4,0,5
27.04.2016,2,3,0,5
28.04.2016,1,4,0,5
29.04.2016,1,4,0,5
30.04.2016,1,4,0,5
01.05.2016,1,4,0,5
02.05.2016,1,4,0,5
03.05.2016,1,3,1,5
04.05.2016,1,4,0,5
05.05.2016,2,3,0,5
06.05.2016,2,3,0,5
07.05.2016,2,3,0,5
08.05.2016,2,2,0,4
09.05.2016,2,2,0,4
10.05.2016,2,2,0,4
11.05.2016,2,2,0,4
12.05.2016,1,1,0,2
13.05.2016,1,1,0,2
14.05.2016,1,1,0,2
15.05.2016,1,1,0,2
16.05.2016,1,1,0,2
17.05.2016,1,1,0,2
18.05.2016,1,1,0,2
19.05.2016,1,1,0,2
20.05.2016,1,1,0,2
21.05.2016,1,1,0,2
22.05.2016,1,1,0,2
23.05.2016,1,1,0,2
24.05.2016,1,1,0,2
25.05.2016,1,1,0,2
26.05.2016,1,1,0,2
27.05.2016,1,1,0,2
28.05.2016,1,1,0,2
29.05.2016,1,1,0,2
30.05.2016,1,1,0,2
31.05.2016,1,1,0,2
01.06.2016,2,0,0,2
02.06.2016,2,0,0,2
03.06.2016,1,1,0,2
04.06.2016,1,1,0,2
05.06.2016,1,1,0,2
06.06.2016,1,1,0,2
07.06.2016,1,1,0,2
08.06.2016,1,1,0,2
09.06.2016,1,1,0,2
10.06.2016,1,1,0,2
11.06.2016,1,1,0,2
12.06.2016,1,1,0,2
13.06.2016,1,1,0,2
14.06.2016,1,1,0,2
15.06.2016,1,1,0,2
16.06.2016,1,1,0,2
17.06.2016,2,0,0,2
18.06.2016,2,0,0,2
19.06.2016,2,0,0,2
20.06.2016,2,0,0,2
21.06.2016,1,1,0,2
22.06.2016,1,0,0,1
23.06.2016,1,0,0,1
24.06.2016,0,1,0,1
25.06.2016,1,0,0,1
26.06.2016,1,0,0,1
27.06.2016,1,0,0,1
28.06.2016,1,0,0,1
29.06.2016,1,0,0,1
30.06.2016,1,0,0,1
01.07.2016,1,0,0,1
02.07.2016,1,0,0,1
03.07.2016,1,0,0,1
04.07.2016,1,0,0,1
05.07.2016,1,0,0,1
06.07.2016,1,0,0,1
07.07.2016,1,0,0,1
08.07.2016,1,0,0,1
09.07.2016,0,1,0,1
10.07.2016,0,1,0,1
11.07.2016,1,0,0,1
12.07.2016,0,1,0,1
13.07.2016,0,1,0,1
14.07.2016,0,1,0,1
15.07.2016,0,1,0,1
16.07.2016,0,1,0,1
17.07.2016,0,1,0,1
18.07.2016,0,1,0,1
19.07.2016,0,1,0,1
20.07.2016,0,1,0,1
21.07.2016,0,1,0,1
22.07.2016,0,1,0,1
23.07.2016,1,0,0,1
24.07.2016,1,0,0,1
25.07.2016,1,0,0,1
26.07.2016,1,0,0,1
27.07.2016,1,0,0,1
28.07.2016,1,0,0,1
29.07.2016,1,0,0,1
30.07.2016,1,0,0,1
31.07.2016,1,0,0,1
01.08.2016,1,0,1,2
02.08.2016,1,0,1,2
03.08.2016,1,0,1,2
04.08.2016,1,0,1,2
05.08.2016,1,0,1,2
06.08.2016,1,0,1,2
07.08.2016,1,0,1,2
08.08.2016,1,0,1,2
09.08.2016,1,0,1,2
10.08.2016,1,0,1,2
11.08.2016,1,0,1,2
12.08.2016,1,0,1,2
13.08.2016,0,1,1,2
14.08.2016,0,1,1,2
15.08.2016,0,1,1,2
16.08.2016,0,1,1,2
17.08.2016,0,1,1,2
18.08.2016,0,1,1,2
19.08.2016,0,1,1,2
20.08.2016,1,0,1,2
21.08.2016,1,0,1,2
22.08.2016,1,0,1,2
23.08.2016,1,0,1,2
24.08.2016,1,0,1,2
25.08.2016,1,0,1,2
26.08.2016,1,0,1,2
27.08.2016,1,0,1,2
28.08.2016,1,0,1,2
29.08.2016,1,1,0,2
30.08.2016,1,1,0,2
31.08.2016,1,1,0,2
01.09.2016,1,1,0,2
02.09.2016,0,1,0,1
03.09.2016,0,1,0,1
04.09.2016,0,1,0,1
05.09.2016,0,1,0,1
06.09.2016,0,1,0,1
07.09.2016,0,1,0,1
08.09.2016,0,1,0,1
09.09.2016,0,1,0,1
10.09.2016,0,1,0,1
11.09.2016,0,1,0,1
12.09.2016,0,1,0,1
13.09.2016,0,1,0,1
14.09.2016,0,1,0,1
15.09.2016,0,1,0,1
16.09.2016,0,1,0,1
17.09.2016,0,1,0,1
18.09.2016,0,1,0,1
19.09.2016,0,1,0,1
20.09.2016,0,1,0,1
21.09.2016,0,1,0,1
22.09.2016,0,1,0,1
23.09.2016,0,1,0,1
24.09.2016,0,1,0,1
25.09.2016,0,1,0,1
26.09.2016,0,1,0,1
27.09.2016,0,1,0,1
28.09.2016,0,1,0,1
29.09.2016,0,1,0,1
30.09.2016,0,1,0,1
01.10.2016,0,1,0,1
02.10.2016,0,1,0,1
03.10.2016,0,1,0,1
04.10.2016,0,1,0,1
05.10.2016,0,1,0,1
06.10.2016,0,1,0,1
07.10.2016,0,1,0,1
08.10.2016,0,1,0,1
09.10.2016,0,1,0,1
10.10.2016,0,1,0,1
11.10.2016,0,1,0,1
12.10.2016,0,1,0,1
13.10.2016,0,1,0,1
14.10.2016,0,1,0,1
15.10.2016,0,1,0,1
16.10.2016,0,1,0,1
17.10.2016,0,1,0,1
18.10.2016,0,1,0,1
19.10.2016,0,1,0,1
20.10.2016,0,1,0,1
21.10.2016,0,1,0,1
22.10.2016,0,1,0,1
23.10.2016,0,1,0,1
24.10.2016,0,1,0,1
31.01.2017,0,0,1,1
01.02.2017,0,1,0,1
02.02.2017,0,1,0,1
03.02.2017,0,1,0,1
04.02.2017,0,1,0,1
05.02.2017,0,1,0,1
06.02.2017,0,1,0,1
07.02.2017,0,1,0,1
08.02.2017,0,1,0,1
09.02.2017,0,1,0,1
10.02.2017,0,1,0,1
11.02.2017,0,1,0,1
12.02.2017,0,1,0,1
13.02.2017,0,1,0,1
14.02.2017,0,1,0,1
15.02.2017,0,1,0,1
16.02.2017,0,1,0,1
17.02.2017,0,1,0,1
18.02.2017,0,1,0,1
19.02.2017,0,1,0,1
20.02.2017,0,1,0,1
21.02.2017,0,1,0,1
22.02.2017,0,1,0,1
23.02.2017,0,1,0,1
24.02.2017,0,1,0,1
25.02.2017,0,1,0,1
26.02.2017,0,1,0,1
27.02.2017,0,1,0,1
28.02.2017,0,1,0,1
07.12.2017,0,0,2,2
08.12.2017,0,2,0,2
09.12.2017,0,2,0,2
10.12.2017,0,2,0,2
11.12.2017,0,2,0,2
12.12.2017,0,2,0,2
13.12.2017,0,2,0,2
14.12.2017,0,2,0,2
15.12.2017,0,2,0,2
16.12.2017,0,2,1,3
17.12.2017,0,2,1,3
18.12.2017,0,2,1,3
19.12.2017,0,2,1,3
20.12.2017,0,2,1,3
21.12.2017,0,2,1,3
22.12.2017,0,2,2,4
23.12.2017,0,2,2,4
24.12.2017,0,2,2,4
25.12.2017,0,2,2,4
26.12.2017,0,2,2,4
27.12.2017,0,2,2,4
28.12.2017,0,2,2,4
29.12.2017,0,3,1,4
30.12.2017,0,3,1,4
31.12.2017,0,3,1,4
01.01.2018,0,3,1,4
02.01.2018,0,3,2,5
03.01.2018,0,3,2,5
04.01.2018,0,3,2,5
05.01.2018,1,2,2,5
06.01.2018,1,2,2,5
07.01.2018,1,3,1,5
08.01.2018,1,3,1,5
09.01.2018,1,3,1,5
10.01.2018,1,3,1,5
11.01.2018,1,3,1,5
12.01.2018,1,3,1,5
13.01.2018,1,3,0,4
14.01.2018,1,3,0,4
15.01.2018,1,3,0,4
16.01.2018,1,3,0,4
17.01.2018,0,4,0,4
18.01.2018,1,4,0,5
19.01.2018,1,4,2,7
20.01.2018,1,4,3,8
21.01.2018,1,4,3,8
22.01.2018,1,4,3,8
23.01.2018,1,5,2,8
24.01.2018,1,5,4,10
25.01.2018,2,5,4,11
26.01.2018,2,6,3,11
27.01.2018,2,6,4,12
28.01.2018,2,7,3,12
29.01.2018,2,8,4,14
30.01.2018,2,9,3,14
31.01.2018,2,9,7,18
01.02.2018,3,10,5,18
02.02.2018,3,10,5,18
03.02.2018,3,10,6,19
04.02.2018,3,10,6,19
05.02.2018,3,10,6,19
06.02.2018,3,10,6,19
07.02.2018,3,10,6,19
08.02.2018,3,10,7,20
09.02.2018,3,11,8,22
10.02.2018,3,11,9,23
11.02.2018,3,11,10,24
12.02.2018,3,12,10,25
13.02.2018,3,13,11,27
14.02.2018,2,15,10,27
15.02.2018,3,15,9,27
16.02.2018,3,15,9,27
17.02.2018,3,15,9,27
18.02.2018,3,15,9,27
19.02.2018,3,15,9,27
20.02.2018,3,15,13,31
21.02.2018,3,17,11,31
22.02.2018,3,17,12,32
23.02.2018,3,17,12,32
24.02.2018,4,16,12,32
25.02.2018,4,16,13,33
26.02.2018,3,18,12,33
27.02.2018,3,18,11,32
28.02.2018,3,17,10,30
01.03.2018,3,16,10,29
02.03.2018,3,18,10,31
03.03.2018,3,18,11,32
04.03.2018,3,18,12,33
05.03.2018,3,18,15,36
06.03.2018,3,18,17,38
07.03.2018,3,18,17,38
08.03.2018,3,18,17,38
09.03.2018,3,17,16,36
10.03.2018,3,17,16,36
11.03.2018,3,17,16,36
12.03.2018,3,17,17,37
13.03.2018,3,16,17,36
14.03.2018,2,17,18,37
15.03.2018,2,17,18,37
16.03.2018,2,17,18,37
17.03.2018,2,17,18,37
18.03.2018,2,17,18,37
19.03.2018,2,16,18,36
20.03.2018,2,16,15,33
21.03.2018,2,16,15,33
22.03.2018,2,15,15,32
23.03.2018,2,15,15,32
24.03.2018,3,14,15,32
25.03.2018,3,14,15,32
26.03.2018,2,15,14,31
27.03.2018,2,13,14,29
28.03.2018,2,14,13,29
29.03.2018,2,14,14,30
30.03.2018,2,12,12,26
31.03.2018,2,11,12,25
01.04.2018,2,12,10,24
02.04.2018,2,12,9,23
03.04.2018,2,12,8,22
04.04.2018,2,13,9,24
05.04.2018,2,13,9,24
06.04.2018,2,14,9,25
07.04.2018,2,13,10,25
08.04.2018,2,14,9,25
09.04.2018,2,14,8,24
10.04.2018,2,14,7,23
11.04.2018,2,14,6,22
12.04.2018,2,15,7,24
13.04.2018,2,16,8,26
14.04.2018,2,17,7,26
15.04.2018,1,17,7,25
16.04.2018,1,17,8,26
17.04.2018,1,17,8,26
18.04.2018,1,17,9,27
19.04.2018,1,18,10,29
20.04.2018,1,18,11,30
21.04.2018,2,18,10,30
22.04.2018,2,18,11,31
23.04.2018,1,18,11,30
24.04.2018,1,18,11,30
25.04.2018,1,18,11,30
26.04.2018,1,18,11,30
27.04.2018,1,18,11,30
28.04.2018,1,19,9,29
29.04.2018,1,19,9,29
30.04.2018,1,19,8,28
01.05.2018,1,18,6,25
02.05.2018,1,17,6,24
03.05.2018,1,17,6,24
04.05.2018,1,15,6,22
05.05.2018,1,15,6,22
06.05.2018,1,15,6,22
07.05.2018,0,16,12,28
08.05.2018,0,18,8,26
09.05.2018,0,17,8,25
10.05.2018,0,16,9,25
11.05.2018,0,16,8,24
12.05.2018,0,15,8,23
13.05.2018,0,14,8,22
14.05.2018,0,15,7,22
15.05.2018,0,13,7,20
16.05.2018,0,13,7,20
17.05.2018,0,11,5,16
18.05.2018,0,11,6,17
19.05.2018,0,11,6,17
20.05.2018,0,11,5,16
21.05.2018,0,11,5,16
22.05.2018,0,11,7,18
23.05.2018,1,11,7,19
24.05.2018,1,11,10,22
25.05.2018,1,12,10,23
26.05.2018,1,11,10,22
27.05.2018,1,11,10,22
28.05.2018,1,11,10,22
29.05.2018,1,11,11,23
30.05.2018,1,11,12,24
31.05.2018,1,12,11,24
01.06.2018,1,12,11,24
02.06.2018,1,12,11,24
03.06.2018,1,12,11,24
04.06.2018,1,12,11,24
05.06.2018,3,8,11,22
06.06.2018,3,8,9,20
07.06.2018,3,9,9,21
08.06.2018,3,9,9,21
09.06.2018,3,10,8,21
10.06.2018,3,10,8,21
11.06.2018,4,7,7,18
12.06.2018,4,7,7,18
13.06.2018,3,8,7,18
14.06.2018,3,8,9,20
15.06.2018,3,8,9,20
16.06.2018,3,8,9,20
17.06.2018,3,8,9,20
18.06.2018,3,8,10,21
19.06.2018,3,9,7,19
20.06.2018,4,8,8,20
21.06.2018,5,7,6,18
22.06.2018,6,6,6,18
23.06.2018,6,6,6,18
24.06.2018,6,6,6,18
25.06.2018,6,6,7,19
26.06.2018,6,7,6,19
27.06.2018,6,7,5,18
28.06.2018,7,6,5,18
29.06.2018,7,6,5,18
30.06.2018,7,6,5,18
01.07.2018,7,6,5,18
02.07.2018,7,6,5,18
03.07.2018,7,8,6,21
04.07.2018,7,8,7,22
05.07.2018,7,8,7,22
06.07.2018,7,7,7,21
07.07.2018,7,7,7,21
08.07.2018,7,7,7,21
09.07.2018,6,9,8,23
10.07.2018,6,9,8,23
11.07.2018,6,9,8,23
12.07.2018,6,8,6,20
13.07.2018,6,8,6,20
14.07.2018,6,8,6,20
15.07.2018,6,8,6,20
16.07.2018,6,8,6,20
17.07.2018,6,7,6,19
18.07.2018,6,7,5,18
19.07.2018,7,6,5,18
20.07.2018,8,5,5,18
21.07.2018,8,5,5,18
22.07.2018,8,5,5,18
23.07.2018,8,6,3,17
24.07.2018,8,6,4,18
25.07.2018,7,7,4,18
26.07.2018,8,5,4,17
27.07.2018,8,4,4,16
28.07.2018,7,4,4,15
29.07.2018,7,4,4,15
30.07.2018,7,4,6,17
31.07.2018,7,3,5,15
01.08.2018,7,2,4,13
02.08.2018,7,2,4,13
03.08.2018,5,2,4,11
04.08.2018,5,2,5,12
05.08.2018,5,2,6,13
06.08.2018,6,2,5,13
07.08.2018,5,1,5,11
08.08.2018,5,1,5,11
09.08.2018,5,1,5,11
10.08.2018,5,1,5,11
11.08.2018,5,1,5,11
12.08.2018,5,1,5,11
13.08.2018,5,1,5,11
14.08.2018,5,1,8,14
15.08.2018,4,2,8,14
16.08.2018,5,1,8,14
17.08.2018,5,1,10,16
18.08.2018,5,1,10,16
19.08.2018,5,1,10,16
20.08.2018,5,1,10,16
21.08.2018,5,2,8,15
22.08.2018,5,2,9,16
23.08.2018,5,2,9,16
24.08.2018,5,2,9,16
25.08.2018,5,2,9,16
26.08.2018,5,2,9,16
27.08.2018,5,2,7,14
28.08.2018,4,3,7,14
29.08.2018,3,4,7,14
30.08.2018,4,3,7,14
31.08.2018,4,4,7,15
01.09.2018,4,4,6,14
02.09.2018,4,4,5,13
03.09.2018,4,3,5,12
04.09.2018,4,3,5,12
05.09.2018,4,3,5,12
06.09.2018,4,3,5,12
07.09.2018,4,3,5,12
08.09.2018,4,3,5,12
09.09.2018,4,3,5,12
10.09.2018,4,3,6,13
11.09.2018,4,3,3,10
12.09.2018,3,5,2,10
13.09.2018,4,4,2,10
14.09.2018,4,5,2,11
15.09.2018,4,5,2,11
16.09.2018,4,5,2,11
17.09.2018,2,5,2,9
18.09.2018,2,4,2,8
19.09.2018,2,3,2,7
20.09.2018,2,3,2,7
21.09.2018,2,3,2,7
22.09.2018,2,3,2,7
23.09.2018,2,3,2,7
24.09.2018,2,3,2,7
25.09.2018,2,3,2,7
26.09.2018,2,3,2,7
27.09.2018,3,3,2,8
28.09.2018,3,4,2,9
29.09.2018,3,5,1,9
30.09.2018,3,5,1,9
01.10.2018,3,5,2,10
02.10.2018,3,5,2,10
03.10.2018,3,5,2,10
04.10.2018,3,5,2,10
05.10.2018,3,6,1,10
06.10.2018,3,6,1,10
07.10.2018,3,6,1,10
08.10.2018,3,6,1,10
09.10.2018,3,6,1,10
10.10.2018,2,7,1,10
11.10.2018,2,7,4,13
12.10.2018,2,7,2,11
13.10.2018,2,7,3,12
14.10.2018,2,8,3,13
15.10.2018,2,8,3,13
16.10.2018,2,7,4,13
17.10.2018,2,7,4,13
18.10.2018,2,7,4,13
19.10.2018,2,7,4,13
20.10.2018,2,7,4,13
21.10.2018,2,7,5,14
22.10.2018,2,7,5,14
23.10.2018,2,8,5,15
24.10.2018,2,7,5,14
25.10.2018,2,7,5,14
26.10.2018,2,9,6,17
27.10.2018,2,9,6,17
28.10.2018,2,9,6,17
29.10.2018,2,9,6,17
30.10.2018,2,9,6,17
31.10.2018,1,10,6,17
01.11.2018,1,10,7,18
02.11.2018,1,11,7,19
03.11.2018,1,12,6,19
04.11.2018,1,12,7,20
05.11.2018,1,12,7,20
06.11.2018,1,12,7,20
07.11.2018,1,12,7,20
08.11.2018,1,12,6,19
09.11.2018,1,10,7,18
10.11.2018,1,10,6,17
11.11.2018,1,11,4,16
12.11.2018,1,9,5,15
13.11.2018,1,9,5,15
14.11.2018,1,9,5,15
15.11.2018,2,9,4,15
16.11.2018,1,10,4,15
17.11.2018,1,10,4,15
18.11.2018,1,10,3,14
19.11.2018,1,10,3,14
20.11.2018,1,10,3,14
21.11.2018,1,10,3,14
22.11.2018,2,8,3,13
23.11.2018,2,9,2,13
24.11.2018,2,9,2,13
25.11.2018,2,9,2,13
26.11.2018,2,9,3,14
27.11.2018,2,11,1,14
28.11.2018,2,10,2,14
29.11.2018,2,10,4,16
30.11.2018,2,12,3,17
01.12.2018,2,12,4,18
02.12.2018,2,12,4,18
03.12.2018,2,12,4,18
04.12.2018,2,12,4,18
05.12.2018,2,12,4,18
06.12.2018,2,12,3,17
07.12.2018,1,15,3,19
08.12.2018,1,16,3,20
09.12.2018,2,15,3,20
10.12.2018,2,15,4,21
11.12.2018,2,15,5,22
12.12.2018,2,16,5,23
13.12.2018,3,15,5,23
14.12.2018,3,15,5,23
15.12.2018,3,15,5,23
16.12.2018,3,15,5,23
17.12.2018,3,14,5,22
18.12.2018,4,13,5,22
19.12.2018,4,12,7,23
20.12.2018,5,12,9,26
21.12.2018,5,13,9,27
22.12.2018,5,13,9,27
23.12.2018,5,13,10,28
24.12.2018,4,14,12,30
25.12.2018,4,13,12,29
26.12.2018,3,14,11,28
27.12.2018,3,15,10,28
28.12.2018,3,14,10,27
29.12.2018,3,14,9,26
30.12.2018,3,14,10,27
31.12.2018,3,14,10,27
01.01.2019,3,14,10,27
02.01.2019,3,15,9,27
03.01.2019,3,15,9,27
04.01.2019,3,16,9,28
05.01.2019,1,17,9,27
06.01.2019,1,17,9,27
07.01.2019,1,17,9,27
08.01.2019,2,16,9,27
09.01.2019,2,15,8,25
10.01.2019,2,15,9,26
11.01.2019,1,16,9,26
12.01.2019,1,16,9,26
13.01.2019,1,16,9,26
14.01.2019,1,16,9,26
15.01.2019,2,15,9,26
16.01.2019,2,15,8,25
17.01.2019,2,15,6,23
18.01.2019,2,13,6,21
19.01.2019,3,12,6,21
20.01.2019,3,12,5,20
21.01.2019,3,13,3,19
22.01.2019,3,13,3,19
23.01.2019,3,13,3,19
24.01.2019,3,12,3,18
25.01.2019,3,11,3,17
26.01.2019,2,11,4,17
27.01.2019,2,11,3,16
28.01.2019,2,11,2,15
29.01.2019,2,11,2,15
30.01.2019,2,9,2,13
31.01.2019,2,9,2,13
01.02.2019,3,8,2,13
02.02.2019,1,9,2,12
03.02.2019,1,9,2,12
04.02.2019,1,10,1,12
05.02.2019,2,9,1,12
06.02.2019,2,9,1,12
07.02.2019,2,8,0,10
08.02.2019,1,7,0,8
09.02.2019,1,7,0,8
10.02.2019,1,7,1,9
11.02.2019,1,9,0,10
12.02.2019,1,9,0,10
13.02.2019,1,9,0,10
14.02.2019,1,9,0,10
15.02.2019,1,9,0,10
16.02.2019,1,9,0,10
17.02.2019,1,9,0,10
18.02.2019,1,9,0,10
19.02.2019,1,9,0,10
20.02.2019,1,9,0,10
21.02.2019,1,10,0,11
22.02.2019,1,10,0,11
23.02.2019,1,10,0,11
24.02.2019,1,10,0,11
25.02.2019,1,9,0,10
26.02.2019,2,8,0,10
27.02.2019,2,8,0,10
28.02.2019,2,7,0,9
01.03.2019,3,7,0,10
02.03.2019,1,9,0,10
03.03.2019,1,9,0,10
04.03.2019,1,8,0,9
05.03.2019,2,7,0,9
06.03.2019,2,7,2,11
07.03.2019,2,8,1,11
08.03.2019,1,10,1,12
09.03.2019,1,10,1,12
10.03.2019,1,10,1,12
11.03.2019,1,10,1,12
12.03.2019,1,9,1,11
13.03.2019,1,9,1,11
14.03.2019,2,8,1,11
15.03.2019,2,8,1,11
16.03.2019,2,8,1,11
17.03.2019,2,8,1,11
18.03.2019,2,8,1,11
19.03.2019,2,8,1,11
20.03.2019,2,8,1,11
21.03.2019,3,7,1,11
22.03.2019,2,8,1,11
23.03.2019,2,8,1,11
24.03.2019,2,8,2,12
25.03.2019,2,7,3,12
26.03.2019,2,7,3,12
27.03.2019,2,8,3,13
28.03.2019,2,8,3,13
29.03.2019,2,8,3,13
30.03.2019,2,8,3,13
31.03.2019,2,8,3,13
01.04.2019,3,8,2,13
02.04.2019,3,8,2,13
03.04.2019,3,8,2,13
04.04.2019,3,8,4,15
05.04.2019,3,8,4,15
06.04.2019,3,8,4,15
07.04.2019,3,8,4,15
08.04.2019,3,8,4,15
09.04.2019,3,8,4,15
10.04.2019,3,8,4,15
11.04.2019,3,8,4,15
12.04.2019,2,9,4,15
13.04.2019,2,9,4,15
14.04.2019,2,9,4,15
15.04.2019,2,9,4,15
16.04.2019,2,8,3,13
17.04.2019,4,8,3,15
18.04.2019,4,8,3,15
19.04.2019,4,8,5,17
20.04.2019,4,8,5,17
21.04.2019,4,8,4,16
22.04.2019,4,8,3,15
23.04.2019,4,9,2,15
24.04.2019,4,10,1,15
25.04.2019,4,10,1,15
26.04.2019,4,9,1,14
27.04.2019,4,9,1,14
28.04.2019,4,9,2,15
29.04.2019,4,7,2,13
30.04.2019,4,7,3,14
01.05.2019,4,7,3,14
02.05.2019,3,8,4,15
03.05.2019,3,9,4,16
04.05.2019,3,9,4,16
05.05.2019,3,9,4,16
06.05.2019,3,9,4,16
07.05.2019,3,9,4,16
08.05.2019,3,9,4,16
09.05.2019,3,9,4,16
10.05.2019,3,9,4,16
11.05.2019,4,8,4,16
12.05.2019,4,8,4,16
13.05.2019,4,8,4,16
14.05.2019,4,8,7,19
15.05.2019,5,7,7,19
16.05.2019,5,7,7,19
17.05.2019,5,7,6,18
18.05.2019,5,7,6,18
19.05.2019,5,7,6,18
20.05.2019,5,7,6,18
21.05.2019,5,6,8,19
22.05.2019,5,7,8,20
23.05.2019,6,6,8,20
24.05.2019,5,8,7,20
25.05.2019,5,8,7,20
26.05.2019,5,8,6,19
27.05.2019,5,8,6,19
28.05.2019,6,6,5,17
29.05.2019,6,6,5,17
30.05.2019,5,8,3,16
31.05.2019,5,8,3,16
01.06.2019,5,8,3,16
02.06.2019,5,8,3,16
03.06.2019,5,7,3,15
04.06.2019,5,8,3,16
05.06.2019,5,8,3,16
06.06.2019,5,8,4,17
07.06.2019,5,8,4,17
08.06.2019,5,8,4,17
09.06.2019,5,8,4,17
10.06.2019,6,8,4,18
11.06.2019,6,8,1,15
12.06.2019,5,9,1,15
13.06.2019,6,8,1,15
14.06.2019,6,8,1,15
15.06.2019,6,8,1,15
16.06.2019,6,8,1,15
17.06.2019,6,8,1,15
18.06.2019,6,9,0,15
19.06.2019,6,9,0,15
20.06.2019,6,9,1,16
21.06.2019,6,8,2,16
22.06.2019,6,8,4,18
23.06.2019,6,8,4,18
24.06.2019,6,8,4,18
25.06.2019,6,8,4,18
26.06.2019,6,8,4,18
27.06.2019,7,7,4,18
28.06.2019,7,7,5,19
29.06.2019,7,7,6,20
30.06.2019,7,7,6,20
01.07.2019,6,8,6,20
02.07.2019,6,8,6,20
03.07.2019,6,9,7,22
04.07.2019,6,9,7,22
05.07.2019,6,10,7,23
06.07.2019,6,10,7,23
07.07.2019,6,10,7,23
08.07.2019,7,10,6,23
09.07.2019,6,10,6,22
10.07.2019,5,12,6,23
11.07.2019,5,13,5,23
12.07.2019,5,14,5,24
13.07.2019,5,14,5,24
14.07.2019,5,14,5,24
15.07.2019,5,14,5,24
16.07.2019,5,15,5,25
17.07.2019,5,15,5,25
18.07.2019,5,15,6,26
19.07.2019,5,16,5,26
20.07.2019,5,16,3,24
21.07.2019,5,16,3,24
22.07.2019,5,16,4,25
23.07.2019,5,17,3,25
24.07.2019,5,16,3,24
25.07.2019,6,15,3,24
26.07.2019,6,14,3,23
27.07.2019,6,14,3,23
28.07.2019,6,14,3,23
29.07.2019,6,14,3,23
30.07.2019,6,15,3,24
31.07.2019,7,15,4,26
01.08.2019,7,15,4,26
02.08.2019,6,16,3,25
03.08.2019,6,16,3,25
04.08.2019,6,16,3,25
05.08.2019,8,14,2,24
06.08.2019,8,12,4,24
07.08.2019,7,11,4,22
08.08.2019,8,11,4,23
09.08.2019,8,11,3,22
10.08.2019,8,10,3,21
11.08.2019,8,10,3,21
12.08.2019,8,10,3,21
13.08.2019,8,9,2,19
14.08.2019,8,10,2,20
15.08.2019,8,10,2,20
16.08.2019,9,9,2,20
17.08.2019,9,9,2,20
18.08.2019,9,9,2,20
19.08.2019,9,9,2,20
20.08.2019,9,8,2,19
21.08.2019,9,8,3,20
22.08.2019,10,7,3,20
23.08.2019,10,7,4,21
24.08.2019,11,6,4,21
25.08.2019,11,6,4,21
26.08.2019,10,7,4,21
27.08.2019,10,7,3,20
28.08.2019,11,6,2,19
29.08.2019,11,5,3,19
30.08.2019,10,7,2,19
31.08.2019,10,7,2,19
01.09.2019,10,7,2,19
02.09.2019,10,7,2,19
03.09.2019,10,7,2,19
04.09.2019,10,7,2,19
05.09.2019,10,7,2,19
06.09.2019,10,7,3,20
07.09.2019,10,7,4,21
08.09.2019,10,8,3,21
09.09.2019,10,9,2,21
10.09.2019,10,9,2,21
11.09.2019,10,9,2,21
12.09.2019,10,10,2,22
13.09.2019,10,10,2,22
14.09.2019,10,10,3,23
15.09.2019,10,10,3,23
16.09.2019,10,10,5,25
17.09.2019,10,10,5,25
18.09.2019,10,10,4,24
19.09.2019,10,10,4,24
20.09.2019,10,10,3,23
21.09.2019,10,10,4,24
22.09.2019,10,10,4,24
23.09.2019,10,11,3,24
24.09.2019,10,11,4,25
25.09.2019,11,10,3,24
26.09.2019,12,9,3,24
27.09.2019,11,10,3,24
28.09.2019,11,11,2,24
29.09.2019,11,11,2,24
30.09.2019,11,12,2,25
01.10.2019,11,12,3,26
02.10.2019,11,12,4,27
03.10.2019,11,12,5,28
04.10.2019,11,12,5,28
05.10.2019,11,12,5,28
06.10.2019,11,12,5,28
07.10.2019,11,12,5,28
08.10.2019,11,12,6,29
09.10.2019,11,13,5,29
10.10.2019,11,13,5,29
11.10.2019,11,13,5,29
12.10.2019,11,13,4,28
13.10.2019,11,13,4,28
14.10.2019,11,13,4,28
15.10.2019,11,13,4,28
16.10.2019,11,13,4,28
17.10.2019,11,13,4,28
18.10.2019,10,13,4,27
19.10.2019,10,13,4,27
20.10.2019,10,13,4,27
21.10.2019,10,12,4,26
22.10.2019,10,11,4,25
23.10.2019,11,11,3,25
24.10.2019,12,11,3,26
25.10.2019,12,11,3,26
26.10.2019,12,9,3,24
27.10.2019,12,9,3,24
28.10.2019,13,8,3,24
29.10.2019,12,9,3,24
30.10.2019,13,9,2,24
31.10.2019,14,8,2,24
01.11.2019,14,8,2,24
02.11.2019,14,8,2,24
03.11.2019,14,8,2,24
04.11.2019,14,8,2,24
05.11.2019,14,8,2,24
06.11.2019,14,9,2,25
07.11.2019,14,9,3,26
08.11.2019,16,7,3,26
09.11.2019,16,7,3,26
10.11.2019,16,7,3,26
11.11.2019,15,8,3,26
12.11.2019,15,8,3,26
13.11.2019,15,8,3,26
14.11.2019,15,8,3,26
15.11.2019,14,9,3,26
16.11.2019,14,9,3,26
17.11.2019,14,9,3,26
18.11.2019,14,9,3,26
19.11.2019,14,9,3,26
20.11.2019,14,8,3,25
21.11.2019,15,7,3,25
22.11.2019,15,7,4,26
23.11.2019,15,7,4,26
24.11.2019,15,7,4,26
25.11.2019,15,7,4,26
26.11.2019,15,7,4,26
27.11.2019,14,8,4,26
28.11.2019,15,8,2,25
29.11.2019,15,8,2,25
30.11.2019,16,7,2,25
01.12.2019,16,7,2,25
02.12.2019,16,7,3,26
03.12.2019,16,10,4,30
04.12.2019,16,10,3,29
05.12.2019,17,9,2,28
06.12.2019,16,10,2,28
07.12.2019,16,10,3,29
08.12.2019,16,10,3,29
09.12.2019,17,9,3,29
10.12.2019,17,9,3,29
11.12.2019,17,9,3,29
12.12.2019,16,10,5,31
13.12.2019,16,11,4,31
14.12.2019,16,11,5,32
15.12.2019,16,12,4,32
16.12.2019,16,11,5,32
17.12.2019,16,11,5,32
18.12.2019,16,11,5,32
19.12.2019,16,11,6,33
20.12.2019,16,12,5,33
21.12.2019,16,12,5,33
22.12.2019,16,12,5,33
23.12.2019,16,12,5,33
24.12.2019,16,12,6,34
25.12.2019,15,12,7,34
26.12.2019,15,12,7,34
27.12.2019,15,13,6,34
28.12.2019,16,13,5,34
29.12.2019,16,13,5,34
30.12.2019,16,13,6,35
31.12.2019,16,12,4,32
01.01.2020,16,12,4,32
02.01.2020,16,12,4,32
03.01.2020,16,12,4,32
04.01.2020,16,12,3,31
05.01.2020,16,12,3,31
06.01.2020,16,13,3,32
07.01.2020,16,13,3,32
08.01.2020,16,12,3,31
09.01.2020,16,12,1,29
10.01.2020,16,10,1,27
11.01.2020,16,10,1,27
12.01.2020,17,9,4,30
13.01.2020,15,13,1,29
14.01.2020,15,13,1,29
15.01.2020,15,12,1,28
16.01.2020,15,12,1,28
17.01.2020,15,11,1,27
18.01.2020,15,12,1,28
19.01.2020,15,12,1,28
20.01.2020,15,13,1,29
21.01.2020,15,13,1,29
22.01.2020,15,13,1,29
23.01.2020,15,13,1,29
24.01.2020,15,13,1,29
25.01.2020,16,11,1,28
26.01.2020,16,11,1,28
27.01.2020,15,12,0,27
28.01.2020,16,10,0,26
29.01.2020,16,10,0,26
30.01.2020,16,10,0,26
31.01.2020,16,10,0,26
01.02.2020,16,10,0,26
02.02.2020,16,9,0,25
03.02.2020,16,8,0,24
04.02.2020,16,8,0,24
05.02.2020,16,8,1,25
06.02.2020,16,9,0,25
07.02.2020,16,9,0,25
08.02.2020,16,9,0,25
09.02.2020,16,9,0,25
10.02.2020,15,11,0,26
11.02.2020,15,11,0,26
12.02.2020,15,11,0,26
13.02.2020,15,11,0,26
14.02.2020,15,9,0,24
15.02.2020,15,9,0,24
16.02.2020,15,9,0,24
17.02.2020,15,8,0,23
18.02.2020,15,8,1,24
19.02.2020,15,8,1,24
20.02.2020,15,8,1,24
21.02.2020,15,7,1,23
22.02.2020,15,8,0,23
23.02.2020,15,8,0,23
24.02.2020,15,8,0,23
25.02.2020,15,8,0,23
26.02.2020,15,8,0,23
27.02.2020,15,8,2,25
28.02.2020,15,8,2,25
29.02.2020,15,9,1,25
01.03.2020,15,9,1,25
02.03.2020,15,9,1,25
03.03.2020,15,9,1,25
04.03.2020,15,8,1,24
05.03.2020,15,8,1,24
06.03.2020,15,7,1,23
07.03.2020,15,7,1,23
08.03.2020,15,7,1,23
09.03.2020,15,7,1,23
10.03.2020,15,7,1,23
11.03.2020,15,7,1,23
12.03.2020,15,7,1,23
13.03.2020,15,8,1,24
14.03.2020,15,8,1,24
15.03.2020,15,8,1,24
16.03.2020,15,8,1,24
17.03.2020,15,8,2,25
18.03.2020,15,8,2,25
19.03.2020,15,8,3,26
20.03.2020,15,8,5,28
21.03.2020,15,8,5,28
22.03.2020,15,8,5,28
23.03.2020,15,9,7,31
24.03.2020,15,8,7,30
25.03.2020,15,8,7,30
26.03.2020,15,8,6,29
27.03.2020,15,8,7,30
28.03.2020,15,8,7,30
29.03.2020,15,8,7,30
30.03.2020,15,9,6,30
31.03.2020,15,10,5,30
01.04.2020,16,9,5,30
02.04.2020,16,9,8,33
03.04.2020,16,9,8,33
04.04.2020,16,10,7,33
05.04.2020,16,10,7,33
06.04.2020,16,11,6,33
07.04.2020,16,11,7,34
08.04.2020,16,11,7,34
09.04.2020,16,11,7,34
10.04.2020,16,11,7,34
11.04.2020,16,11,7,34
12.04.2020,16,11,7,34
13.04.2020,16,11,7,34
14.04.2020,16,12,5,33
15.04.2020,16,12,5,33
16.04.2020,16,12,5,33
17.04.2020,16,13,3,32
18.04.2020,16,13,3,32
19.04.2020,16,13,3,32
20.04.2020,16,12,1,29
21.04.2020,15,13,1,29
22.04.2020,15,13,1,29
23.04.2020,15,13,1,29
24.04.2020,15,13,1,29
25.04.2020,15,12,1,28
26.04.2020,15,12,1,28
27.04.2020,15,12,2,29
28.04.2020,15,12,2,29
29.04.2020,15,13,1,29
30.04.2020,15,13,1,29
01.05.2020,14,14,1,29
02.05.2020,14,14,1,29
03.05.2020,14,14,1,29
04.05.2020,15,13,1,29
05.05.2020,14,14,0,28
06.05.2020,14,14,0,28
07.05.2020,15,13,0,28
08.05.2020,15,12,0,27
09.05.2020,15,12,0,27
10.05.2020,15,12,0,27
11.05.2020,15,11,0,26
12.05.2020,15,9,0,24
13.05.2020,15,9,0,24
14.05.2020,15,7,0,22
15.05.2020,15,7,0,22
16.05.2020,15,7,0,22
17.05.2020,15,7,0,22
18.05.2020,15,7,0,22
19.05.2020,15,7,0,22
20.05.2020,15,7,1,23
21.05.2020,15,8,2,25
22.05.2020,15,8,2,25
23.05.2020,15,8,2,25
24.05.2020,15,8,2,25
25.05.2020,15,8,2,25
26.05.2020,15,7,2,24
27.05.2020,16,6,2,24
28.05.2020,16,7,1,24
29.05.2020,15,8,2,25
30.05.2020,15,8,2,25
31.05.2020,15,8,2,25
01.06.2020,16,6,1,23
02.06.2020,15,7,2,24
03.06.2020,15,8,1,24
04.06.2020,15,8,1,24
05.06.2020,15,8,1,24
06.06.2020,15,8,1,24
07.06.2020,15,8,1,24
08.06.2020,15,8,1,24
09.06.2020,15,8,2,25
10.06.2020,15,8,2,25
11.06.2020,15,8,2,25
12.06.2020,15,8,2,25
13.06.2020,15,8,3,26
14.06.2020,15,8,4,27
15.06.2020,15,8,4,27
16.06.2020,15,8,4,27
17.06.2020,15,8,5,28
18.06.2020,15,8,3,26
19.06.2020,15,9,2,26
20.06.2020,15,9,2,26
21.06.2020,15,9,2,26
22.06.2020,15,11,2,28
23.06.2020,15,11,2,28
24.06.2020,15,11,2,28
25.06.2020,16,10,2,28
26.06.2020,16,10,3,29
27.06.2020,16,10,3,29
28.06.2020,16,10,3,29
29.06.2020,16,11,2,29
30.06.2020,15,12,5,32
01.07.2020,15,12,5,32
02.07.2020,16,11,5,32
03.07.2020,16,13,3,32
04.07.2020,16,13,3,32
05.07.2020,16,13,3,32
06.07.2020,16,13,3,32
07.07.2020,16,13,3,32
08.07.2020,15,15,2,32
09.07.2020,15,15,2,32
10.07.2020,15,16,3,34
11.07.2020,15,17,2,34
12.07.2020,15,17,1,33
13.07.2020,15,16,1,32
14.07.2020,15,17,2,34
15.07.2020,15,18,2,35
16.07.2020,15,18,2,35
17.07.2020,14,18,2,34
18.07.2020,15,17,2,34
19.07.2020,15,17,2,34
20.07.2020,15,17,2,34
21.07.2020,15,17,3,35
22.07.2020,15,16,3,34
23.07.2020,16,16,2,34
24.07.2020,16,17,4,37
25.07.2020,16,17,4,37
26.07.2020,16,18,4,38
27.07.2020,16,16,5,37
28.07.2020,15,17,4,36
29.07.2020,15,17,4,36
30.07.2020,16,16,4,36
31.07.2020,17,15,4,36
01.08.2020,17,15,4,36
02.08.2020,17,15,4,36
03.08.2020,17,15,4,36
04.08.2020,17,15,4,36
05.08.2020,15,17,4,36
06.08.2020,15,17,4,36
07.08.2020,15,17,4,36
08.08.2020,15,16,3,34
09.08.2020,15,16,3,34
10.08.2020,15,16,3,34
11.08.2020,16,15,3,34
12.08.2020,16,15,3,34
13.08.2020,16,15,3,34
14.08.2020,16,15,3,34
15.08.2020,16,15,3,34
16.08.2020,16,14,3,33
17.08.2020,15,14,3,32
18.08.2020,14,15,3,32
19.08.2020,14,15,3,32
20.08.2020,15,14,3,32
21.08.2020,15,14,2,31
22.08.2020,15,14,2,31
23.08.2020,15,14,1,30
24.08.2020,15,14,2,31
25.08.2020,14,14,2,30
26.08.2020,15,13,2,30
27.08.2020,16,12,3,31
28.08.2020,16,13,2,31
29.08.2020,16,13,2,31
30.08.2020,16,13,2,31
31.08.2020,16,13,2,31
01.09.2020,16,13,2,31
02.09.2020,13,14,2,29
03.09.2020,14,13,2,29
04.09.2020,14,12,3,29
05.09.2020,14,11,3,28
06.09.2020,14,11,3,28
07.09.2020,14,13,1,28
08.09.2020,15,11,0,26
09.09.2020,15,13,0,28
10.09.2020,16,13,0,29
11.09.2020,15,15,1,31
12.09.2020,15,16,0,31
13.09.2020,15,16,0,31
14.09.2020,16,15,0,31
15.09.2020,15,16,0,31
16.09.2020,15,16,1,32
17.09.2020,15,16,1,32
18.09.2020,15,16,1,32
19.09.2020,15,16,1,32
20.09.2020,15,16,1,32
21.09.2020,15,16,2,33
22.09.2020,15,16,2,33
23.09.2020,15,16,2,33
24.09.2020,15,16,2,33
25.09.2020,15,15,2,32
26.09.2020,15,15,2,32
27.09.2020,15,15,2,32
28.09.2020,15,15,3,33
29.09.2020,15,14,3,32
30.09.2020,15,14,3,32
01.10.2020,15,14,3,32
02.10.2020,15,14,3,32
03.10.2020,15,14,3,32
04.10.2020,15,14,3,32
05.10.2020,15,13,3,31
06.10.2020,16,11,3,30
07.10.2020,16,9,4,29
08.10.2020,17,9,3,29
09.10.2020,16,9,4,29
10.10.2020,17,8,4,29
11.10.2020,17,8,4,29
12.10.2020,16,8,5,29
13.10.2020,15,11,4,30
14.10.2020,16,10,4,30
15.10.2020,16,10,4,30
16.10.2020,16,10,4,30
17.10.2020,16,10,4,30
18.10.2020,16,10,4,30
19.10.2020,16,10,3,29
20.10.2020,17,9,3,29
21.10.2020,17,9,3,29
22.10.2020,17,9,3,29
23.10.2020,16,10,3,29
24.10.2020,16,10,3,29
25.10.2020,16,10,3,29
26.10.2020,16,11,1,28
27.10.2020,16,11,1,28
28.10.2020,17,10,1,28
29.10.2020,17,10,1,28
30.10.2020,17,10,1,28
31.10.2020,17,10,1,28
01.11.2020,17,10,3,30
02.11.2020,16,12,4,32
03.11.2020,16,14,9,39
04.11.2020,16,15,8,39
05.11.2020,18,13,8,39
06.11.2020,17,14,8,39
07.11.2020,17,14,8,39
08.11.2020,17,14,8,39
09.11.2020,17,13,9,39
10.11.2020,17,12,9,38
11.11.2020,18,11,8,37
12.11.2020,17,12,8,37
13.11.2020,17,12,11,40
14.11.2020,17,14,11,42
15.11.2020,17,14,11,42
16.11.2020,17,15,10,42
17.11.2020,18,15,10,43
18.11.2020,18,16,12,46
19.11.2020,18,17,12,47
20.11.2020,18,18,11,47
21.11.2020,18,18,12,48
22.11.2020,18,18,12,48
23.11.2020,19,17,12,48
24.11.2020,19,18,13,50
25.11.2020,19,18,13,50
26.11.2020,19,18,13,50
27.11.2020,19,20,12,51
28.11.2020,19,21,11,51
29.11.2020,19,21,11,51
30.11.2020,19,22,11,52
01.12.2020,20,21,4,45
02.12.2020,20,20,4,44
03.12.2020,20,21,4,45
04.12.2020,20,21,4,45
05.12.2020,20,21,4,45
06.12.2020,20,21,4,45
07.12.2020,19,23,4,46
08.12.2020,19,23,5,47
09.12.2020,19,23,5,47
10.12.2020,17,24,5,46
11.12.2020,17,24,5,46
12.12.2020,17,23,5,45
13.12.2020,17,23,5,45
14.12.2020,18,23,7,48
15.12.2020,21,20,7,48
16.12.2020,21,20,6,47
17.12.2020,21,20,6,47
18.12.2020,20,20,6,46
19.12.2020,19,21,7,47
20.12.2020,19,21,7,47
21.12.2020,20,19,9,48
22.12.2020,21,19,7,47
23.12.2020,20,21,6,47
24.12.2020,20,21,7,48
25.12.2020,21,20,7,48
26.12.2020,21,20,7,48
27.12.2020,21,20,7,48
28.12.2020,20,21,6,47
29.12.2020,21,20,6,47
30.12.2020,21,22,6,49
31.12.2020,20,23,6,49
01.01.2021,19,24,6,49
02.01.2021,19,24,9,52
03.01.2021,19,23,9,51
04.01.2021,20,21,9,50
05.01.2021,20,19,9,48
06.01.2021,20,20,10,50
07.01.2021,18,24,9,51
08.01.2021,17,25,9,51
09.01.2021,17,25,9,51
10.01.2021,17,25,10,52
11.01.2021,18,24,10,52
12.01.2021,19,25,8,52
13.01.2021,20,23,7,50
14.01.2021,19,26,8,53
15.01.2021,17,28,7,52
16.01.2021,17,28,6,51
17.01.2021,17,28,6,51
18.01.2021,18,26,7,51
19.01.2021,17,26,7,50
20.01.2021,17,28,8,53
21.01.2021,17,29,9,55
22.01.2021,19,27,10,56
23.01.2021,19,27,10,56
24.01.2021,19,27,10,56
25.01.2021,20,27,9,56
26.01.2021,21,26,10,57
27.01.2021,20,26,10,56
28.01.2021,21,24,10,55
29.01.2021,21,25,9,55
30.01.2021,21,25,6,52
31.01.2021,21,25,6,52
01.02.2021,22,24,6,52
02.02.2021,20,26,7,53
03.02.2021,20,26,7,53
04.02.2021,21,25,7,53
05.02.2021,19,27,10,56
06.02.2021,19,28,9,56
07.02.2021,19,28,12,59
08.02.2021,20,30,10,60
09.02.2021,21,30,10,61
10.02.2021,23,31,9,63
11.02.2021,22,32,9,63
12.02.2021,22,33,8,63
13.02.2021,22,34,7,63
14.02.2021,22,34,7,63
15.02.2021,23,33,7,63
16.02.2021,22,32,7,61
17.02.2021,22,32,6,60
18.02.2021,22,29,4,55
19.02.2021,23,28,4,55
20.02.2021,23,28,6,57
21.02.2021,24,27,6,57
22.02.2021,24,29,5,58
23.02.2021,24,29,5,58
24.02.2021,24,30,5,59
25.02.2021,23,32,4,59
26.02.2021,22,34,3,59
27.02.2021,22,34,4,60
28.02.2021,22,34,4,60
01.03.2021,21,35,4,60
02.03.2021,21,35,3,59
03.03.2021,23,34,3,60
04.03.2021,25,31,3,59
05.03.2021,24,31,3,58
06.03.2021,24,31,3,58
07.03.2021,24,31,3,58
08.03.2021,25,28,4,57
09.03.2021,23,30,8,61
10.03.2021,23,32,6,61
11.03.2021,22,34,5,61
12.03.2021,23,34,5,62
13.03.2021,23,34,6,63
14.03.2021,23,34,6,63
15.03.2021,25,32,14,71
16.03.2021,24,37,11,72
17.03.2021,23,38,12,73
18.03.2021,24,36,12,72
19.03.2021,26,34,14,74
20.03.2021,26,35,14,75
21.03.2021,26,35,14,75
22.03.2021,26,35,13,74
23.03.2021,25,36,15,76
24.03.2021,26,36,15,77
25.03.2021,25,37,16,78
26.03.2021,25,38,16,79
27.03.2021,25,38,15,78
28.03.2021,25,38,15,78
29.03.2021,26,38,15,79
30.03.2021,25,39,14,78
31.03.2021,25,39,14,78
01.04.2021,26,38,14,78
02.04.2021,27,36,14,77
03.04.2021,27,36,14,77
04.04.2021,28,35,14,77
05.04.2021,27,35,15,77
06.04.2021,25,38,12,75
07.04.2021,26,35,12,73
08.04.2021,25,36,12,73
09.04.2021,25,35,11,71
10.04.2021,25,35,10,70
11.04.2021,25,33,10,68
12.04.2021,25,34,9,68
13.04.2021,26,33,8,67
14.04.2021,25,34,8,67
15.04.2021,25,35,8,68
16.04.2021,26,36,7,69
17.04.2021,26,35,6,67
18.04.2021,26,34,6,66
19.04.2021,26,34,8,68
20.04.2021,26,33,6,65
21.04.2021,29,31,4,64
22.04.2021,26,34,4,64
23.04.2021,25,30,4,59
24.04.2021,25,30,4,59
25.04.2021,25,31,5,61
26.04.2021,27,30,6,63
27.04.2021,28,29,6,63
28.04.2021,26,33,7,66
29.04.2021,26,32,8,66
30.04.2021,27,30,10,67
01.05.2021,27,30,10,67
02.05.2021,27,31,10,68
03.05.2021,27,30,10,67
04.05.2021,27,28,10,65
05.05.2021,27,27,11,65
06.05.2021,27,28,10,65
07.05.2021,27,28,10,65
08.05.2021,27,29,12,68
09.05.2021,27,31,10,68
10.05.2021,27,30,10,67
11.05.2021,28,31,9,68
12.05.2021,29,30,10,69
13.05.2021,28,30,12,70
14.05.2021,27,32,12,71
15.05.2021,27,32,12,71
16.05.2021,27,32,13,72
17.05.2021,27,33,13,73
18.05.2021,28,34,12,74
19.05.2021,29,34,11,74
20.05.2021,28,33,11,72
21.05.2021,27,34,12,73
22.05.2021,26,35,12,73
23.05.2021,26,36,9,71
24.05.2021,25,35,9,69
25.05.2021,27,32,9,68
26.05.2021,28,32,8,68
27.05.2021,29,31,8,68
28.05.2021,29,31,8,68
29.05.2021,29,31,8,68
30.05.2021,29,31,8,68
31.05.2021,30,30,9,69
01.06.2021,29,31,9,69
02.06.2021,28,32,11,71
03.06.2021,28,32,14,74
04.06.2021,29,31,15,75
05.06.2021,29,30,14,73
06.06.2021,29,29,14,72
07.06.2021,28,31,14,73
08.06.2021,28,32,15,75
09.06.2021,28,34,13,75
10.06.2021,27,36,12,75
11.06.2021,27,34,12,73
12.06.2021,27,34,11,72
13.06.2021,28,33,13,74
14.06.2021,27,34,15,76
15.06.2021,28,34,14,76
16.06.2021,30,32,14,76
17.06.2021,29,33,14,76
18.06.2021,29,33,14,76
19.06.2021,29,33,14,76
20.06.2021,29,32,14,75
21.06.2021,29,33,14,76
22.06.2021,30,33,13,76
23.06.2021,31,32,11,74
24.06.2021,33,33,11,77
25.06.2021,33,32,12,77
26.06.2021,34,31,13,78
27.06.2021,34,32,12,78
28.06.2021,32,33,13,78
29.06.2021,32,33,14,79
30.06.2021,32,33,13,78
01.07.2021,33,32,11,76
02.07.2021,35,30,11,76
03.07.2021,35,31,13,79
04.07.2021,34,32,13,79
05.07.2021,33,33,13,79
06.07.2021,33,34,34,101
07.07.2021,31,37,33,101
08.07.2021,30,36,32,98
09.07.2021,30,36,32,98
10.07.2021,30,35,32,97
11.07.2021,30,35,29,94
12.07.2021,29,36,29,94
13.07.2021,30,35,28,93
14.07.2021,32,33,28,93
15.07.2021,31,35,27,93
16.07.2021,33,34,28,95
17.07.2021,33,32,28,93
18.07.2021,33,32,28,93
19.07.2021,33,31,29,93
20.07.2021,34,33,28,95
21.07.2021,32,35,28,95
22.07.2021,31,37,28,96
23.07.2021,33,35,27,95
24.07.2021,33,35,27,95
25.07.2021,33,34,27,94
26.07.2021,32,35,27,94
27.07.2021,31,35,26,92
28.07.2021,33,33,26,92
29.07.2021,34,32,25,91
30.07.2021,34,31,27,92
31.07.2021,34,31,26,91
01.08.2021,34,31,26,91
02.08.2021,35,28,28,91
03.08.2021,34,26,8,68
04.08.2021,34,24,8,66
05.08.2021,34,26,7,67
06.08.2021,33,27,7,67
07.08.2021,33,27,7,67
08.08.2021,33,27,7,67
09.08.2021,33,28,7,68
10.08.2021,33,27,7,67
11.08.2021,34,25,8,67
12.08.2021,34,26,9,69
13.08.2021,34,26,8,68
14.08.2021,34,25,8,67
15.08.2021,34,25,9,68
16.08.2021,33,27,9,69
17.08.2021,33,27,9,69
18.08.2021,31,28,8,67
19.08.2021,31,30,7,68
20.08.2021,32,29,7,68
21.08.2021,32,29,8,69
22.08.2021,32,29,8,69
23.08.2021,32,31,8,71
24.08.2021,31,32,8,71
25.08.2021,34,29,9,72
26.08.2021,33,30,8,71
27.08.2021,34,29,10,73
28.08.2021,34,29,10,73
29.08.2021,34,29,10,73
30.08.2021,36,28,9,73
31.08.2021,36,28,8,72
01.09.2021,36,30,9,75
02.09.2021,35,29,9,73
03.09.2021,33,31,10,74
04.09.2021,33,32,10,75
05.09.2021,33,32,10,75
06.09.2021,34,32,11,77
07.09.2021,33,33,11,77
08.09.2021,32,32,11,75
09.09.2021,34,30,11,75
10.09.2021,34,30,10,74
11.09.2021,34,30,10,74
12.09.2021,34,30,9,73
13.09.2021,34,31,9,74
14.09.2021,33,33,17,83
15.09.2021,32,33,17,82
16.09.2021,31,32,16,79
17.09.2021,32,31,18,81
18.09.2021,33,30,20,83
19.09.2021,33,30,20,83
20.09.2021,35,28,19,82
21.09.2021,33,32,18,83
22.09.2021,34,33,18,85
23.09.2021,35,32,19,86
24.09.2021,35,35,15,85
25.09.2021,35,35,16,86
26.09.2021,35,35,16,86
27.09.2021,35,36,16,87
28.09.2021,35,34,19,88
29.09.2021,34,35,18,87
30.09.2021,35,33,22,90
01.10.2021,33,37,22,92
02.10.2021,33,38,20,91
03.10.2021,33,38,21,92
04.10.2021,33,37,22,92
05.10.2021,33,37,22,92
06.10.2021,32,40,22,94
07.10.2021,34,38,25,97
08.10.2021,35,37,23,95
09.10.2021,35,37,23,95
10.10.2021,35,38,22,95
11.10.2021,35,39,21,95
12.10.2021,36,39,14,89
13.10.2021,36,39,15,90
14.10.2021,35,39,14,88
15.10.2021,33,41,13,87
16.10.2021,34,41,13,88
17.10.2021,34,41,13,88
18.10.2021,35,42,14,91
19.10.2021,34,44,16,94
20.10.2021,35,46,15,96
21.10.2021,34,47,16,97
22.10.2021,34,47,17,98
23.10.2021,34,48,16,98
24.10.2021,34,48,16,98
25.10.2021,35,46,17,98
26.10.2021,35,47,14,96
27.10.2021,34,48,13,95
28.10.2021,34,45,12,91
29.10.2021,33,44,13,90
30.10.2021,34,42,13,89
31.10.2021,34,42,13,89
01.11.2021,35,43,12,90
02.11.2021,34,42,14,90
03.11.2021,34,40,14,88
04.11.2021,36,40,13,89
05.11.2021,37,40,14,91
06.11.2021,37,40,15,92
07.11.2021,37,40,16,93
08.11.2021,37,40,16,93
09.11.2021,37,41,17,95
10.11.2021,37,40,18,95
11.11.2021,37,40,21,98
12.11.2021,35,42,20,97
13.11.2021,37,39,20,96
14.11.2021,38,39,19,96
15.11.2021,39,38,19,96
16.11.2021,39,38,18,95
17.11.2021,39,38,17,94
18.11.2021,38,39,17,94
19.11.2021,39,37,17,93
20.11.2021,39,39,14,92
21.11.2021,39,40,15,94
22.11.2021,41,37,15,93
23.11.2021,40,38,15,93
24.11.2021,40,36,18,94
25.11.2021,38,40,18,96
26.11.2021,38,42,17,97
27.11.2021,38,42,17,97
28.11.2021,38,43,16,97
29.11.2021,39,42,16,97
30.11.2021,38,42,16,96
01.12.2021,38,44,14,96
02.12.2021,39,41,13,93
03.12.2021,36,44,12,92
04.12.2021,36,44,11,91
05.12.2021,36,45,17,98
06.12.2021,37,45,17,99
07.12.2021,38,43,18,99
08.12.2021,38,44,16,98
09.12.2021,38,45,13,96
10.12.2021,40,43,14,97
11.12.2021,40,43,14,97
12.12.2021,41,41,15,97
13.12.2021,40,41,16,97
14.12.2021,41,40,16,97
15.12.2021,40,41,17,98
16.12.2021,39,42,15,96
17.12.2021,39,42,15,96
18.12.2021,40,39,16,95
19.12.2021,40,41,13,94
20.12.2021,41,41,12,94
21.12.2021,40,39,13,92
22.12.2021,40,38,13,91
23.12.2021,39,39,15,93
24.12.2021,40,35,14,89
25.12.2021,40,34,14,88
26.12.2021,40,35,14,89
27.12.2021,42,33,13,88
28.12.2021,38,39,26,103
29.12.2021,40,37,27,104
30.12.2021,40,37,28,105
31.12.2021,37,39,28,104
01.01.2022,36,40,28,104
02.01.2022,36,39,26,101
03.01.2022,37,37,25,99
04.01.2022,39,35,23,97
05.01.2022,37,34,26,97
06.01.2022,37,35,26,98
07.01.2022,39,34,28,101
08.01.2022,39,36,28,103
09.01.2022,40,35,27,102
10.01.2022,40,35,30,105
11.01.2022,40,35,31,106
12.01.2022,39,39,34,112
13.01.2022,39,37,35,111
14.01.2022,38,39,34,111
15.01.2022,38,38,36,112
16.01.2022,41,36,36,113
17.01.2022,42,37,51,130
18.01.2022,40,42,50,132
19.01.2022,39,44,52,135
20.01.2022,39,45,52,136
21.01.2022,41,46,52,139
22.01.2022,41,47,51,139
23.01.2022,42,44,52,138
24.01.2022,43,40,54,137
25.01.2022,44,39,44,127
26.01.2022,44,39,45,128
27.01.2022,43,43,45,131
28.01.2022,41,47,46,134
29.01.2022,40,49,47,136
30.01.2022,40,50,47,137
31.01.2022,41,54,45,140
01.02.2022,39,58,45,142
02.02.2022,38,58,45,141
03.02.2022,38,58,45,141
04.02.2022,39,57,49,145
05.02.2022,39,56,53,148
06.02.2022,40,58,52,150
07.02.2022,42,55,52,149
08.02.2022,42,58,51,151
09.02.2022,42,59,51,152
10.02.2022,41,60,52,153
11.02.2022,43,59,51,153
12.02.2022,42,60,54,156
13.02.2022,42,60,53,155
14.02.2022,44,58,40,142
15.02.2022,44,59,39,142
16.02.2022,43,63,40,146
17.02.2022,41,67,38,146
18.02.2022,41,69,42,152
19.02.2022,40,73,43,156
20.02.2022,41,75,42,158
21.02.2022,44,75,42,161
22.02.2022,45,71,43,159
23.02.2022,43,74,45,162
24.02.2022,43,74,45,162
25.02.2022,45,76,52,173
26.02.2022,46,73,52,171
27.02.2022,46,73,51,170
28.02.2022,46,72,56,174
01.03.2022,51,70,53,174
02.03.2022,52,70,54,176
03.03.2022,51,74,54,179
04.03.2022,51,77,51,179
05.03.2022,51,77,51,179
06.03.2022,51,78,51,180
07.03.2022,51,77,51,179
08.03.2022,49,76,50,175
09.03.2022,48,75,45,168
10.03.2022,48,74,48,170
11.03.2022,49,74,50,173
12.03.2022,49,74,49,172
13.03.2022,49,74,49,172
14.03.2022,49,73,48,170
15.03.2022,50,76,45,171
16.03.2022,50,77,46,173
17.03.2022,49,77,46,172
18.03.2022,49,79,45,173
19.03.2022,48,78,46,172
20.03.2022,49,75,45,169
21.03.2022,50,72,44,166
22.03.2022,50,72,41,163
23.03.2022,50,72,41,163
24.03.2022,48,74,45,167
25.03.2022,50,70,41,161
26.03.2022,52,66,41,159
27.03.2022,51,69,40,160
28.03.2022,49,67,32,148
29.03.2022,51,63,33,147
30.03.2022,53,63,32,148
31.03.2022,53,62,34,149
01.04.2022,53,60,35,148
02.04.2022,53,61,34,148
03.04.2022,52,60,31,143
04.04.2022,53,61,32,146
05.04.2022,53,61,32,146
06.04.2022,53,62,32,147
07.04.2022,54,64,32,150
08.04.2022,52,66,29,147
09.04.2022,53,65,32,150
10.04.2022,53,65,33,151
11.04.2022,52,65,35,152
12.04.2022,54,61,37,152
13.04.2022,53,62,36,151
14.04.2022,51,68,36,155
15.04.2022,50,69,36,155
16.04.2022,50,68,38,156
17.04.2022,50,68,42,160
18.04.2022,50,67,43,160
19.04.2022,50,70,43,163
20.04.2022,51,67,45,163
21.04.2022,48,74,44,166
22.04.2022,46,76,39,161
23.04.2022,48,74,45,167
24.04.2022,47,76,44,167
25.04.2022,46,79,44,169
26.04.2022,49,81,41,171
27.04.2022,49,79,40,168
28.04.2022,49,79,39,167
29.04.2022,47,81,37,165
30.04.2022,46,85,33,164
01.05.2022,46,85,34,165
02.05.2022,48,84,30,162
03.05.2022,48,84,30,162
04.05.2022,47,81,33,161
05.05.2022,49,80,37,166
06.05.2022,47,82,36,165
07.05.2022,47,83,34,164
08.05.2022,48,81,34,163
09.05.2022,47,83,40,170
10.05.2022,48,83,38,169
11.05.2022,47,83,38,168
12.05.2022,47,83,36,166
13.05.2022,47,85,34,166
14.05.2022,47,84,33,164
15.05.2022,47,84,32,163
16.05.2022,47,84,34,165
17.05.2022,46,86,37,169
18.05.2022,47,91,38,176
19.05.2022,47,96,37,180
20.05.2022,47,99,39,185
21.05.2022,46,99,33,178
22.05.2022,45,100,33,178
23.05.2022,45,107,35,187
24.05.2022,47,108,36,191
25.05.2022,46,113,32,191
26.05.2022,46,111,35,192
27.05.2022,47,110,36,193
28.05.2022,48,109,36,193
29.05.2022,48,108,39,195
30.05.2022,49,109,40,198
31.05.2022,47,112,41,200
01.06.2022,47,114,38,199
02.06.2022,48,115,36,199
03.06.2022,44,122,34,200
04.06.2022,44,121,35,200
05.06.2022,45,120,36,201
06.06.2022,44,119,34,197
07.06.2022,48,113,34,195
08.06.2022,45,118,32,195
09.06.2022,43,119,32,194
10.06.2022,42,120,30,192
11.06.2022,42,121,30,193
12.06.2022,42,121,31,194
13.06.2022,39,121,29,189
14.06.2022,40,120,29,189
15.06.2022,46,113,32,191
16.06.2022,49,106,32,187
17.06.2022,50,106,32,188
18.06.2022,50,106,33,189
19.06.2022,50,104,34,188
20.06.2022,53,101,33,187
21.06.2022,56,99,33,188
22.06.2022,59,97,31,187
23.06.2022,63,95,28,186
24.06.2022,63,95,29,187
25.06.2022,63,95,31,189
26.06.2022,64,94,29,187
27.06.2022,66,93,30,189
28.06.2022,64,97,28,189
29.06.2022,65,100,25,190
30.06.2022,64,101,25,190
01.07.2022,65,99,26,190
02.07.2022,65,99,26,190
03.07.2022,65,99,26,190
04.07.2022,67,97,24,188
05.07.2022,69,94,24,187
06.07.2022,67,95,24,186
07.07.2022,66,96,25,187
08.07.2022,67,97,28,192
09.07.2022,67,97,29,193
10.07.2022,67,97,29,193
11.07.2022,63,105,29,197
12.07.2022,66,103,29,198
13.07.2022,68,102,27,197
14.07.2022,67,107,27,201
15.07.2022,64,109,25,198
16.07.2022,65,109,25,199
17.07.2022,65,109,25,199
18.07.2022,66,107,28,201
19.07.2022,67,106,27,200
20.07.2022,68,103,24,195
21.07.2022,67,104,26,197
22.07.2022,67,108,24,199
23.07.2022,66,108,23,197
24.07.2022,67,108,24,199
25.07.2022,68,105,26,199
26.07.2022,68,106,25,199
27.07.2022,71,103,23,197
28.07.2022,69,107,27,203
29.07.2022,72,103,29,204
30.07.2022,72,104,30,206
31.07.2022,71,105,30,206
01.08.2022,75,107,27,209
02.08.2022,75,104,32,211
03.08.2022,72,109,34,215
04.08.2022,71,110,36,217
05.08.2022,72,111,32,215
06.08.2022,71,113,32,216
07.08.2022,71,114,32,217
08.08.2022,68,119,33,220
09.08.2022,69,115,30,214
10.08.2022,69,114,30,213
11.08.2022,69,115,27,211
12.08.2022,68,114,26,208
13.08.2022,69,112,26,207
14.08.2022,69,110,25,204
15.08.2022,67,110,25,202
16.08.2022,69,109,27,205
17.08.2022,72,103,29,204
18.08.2022,72,101,30,203
19.08.2022,73,99,28,200
20.08.2022,73,100,29,202
21.08.2022,73,102,26,201
22.08.2022,72,104,26,202
23.08.2022,74,102,30,206
24.08.2022,73,103,28,204
25.08.2022,70,108,24,202
26.08.2022,73,105,25,203
27.08.2022,73,107,24,204
28.08.2022,72,108,24,204
29.08.2022,73,103,24,200
30.08.2022,75,103,23,201
31.08.2022,74,104,26,204
01.09.2022,71,104,24,199
02.09.2022,71,106,23,200
03.09.2022,71,105,23,199
04.09.2022,70,101,23,194
05.09.2022,71,102,20,193
06.09.2022,72,99,24,195
07.09.2022,72,97,24,193
08.09.2022,71,98,25,194
09.09.2022,71,95,26,192
10.09.2022,71,95,27,193
11.09.2022,72,95,27,194
12.09.2022,72,96,31,199
13.09.2022,74,95,27,196
14.09.2022,74,97,30,201
15.09.2022,77,95,27,199
16.09.2022,76,98,27,201
17.09.2022,76,99,27,202
18.09.2022,74,98,27,199
19.09.2022,74,99,27,200
20.09.2022,73,101,28,202
21.09.2022,73,97,28,198
22.09.2022,72,98,29,199
23.09.2022,70,100,30,200
24.09.2022,71,99,29,199
25.09.2022,70,100,30,200
26.09.2022,75,97,32,204
27.09.2022,78,94,31,203
28.09.2022,76,101,27,204
29.09.2022,73,105,27,205
30.09.2022,73,104,32,209
01.10.2022,72,105,33,210
02.10.2022,71,106,33,210
03.10.2022,72,106,36,214
04.10.2022,72,104,33,209
05.10.2022,72,100,34,206
06.10.2022,72,99,34,205
07.10.2022,71,101,35,207
08.10.2022,71,103,34,208
09.10.2022,71,105,33,209
10.10.2022,73,100,35,208
11.10.2022,76,100,33,209
12.10.2022,74,104,32,210
13.10.2022,76,100,32,208
14.10.2022,76,100,34,210
15.10.2022,76,101,33,210
16.10.2022,76,103,33,212
17.10.2022,76,104,31,211
18.10.2022,78,104,29,211
19.10.2022,75,108,32,215
20.10.2022,73,106,31,210
21.10.2022,74,100,33,207
22.10.2022,73,99,33,205
23.10.2022,73,101,33,207
24.10.2022,72,100,32,204
25.10.2022,73,101,29,203
26.10.2022,75,96,29,200
27.10.2022,75,97,30,202
28.10.2022,75,98,28,201
29.10.2022,75,99,26,200
30.10.2022,75,97,26,198
31.10.2022,74,97,26,197
01.11.2022,73,101,27,201
02.11.2022,74,100,29,203
03.11.2022,72,102,31,205
04.11.2022,71,104,32,207
05.11.2022,71,102,34,207
06.11.2022,71,101,34,206
07.11.2022,71,103,30,204
08.11.2022,72,99,29,200
09.11.2022,72,98,30,200
10.11.2022,73,99,29,201
11.11.2022,73,102,25,200
12.11.2022,73,102,29,204
13.11.2022,74,102,28,204
14.11.2022,75,97,28,200
15.11.2022,75,95,27,197
16.11.2022,74,98,26,198
17.11.2022,72,100,29,201
18.11.2022,76,93,28,197
19.11.2022,76,92,28,196
20.11.2022,76,91,27,194
21.11.2022,74,92,27,193
22.11.2022,74,99,30,203
23.11.2022,77,97,28,202
24.11.2022,73,97,29,199
25.11.2022,73,100,28,201
26.11.2022,74,98,28,200
27.11.2022,74,100,27,201
28.11.2022,73,101,26,200
29.11.2022,75,100,28,203
30.11.2022,76,99,29,204
01.12.2022,74,105,28,207
02.12.2022,79,99,28,206
03.12.2022,79,101,26,206
04.12.2022,78,101,27,206
05.12.2022,77,100,28,205
06.12.2022,77,100,31,208
07.12.2022,78,103,30,211
08.12.2022,79,102,30,211
09.12.2022,77,106,30,213
10.12.2022,78,106,25,209
11.12.2022,78,107,26,211
12.12.2022,78,108,28,214
13.12.2022,79,109,28,216
14.12.2022,74,115,29,218
15.12.2022,77,112,25,214
16.12.2022,76,113,25,214
17.12.2022,75,114,28,217
18.12.2022,75,114,31,220
19.12.2022,72,119,27,218
20.12.2022,73,116,27,216
21.12.2022,74,116,35,225
22.12.2022,72,120,33,225
23.12.2022,76,116,33,225
24.12.2022,77,116,34,227
25.12.2022,77,116,34,227
26.12.2022,76,115,34,225
27.12.2022,76,116,29,221
28.12.2022,73,120,28,221
29.12.2022,71,120,27,218
30.12.2022,74,115,29,218
31.12.2022,74,114,29,217
01.01.2023,74,113,29,216
02.01.2023,71,114,27,212
03.01.2023,72,115,30,217
04.01.2023,74,112,31,217
05.01.2023,72,115,28,215
06.01.2023,73,113,28,214
07.01.2023,74,112,30,216
08.01.2023,74,113,32,219
09.01.2023,73,112,34,219
10.01.2023,74,111,32,217
11.01.2023,71,112,32,215
12.01.2023,74,114,40,228
13.01.2023,74,117,38,229
14.01.2023,74,117,36,227
15.01.2023,74,118,36,228
16.01.2023,74,120,38,232
17.01.2023,77,116,36,229
18.01.2023,80,116,28,224
19.01.2023,82,116,30,228
20.01.2023,80,121,32,233
21.01.2023,81,120,32,233
22.01.2023,81,120,32,233
23.01.2023,81,121,32,234
24.01.2023,79,125,31,235
25.01.2023,77,128,33,238
26.01.2023,77,130,33,240
27.01.2023,79,131,34,244
28.01.2023,80,129,36,245
29.01.2023,79,129,36,244
30.01.2023,83,122,36,241
31.01.2023,83,120,39,242
01.02.2023,84,119,36,239
02.02.2023,85,114,37,236
03.02.2023,87,113,34,234
04.02.2023,87,114,32,233
05.02.2023,87,115,31,233
06.02.2023,87,115,33,235
07.02.2023,90,114,32,236
08.02.2023,87,119,32,238
09.02.2023,87,117,30,234
10.02.2023,87,115,30,232
11.02.2023,87,117,30,234
12.02.2023,87,116,31,234
13.02.2023,87,117,27,231
14.02.2023,87,118,25,230
15.02.2023,88,112,28,228
16.02.2023,89,108,29,226
17.02.2023,88,108,29,225
18.02.2023,87,109,29,225
19.02.2023,87,110,31,228
20.02.2023,87,114,28,229
21.02.2023,85,117,27,229
22.02.2023,82,120,31,233
23.02.2023,82,123,29,234
24.02.2023,82,121,28,231
25.02.2023,84,119,29,232
26.02.2023,84,120,28,232
27.02.2023,84,120,30,234
28.02.2023,82,124,31,237
01.03.2023,86,122,32,240
02.03.2023,85,125,31,241
03.03.2023,88,122,31,241
04.03.2023,88,123,31,242
05.03.2023,89,119,29,237
06.03.2023,90,116,30,236
07.03.2023,88,118,31,237
08.03.2023,87,115,33,235
09.03.2023,88,115,34,237
10.03.2023,86,119,32,237
11.03.2023,86,120,43,249
12.03.2023,86,129,36,251
13.03.2023,85,128,35,248
14.03.2023,84,130,34,248
15.03.2023,82,132,37,251
16.03.2023,86,129,35,250
17.03.2023,85,131,36,252
18.03.2023,83,135,35,253
19.03.2023,82,134,35,251
20.03.2023,85,132,35,252
21.03.2023,85,136,36,257
22.03.2023,82,137,35,254
23.03.2023,83,136,33,252
24.03.2023,82,140,34,256
25.03.2023,83,140,33,256
26.03.2023,83,139,36,258
27.03.2023,83,138,36,257
28.03.2023,80,143,31,254
29.03.2023,82,133,30,245
30.03.2023,83,131,30,244
31.03.2023,85,129,29,243
01.04.2023,85,130,29,244
02.04.2023,85,130,29,244
03.04.2023,87,130,29,246
04.04.2023,85,129,28,242
05.04.2023,84,128,30,242
06.04.2023,83,129,31,243
07.04.2023,83,127,31,241
08.04.2023,82,124,28,234
09.04.2023,81,117,26,224
10.04.2023,78,114,26,218
11.04.2023,78,111,29,218
12.04.2023,76,112,28,216
13.04.2023,77,107,27,211
14.04.2023,74,109,29,212
15.04.2023,73,110,27,210
16.04.2023,74,109,27,210
17.04.2023,76,108,24,208
18.04.2023,78,108,21,207
19.04.2023,78,109,20,207
20.04.2023,77,106,20,203
21.04.2023,77,107,18,202
22.04.2023,79,105,19,203
23.04.2023,79,107,15,201
24.04.2023,80,108,16,204
25.04.2023,76,107,18,201
26.04.2023,74,108,22,204
27.04.2023,71,111,19,201
28.04.2023,72,110,18,200
29.04.2023,72,110,18,200
30.04.2023,72,109,19,200
01.05.2023,70,107,19,196
02.05.2023,68,107,23,198
03.05.2023,68,106,23,197
04.05.2023,68,107,22,197
05.05.2023,69,106,21,196
06.05.2023,70,105,21,196
07.05.2023,70,107,22,199
08.05.2023,70,110,21,201
09.05.2023,72,109,19,200
10.05.2023,70,109,19,198
11.05.2023,71,110,19,200
12.05.2023,70,111,17,198
13.05.2023,69,113,15,197
14.05.2023,69,113,16,198
15.05.2023,70,111,19,200
16.05.2023,66,113,23,202
17.05.2023,66,115,22,203
18.05.2023,66,114,25,205
19.05.2023,69,108,27,204
20.05.2023,70,107,26,203
21.05.2023,70,108,25,203
22.05.2023,70,106,25,201
23.05.2023,71,107,24,202
24.05.2023,67,114,20,201
25.05.2023,64,125,21,210
26.05.2023,65,124,21,210
27.05.2023,66,122,21,209
28.05.2023,66,122,22,210
29.05.2023,68,122,23,213
30.05.2023,71,118,25,214
31.05.2023,69,120,27,216
01.06.2023,70,121,25,216
02.06.2023,71,123,24,218
03.06.2023,71,122,25,218
04.06.2023,71,123,22,216
05.06.2023,71,122,24,217
06.06.2023,73,116,24,213
07.06.2023,72,121,26,219
08.06.2023,73,118,26,217
09.06.2023,74,118,28,220
10.06.2023,72,119,27,218
11.06.2023,72,121,26,219
12.06.2023,69,121,25,215
13.06.2023,66,126,24,216
14.06.2023,65,125,25,215
15.06.2023,67,123,22,212
16.06.2023,66,124,24,214
17.06.2023,68,122,24,214
18.06.2023,70,119,25,214
19.06.2023,72,120,25,217
20.06.2023,69,123,26,218
21.06.2023,66,124,27,217
22.06.2023,63,127,23,213
23.06.2023,69,119,22,210
24.06.2023,70,117,22,209
25.06.2023,68,119,24,211
26.06.2023,66,117,25,208
27.06.2023,66,115,24,205
28.06.2023,66,118,25,209
29.06.2023,65,116,25,206
30.06.2023,64,116,27,207
01.07.2023,65,116,27,208
02.07.2023,65,114,27,206
03.07.2023,66,114,28,208
04.07.2023,66,116,28,210
05.07.2023,68,114,27,209
06.07.2023,72,109,28,209
07.07.2023,70,110,31,211
08.07.2023,71,110,31,212
09.07.2023,71,111,30,212
10.07.2023,70,108,31,209
11.07.2023,70,105,30,205
12.07.2023,70,107,25,202
13.07.2023,68,107,23,198
14.07.2023,65,104,23,192
15.07.2023,66,103,22,191
16.07.2023,67,101,23,191
17.07.2023,67,97,24,188
18.07.2023,66,96,23,185
19.07.2023,66,93,21,180
20.07.2023,65,94,19,178
21.07.2023,73,89,19,181
22.07.2023,73,89,19,181
23.07.2023,72,90,17,179
24.07.2023,68,94,16,178
25.07.2023,68,94,15,177
26.07.2023,65,96,13,174
27.07.2023,64,95,15,174
28.07.2023,63,95,18,176
29.07.2023,64,94,21,179
30.07.2023,63,95,21,179
31.07.2023,64,96,18,178
01.08.2023,63,96,19,178
02.08.2023,64,96,20,180
03.08.2023,64,96,21,181
04.08.2023,62,98,18,178
05.08.2023,62,98,18,178
06.08.2023,62,98,20,180
07.08.2023,64,97,22,183
08.08.2023,63,94,24,181
09.08.2023,65,89,25,179
10.08.2023,64,85,24,173
11.08.2023,64,87,26,177
12.08.2023,65,87,27,179
13.08.2023,65,87,27,179
14.08.2023,63,89,27,179
15.08.2023,62,90,27,179
16.08.2023,61,94,26,181
17.08.2023,64,88,28,180
18.08.2023,69,82,32,183
19.08.2023,69,82,32,183
20.08.2023,69,83,30,182
21.08.2023,63,90,31,184
22.08.2023,63,91,29,183
23.08.2023,61,89,29,179
24.08.2023,61,91,28,180
25.08.2023,61,90,27,178
26.08.2023,61,90,24,175
27.08.2023,60,90,26,176
28.08.2023,59,88,24,171
29.08.2023,62,86,23,171
30.08.2023,59,90,21,170
31.08.2023,58,93,19,170
01.09.2023,60,89,18,167
02.09.2023,59,90,20,169
03.09.2023,59,92,16,167
04.09.2023,59,96,14,169
05.09.2023,59,93,12,164
06.09.2023,63,89,12,164
07.09.2023,59,92,13,164
08.09.2023,57,91,14,162
09.09.2023,57,91,12,160
10.09.2023,57,91,13,161
11.09.2023,52,97,16,165
12.09.2023,53,98,14,165
13.09.2023,53,97,16,166
14.09.2023,55,96,14,165
15.09.2023,55,96,12,163
16.09.2023,55,96,12,163
17.09.2023,55,96,13,164
18.09.2023,55,100,11,166
19.09.2023,54,101,12,167
20.09.2023,56,100,15,171
21.09.2023,57,99,15,171
22.09.2023,61,95,18,174
23.09.2023,61,95,19,175
24.09.2023,60,96,19,175
25.09.2023,58,98,21,177
26.09.2023,57,100,26,183
27.09.2023,54,103,28,185
28.09.2023,59,102,25,186
29.09.2023,60,97,28,185
30.09.2023,59,98,29,186
01.10.2023,59,97,29,185
