energy-web,,,,
Date, Full Time, Part Time, One Time, Total
05.09.2017,0,0,1,1
06.09.2017,0,0,1,1
07.09.2017,0,0,1,1
08.09.2017,0,0,1,1
09.09.2017,0,0,1,1
10.09.2017,0,0,1,1
11.09.2017,0,1,0,1
12.09.2017,0,1,0,1
13.09.2017,0,1,0,1
14.09.2017,0,1,3,4
15.09.2017,0,1,3,4
16.09.2017,0,3,1,4
17.09.2017,0,3,1,4
18.09.2017,0,3,1,4
19.09.2017,0,3,1,4
20.09.2017,0,3,1,4
21.09.2017,0,3,1,4
22.09.2017,0,3,1,4
23.09.2017,0,3,1,4
24.09.2017,0,3,1,4
25.09.2017,0,3,1,4
26.09.2017,0,3,1,4
27.09.2017,0,3,1,4
28.09.2017,0,3,1,4
29.09.2017,0,3,1,4
30.09.2017,0,3,1,4
01.10.2017,0,3,1,4
02.10.2017,0,3,1,4
03.10.2017,0,3,1,4
04.10.2017,0,3,1,4
05.10.2017,0,3,1,4
06.10.2017,0,3,1,4
07.10.2017,0,3,1,4
08.10.2017,0,3,1,4
09.10.2017,0,3,1,4
10.10.2017,0,3,1,4
11.10.2017,0,3,1,4
12.10.2017,0,3,0,3
13.10.2017,0,3,0,3
14.10.2017,0,3,0,3
15.10.2017,0,3,0,3
16.10.2017,0,3,0,3
17.10.2017,0,2,0,2
18.10.2017,0,2,0,2
19.10.2017,0,2,0,2
20.10.2017,0,2,0,2
21.10.2017,0,2,0,2
22.10.2017,0,2,0,2
23.10.2017,0,1,0,1
24.10.2017,0,1,0,1
25.10.2017,0,1,0,1
26.10.2017,1,0,0,1
27.10.2017,1,0,0,1
28.10.2017,1,0,0,1
29.10.2017,1,0,0,1
30.10.2017,1,0,0,1
31.10.2017,0,3,0,3
01.11.2017,1,2,0,3
02.11.2017,1,2,0,3
03.11.2017,1,2,0,3
04.11.2017,1,2,0,3
05.11.2017,1,2,0,3
06.11.2017,0,3,0,3
07.11.2017,0,3,0,3
08.11.2017,0,3,0,3
09.11.2017,0,3,0,3
10.11.2017,0,3,0,3
11.11.2017,0,3,0,3
12.11.2017,0,3,0,3
13.11.2017,0,3,0,3
14.11.2017,0,3,0,3
15.11.2017,0,3,0,3
16.11.2017,0,3,0,3
17.11.2017,0,3,0,3
18.11.2017,0,3,0,3
19.11.2017,0,3,0,3
20.11.2017,0,3,0,3
21.11.2017,0,3,0,3
22.11.2017,0,3,0,3
23.11.2017,1,2,0,3
24.11.2017,1,2,0,3
25.11.2017,1,2,0,3
26.11.2017,1,2,0,3
27.11.2017,1,2,0,3
28.11.2017,0,2,0,2
29.11.2017,0,1,0,1
30.11.2017,0,1,0,1
01.12.2017,0,1,0,1
02.12.2017,0,1,0,1
03.12.2017,0,1,0,1
04.12.2017,0,1,0,1
05.12.2017,0,2,0,2
06.12.2017,0,2,0,2
07.12.2017,0,2,0,2
08.12.2017,0,2,0,2
09.12.2017,0,2,0,2
10.12.2017,0,2,0,2
11.12.2017,0,2,0,2
12.12.2017,0,2,0,2
13.12.2017,0,3,0,3
14.12.2017,0,3,0,3
15.12.2017,0,3,1,4
16.12.2017,0,3,1,4
17.12.2017,0,3,1,4
18.12.2017,0,3,1,4
19.12.2017,0,3,1,4
20.12.2017,0,3,1,4
21.12.2017,0,3,1,4
22.12.2017,0,3,1,4
23.12.2017,0,3,1,4
24.12.2017,0,3,1,4
25.12.2017,0,3,1,4
26.12.2017,0,3,1,4
27.12.2017,0,3,1,4
28.12.2017,0,3,1,4
29.12.2017,0,3,1,4
30.12.2017,0,3,1,4
31.12.2017,0,3,1,4
01.01.2018,0,3,1,4
02.01.2018,0,2,1,3
03.01.2018,0,2,1,3
04.01.2018,0,2,1,3
05.01.2018,0,2,1,3
06.01.2018,0,2,1,3
07.01.2018,0,2,1,3
08.01.2018,0,2,1,3
09.01.2018,0,2,1,3
10.01.2018,0,2,1,3
11.01.2018,0,2,1,3
12.01.2018,0,1,0,1
13.01.2018,0,1,0,1
14.01.2018,0,1,0,1
15.01.2018,0,1,0,1
16.01.2018,0,1,0,1
17.01.2018,0,1,0,1
18.01.2018,0,1,0,1
19.01.2018,0,1,0,1
20.01.2018,0,1,0,1
21.01.2018,0,2,0,2
22.01.2018,0,2,0,2
23.01.2018,0,2,0,2
24.01.2018,0,2,0,2
25.01.2018,0,2,0,2
26.01.2018,0,2,0,2
27.01.2018,0,2,0,2
28.01.2018,0,2,0,2
29.01.2018,0,2,0,2
30.01.2018,0,2,0,2
31.01.2018,0,2,0,2
01.02.2018,0,2,0,2
02.02.2018,0,2,0,2
03.02.2018,0,2,0,2
04.02.2018,0,2,0,2
05.02.2018,0,2,0,2
06.02.2018,0,2,0,2
07.02.2018,0,2,0,2
08.02.2018,0,2,0,2
09.02.2018,0,2,0,2
10.02.2018,0,2,0,2
11.02.2018,0,2,0,2
12.02.2018,0,2,0,2
13.02.2018,0,3,0,3
14.02.2018,0,3,0,3
15.02.2018,0,3,0,3
16.02.2018,0,3,0,3
17.02.2018,0,3,0,3
18.02.2018,0,2,0,2
19.02.2018,0,3,0,3
20.02.2018,0,3,0,3
21.02.2018,0,3,0,3
22.02.2018,0,3,0,3
23.02.2018,0,3,0,3
24.02.2018,0,3,0,3
25.02.2018,0,3,0,3
26.02.2018,0,3,0,3
27.02.2018,0,2,1,3
28.02.2018,0,2,1,3
01.03.2018,0,2,1,3
02.03.2018,0,2,1,3
03.03.2018,0,2,1,3
04.03.2018,0,2,1,3
05.03.2018,0,2,1,3
06.03.2018,0,2,1,3
07.03.2018,0,2,1,3
08.03.2018,0,2,1,3
09.03.2018,0,2,1,3
10.03.2018,0,2,1,3
11.03.2018,0,2,1,3
12.03.2018,0,2,1,3
13.03.2018,0,2,0,2
14.03.2018,0,2,0,2
15.03.2018,0,2,0,2
16.03.2018,0,2,0,2
17.03.2018,0,2,0,2
18.03.2018,0,2,0,2
19.03.2018,0,2,0,2
20.03.2018,0,2,0,2
21.03.2018,0,2,0,2
22.03.2018,0,2,1,3
23.03.2018,1,1,1,3
24.03.2018,1,1,1,3
25.03.2018,1,1,1,3
26.03.2018,1,1,1,3
27.03.2018,1,1,1,3
28.03.2018,1,1,1,3
29.03.2018,1,2,0,3
30.03.2018,1,2,0,3
31.03.2018,1,2,0,3
01.04.2018,1,2,0,3
02.04.2018,1,2,0,3
03.04.2018,1,2,0,3
04.04.2018,1,2,0,3
05.04.2018,1,2,0,3
06.04.2018,1,2,0,3
07.04.2018,1,2,0,3
08.04.2018,1,2,0,3
09.04.2018,1,2,0,3
10.04.2018,1,2,1,4
11.04.2018,1,2,1,4
12.04.2018,1,2,2,5
13.04.2018,1,2,2,5
14.04.2018,1,2,2,5
15.04.2018,1,2,2,5
16.04.2018,1,2,2,5
17.04.2018,1,2,2,5
18.04.2018,1,2,2,5
19.04.2018,1,2,2,5
20.04.2018,1,2,2,5
21.04.2018,1,2,2,5
22.04.2018,1,2,2,5
23.04.2018,1,2,2,5
24.04.2018,1,2,2,5
25.04.2018,1,2,2,5
26.04.2018,1,2,2,5
27.04.2018,1,2,2,5
28.04.2018,1,2,2,5
29.04.2018,1,2,2,5
30.04.2018,1,2,2,5
01.05.2018,1,2,2,5
02.05.2018,1,2,2,5
03.05.2018,1,1,2,4
04.05.2018,1,1,2,4
05.05.2018,1,1,2,4
06.05.2018,1,1,2,4
07.05.2018,1,1,2,4
08.05.2018,1,1,1,3
09.05.2018,1,1,1,3
10.05.2018,1,1,0,2
11.05.2018,1,1,0,2
12.05.2018,1,1,0,2
13.05.2018,1,1,0,2
14.05.2018,1,1,0,2
15.05.2018,1,1,0,2
16.05.2018,1,1,0,2
17.05.2018,1,1,0,2
18.05.2018,1,1,0,2
19.05.2018,1,1,0,2
20.05.2018,1,1,0,2
21.05.2018,1,1,0,2
22.05.2018,1,1,0,2
23.05.2018,1,1,0,2
24.05.2018,1,1,0,2
25.05.2018,1,1,0,2
26.05.2018,1,1,0,2
27.05.2018,1,1,0,2
28.05.2018,1,1,0,2
29.05.2018,1,1,0,2
30.05.2018,2,0,0,2
31.05.2018,2,1,0,3
01.06.2018,2,1,0,3
02.06.2018,2,1,0,3
03.06.2018,2,1,0,3
04.06.2018,2,1,0,3
05.06.2018,2,1,0,3
06.06.2018,2,1,0,3
07.06.2018,2,1,0,3
08.06.2018,2,1,0,3
09.06.2018,2,1,0,3
10.06.2018,2,1,0,3
11.06.2018,2,1,0,3
12.06.2018,2,1,0,3
13.06.2018,2,1,0,3
14.06.2018,2,1,0,3
15.06.2018,2,1,0,3
16.06.2018,2,1,0,3
17.06.2018,2,1,0,3
18.06.2018,1,2,0,3
19.06.2018,0,3,0,3
20.06.2018,0,3,0,3
21.06.2018,0,3,0,3
22.06.2018,0,3,0,3
23.06.2018,0,3,0,3
24.06.2018,0,3,0,3
25.06.2018,0,3,0,3
26.06.2018,0,3,0,3
27.06.2018,1,2,0,3
28.06.2018,1,1,1,3
29.06.2018,1,1,1,3
30.06.2018,1,1,1,3
01.07.2018,1,1,1,3
02.07.2018,1,0,1,2
03.07.2018,1,0,1,2
04.07.2018,1,1,1,3
05.07.2018,1,1,1,3
06.07.2018,1,2,0,3
07.07.2018,1,2,0,3
08.07.2018,1,2,0,3
09.07.2018,1,2,0,3
10.07.2018,1,2,0,3
11.07.2018,1,2,0,3
12.07.2018,1,2,0,3
13.07.2018,1,2,0,3
14.07.2018,1,2,0,3
15.07.2018,1,2,0,3
16.07.2018,1,2,0,3
17.07.2018,0,3,0,3
18.07.2018,0,3,0,3
19.07.2018,0,3,0,3
20.07.2018,0,3,1,4
21.07.2018,0,3,1,4
22.07.2018,0,3,1,4
23.07.2018,0,3,1,4
24.07.2018,0,3,2,5
25.07.2018,1,2,2,5
26.07.2018,1,2,2,5
27.07.2018,1,2,2,5
28.07.2018,1,2,2,5
29.07.2018,1,2,2,5
30.07.2018,1,2,3,6
31.07.2018,1,2,3,6
01.08.2018,1,2,3,6
02.08.2018,1,2,4,7
03.08.2018,1,2,4,7
04.08.2018,1,2,4,7
05.08.2018,1,2,4,7
06.08.2018,0,3,4,7
07.08.2018,0,3,4,7
08.08.2018,1,2,4,7
09.08.2018,1,2,4,7
10.08.2018,1,2,4,7
11.08.2018,1,2,4,7
12.08.2018,1,2,4,7
13.08.2018,1,2,4,7
14.08.2018,0,3,5,8
15.08.2018,0,3,5,8
16.08.2018,0,3,5,8
17.08.2018,0,4,4,8
18.08.2018,0,4,4,8
19.08.2018,0,4,4,8
20.08.2018,0,4,4,8
21.08.2018,0,5,2,7
22.08.2018,0,5,2,7
23.08.2018,0,5,2,7
24.08.2018,0,5,2,7
25.08.2018,0,5,2,7
26.08.2018,0,5,2,7
27.08.2018,0,5,1,6
28.08.2018,0,5,3,8
29.08.2018,0,7,1,8
30.08.2018,0,7,0,7
31.08.2018,0,7,0,7
01.09.2018,0,7,0,7
02.09.2018,0,7,0,7
03.09.2018,0,7,0,7
04.09.2018,0,7,1,8
05.09.2018,0,7,1,8
06.09.2018,0,7,2,9
07.09.2018,0,7,2,9
08.09.2018,0,7,2,9
09.09.2018,0,7,2,9
10.09.2018,0,8,1,9
11.09.2018,0,8,2,10
12.09.2018,0,8,2,10
13.09.2018,0,8,2,10
14.09.2018,0,8,2,10
15.09.2018,0,8,2,10
16.09.2018,0,8,2,10
17.09.2018,0,9,2,11
18.09.2018,0,8,2,10
19.09.2018,0,9,1,10
20.09.2018,0,9,1,10
21.09.2018,0,8,1,9
22.09.2018,0,8,1,9
23.09.2018,0,8,1,9
24.09.2018,1,7,1,9
25.09.2018,1,7,1,9
26.09.2018,1,7,1,9
27.09.2018,1,7,1,9
28.09.2018,1,7,1,9
29.09.2018,1,7,1,9
30.09.2018,1,7,1,9
01.10.2018,1,7,1,9
02.10.2018,1,7,0,8
03.10.2018,1,7,0,8
04.10.2018,1,7,1,9
05.10.2018,1,7,1,9
06.10.2018,1,7,1,9
07.10.2018,1,7,1,9
08.10.2018,1,7,2,10
09.10.2018,1,8,1,10
10.10.2018,1,8,1,10
11.10.2018,1,8,1,10
12.10.2018,1,7,1,9
13.10.2018,1,7,1,9
14.10.2018,1,7,1,9
15.10.2018,1,7,1,9
16.10.2018,1,7,1,9
17.10.2018,1,5,1,7
18.10.2018,1,6,1,8
19.10.2018,1,4,1,6
20.10.2018,1,4,1,6
21.10.2018,1,4,1,6
22.10.2018,1,4,1,6
23.10.2018,1,4,1,6
24.10.2018,1,4,1,6
25.10.2018,1,4,1,6
26.10.2018,1,4,1,6
27.10.2018,1,4,1,6
28.10.2018,1,4,1,6
29.10.2018,1,4,1,6
30.10.2018,1,4,1,6
31.10.2018,1,4,1,6
01.11.2018,1,4,0,5
02.11.2018,1,4,0,5
03.11.2018,2,3,0,5
04.11.2018,2,3,0,5
05.11.2018,2,3,0,5
06.11.2018,2,2,0,4
07.11.2018,2,4,0,6
08.11.2018,2,5,0,7
09.11.2018,2,5,0,7
10.11.2018,2,5,0,7
11.11.2018,2,5,0,7
12.11.2018,1,6,0,7
13.11.2018,1,6,0,7
14.11.2018,1,6,0,7
15.11.2018,1,6,0,7
16.11.2018,1,6,0,7
17.11.2018,1,6,0,7
18.11.2018,1,6,0,7
19.11.2018,1,6,0,7
20.11.2018,1,6,1,8
21.11.2018,1,6,1,8
22.11.2018,1,6,1,8
23.11.2018,1,6,1,8
24.11.2018,1,6,1,8
25.11.2018,1,6,1,8
26.11.2018,1,6,1,8
27.11.2018,1,5,1,7
28.11.2018,1,5,1,7
29.11.2018,1,5,1,7
30.11.2018,1,5,1,7
01.12.2018,2,4,1,7
02.12.2018,2,4,1,7
03.12.2018,2,5,1,8
04.12.2018,2,5,1,8
05.12.2018,2,5,1,8
06.12.2018,2,5,1,8
07.12.2018,2,5,1,8
08.12.2018,2,5,1,8
09.12.2018,2,5,1,8
10.12.2018,1,6,1,8
11.12.2018,1,5,1,7
12.12.2018,1,4,1,6
13.12.2018,1,4,1,6
14.12.2018,1,4,1,6
15.12.2018,1,4,1,6
16.12.2018,1,4,1,6
17.12.2018,1,4,1,6
18.12.2018,0,4,0,4
19.12.2018,0,4,0,4
20.12.2018,0,4,0,4
21.12.2018,1,3,0,4
22.12.2018,1,3,0,4
23.12.2018,1,3,0,4
24.12.2018,1,3,0,4
25.12.2018,1,3,0,4
26.12.2018,1,3,0,4
27.12.2018,1,3,0,4
28.12.2018,1,3,0,4
29.12.2018,2,2,0,4
30.12.2018,2,2,0,4
31.12.2018,1,3,0,4
01.01.2019,1,3,0,4
02.01.2019,1,3,0,4
03.01.2019,1,3,0,4
04.01.2019,1,3,0,4
05.01.2019,1,3,0,4
06.01.2019,1,3,0,4
07.01.2019,1,2,0,3
08.01.2019,1,2,0,3
09.01.2019,1,2,0,3
10.01.2019,1,2,0,3
11.01.2019,1,2,0,3
12.01.2019,1,2,0,3
13.01.2019,1,2,0,3
14.01.2019,1,2,0,3
15.01.2019,1,2,0,3
16.01.2019,1,2,0,3
17.01.2019,1,2,0,3
18.01.2019,2,1,0,3
19.01.2019,2,1,0,3
20.01.2019,2,1,0,3
21.01.2019,2,1,1,4
22.01.2019,2,1,1,4
23.01.2019,2,1,1,4
24.01.2019,3,0,1,4
25.01.2019,2,2,0,4
26.01.2019,2,2,0,4
27.01.2019,2,2,0,4
28.01.2019,1,3,0,4
29.01.2019,1,4,1,6
30.01.2019,2,4,0,6
31.01.2019,3,3,0,6
01.02.2019,3,3,3,9
02.02.2019,3,3,3,9
03.02.2019,3,3,3,9
04.02.2019,3,3,4,10
05.02.2019,3,3,4,10
06.02.2019,3,3,5,11
07.02.2019,2,4,5,11
08.02.2019,2,4,5,11
09.02.2019,2,4,5,11
10.02.2019,2,4,5,11
11.02.2019,2,4,5,11
12.02.2019,2,4,5,11
13.02.2019,2,4,5,11
14.02.2019,0,6,5,11
15.02.2019,2,4,5,11
16.02.2019,2,4,5,11
17.02.2019,2,4,5,11
18.02.2019,1,6,5,12
19.02.2019,1,6,5,12
20.02.2019,2,5,5,12
21.02.2019,3,5,5,13
22.02.2019,3,5,6,14
23.02.2019,3,5,6,14
24.02.2019,3,5,6,14
25.02.2019,3,7,4,14
26.02.2019,3,7,4,14
27.02.2019,4,6,4,14
28.02.2019,4,6,4,14
01.03.2019,5,5,1,11
02.03.2019,5,5,1,11
03.03.2019,5,5,1,11
04.03.2019,5,5,1,11
05.03.2019,5,5,1,11
06.03.2019,5,5,0,10
07.03.2019,4,6,0,10
08.03.2019,4,6,0,10
09.03.2019,4,6,0,10
10.03.2019,4,6,0,10
11.03.2019,5,5,0,10
12.03.2019,4,6,0,10
13.03.2019,4,7,2,13
14.03.2019,2,9,2,13
15.03.2019,3,8,2,13
16.03.2019,3,8,2,13
17.03.2019,3,8,2,13
18.03.2019,2,9,2,13
19.03.2019,3,8,2,13
20.03.2019,6,5,3,14
21.03.2019,5,6,3,14
22.03.2019,5,7,3,15
23.03.2019,4,8,3,15
24.03.2019,4,8,3,15
25.03.2019,5,6,3,14
26.03.2019,5,6,3,14
27.03.2019,6,5,3,14
28.03.2019,7,4,3,14
29.03.2019,7,4,3,14
30.03.2019,6,5,3,14
31.03.2019,6,5,3,14
01.04.2019,6,6,2,14
02.04.2019,7,5,2,14
03.04.2019,7,4,3,14
04.04.2019,7,4,3,14
05.04.2019,7,4,3,14
06.04.2019,7,4,3,14
07.04.2019,7,4,3,14
08.04.2019,8,3,3,14
09.04.2019,7,4,3,14
10.04.2019,7,4,2,13
11.04.2019,6,5,2,13
12.04.2019,6,5,2,13
13.04.2019,6,5,2,13
14.04.2019,6,5,2,13
15.04.2019,6,5,2,13
16.04.2019,7,4,2,13
17.04.2019,8,3,2,13
18.04.2019,8,3,2,13
19.04.2019,8,2,1,11
20.04.2019,8,2,1,11
21.04.2019,8,2,1,11
22.04.2019,8,2,1,11
23.04.2019,8,2,2,12
24.04.2019,8,2,2,12
25.04.2019,6,3,2,11
26.04.2019,6,4,1,11
27.04.2019,6,4,1,11
28.04.2019,6,4,1,11
29.04.2019,6,4,1,11
30.04.2019,6,4,1,11
01.05.2019,6,4,1,11
02.05.2019,5,5,1,11
03.05.2019,5,5,2,12
04.05.2019,5,5,2,12
05.05.2019,5,5,2,12
06.05.2019,6,4,2,12
07.05.2019,5,5,2,12
08.05.2019,5,5,2,12
09.05.2019,5,5,2,12
10.05.2019,5,5,2,12
11.05.2019,5,5,2,12
12.05.2019,5,5,2,12
13.05.2019,5,5,3,13
14.05.2019,5,6,2,13
15.05.2019,5,8,1,14
16.05.2019,5,8,1,14
17.05.2019,5,8,1,14
18.05.2019,5,8,1,14
19.05.2019,5,8,1,14
20.05.2019,5,8,2,15
21.05.2019,5,8,2,15
22.05.2019,4,8,3,15
23.05.2019,4,8,3,15
24.05.2019,4,5,4,13
25.05.2019,4,5,4,13
26.05.2019,4,5,4,13
27.05.2019,5,4,4,13
28.05.2019,5,5,4,14
29.05.2019,5,5,4,14
30.05.2019,4,6,4,14
31.05.2019,4,6,4,14
01.06.2019,4,6,4,14
02.06.2019,4,6,4,14
03.06.2019,4,7,4,15
04.06.2019,4,7,4,15
05.06.2019,4,8,5,17
06.06.2019,4,8,5,17
07.06.2019,4,8,5,17
08.06.2019,4,8,5,17
09.06.2019,4,8,5,17
10.06.2019,4,8,4,16
11.06.2019,5,7,4,16
12.06.2019,6,6,5,17
13.06.2019,6,6,6,18
14.06.2019,6,7,6,19
15.06.2019,6,7,6,19
16.06.2019,6,7,6,19
17.06.2019,6,7,5,18
18.06.2019,6,7,5,18
19.06.2019,6,7,4,17
20.06.2019,6,7,4,17
21.06.2019,6,7,4,17
22.06.2019,6,7,4,17
23.06.2019,6,7,4,17
24.06.2019,7,5,4,16
25.06.2019,7,5,3,15
26.06.2019,7,6,2,15
27.06.2019,5,8,2,15
28.06.2019,4,9,2,15
29.06.2019,4,9,2,15
30.06.2019,4,9,2,15
01.07.2019,4,10,2,16
02.07.2019,4,9,2,15
03.07.2019,4,7,1,12
04.07.2019,4,6,1,11
05.07.2019,4,6,1,11
06.07.2019,4,6,1,11
07.07.2019,3,7,1,11
08.07.2019,3,7,1,11
09.07.2019,4,6,1,11
10.07.2019,5,4,1,10
11.07.2019,5,4,1,10
12.07.2019,4,4,0,8
13.07.2019,4,4,0,8
14.07.2019,4,4,0,8
15.07.2019,4,4,1,9
16.07.2019,4,4,1,9
17.07.2019,3,5,1,9
18.07.2019,3,5,1,9
19.07.2019,3,5,1,9
20.07.2019,3,5,1,9
21.07.2019,3,5,1,9
22.07.2019,2,5,1,8
23.07.2019,2,5,1,8
24.07.2019,2,4,1,7
25.07.2019,2,4,1,7
26.07.2019,2,4,1,7
27.07.2019,2,4,1,7
28.07.2019,2,4,1,7
29.07.2019,2,3,1,6
30.07.2019,2,3,1,6
31.07.2019,3,2,1,6
01.08.2019,2,3,1,6
02.08.2019,2,3,1,6
03.08.2019,2,3,1,6
04.08.2019,2,3,1,6
05.08.2019,2,3,1,6
06.08.2019,2,2,1,5
07.08.2019,2,2,1,5
08.08.2019,2,2,1,5
09.08.2019,2,2,1,5
10.08.2019,2,2,1,5
11.08.2019,2,2,1,5
12.08.2019,2,2,0,4
13.08.2019,2,2,0,4
14.08.2019,2,4,1,7
15.08.2019,3,3,1,7
16.08.2019,3,3,1,7
17.08.2019,3,3,1,7
18.08.2019,3,3,1,7
19.08.2019,3,3,1,7
20.08.2019,3,4,0,7
21.08.2019,3,4,0,7
22.08.2019,3,4,0,7
23.08.2019,3,4,0,7
24.08.2019,3,4,0,7
25.08.2019,3,4,0,7
26.08.2019,3,4,0,7
27.08.2019,3,4,0,7
28.08.2019,3,3,0,6
29.08.2019,3,3,0,6
30.08.2019,3,3,0,6
31.08.2019,3,3,0,6
01.09.2019,3,3,0,6
02.09.2019,3,3,0,6
03.09.2019,2,4,0,6
04.09.2019,2,4,0,6
05.09.2019,3,3,0,6
06.09.2019,3,3,2,8
07.09.2019,3,3,2,8
08.09.2019,3,3,2,8
09.09.2019,3,3,2,8
10.09.2019,3,3,3,9
11.09.2019,3,2,3,8
12.09.2019,3,2,3,8
13.09.2019,3,2,3,8
14.09.2019,3,2,3,8
15.09.2019,3,2,3,8
16.09.2019,3,2,4,9
17.09.2019,4,1,4,9
18.09.2019,4,2,3,9
19.09.2019,4,2,3,9
20.09.2019,4,2,5,11
21.09.2019,4,2,5,11
22.09.2019,4,2,5,11
23.09.2019,4,2,6,12
24.09.2019,4,2,6,12
25.09.2019,4,2,7,13
26.09.2019,4,4,5,13
27.09.2019,4,4,5,13
28.09.2019,4,4,6,14
29.09.2019,4,4,6,14
30.09.2019,4,5,5,14
01.10.2019,4,6,5,15
02.10.2019,4,7,5,16
03.10.2019,4,8,4,16
04.10.2019,4,9,1,14
05.10.2019,4,9,2,15
06.10.2019,4,9,2,15
07.10.2019,4,9,2,15
08.10.2019,4,9,3,16
09.10.2019,4,9,3,16
10.10.2019,4,9,3,16
11.10.2019,4,9,3,16
12.10.2019,4,9,3,16
13.10.2019,4,9,3,16
14.10.2019,4,8,4,16
15.10.2019,4,8,4,16
16.10.2019,4,7,4,15
17.10.2019,4,8,5,17
18.10.2019,4,9,4,17
19.10.2019,4,9,4,17
20.10.2019,4,9,4,17
21.10.2019,4,9,4,17
22.10.2019,4,9,4,17
23.10.2019,4,9,4,17
24.10.2019,4,8,5,17
25.10.2019,4,8,6,18
26.10.2019,4,8,6,18
27.10.2019,4,8,6,18
28.10.2019,4,8,5,17
29.10.2019,4,7,5,16
30.10.2019,4,7,4,15
31.10.2019,4,6,4,14
01.11.2019,4,5,4,13
02.11.2019,4,4,3,11
03.11.2019,4,4,3,11
04.11.2019,4,4,3,11
05.11.2019,4,4,2,10
06.11.2019,4,5,2,11
07.11.2019,4,5,2,11
08.11.2019,4,5,2,11
09.11.2019,4,5,2,11
10.11.2019,4,5,2,11
11.11.2019,3,6,1,10
12.11.2019,3,6,2,11
13.11.2019,3,7,2,12
14.11.2019,3,7,2,12
15.11.2019,3,6,2,11
16.11.2019,3,6,2,11
17.11.2019,3,6,2,11
18.11.2019,3,6,2,11
19.11.2019,3,7,3,13
20.11.2019,3,8,2,13
21.11.2019,3,8,3,14
22.11.2019,3,9,2,14
23.11.2019,3,9,2,14
24.11.2019,3,9,2,14
25.11.2019,4,9,2,15
26.11.2019,4,9,2,15
27.11.2019,4,9,3,16
28.11.2019,4,9,3,16
29.11.2019,4,9,3,16
30.11.2019,4,9,3,16
01.12.2019,4,9,3,16
02.12.2019,4,9,3,16
03.12.2019,4,9,3,16
04.12.2019,4,9,2,15
05.12.2019,4,9,2,15
06.12.2019,4,7,2,13
07.12.2019,4,7,2,13
08.12.2019,4,7,2,13
09.12.2019,4,7,2,13
10.12.2019,4,7,1,12
11.12.2019,4,7,1,12
12.12.2019,4,7,1,12
13.12.2019,4,7,1,12
14.12.2019,4,7,1,12
15.12.2019,4,7,1,12
16.12.2019,4,7,1,12
17.12.2019,4,7,1,12
18.12.2019,5,6,1,12
19.12.2019,4,7,2,13
20.12.2019,4,7,2,13
21.12.2019,4,7,2,13
22.12.2019,4,7,2,13
23.12.2019,4,7,3,14
24.12.2019,4,7,3,14
25.12.2019,4,7,2,13
26.12.2019,4,7,2,13
27.12.2019,4,7,2,13
28.12.2019,4,7,2,13
29.12.2019,4,7,2,13
30.12.2019,4,6,2,12
31.12.2019,5,5,2,12
01.01.2020,4,6,2,12
02.01.2020,4,3,2,9
03.01.2020,4,3,2,9
04.01.2020,4,3,2,9
05.01.2020,4,3,2,9
06.01.2020,4,3,2,9
07.01.2020,4,3,2,9
08.01.2020,4,3,2,9
09.01.2020,4,3,2,9
10.01.2020,4,2,2,8
11.01.2020,4,2,2,8
12.01.2020,4,2,2,8
13.01.2020,4,2,2,8
14.01.2020,3,2,2,7
15.01.2020,3,2,2,7
16.01.2020,3,3,1,7
17.01.2020,3,3,1,7
18.01.2020,3,3,1,7
19.01.2020,3,3,1,7
20.01.2020,3,4,0,7
21.01.2020,3,4,0,7
22.01.2020,3,4,0,7
23.01.2020,3,4,0,7
24.01.2020,3,4,0,7
25.01.2020,3,4,0,7
26.01.2020,3,4,0,7
27.01.2020,3,4,0,7
28.01.2020,3,4,0,7
29.01.2020,3,4,0,7
30.01.2020,3,4,1,8
31.01.2020,3,5,1,9
01.02.2020,3,5,1,9
02.02.2020,3,5,1,9
03.02.2020,3,5,1,9
04.02.2020,3,5,0,8
05.02.2020,3,5,0,8
06.02.2020,3,5,0,8
07.02.2020,3,5,0,8
08.02.2020,3,5,0,8
09.02.2020,3,5,0,8
10.02.2020,3,5,0,8
11.02.2020,3,5,0,8
12.02.2020,3,6,0,9
13.02.2020,3,6,1,10
14.02.2020,3,7,0,10
15.02.2020,3,7,0,10
16.02.2020,3,7,0,10
17.02.2020,3,7,0,10
18.02.2020,3,7,0,10
19.02.2020,3,7,0,10
20.02.2020,3,7,0,10
21.02.2020,3,7,0,10
22.02.2020,3,7,0,10
23.02.2020,3,7,0,10
24.02.2020,3,7,0,10
25.02.2020,3,7,0,10
26.02.2020,3,7,0,10
27.02.2020,3,7,0,10
28.02.2020,3,7,0,10
29.02.2020,4,6,0,10
01.03.2020,4,6,0,10
02.03.2020,4,6,0,10
03.03.2020,5,5,0,10
04.03.2020,5,5,0,10
05.03.2020,5,5,0,10
06.03.2020,4,6,0,10
07.03.2020,4,6,0,10
08.03.2020,4,6,0,10
09.03.2020,4,6,0,10
10.03.2020,4,6,0,10
11.03.2020,4,6,2,12
12.03.2020,4,6,2,12
13.03.2020,3,6,2,11
14.03.2020,3,6,2,11
15.03.2020,3,6,2,11
16.03.2020,3,6,2,11
17.03.2020,3,6,2,11
18.03.2020,3,6,2,11
19.03.2020,4,5,2,11
20.03.2020,4,5,3,12
21.03.2020,4,5,3,12
22.03.2020,4,5,3,12
23.03.2020,4,5,3,12
24.03.2020,4,5,3,12
25.03.2020,4,5,3,12
26.03.2020,4,5,3,12
27.03.2020,4,4,4,12
28.03.2020,5,3,4,12
29.03.2020,5,3,4,12
30.03.2020,5,4,3,12
31.03.2020,5,4,3,12
01.04.2020,5,4,3,12
02.04.2020,5,4,3,12
03.04.2020,4,5,3,12
04.04.2020,4,5,3,12
05.04.2020,4,5,3,12
06.04.2020,4,5,3,12
07.04.2020,4,5,3,12
08.04.2020,4,5,1,10
09.04.2020,4,5,2,11
10.04.2020,3,6,2,11
11.04.2020,3,6,2,11
12.04.2020,3,6,2,11
13.04.2020,3,6,2,11
14.04.2020,3,6,2,11
15.04.2020,3,6,2,11
16.04.2020,4,5,2,11
17.04.2020,3,5,1,9
18.04.2020,3,5,1,9
19.04.2020,3,5,1,9
20.04.2020,3,5,0,8
21.04.2020,3,5,0,8
22.04.2020,3,5,0,8
23.04.2020,3,5,0,8
24.04.2020,3,5,1,9
25.04.2020,4,4,1,9
26.04.2020,4,4,1,9
27.04.2020,4,5,0,9
28.04.2020,4,5,0,9
29.04.2020,4,5,0,9
30.04.2020,4,5,0,9
01.05.2020,4,5,0,9
02.05.2020,4,5,0,9
03.05.2020,4,5,0,9
04.05.2020,4,5,0,9
05.05.2020,4,5,0,9
06.05.2020,4,5,2,11
07.05.2020,4,6,1,11
08.05.2020,3,7,1,11
09.05.2020,3,7,1,11
10.05.2020,3,7,1,11
11.05.2020,3,7,1,11
12.05.2020,3,7,1,11
13.05.2020,3,7,3,13
14.05.2020,3,6,3,12
15.05.2020,3,6,3,12
16.05.2020,3,6,3,12
17.05.2020,3,6,3,12
18.05.2020,3,5,3,11
19.05.2020,3,6,3,12
20.05.2020,3,6,4,13
21.05.2020,3,7,3,13
22.05.2020,2,7,3,12
23.05.2020,2,7,3,12
24.05.2020,2,7,3,12
25.05.2020,2,8,3,13
26.05.2020,2,8,3,13
27.05.2020,2,8,4,14
28.05.2020,2,8,4,14
29.05.2020,3,7,4,14
30.05.2020,3,7,4,14
31.05.2020,3,7,4,14
01.06.2020,3,7,4,14
02.06.2020,4,6,4,14
03.06.2020,4,6,7,17
04.06.2020,3,7,7,17
05.06.2020,4,7,7,18
06.06.2020,4,9,5,18
07.06.2020,4,9,5,18
08.06.2020,4,9,5,18
09.06.2020,4,10,5,19
10.06.2020,4,10,3,17
11.06.2020,4,11,3,18
12.06.2020,4,13,1,18
13.06.2020,4,13,2,19
14.06.2020,4,13,2,19
15.06.2020,4,13,3,20
16.06.2020,4,13,4,21
17.06.2020,4,14,4,22
18.06.2020,4,16,2,22
19.06.2020,4,16,2,22
20.06.2020,4,16,2,22
21.06.2020,4,16,2,22
22.06.2020,3,17,2,22
23.06.2020,3,17,3,23
24.06.2020,3,17,3,23
25.06.2020,3,18,4,25
26.06.2020,4,17,4,25
27.06.2020,4,17,4,25
28.06.2020,4,17,5,26
29.06.2020,4,17,6,27
30.06.2020,4,17,6,27
01.07.2020,4,17,6,27
02.07.2020,3,18,7,28
03.07.2020,4,17,7,28
04.07.2020,5,16,7,28
05.07.2020,5,16,8,29
06.07.2020,5,16,7,28
07.07.2020,7,14,7,28
08.07.2020,5,15,7,27
09.07.2020,5,15,7,27
10.07.2020,5,13,7,25
11.07.2020,5,13,7,25
12.07.2020,5,13,7,25
13.07.2020,5,13,7,25
14.07.2020,5,13,7,25
15.07.2020,5,13,9,27
16.07.2020,5,11,9,25
17.07.2020,5,10,9,24
18.07.2020,5,10,9,24
19.07.2020,5,10,9,24
20.07.2020,5,10,9,24
21.07.2020,5,10,8,23
22.07.2020,5,10,8,23
23.07.2020,5,8,6,19
24.07.2020,5,7,6,18
25.07.2020,5,7,6,18
26.07.2020,6,4,5,15
27.07.2020,6,4,4,14
28.07.2020,6,4,4,14
29.07.2020,6,5,5,16
30.07.2020,6,5,4,15
31.07.2020,6,5,4,15
01.08.2020,6,5,4,15
02.08.2020,6,5,4,15
03.08.2020,6,4,4,14
04.08.2020,7,3,4,14
05.08.2020,6,4,3,13
06.08.2020,6,4,3,13
07.08.2020,6,4,3,13
08.08.2020,6,4,3,13
09.08.2020,6,4,3,13
10.08.2020,6,4,3,13
11.08.2020,6,4,3,13
12.08.2020,6,4,1,11
13.08.2020,6,4,1,11
14.08.2020,6,6,1,13
15.08.2020,6,7,1,14
16.08.2020,6,7,1,14
17.08.2020,6,7,1,14
18.08.2020,6,7,2,15
19.08.2020,6,8,1,15
20.08.2020,6,7,1,14
21.08.2020,6,7,1,14
22.08.2020,6,7,1,14
23.08.2020,6,7,1,14
24.08.2020,6,7,1,14
25.08.2020,6,7,1,14
26.08.2020,6,7,2,15
27.08.2020,5,9,1,15
28.08.2020,5,10,0,15
29.08.2020,5,10,0,15
30.08.2020,5,10,0,15
31.08.2020,5,10,1,16
01.09.2020,5,10,1,16
02.09.2020,5,11,1,17
03.09.2020,5,12,1,18
04.09.2020,5,12,1,18
05.09.2020,5,12,1,18
06.09.2020,5,12,1,18
07.09.2020,5,12,1,18
08.09.2020,5,12,3,20
09.09.2020,5,14,1,20
10.09.2020,5,14,2,21
11.09.2020,5,14,4,23
12.09.2020,5,13,4,22
13.09.2020,5,13,4,22
14.09.2020,5,15,3,23
15.09.2020,5,16,3,24
16.09.2020,5,15,3,23
17.09.2020,5,16,2,23
18.09.2020,5,16,2,23
19.09.2020,5,16,2,23
20.09.2020,5,16,2,23
21.09.2020,5,16,3,24
22.09.2020,4,16,2,22
23.09.2020,4,14,2,20
24.09.2020,7,12,2,21
25.09.2020,7,12,2,21
26.09.2020,7,12,2,21
27.09.2020,7,12,2,21
28.09.2020,7,11,1,19
29.09.2020,7,12,1,20
30.09.2020,7,12,1,20
01.10.2020,6,12,1,19
02.10.2020,5,11,1,17
03.10.2020,5,11,1,17
04.10.2020,5,11,1,17
05.10.2020,5,11,1,17
06.10.2020,5,12,1,18
07.10.2020,7,9,2,18
08.10.2020,7,9,2,18
09.10.2020,7,9,2,18
10.10.2020,7,9,2,18
11.10.2020,7,9,2,18
12.10.2020,9,7,2,18
13.10.2020,9,8,3,20
14.10.2020,8,9,4,21
15.10.2020,8,10,3,21
16.10.2020,8,12,3,23
17.10.2020,8,14,2,24
18.10.2020,8,14,3,25
19.10.2020,8,16,2,26
20.10.2020,10,13,2,25
21.10.2020,10,13,2,25
22.10.2020,10,12,2,24
23.10.2020,10,12,2,24
24.10.2020,10,12,2,24
25.10.2020,10,12,2,24
26.10.2020,10,12,2,24
27.10.2020,10,13,1,24
28.10.2020,9,14,1,24
29.10.2020,9,14,1,24
30.10.2020,9,13,1,23
31.10.2020,9,13,1,23
01.11.2020,9,14,1,24
02.11.2020,10,14,1,25
03.11.2020,10,14,2,26
04.11.2020,10,14,2,26
05.11.2020,10,14,3,27
06.11.2020,10,14,3,27
07.11.2020,10,14,3,27
08.11.2020,10,14,3,27
09.11.2020,10,16,2,28
10.11.2020,10,16,2,28
11.11.2020,8,18,2,28
12.11.2020,8,18,2,28
13.11.2020,8,18,1,27
14.11.2020,8,18,1,27
15.11.2020,8,18,1,27
16.11.2020,8,16,1,25
17.11.2020,9,15,1,25
18.11.2020,9,15,2,26
19.11.2020,9,14,2,25
20.11.2020,9,14,2,25
21.11.2020,9,14,2,25
22.11.2020,9,14,2,25
23.11.2020,9,13,4,26
24.11.2020,10,12,4,26
25.11.2020,10,12,4,26
26.11.2020,10,12,4,26
27.11.2020,10,11,5,26
28.11.2020,10,11,5,26
29.11.2020,10,11,5,26
30.11.2020,10,12,4,26
01.12.2020,10,12,5,27
02.12.2020,10,12,4,26
03.12.2020,10,12,3,25
04.12.2020,11,11,3,25
05.12.2020,11,11,3,25
06.12.2020,11,11,3,25
07.12.2020,13,9,3,25
08.12.2020,13,11,3,27
09.12.2020,12,12,3,27
10.12.2020,13,10,3,26
11.12.2020,11,13,3,27
12.12.2020,11,13,3,27
13.12.2020,11,13,3,27
14.12.2020,11,13,3,27
15.12.2020,11,12,3,26
16.12.2020,12,11,2,25
17.12.2020,11,12,3,26
18.12.2020,11,12,3,26
19.12.2020,11,12,3,26
20.12.2020,11,12,3,26
21.12.2020,11,12,2,25
22.12.2020,12,10,4,26
23.12.2020,12,11,3,26
24.12.2020,12,11,3,26
25.12.2020,12,11,3,26
26.12.2020,12,11,3,26
27.12.2020,12,10,3,25
28.12.2020,12,10,3,25
29.12.2020,12,10,2,24
30.12.2020,12,10,2,24
31.12.2020,11,11,2,24
01.01.2021,11,10,2,23
02.01.2021,11,10,2,23
03.01.2021,11,10,2,23
04.01.2021,13,8,2,23
05.01.2021,12,9,2,23
06.01.2021,11,9,3,23
07.01.2021,11,9,3,23
08.01.2021,10,11,3,24
09.01.2021,10,11,3,24
10.01.2021,10,11,3,24
11.01.2021,10,12,3,25
12.01.2021,10,13,1,24
13.01.2021,10,12,4,26
14.01.2021,8,14,2,24
15.01.2021,9,14,1,24
16.01.2021,9,14,1,24
17.01.2021,9,14,1,24
18.01.2021,9,14,1,24
19.01.2021,10,13,2,25
20.01.2021,10,13,2,25
21.01.2021,10,13,3,26
22.01.2021,10,15,4,29
23.01.2021,10,15,4,29
24.01.2021,10,15,4,29
25.01.2021,9,16,4,29
26.01.2021,9,17,4,30
27.01.2021,9,19,2,30
28.01.2021,10,18,3,31
29.01.2021,10,19,3,32
30.01.2021,10,19,3,32
31.01.2021,10,20,2,32
01.02.2021,12,18,2,32
02.02.2021,11,19,2,32
03.02.2021,10,20,2,32
04.02.2021,11,18,2,31
05.02.2021,9,20,2,31
06.02.2021,9,20,2,31
07.02.2021,9,20,2,31
08.02.2021,9,20,2,31
09.02.2021,9,20,2,31
10.02.2021,10,19,2,31
11.02.2021,10,18,2,30
12.02.2021,10,19,2,31
13.02.2021,10,19,2,31
14.02.2021,10,19,2,31
15.02.2021,9,19,2,30
16.02.2021,10,19,3,32
17.02.2021,10,19,3,32
18.02.2021,10,19,2,31
19.02.2021,10,17,1,28
20.02.2021,10,17,1,28
21.02.2021,10,17,1,28
22.02.2021,10,14,1,25
23.02.2021,11,12,2,25
24.02.2021,11,14,1,26
25.02.2021,9,16,1,26
26.02.2021,8,13,3,24
27.02.2021,8,13,3,24
28.02.2021,9,12,3,24
01.03.2021,10,11,3,24
02.03.2021,9,12,3,24
03.03.2021,10,11,3,24
04.03.2021,9,13,2,24
05.03.2021,9,13,2,24
06.03.2021,9,13,2,24
07.03.2021,9,13,2,24
08.03.2021,10,12,2,24
09.03.2021,11,11,2,24
10.03.2021,10,12,2,24
11.03.2021,11,11,2,24
12.03.2021,10,12,1,23
13.03.2021,10,11,1,22
14.03.2021,10,11,1,22
15.03.2021,9,11,1,21
16.03.2021,9,11,0,20
17.03.2021,9,11,0,20
18.03.2021,10,10,2,22
19.03.2021,11,9,2,22
20.03.2021,11,9,2,22
21.03.2021,11,9,2,22
22.03.2021,11,9,3,23
23.03.2021,11,11,2,24
24.03.2021,11,10,2,23
25.03.2021,10,10,2,22
26.03.2021,10,10,2,22
27.03.2021,10,10,2,22
28.03.2021,10,10,2,22
29.03.2021,10,10,2,22
30.03.2021,11,9,2,22
31.03.2021,9,11,2,22
01.04.2021,11,9,1,21
02.04.2021,11,9,2,22
03.04.2021,11,9,2,22
04.04.2021,11,9,2,22
05.04.2021,11,9,2,22
06.04.2021,12,8,2,22
07.04.2021,11,9,3,23
08.04.2021,11,10,3,24
09.04.2021,10,12,3,25
10.04.2021,10,12,3,25
11.04.2021,10,12,3,25
12.04.2021,10,12,3,25
13.04.2021,11,12,4,27
14.04.2021,11,13,3,27
15.04.2021,11,14,3,28
16.04.2021,11,14,3,28
17.04.2021,11,14,3,28
18.04.2021,11,14,3,28
19.04.2021,11,15,3,29
20.04.2021,11,15,1,27
21.04.2021,11,15,1,27
22.04.2021,10,16,1,27
23.04.2021,10,16,1,27
24.04.2021,10,16,1,27
25.04.2021,10,16,1,27
26.04.2021,10,16,1,27
27.04.2021,10,15,1,26
28.04.2021,9,14,1,24
29.04.2021,10,13,1,24
30.04.2021,10,14,1,25
01.05.2021,10,14,1,25
02.05.2021,10,14,1,25
03.05.2021,9,16,2,27
04.05.2021,9,16,2,27
05.05.2021,11,14,2,27
06.05.2021,10,14,2,26
07.05.2021,10,14,2,26
08.05.2021,10,14,2,26
09.05.2021,10,14,2,26
10.05.2021,10,14,3,27
11.05.2021,12,12,2,26
12.05.2021,12,13,1,26
13.05.2021,12,13,1,26
14.05.2021,11,14,1,26
15.05.2021,11,14,1,26
16.05.2021,11,14,1,26
17.05.2021,11,13,1,25
18.05.2021,10,13,2,25
19.05.2021,8,16,1,25
20.05.2021,9,14,2,25
21.05.2021,9,14,2,25
22.05.2021,10,13,2,25
23.05.2021,10,13,2,25
24.05.2021,10,12,2,24
25.05.2021,10,12,2,24
26.05.2021,10,12,2,24
27.05.2021,12,10,2,24
28.05.2021,11,10,1,22
29.05.2021,11,10,1,22
30.05.2021,11,10,1,22
31.05.2021,11,11,1,23
01.06.2021,11,10,2,23
02.06.2021,11,10,3,24
03.06.2021,11,10,5,26
04.06.2021,11,11,6,28
05.06.2021,11,11,6,28
06.06.2021,11,11,6,28
07.06.2021,11,11,6,28
08.06.2021,13,11,6,30
09.06.2021,14,10,6,30
10.06.2021,14,10,6,30
11.06.2021,12,11,7,30
12.06.2021,12,11,7,30
13.06.2021,12,11,7,30
14.06.2021,12,13,5,30
15.06.2021,12,13,5,30
16.06.2021,11,15,4,30
17.06.2021,11,16,3,30
18.06.2021,11,16,3,30
19.06.2021,11,16,3,30
20.06.2021,11,16,3,30
21.06.2021,11,16,5,32
22.06.2021,11,18,3,32
23.06.2021,11,18,4,33
24.06.2021,13,16,4,33
25.06.2021,13,16,4,33
26.06.2021,13,16,4,33
27.06.2021,13,16,4,33
28.06.2021,12,17,4,33
29.06.2021,12,17,3,32
30.06.2021,11,18,3,32
01.07.2021,12,17,4,33
02.07.2021,12,17,2,31
03.07.2021,12,17,2,31
04.07.2021,12,17,2,31
05.07.2021,12,18,3,33
06.07.2021,13,18,1,32
07.07.2021,13,18,1,32
08.07.2021,14,17,1,32
09.07.2021,13,19,1,33
10.07.2021,13,19,1,33
11.07.2021,13,19,1,33
12.07.2021,13,19,1,33
13.07.2021,13,19,1,33
14.07.2021,13,19,1,33
15.07.2021,13,19,2,34
16.07.2021,13,19,2,34
17.07.2021,13,19,2,34
18.07.2021,13,19,2,34
19.07.2021,13,19,2,34
20.07.2021,15,17,2,34
21.07.2021,15,17,1,33
22.07.2021,17,16,1,34
23.07.2021,17,17,1,35
24.07.2021,17,17,1,35
25.07.2021,17,17,1,35
26.07.2021,16,18,2,36
27.07.2021,17,17,2,36
28.07.2021,16,18,2,36
29.07.2021,16,18,3,37
30.07.2021,16,18,3,37
31.07.2021,16,18,3,37
01.08.2021,16,18,3,37
02.08.2021,16,18,3,37
03.08.2021,19,16,2,37
04.08.2021,19,16,3,38
05.08.2021,19,17,3,39
06.08.2021,20,16,3,39
07.08.2021,20,16,3,39
08.08.2021,20,16,3,39
09.08.2021,18,18,5,41
10.08.2021,18,19,4,41
11.08.2021,17,20,4,41
12.08.2021,18,19,4,41
13.08.2021,18,21,3,42
14.08.2021,18,21,3,42
15.08.2021,18,21,3,42
16.08.2021,18,19,3,40
17.08.2021,17,20,4,41
18.08.2021,17,21,4,42
19.08.2021,18,20,4,42
20.08.2021,19,19,4,42
21.08.2021,19,19,4,42
22.08.2021,19,19,4,42
23.08.2021,18,22,3,43
24.08.2021,17,24,2,43
25.08.2021,18,22,2,42
26.08.2021,18,21,5,44
27.08.2021,18,21,4,43
28.08.2021,18,21,4,43
29.08.2021,18,21,6,45
30.08.2021,18,21,8,47
31.08.2021,19,20,8,47
01.09.2021,19,22,8,49
02.09.2021,19,23,8,50
03.09.2021,20,23,7,50
04.09.2021,20,23,7,50
05.09.2021,21,22,7,50
06.09.2021,19,25,6,50
07.09.2021,22,22,6,50
08.09.2021,19,25,5,49
09.09.2021,19,25,6,50
10.09.2021,20,23,4,47
11.09.2021,20,23,4,47
12.09.2021,20,23,4,47
13.09.2021,20,23,4,47
14.09.2021,19,24,4,47
15.09.2021,19,24,6,49
16.09.2021,19,26,4,49
17.09.2021,20,24,4,48
18.09.2021,20,24,4,48
19.09.2021,20,24,4,48
20.09.2021,20,24,4,48
21.09.2021,20,25,4,49
22.09.2021,21,24,3,48
23.09.2021,20,25,2,47
24.09.2021,20,23,2,45
25.09.2021,20,22,2,44
26.09.2021,20,22,1,43
27.09.2021,20,22,1,43
28.09.2021,21,20,1,42
29.09.2021,19,22,1,42
30.09.2021,19,22,1,42
01.10.2021,20,21,1,42
02.10.2021,20,21,1,42
03.10.2021,20,21,1,42
04.10.2021,18,22,1,41
05.10.2021,21,19,3,43
06.10.2021,21,17,4,42
07.10.2021,21,17,5,43
08.10.2021,22,17,4,43
09.10.2021,22,17,4,43
10.10.2021,21,18,4,43
11.10.2021,21,21,2,44
12.10.2021,21,21,2,44
13.10.2021,20,23,2,45
14.10.2021,20,24,2,46
15.10.2021,20,24,2,46
16.10.2021,20,24,2,46
17.10.2021,21,23,2,46
18.10.2021,20,25,2,47
19.10.2021,23,22,2,47
20.10.2021,24,20,2,46
21.10.2021,22,19,2,43
22.10.2021,22,19,2,43
23.10.2021,22,19,2,43
24.10.2021,22,19,2,43
25.10.2021,22,19,2,43
26.10.2021,22,19,3,44
27.10.2021,22,21,1,44
28.10.2021,22,21,1,44
29.10.2021,22,22,2,46
30.10.2021,22,22,2,46
31.10.2021,22,22,2,46
01.11.2021,22,22,2,46
02.11.2021,23,22,2,47
03.11.2021,22,22,1,45
04.11.2021,20,23,1,44
05.11.2021,23,19,2,44
06.11.2021,23,19,2,44
07.11.2021,22,20,2,44
08.11.2021,22,20,3,45
09.11.2021,23,19,3,45
10.11.2021,23,20,2,45
11.11.2021,21,22,2,45
12.11.2021,21,20,2,43
13.11.2021,21,20,2,43
14.11.2021,21,20,2,43
15.11.2021,21,20,2,43
16.11.2021,24,17,2,43
17.11.2021,24,17,2,43
18.11.2021,23,16,2,41
19.11.2021,23,16,2,41
20.11.2021,23,16,2,41
21.11.2021,23,16,3,42
22.11.2021,24,16,3,43
23.11.2021,24,15,4,43
24.11.2021,23,17,3,43
25.11.2021,23,17,3,43
26.11.2021,21,17,2,40
27.11.2021,21,17,2,40
28.11.2021,20,18,2,40
29.11.2021,20,18,2,40
30.11.2021,20,17,1,38
01.12.2021,20,17,1,38
02.12.2021,20,16,1,37
03.12.2021,20,13,1,34
04.12.2021,20,13,1,34
05.12.2021,19,14,1,34
06.12.2021,20,14,0,34
07.12.2021,19,14,0,33
08.12.2021,18,15,0,33
09.12.2021,18,14,0,32
10.12.2021,18,15,0,33
11.12.2021,18,15,0,33
12.12.2021,18,15,0,33
13.12.2021,18,15,0,33
14.12.2021,19,15,1,35
15.12.2021,19,15,2,36
16.12.2021,19,15,3,37
17.12.2021,20,14,4,38
18.12.2021,20,14,4,38
19.12.2021,20,14,3,37
20.12.2021,18,15,3,36
21.12.2021,19,13,3,35
22.12.2021,19,13,3,35
23.12.2021,19,13,3,35
24.12.2021,19,13,3,35
25.12.2021,19,13,3,35
26.12.2021,19,13,3,35
27.12.2021,19,12,3,34
28.12.2021,19,12,3,34
29.12.2021,18,13,3,34
30.12.2021,18,12,3,33
31.12.2021,18,12,3,33
01.01.2022,18,12,3,33
02.01.2022,18,12,3,33
03.01.2022,18,11,3,32
04.01.2022,17,13,3,33
05.01.2022,16,14,4,34
06.01.2022,16,14,4,34
07.01.2022,15,15,3,33
08.01.2022,15,15,3,33
09.01.2022,15,15,3,33
10.01.2022,15,13,4,32
11.01.2022,16,12,3,31
12.01.2022,16,12,2,30
13.01.2022,16,12,1,29
14.01.2022,17,11,1,29
15.01.2022,17,11,1,29
16.01.2022,18,10,1,29
17.01.2022,17,12,1,30
18.01.2022,16,13,1,30
19.01.2022,16,13,1,30
20.01.2022,16,13,1,30
21.01.2022,16,13,1,30
22.01.2022,16,13,1,30
23.01.2022,16,13,1,30
24.01.2022,16,13,1,30
25.01.2022,16,12,3,31
26.01.2022,17,11,3,31
27.01.2022,15,11,2,28
28.01.2022,17,10,2,29
29.01.2022,17,10,2,29
30.01.2022,17,10,2,29
31.01.2022,16,11,2,29
01.02.2022,15,12,2,29
02.02.2022,14,13,2,29
03.02.2022,14,13,2,29
04.02.2022,14,11,2,27
05.02.2022,14,11,2,27
06.02.2022,14,11,2,27
07.02.2022,14,11,2,27
08.02.2022,14,11,1,26
09.02.2022,14,9,1,24
10.02.2022,14,9,1,24
11.02.2022,13,10,2,25
12.02.2022,13,10,2,25
13.02.2022,13,10,2,25
14.02.2022,14,8,2,24
15.02.2022,14,7,4,25
16.02.2022,15,9,3,27
17.02.2022,15,10,2,27
18.02.2022,15,10,3,28
19.02.2022,15,11,2,28
20.02.2022,15,11,2,28
21.02.2022,15,11,2,28
22.02.2022,15,11,1,27
23.02.2022,15,10,1,26
24.02.2022,14,11,1,26
25.02.2022,14,12,1,27
26.02.2022,14,12,1,27
27.02.2022,14,12,1,27
28.02.2022,13,15,2,30
01.03.2022,13,15,2,30
02.03.2022,11,16,2,29
03.03.2022,11,16,2,29
04.03.2022,11,16,2,29
05.03.2022,11,16,2,29
06.03.2022,11,16,2,29
07.03.2022,12,15,2,29
08.03.2022,11,16,3,30
09.03.2022,12,17,2,31
10.03.2022,12,17,2,31
11.03.2022,12,16,2,30
12.03.2022,12,16,2,30
13.03.2022,12,16,2,30
14.03.2022,12,16,2,30
15.03.2022,12,16,2,30
16.03.2022,12,15,2,29
17.03.2022,12,16,4,32
18.03.2022,12,16,5,33
19.03.2022,13,15,5,33
20.03.2022,13,15,5,33
21.03.2022,13,16,4,33
22.03.2022,14,15,5,34
23.03.2022,15,14,7,36
24.03.2022,15,13,7,35
25.03.2022,16,12,7,35
26.03.2022,16,12,7,35
27.03.2022,16,12,7,35
28.03.2022,16,12,6,34
29.03.2022,17,14,3,34
30.03.2022,17,16,3,36
31.03.2022,17,15,3,35
01.04.2022,17,15,3,35
02.04.2022,17,15,3,35
03.04.2022,17,15,3,35
04.04.2022,18,14,4,36
05.04.2022,16,18,3,37
06.04.2022,15,19,3,37
07.04.2022,15,19,3,37
08.04.2022,15,19,3,37
09.04.2022,15,19,3,37
10.04.2022,15,19,3,37
11.04.2022,15,18,3,36
12.04.2022,16,17,3,36
13.04.2022,16,17,3,36
14.04.2022,16,17,2,35
15.04.2022,16,17,1,34
16.04.2022,16,17,1,34
17.04.2022,16,17,1,34
18.04.2022,16,17,1,34
19.04.2022,16,14,2,32
20.04.2022,16,14,3,33
21.04.2022,16,15,2,33
22.04.2022,17,14,2,33
23.04.2022,17,14,2,33
24.04.2022,17,14,2,33
25.04.2022,17,14,3,34
26.04.2022,17,12,3,32
27.04.2022,15,12,2,29
28.04.2022,15,13,1,29
29.04.2022,17,11,1,29
30.04.2022,17,11,1,29
01.05.2022,17,11,1,29
02.05.2022,15,12,1,28
03.05.2022,14,12,0,26
04.05.2022,14,12,0,26
05.05.2022,14,12,0,26
06.05.2022,14,11,0,25
07.05.2022,14,11,0,25
08.05.2022,14,11,0,25
09.05.2022,15,10,0,25
10.05.2022,15,10,0,25
11.05.2022,15,10,1,26
12.05.2022,15,11,1,27
13.05.2022,15,15,1,31
14.05.2022,15,15,1,31
15.05.2022,15,15,1,31
16.05.2022,16,14,1,31
17.05.2022,16,14,2,32
18.05.2022,16,15,1,32
19.05.2022,16,15,2,33
20.05.2022,16,15,2,33
21.05.2022,16,15,2,33
22.05.2022,16,15,2,33
23.05.2022,17,14,2,33
24.05.2022,16,15,2,33
25.05.2022,16,14,2,32
26.05.2022,16,14,2,32
27.05.2022,17,13,3,33
28.05.2022,17,13,3,33
29.05.2022,17,13,3,33
30.05.2022,17,13,3,33
31.05.2022,16,14,4,34
01.06.2022,16,14,4,34
02.06.2022,17,13,3,33
03.06.2022,17,12,3,32
04.06.2022,17,12,3,32
05.06.2022,17,12,3,32
06.06.2022,16,14,3,33
07.06.2022,15,15,3,33
08.06.2022,16,14,3,33
09.06.2022,16,15,3,34
10.06.2022,16,13,3,32
11.06.2022,16,13,3,32
12.06.2022,16,13,3,32
13.06.2022,16,14,2,32
14.06.2022,16,14,2,32
15.06.2022,16,13,2,31
16.06.2022,16,13,1,30
17.06.2022,17,13,1,31
18.06.2022,17,13,1,31
19.06.2022,17,13,1,31
20.06.2022,18,13,1,32
21.06.2022,16,15,1,32
22.06.2022,15,16,1,32
23.06.2022,16,15,1,32
24.06.2022,15,16,2,33
25.06.2022,15,16,2,33
26.06.2022,15,16,2,33
27.06.2022,16,15,3,34
28.06.2022,15,15,3,33
29.06.2022,17,13,4,34
30.06.2022,17,13,4,34
01.07.2022,17,13,4,34
02.07.2022,17,13,4,34
03.07.2022,17,13,4,34
04.07.2022,17,13,5,35
05.07.2022,17,13,5,35
06.07.2022,17,13,4,34
07.07.2022,17,13,4,34
08.07.2022,15,13,4,32
09.07.2022,15,13,4,32
10.07.2022,15,13,4,32
11.07.2022,15,13,4,32
12.07.2022,15,13,4,32
13.07.2022,15,13,5,33
14.07.2022,14,14,5,33
15.07.2022,15,12,5,32
16.07.2022,15,12,5,32
17.07.2022,15,12,5,32
18.07.2022,15,14,6,35
19.07.2022,14,15,7,36
20.07.2022,15,15,6,36
21.07.2022,15,16,5,36
22.07.2022,13,18,5,36
23.07.2022,13,18,5,36
24.07.2022,13,18,5,36
25.07.2022,15,16,4,35
26.07.2022,14,17,4,35
27.07.2022,14,18,3,35
28.07.2022,14,20,2,36
29.07.2022,14,20,2,36
30.07.2022,14,20,2,36
31.07.2022,14,20,2,36
01.08.2022,14,18,2,34
02.08.2022,14,18,2,34
03.08.2022,14,18,2,34
04.08.2022,15,17,2,34
05.08.2022,14,18,2,34
06.08.2022,14,18,2,34
07.08.2022,14,18,2,34
08.08.2022,14,18,3,35
09.08.2022,14,18,3,35
10.08.2022,14,18,2,34
11.08.2022,14,18,2,34
12.08.2022,14,18,2,34
13.08.2022,14,18,2,34
14.08.2022,14,18,2,34
15.08.2022,14,19,1,34
16.08.2022,14,19,1,34
17.08.2022,15,17,1,33
18.08.2022,15,16,1,32
19.08.2022,14,16,1,31
20.08.2022,14,16,1,31
21.08.2022,14,16,1,31
22.08.2022,14,15,1,30
23.08.2022,14,16,1,31
24.08.2022,14,16,1,31
25.08.2022,14,14,1,29
26.08.2022,14,13,1,28
27.08.2022,14,13,1,28
28.08.2022,14,13,1,28
29.08.2022,14,14,1,29
30.08.2022,14,15,1,30
31.08.2022,14,15,1,30
01.09.2022,14,16,1,31
02.09.2022,14,15,2,31
03.09.2022,14,15,2,31
04.09.2022,14,15,2,31
05.09.2022,14,15,2,31
06.09.2022,14,15,2,31
07.09.2022,14,15,1,30
08.09.2022,14,17,1,32
09.09.2022,14,17,1,32
10.09.2022,14,17,1,32
11.09.2022,14,17,1,32
12.09.2022,14,16,1,31
13.09.2022,14,13,2,29
14.09.2022,14,12,2,28
15.09.2022,14,12,2,28
16.09.2022,14,11,2,27
17.09.2022,14,11,2,27
18.09.2022,14,11,2,27
19.09.2022,14,11,2,27
20.09.2022,14,11,2,27
21.09.2022,14,11,2,27
22.09.2022,14,11,2,27
23.09.2022,14,11,2,27
24.09.2022,14,11,2,27
25.09.2022,14,11,2,27
26.09.2022,14,11,2,27
27.09.2022,14,12,1,27
28.09.2022,14,12,1,27
29.09.2022,14,12,1,27
30.09.2022,14,12,1,27
01.10.2022,14,12,1,27
02.10.2022,14,12,1,27
03.10.2022,14,12,1,27
04.10.2022,14,12,1,27
05.10.2022,14,12,1,27
06.10.2022,14,10,1,25
07.10.2022,14,10,1,25
08.10.2022,14,10,1,25
09.10.2022,14,10,1,25
10.10.2022,14,10,1,25
11.10.2022,15,9,0,24
12.10.2022,15,9,0,24
13.10.2022,15,10,0,25
14.10.2022,15,10,0,25
15.10.2022,15,10,0,25
16.10.2022,15,10,0,25
17.10.2022,15,11,0,26
18.10.2022,15,11,0,26
19.10.2022,15,11,0,26
20.10.2022,15,10,0,25
21.10.2022,15,9,0,24
22.10.2022,15,9,0,24
23.10.2022,15,9,0,24
24.10.2022,15,9,0,24
25.10.2022,15,9,0,24
26.10.2022,15,9,0,24
27.10.2022,15,9,0,24
28.10.2022,15,9,0,24
29.10.2022,15,9,0,24
30.10.2022,15,9,0,24
31.10.2022,15,9,0,24
01.11.2022,15,9,0,24
02.11.2022,15,8,0,23
03.11.2022,15,8,0,23
04.11.2022,15,7,0,22
05.11.2022,15,7,0,22
06.11.2022,15,7,0,22
07.11.2022,14,7,0,21
08.11.2022,14,6,0,20
09.11.2022,14,7,0,21
10.11.2022,14,6,0,20
11.11.2022,14,6,0,20
12.11.2022,14,6,0,20
13.11.2022,14,6,0,20
14.11.2022,14,6,0,20
15.11.2022,14,7,0,21
16.11.2022,14,7,2,23
17.11.2022,14,8,1,23
18.11.2022,14,7,1,22
19.11.2022,14,7,1,22
20.11.2022,14,7,1,22
21.11.2022,14,8,1,23
22.11.2022,14,8,1,23
23.11.2022,14,8,1,23
24.11.2022,14,8,1,23
25.11.2022,13,9,1,23
26.11.2022,13,9,1,23
27.11.2022,13,9,1,23
28.11.2022,13,9,2,24
29.11.2022,12,9,4,25
30.11.2022,12,9,4,25
01.12.2022,12,9,4,25
02.12.2022,13,8,4,25
03.12.2022,13,8,4,25
04.12.2022,13,8,4,25
05.12.2022,12,9,5,26
06.12.2022,11,11,4,26
07.12.2022,11,11,4,26
08.12.2022,11,12,3,26
09.12.2022,10,13,3,26
10.12.2022,10,13,3,26
11.12.2022,11,12,3,26
12.12.2022,11,12,3,26
13.12.2022,11,12,3,26
14.12.2022,11,12,3,26
15.12.2022,11,11,3,25
16.12.2022,11,11,3,25
17.12.2022,11,11,3,25
18.12.2022,11,11,3,25
19.12.2022,11,11,3,25
20.12.2022,11,11,3,25
21.12.2022,11,11,3,25
22.12.2022,11,10,3,24
23.12.2022,11,11,3,25
24.12.2022,11,11,3,25
25.12.2022,11,11,3,25
26.12.2022,11,11,2,24
27.12.2022,9,12,0,21
28.12.2022,9,12,0,21
29.12.2022,9,12,0,21
30.12.2022,9,12,0,21
31.12.2022,9,12,0,21
01.01.2023,9,12,0,21
02.01.2023,9,12,0,21
03.01.2023,8,13,0,21
04.01.2023,8,13,0,21
05.01.2023,8,12,0,20
06.01.2023,7,11,0,18
07.01.2023,7,11,0,18
08.01.2023,7,11,0,18
09.01.2023,7,11,0,18
10.01.2023,7,11,0,18
11.01.2023,7,13,0,20
12.01.2023,7,13,0,20
13.01.2023,7,13,0,20
14.01.2023,7,13,0,20
15.01.2023,7,13,0,20
16.01.2023,7,13,0,20
17.01.2023,8,13,0,21
18.01.2023,8,13,0,21
19.01.2023,8,13,0,21
20.01.2023,8,13,0,21
21.01.2023,8,13,0,21
22.01.2023,8,13,0,21
23.01.2023,9,12,0,21
24.01.2023,8,13,0,21
25.01.2023,7,14,0,21
26.01.2023,7,14,0,21
27.01.2023,8,13,0,21
28.01.2023,8,13,0,21
29.01.2023,9,12,0,21
30.01.2023,10,11,0,21
31.01.2023,10,11,0,21
01.02.2023,10,11,0,21
02.02.2023,9,12,0,21
03.02.2023,9,12,2,23
04.02.2023,9,12,2,23
05.02.2023,8,13,2,23
06.02.2023,7,15,1,23
07.02.2023,5,17,1,23
08.02.2023,5,18,1,24
09.02.2023,6,17,1,24
10.02.2023,6,18,1,25
11.02.2023,6,18,1,25
12.02.2023,6,18,1,25
13.02.2023,7,17,1,25
14.02.2023,6,18,2,26
15.02.2023,6,19,1,26
16.02.2023,6,19,2,27
17.02.2023,7,18,3,28
18.02.2023,7,18,3,28
19.02.2023,7,18,3,28
20.02.2023,7,18,3,28
21.02.2023,7,17,3,27
22.02.2023,8,16,3,27
23.02.2023,8,16,3,27
24.02.2023,8,16,3,27
25.02.2023,8,16,3,27
26.02.2023,9,15,3,27
27.02.2023,8,16,5,29
28.02.2023,8,16,5,29
01.03.2023,9,15,5,29
02.03.2023,9,15,5,29
03.03.2023,8,15,5,28
04.03.2023,8,15,5,28
05.03.2023,7,16,5,28
06.03.2023,7,17,4,28
07.03.2023,6,18,4,28
08.03.2023,6,18,4,28
09.03.2023,6,15,4,25
10.03.2023,6,15,3,24
11.03.2023,6,15,3,24
12.03.2023,6,15,3,24
13.03.2023,6,16,3,25
14.03.2023,6,15,3,24
15.03.2023,6,14,3,23
16.03.2023,6,13,2,21
17.03.2023,6,13,1,20
18.03.2023,6,13,1,20
19.03.2023,6,13,1,20
20.03.2023,5,14,1,20
21.03.2023,6,13,1,20
22.03.2023,7,14,1,22
23.03.2023,6,15,1,22
24.03.2023,6,11,1,18
25.03.2023,6,11,1,18
26.03.2023,6,10,1,17
27.03.2023,6,10,0,16
28.03.2023,6,10,0,16
29.03.2023,6,10,0,16
30.03.2023,7,9,0,16
31.03.2023,7,9,0,16
01.04.2023,7,9,0,16
02.04.2023,7,9,0,16
03.04.2023,7,8,0,15
04.04.2023,6,9,0,15
05.04.2023,6,9,0,15
06.04.2023,6,9,0,15
07.04.2023,6,9,0,15
08.04.2023,6,9,0,15
09.04.2023,6,9,0,15
10.04.2023,7,8,0,15
11.04.2023,6,9,0,15
12.04.2023,7,8,0,15
13.04.2023,6,8,0,14
14.04.2023,6,8,0,14
15.04.2023,6,8,0,14
16.04.2023,6,8,0,14
17.04.2023,5,9,0,14
18.04.2023,6,8,0,14
19.04.2023,6,6,0,12
20.04.2023,6,6,0,12
21.04.2023,6,6,0,12
22.04.2023,6,6,0,12
23.04.2023,6,6,0,12
24.04.2023,6,8,0,14
25.04.2023,6,7,0,13
26.04.2023,6,6,0,12
27.04.2023,6,6,1,13
28.04.2023,6,6,1,13
29.04.2023,6,6,1,13
30.04.2023,7,5,1,13
01.05.2023,7,5,1,13
02.05.2023,6,6,1,13
03.05.2023,5,7,1,13
04.05.2023,6,7,3,16
05.05.2023,6,8,2,16
06.05.2023,6,8,2,16
07.05.2023,6,8,2,16
08.05.2023,6,8,2,16
09.05.2023,5,11,1,17
10.05.2023,7,9,3,19
11.05.2023,6,12,1,19
12.05.2023,5,13,2,20
13.05.2023,5,13,2,20
14.05.2023,5,13,2,20
15.05.2023,5,14,1,20
16.05.2023,4,16,1,21
17.05.2023,5,15,1,21
18.05.2023,4,17,1,22
19.05.2023,4,16,1,21
20.05.2023,4,16,1,21
21.05.2023,4,16,1,21
22.05.2023,4,16,1,21
23.05.2023,3,17,1,21
24.05.2023,3,17,1,21
25.05.2023,3,15,1,19
26.05.2023,3,15,1,19
27.05.2023,3,15,1,19
28.05.2023,4,14,1,19
29.05.2023,4,14,1,19
30.05.2023,4,14,1,19
31.05.2023,3,15,1,19
01.06.2023,4,13,1,18
02.06.2023,4,13,1,18
03.06.2023,4,13,1,18
04.06.2023,4,13,1,18
05.06.2023,4,13,1,18
06.06.2023,3,13,1,17
07.06.2023,5,11,2,18
08.06.2023,5,12,1,18
09.06.2023,4,10,0,14
10.06.2023,4,9,0,13
11.06.2023,4,9,0,13
12.06.2023,5,6,0,11
13.06.2023,5,6,0,11
14.06.2023,5,6,1,12
15.06.2023,4,7,1,12
16.06.2023,4,6,1,11
17.06.2023,4,6,1,11
18.06.2023,4,6,1,11
19.06.2023,4,7,1,12
20.06.2023,3,8,1,12
21.06.2023,3,8,1,12
22.06.2023,3,8,1,12
23.06.2023,3,8,1,12
24.06.2023,3,8,1,12
25.06.2023,4,7,1,12
26.06.2023,4,7,1,12
27.06.2023,4,9,0,13
28.06.2023,3,10,0,13
29.06.2023,4,9,1,14
30.06.2023,4,9,1,14
01.07.2023,4,9,1,14
02.07.2023,4,9,1,14
03.07.2023,3,10,1,14
04.07.2023,3,10,1,14
05.07.2023,4,8,1,13
06.07.2023,4,7,1,12
07.07.2023,4,8,1,13
08.07.2023,4,8,1,13
09.07.2023,4,8,1,13
10.07.2023,5,7,1,13
11.07.2023,5,7,1,13
12.07.2023,5,7,1,13
13.07.2023,4,8,1,13
14.07.2023,4,8,1,13
15.07.2023,4,8,1,13
16.07.2023,4,8,1,13
17.07.2023,4,9,1,14
18.07.2023,3,10,1,14
19.07.2023,3,10,1,14
20.07.2023,3,10,1,14
21.07.2023,3,9,1,13
22.07.2023,3,9,1,13
23.07.2023,3,9,1,13
24.07.2023,3,9,1,13
25.07.2023,3,8,1,12
26.07.2023,3,7,2,12
27.07.2023,3,7,3,13
28.07.2023,3,7,3,13
29.07.2023,3,7,3,13
30.07.2023,3,7,3,13
31.07.2023,3,6,3,12
01.08.2023,3,6,3,12
02.08.2023,3,6,3,12
03.08.2023,4,6,2,12
04.08.2023,4,6,1,11
05.08.2023,4,6,1,11
06.08.2023,4,6,1,11
07.08.2023,4,6,1,11
08.08.2023,4,6,1,11
09.08.2023,3,7,1,11
10.08.2023,3,7,1,11
11.08.2023,3,7,1,11
12.08.2023,3,7,1,11
13.08.2023,3,7,1,11
14.08.2023,3,7,1,11
15.08.2023,3,7,1,11
16.08.2023,3,7,1,11
17.08.2023,3,7,4,14
18.08.2023,3,7,5,15
19.08.2023,3,7,5,15
20.08.2023,3,7,5,15
21.08.2023,3,8,4,15
22.08.2023,3,7,4,14
23.08.2023,3,7,4,14
24.08.2023,3,9,1,13
25.08.2023,2,10,1,13
26.08.2023,2,10,1,13
27.08.2023,2,10,1,13
28.08.2023,2,10,2,14
29.08.2023,2,11,1,14
30.08.2023,2,12,1,15
31.08.2023,3,11,1,15
01.09.2023,3,10,1,14
02.09.2023,3,10,1,14
03.09.2023,3,10,1,14
04.09.2023,3,9,1,13
05.09.2023,3,9,1,13
06.09.2023,2,11,0,13
07.09.2023,2,11,0,13
08.09.2023,2,11,0,13
09.09.2023,2,11,0,13
10.09.2023,2,12,0,14
11.09.2023,2,12,2,16
12.09.2023,2,12,2,16
13.09.2023,2,14,0,16
14.09.2023,2,13,0,15
15.09.2023,2,12,0,14
16.09.2023,2,12,0,14
17.09.2023,2,12,0,14
18.09.2023,3,11,0,14
19.09.2023,3,11,1,15
20.09.2023,2,12,1,15
21.09.2023,3,9,1,13
22.09.2023,3,9,1,13
23.09.2023,3,9,1,13
24.09.2023,3,9,1,13
25.09.2023,3,9,1,13
26.09.2023,5,7,1,13
27.09.2023,5,6,1,12
28.09.2023,5,6,1,12
29.09.2023,5,6,1,12
30.09.2023,5,6,1,12
01.10.2023,5,6,1,12
