eos,,,,
Date, Full Time, Part Time, One Time, Total
01.01.2015,0,5,1,6
02.01.2015,0,5,1,6
03.01.2015,0,5,2,7
04.01.2015,0,5,2,7
05.01.2015,0,6,1,7
06.01.2015,0,6,0,6
07.01.2015,0,6,1,7
08.01.2015,0,6,1,7
09.01.2015,0,6,1,7
10.01.2015,0,6,1,7
11.01.2015,0,6,1,7
12.01.2015,0,7,1,8
13.01.2015,0,7,1,8
14.01.2015,0,7,1,8
15.01.2015,0,7,1,8
16.01.2015,0,7,1,8
17.01.2015,0,6,1,7
18.01.2015,0,6,1,7
19.01.2015,0,8,1,9
20.01.2015,0,8,1,9
21.01.2015,0,8,1,9
22.01.2015,0,8,1,9
23.01.2015,0,8,1,9
24.01.2015,0,8,1,9
25.01.2015,0,8,1,9
26.01.2015,0,7,1,8
27.01.2015,0,7,1,8
28.01.2015,0,7,1,8
29.01.2015,0,7,1,8
30.01.2015,0,7,1,8
31.01.2015,0,7,1,8
01.02.2015,0,7,1,8
02.02.2015,1,6,1,8
03.02.2015,1,6,1,8
04.02.2015,1,5,1,7
05.02.2015,1,5,0,6
06.02.2015,1,5,0,6
07.02.2015,1,5,0,6
08.02.2015,1,5,0,6
09.02.2015,1,5,0,6
10.02.2015,1,4,1,6
11.02.2015,0,5,1,6
12.02.2015,0,5,1,6
13.02.2015,0,5,1,6
14.02.2015,0,5,1,6
15.02.2015,0,5,1,6
16.02.2015,0,5,0,5
17.02.2015,0,5,0,5
18.02.2015,0,6,0,6
19.02.2015,0,6,0,6
20.02.2015,1,5,0,6
21.02.2015,1,5,1,7
22.02.2015,1,5,1,7
23.02.2015,0,6,1,7
24.02.2015,0,6,1,7
25.02.2015,0,5,1,6
26.02.2015,0,6,1,7
27.02.2015,0,6,1,7
28.02.2015,0,6,1,7
01.03.2015,0,6,1,7
02.03.2015,0,6,1,7
03.03.2015,0,6,1,7
04.03.2015,0,6,1,7
05.03.2015,0,4,1,5
06.03.2015,0,4,1,5
07.03.2015,0,4,1,5
08.03.2015,0,4,1,5
09.03.2015,0,4,1,5
10.03.2015,0,4,1,5
11.03.2015,0,4,1,5
12.03.2015,0,4,1,5
13.03.2015,0,4,1,5
14.03.2015,0,4,1,5
15.03.2015,0,3,1,4
16.03.2015,0,3,1,4
17.03.2015,0,3,1,4
18.03.2015,0,3,1,4
19.03.2015,0,3,1,4
20.03.2015,0,3,1,4
21.03.2015,0,4,0,4
22.03.2015,0,4,0,4
23.03.2015,0,4,0,4
24.03.2015,0,4,0,4
25.03.2015,0,4,0,4
26.03.2015,0,4,0,4
27.03.2015,0,4,0,4
28.03.2015,0,4,0,4
29.03.2015,0,5,0,5
30.03.2015,0,5,0,5
31.03.2015,0,5,0,5
01.04.2015,0,4,0,4
02.04.2015,0,4,0,4
03.04.2015,0,4,0,4
04.04.2015,0,4,0,4
05.04.2015,0,5,0,5
06.04.2015,0,5,1,6
07.04.2015,0,6,0,6
08.04.2015,0,6,0,6
09.04.2015,0,6,2,8
10.04.2015,0,6,2,8
11.04.2015,0,6,2,8
12.04.2015,0,6,2,8
13.04.2015,0,5,2,7
14.04.2015,0,5,2,7
15.04.2015,0,5,2,7
16.04.2015,0,5,2,7
17.04.2015,0,5,2,7
18.04.2015,0,5,2,7
19.04.2015,0,5,2,7
20.04.2015,0,5,2,7
21.04.2015,0,5,2,7
22.04.2015,0,4,3,7
23.04.2015,0,4,3,7
24.04.2015,0,5,3,8
25.04.2015,0,6,2,8
26.04.2015,0,5,2,7
27.04.2015,0,5,2,7
28.04.2015,0,5,2,7
29.04.2015,0,5,3,8
30.04.2015,0,5,3,8
01.05.2015,0,5,3,8
02.05.2015,0,5,3,8
03.05.2015,0,5,3,8
04.05.2015,0,5,3,8
05.05.2015,0,5,3,8
06.05.2015,0,6,3,9
07.05.2015,0,8,1,9
08.05.2015,0,8,2,10
09.05.2015,0,8,2,10
10.05.2015,0,7,3,10
11.05.2015,0,7,3,10
12.05.2015,0,7,3,10
13.05.2015,0,7,3,10
14.05.2015,0,7,3,10
15.05.2015,0,7,3,10
16.05.2015,0,7,3,10
17.05.2015,0,7,3,10
18.05.2015,0,7,4,11
19.05.2015,0,7,4,11
20.05.2015,0,7,4,11
21.05.2015,0,7,4,11
22.05.2015,0,7,3,10
23.05.2015,0,7,3,10
24.05.2015,0,7,3,10
25.05.2015,0,7,3,10
26.05.2015,0,7,4,11
27.05.2015,1,6,3,10
28.05.2015,1,6,3,10
29.05.2015,1,6,3,10
30.05.2015,1,6,3,10
31.05.2015,1,6,3,10
01.06.2015,0,7,3,10
02.06.2015,0,7,3,10
03.06.2015,0,7,2,9
04.06.2015,0,6,2,8
05.06.2015,0,6,1,7
06.06.2015,0,6,1,7
07.06.2015,0,6,1,7
08.06.2015,0,6,1,7
09.06.2015,0,7,1,8
10.06.2015,0,6,2,8
11.06.2015,0,6,2,8
12.06.2015,0,6,2,8
13.06.2015,0,6,2,8
14.06.2015,0,5,2,7
15.06.2015,0,5,1,6
16.06.2015,0,4,1,5
17.06.2015,0,4,1,5
18.06.2015,0,4,1,5
19.06.2015,0,4,1,5
20.06.2015,0,4,1,5
21.06.2015,0,4,1,5
22.06.2015,0,5,1,6
23.06.2015,0,5,1,6
24.06.2015,1,4,1,6
25.06.2015,1,4,1,6
26.06.2015,1,4,1,6
27.06.2015,1,4,1,6
28.06.2015,1,4,1,6
29.06.2015,0,5,1,6
30.06.2015,0,5,1,6
01.07.2015,0,5,1,6
02.07.2015,0,5,1,6
03.07.2015,0,5,1,6
04.07.2015,0,5,1,6
05.07.2015,0,5,1,6
06.07.2015,0,4,1,5
07.07.2015,0,4,1,5
08.07.2015,0,3,0,3
09.07.2015,0,4,0,4
10.07.2015,0,4,0,4
11.07.2015,0,4,0,4
12.07.2015,0,4,0,4
13.07.2015,0,4,0,4
14.07.2015,0,4,0,4
15.07.2015,0,5,0,5
16.07.2015,0,5,0,5
17.07.2015,0,6,0,6
18.07.2015,0,6,0,6
19.07.2015,0,6,0,6
20.07.2015,0,5,0,5
21.07.2015,0,5,1,6
22.07.2015,0,4,2,6
23.07.2015,0,4,2,6
24.07.2015,0,4,2,6
25.07.2015,0,4,2,6
26.07.2015,0,4,2,6
27.07.2015,0,4,2,6
28.07.2015,0,4,2,6
29.07.2015,0,4,2,6
30.07.2015,0,4,2,6
31.07.2015,0,4,3,7
01.08.2015,0,4,3,7
02.08.2015,0,4,3,7
03.08.2015,0,3,3,6
04.08.2015,0,3,3,6
05.08.2015,0,3,3,6
06.08.2015,0,3,3,6
07.08.2015,0,3,3,6
08.08.2015,0,3,3,6
09.08.2015,0,3,3,6
10.08.2015,0,4,2,6
11.08.2015,0,4,2,6
12.08.2015,0,4,2,6
13.08.2015,0,4,2,6
14.08.2015,0,4,2,6
15.08.2015,0,4,2,6
16.08.2015,0,4,2,6
17.08.2015,0,4,2,6
18.08.2015,0,2,1,3
19.08.2015,0,2,1,3
20.08.2015,0,2,1,3
21.08.2015,0,2,1,3
22.08.2015,0,2,1,3
23.08.2015,0,2,1,3
24.08.2015,0,2,1,3
25.08.2015,0,1,1,2
26.08.2015,0,1,1,2
27.08.2015,0,1,1,2
28.08.2015,0,2,0,2
29.08.2015,0,2,0,2
30.08.2015,0,2,0,2
31.08.2015,0,2,0,2
01.09.2015,0,2,0,2
02.09.2015,0,2,0,2
03.09.2015,0,2,0,2
04.09.2015,0,2,0,2
05.09.2015,0,2,0,2
06.09.2015,0,2,0,2
07.09.2015,0,3,0,3
08.09.2015,0,3,0,3
09.09.2015,0,3,0,3
10.09.2015,0,4,0,4
11.09.2015,0,4,0,4
12.09.2015,0,4,0,4
13.09.2015,0,4,0,4
14.09.2015,0,4,0,4
15.09.2015,0,4,0,4
16.09.2015,0,4,0,4
17.09.2015,0,4,0,4
18.09.2015,0,4,0,4
19.09.2015,0,4,0,4
20.09.2015,0,4,0,4
21.09.2015,0,4,0,4
22.09.2015,0,4,0,4
23.09.2015,0,4,0,4
24.09.2015,0,4,0,4
25.09.2015,0,3,0,3
26.09.2015,0,3,0,3
27.09.2015,0,3,0,3
28.09.2015,0,2,1,3
29.09.2015,0,2,1,3
30.09.2015,0,2,1,3
01.10.2015,0,2,1,3
02.10.2015,0,2,1,3
03.10.2015,0,2,1,3
04.10.2015,0,2,1,3
05.10.2015,0,2,1,3
06.10.2015,0,2,1,3
07.10.2015,0,3,1,4
08.10.2015,0,3,0,3
09.10.2015,0,3,0,3
10.10.2015,0,3,0,3
11.10.2015,0,3,0,3
12.10.2015,0,3,0,3
13.10.2015,0,2,2,4
14.10.2015,0,2,2,4
15.10.2015,0,3,2,5
16.10.2015,0,3,2,5
17.10.2015,0,3,2,5
18.10.2015,0,3,2,5
19.10.2015,0,2,2,4
20.10.2015,0,2,2,4
21.10.2015,0,2,2,4
22.10.2015,0,2,2,4
23.10.2015,0,2,2,4
24.10.2015,0,2,2,4
25.10.2015,0,2,2,4
26.10.2015,0,2,2,4
27.10.2015,0,2,2,4
28.10.2015,0,2,2,4
29.10.2015,0,2,2,4
30.10.2015,0,2,2,4
31.10.2015,0,2,2,4
01.11.2015,0,2,2,4
02.11.2015,0,2,2,4
03.11.2015,0,2,2,4
04.11.2015,0,2,1,3
05.11.2015,0,2,1,3
06.11.2015,0,2,1,3
07.11.2015,0,2,1,3
08.11.2015,0,2,1,3
09.11.2015,0,2,1,3
10.11.2015,0,2,0,2
11.11.2015,0,2,0,2
12.11.2015,0,2,0,2
13.11.2015,0,1,0,1
14.11.2015,0,1,0,1
15.11.2015,0,1,0,1
16.11.2015,0,1,0,1
17.11.2015,0,1,0,1
18.11.2015,0,1,0,1
19.11.2015,0,1,0,1
20.11.2015,0,1,0,1
21.11.2015,0,1,0,1
22.11.2015,0,1,0,1
23.11.2015,0,1,0,1
24.11.2015,0,1,0,1
25.11.2015,0,1,0,1
26.11.2015,0,1,0,1
27.11.2015,0,1,0,1
28.11.2015,0,1,0,1
29.11.2015,0,1,0,1
30.11.2015,0,1,0,1
01.12.2015,0,1,0,1
02.12.2015,0,1,0,1
03.12.2015,0,1,0,1
04.12.2015,0,1,0,1
05.12.2015,0,1,0,1
14.12.2015,0,1,1,2
15.12.2015,0,1,1,2
16.12.2015,0,1,2,3
17.12.2015,0,1,3,4
18.12.2015,0,1,3,4
19.12.2015,0,1,3,4
20.12.2015,0,2,2,4
21.12.2015,0,2,2,4
22.12.2015,0,2,2,4
23.12.2015,0,2,2,4
24.12.2015,0,2,2,4
25.12.2015,0,2,2,4
26.12.2015,0,2,2,4
27.12.2015,0,2,2,4
28.12.2015,0,2,2,4
29.12.2015,0,2,2,4
30.12.2015,0,2,2,4
31.12.2015,0,2,3,5
01.01.2016,0,2,3,5
02.01.2016,0,2,3,5
03.01.2016,0,2,3,5
04.01.2016,0,2,4,6
05.01.2016,0,2,5,7
06.01.2016,0,2,5,7
07.01.2016,0,2,5,7
08.01.2016,0,2,5,7
09.01.2016,0,2,5,7
10.01.2016,0,2,5,7
11.01.2016,0,1,4,5
12.01.2016,0,2,4,6
13.01.2016,0,2,3,5
14.01.2016,0,2,3,5
15.01.2016,0,2,3,5
16.01.2016,0,2,3,5
17.01.2016,0,2,3,5
18.01.2016,0,2,3,5
19.01.2016,0,2,3,5
20.01.2016,0,2,4,6
21.01.2016,0,2,5,7
22.01.2016,0,2,5,7
23.01.2016,0,2,5,7
24.01.2016,0,2,5,7
25.01.2016,0,2,5,7
26.01.2016,0,2,6,8
27.01.2016,0,2,7,9
28.01.2016,0,2,6,8
29.01.2016,0,2,6,8
30.01.2016,0,2,6,8
31.01.2016,0,2,6,8
01.02.2016,0,2,5,7
02.02.2016,0,3,4,7
03.02.2016,0,3,4,7
04.02.2016,0,3,4,7
05.02.2016,0,3,4,7
06.02.2016,0,3,4,7
07.02.2016,0,3,4,7
08.02.2016,0,3,4,7
09.02.2016,0,3,4,7
10.02.2016,0,3,4,7
11.02.2016,0,3,4,7
12.02.2016,0,3,4,7
13.02.2016,0,3,4,7
14.02.2016,0,3,4,7
15.02.2016,0,3,4,7
16.02.2016,0,3,4,7
17.02.2016,0,3,3,6
18.02.2016,0,3,2,5
19.02.2016,0,3,2,5
20.02.2016,0,3,2,5
21.02.2016,0,3,3,6
22.02.2016,0,3,3,6
23.02.2016,0,3,2,5
24.02.2016,0,3,3,6
25.02.2016,0,3,4,7
26.02.2016,0,2,4,6
27.02.2016,0,2,4,6
28.02.2016,0,2,4,6
29.02.2016,0,2,4,6
01.03.2016,0,2,3,5
02.03.2016,0,2,3,5
03.03.2016,0,2,3,5
04.03.2016,0,2,3,5
05.03.2016,0,2,3,5
06.03.2016,0,3,2,5
07.03.2016,0,3,2,5
08.03.2016,0,4,2,6
09.03.2016,0,4,2,6
10.03.2016,0,4,2,6
11.03.2016,0,4,3,7
12.03.2016,0,4,3,7
13.03.2016,0,4,3,7
14.03.2016,0,4,3,7
15.03.2016,0,4,3,7
16.03.2016,0,4,3,7
17.03.2016,0,4,4,8
18.03.2016,0,4,4,8
19.03.2016,0,4,4,8
20.03.2016,0,4,3,7
21.03.2016,0,4,3,7
22.03.2016,0,4,3,7
23.03.2016,0,4,2,6
24.03.2016,0,4,2,6
25.03.2016,0,4,3,7
26.03.2016,0,4,3,7
27.03.2016,0,4,3,7
28.03.2016,0,4,4,8
29.03.2016,0,4,4,8
30.03.2016,0,4,4,8
31.03.2016,0,4,4,8
01.04.2016,0,4,4,8
02.04.2016,0,4,4,8
03.04.2016,0,3,4,7
04.04.2016,0,3,4,7
05.04.2016,0,2,4,6
06.04.2016,0,2,4,6
07.04.2016,0,2,4,6
08.04.2016,0,2,3,5
09.04.2016,0,2,3,5
10.04.2016,0,2,3,5
11.04.2016,0,1,3,4
12.04.2016,0,1,3,4
13.04.2016,0,1,3,4
14.04.2016,0,1,3,4
15.04.2016,0,2,3,5
16.04.2016,0,2,3,5
17.04.2016,0,2,3,5
18.04.2016,0,2,3,5
19.04.2016,1,1,3,5
20.04.2016,1,1,3,5
21.04.2016,1,1,3,5
22.04.2016,1,1,2,4
23.04.2016,1,1,2,4
24.04.2016,1,1,2,4
25.04.2016,1,1,1,3
26.04.2016,1,1,1,3
27.04.2016,1,1,1,3
28.04.2016,1,1,1,3
29.04.2016,1,1,1,3
30.04.2016,1,1,1,3
01.05.2016,1,1,1,3
02.05.2016,1,1,1,3
03.05.2016,1,1,2,4
04.05.2016,1,1,2,4
05.05.2016,1,1,2,4
06.05.2016,1,1,2,4
07.05.2016,0,2,2,4
08.05.2016,0,2,2,4
09.05.2016,0,2,2,4
10.05.2016,0,2,2,4
11.05.2016,0,3,1,4
12.05.2016,0,3,0,3
13.05.2016,0,2,0,2
14.05.2016,0,2,0,2
15.05.2016,0,2,0,2
16.05.2016,0,2,0,2
17.05.2016,1,1,0,2
18.05.2016,1,1,0,2
19.05.2016,1,1,0,2
20.05.2016,1,1,0,2
21.05.2016,1,1,0,2
22.05.2016,1,1,0,2
23.05.2016,1,1,0,2
24.05.2016,1,1,0,2
25.05.2016,1,1,1,3
26.05.2016,1,2,1,4
27.05.2016,1,3,1,5
28.05.2016,1,4,0,5
29.05.2016,1,4,0,5
30.05.2016,1,4,0,5
31.05.2016,1,4,0,5
01.06.2016,1,4,0,5
02.06.2016,1,4,0,5
03.06.2016,1,4,0,5
04.06.2016,0,5,0,5
05.06.2016,0,5,0,5
06.06.2016,0,4,0,4
07.06.2016,0,4,0,4
08.06.2016,0,4,0,4
09.06.2016,0,4,0,4
10.06.2016,0,4,0,4
11.06.2016,0,4,0,4
12.06.2016,0,4,0,4
13.06.2016,0,5,0,5
14.06.2016,1,4,0,5
15.06.2016,1,4,0,5
16.06.2016,1,3,0,4
17.06.2016,1,3,0,4
18.06.2016,1,3,0,4
19.06.2016,1,3,1,5
20.06.2016,1,4,3,8
21.06.2016,0,5,7,12
22.06.2016,0,5,7,12
23.06.2016,1,6,7,14
24.06.2016,2,5,7,14
25.06.2016,2,4,7,13
26.06.2016,2,4,7,13
27.06.2016,2,4,7,13
28.06.2016,2,4,7,13
29.06.2016,2,4,8,14
30.06.2016,2,4,10,16
01.07.2016,2,4,11,17
02.07.2016,1,5,11,17
03.07.2016,1,5,11,17
04.07.2016,1,5,11,17
05.07.2016,1,5,11,17
06.07.2016,1,5,11,17
07.07.2016,0,7,13,20
08.07.2016,0,7,14,21
09.07.2016,0,7,16,23
10.07.2016,0,7,16,23
11.07.2016,0,7,16,23
12.07.2016,0,7,16,23
13.07.2016,1,7,16,24
14.07.2016,1,7,16,24
15.07.2016,1,7,16,24
16.07.2016,1,7,16,24
17.07.2016,1,7,16,24
18.07.2016,1,6,14,21
19.07.2016,1,6,12,19
20.07.2016,1,7,13,21
21.07.2016,1,7,13,21
22.07.2016,1,7,13,21
23.07.2016,1,9,11,21
24.07.2016,1,9,11,21
25.07.2016,1,10,11,22
26.07.2016,1,10,12,23
27.07.2016,1,10,13,24
28.07.2016,1,10,13,24
29.07.2016,1,10,12,23
30.07.2016,1,10,12,23
31.07.2016,1,10,13,24
01.08.2016,1,10,14,25
02.08.2016,1,10,15,26
03.08.2016,1,10,15,26
04.08.2016,0,11,13,24
05.08.2016,0,11,14,25
06.08.2016,0,11,12,23
07.08.2016,0,11,12,23
08.08.2016,0,11,12,23
09.08.2016,0,11,13,24
10.08.2016,1,9,13,23
11.08.2016,1,9,13,23
12.08.2016,0,9,15,24
13.08.2016,0,9,15,24
14.08.2016,0,9,15,24
15.08.2016,0,9,19,28
16.08.2016,0,12,16,28
17.08.2016,0,11,16,27
18.08.2016,0,11,15,26
19.08.2016,0,11,16,27
20.08.2016,0,10,16,26
21.08.2016,0,10,17,27
22.08.2016,0,10,16,26
23.08.2016,0,11,14,25
24.08.2016,0,11,12,23
25.08.2016,0,11,11,22
26.08.2016,0,11,11,22
27.08.2016,0,11,11,22
28.08.2016,0,12,9,21
29.08.2016,0,12,8,20
30.08.2016,0,12,10,22
31.08.2016,0,12,10,22
01.09.2016,0,13,9,22
02.09.2016,0,13,8,21
03.09.2016,0,13,8,21
04.09.2016,0,13,8,21
05.09.2016,0,13,8,21
06.09.2016,0,13,8,21
07.09.2016,0,13,7,20
08.09.2016,0,11,8,19
09.09.2016,0,11,7,18
10.09.2016,0,11,9,20
11.09.2016,0,11,10,21
12.09.2016,0,11,10,21
13.09.2016,0,9,11,20
14.09.2016,0,9,11,20
15.09.2016,0,9,11,20
16.09.2016,0,9,10,19
17.09.2016,0,10,9,19
18.09.2016,0,10,8,18
19.09.2016,0,10,8,18
20.09.2016,0,10,8,18
21.09.2016,0,10,10,20
22.09.2016,0,10,12,22
23.09.2016,0,10,14,24
24.09.2016,0,10,14,24
25.09.2016,0,11,13,24
26.09.2016,0,11,13,24
27.09.2016,0,11,11,22
28.09.2016,0,11,11,22
29.09.2016,0,13,9,22
30.09.2016,0,14,10,24
01.10.2016,0,14,10,24
02.10.2016,0,14,10,24
03.10.2016,0,15,9,24
04.10.2016,0,15,9,24
05.10.2016,0,15,9,24
06.10.2016,0,15,9,24
07.10.2016,0,14,9,23
08.10.2016,0,13,8,21
09.10.2016,0,13,8,21
10.10.2016,0,11,7,18
11.10.2016,0,11,6,17
12.10.2016,0,12,8,20
13.10.2016,0,12,8,20
14.10.2016,0,12,8,20
15.10.2016,0,12,8,20
16.10.2016,0,13,7,20
17.10.2016,0,15,9,24
18.10.2016,0,15,14,29
19.10.2016,0,14,17,31
20.10.2016,0,14,17,31
21.10.2016,0,13,16,29
22.10.2016,0,13,17,30
23.10.2016,0,11,17,28
24.10.2016,0,10,17,27
25.10.2016,0,10,17,27
26.10.2016,0,10,17,27
27.10.2016,0,9,17,26
28.10.2016,0,8,16,24
29.10.2016,0,8,16,24
30.10.2016,0,8,16,24
31.10.2016,0,7,16,23
01.11.2016,0,7,17,24
02.11.2016,0,14,24,38
03.11.2016,0,13,30,43
04.11.2016,0,13,31,44
05.11.2016,0,13,30,43
06.11.2016,0,13,29,42
07.11.2016,0,13,31,44
08.11.2016,0,13,31,44
09.11.2016,0,12,30,42
10.11.2016,0,14,31,45
11.11.2016,0,14,32,46
12.11.2016,0,14,32,46
13.11.2016,0,12,32,44
14.11.2016,0,11,28,39
15.11.2016,0,12,23,35
16.11.2016,0,12,21,33
17.11.2016,0,13,21,34
18.11.2016,0,13,21,34
19.11.2016,0,14,19,33
20.11.2016,0,14,19,33
21.11.2016,0,14,19,33
22.11.2016,0,14,20,34
23.11.2016,0,14,20,34
24.11.2016,0,14,20,34
25.11.2016,0,14,20,34
26.11.2016,0,14,20,34
27.11.2016,0,14,20,34
28.11.2016,0,14,22,36
29.11.2016,0,14,21,35
30.11.2016,0,11,15,26
01.12.2016,0,10,10,20
02.12.2016,0,10,10,20
03.12.2016,0,10,10,20
04.12.2016,0,10,10,20
05.12.2016,0,8,9,17
06.12.2016,0,8,9,17
07.12.2016,0,8,9,17
08.12.2016,0,9,11,20
09.12.2016,0,10,11,21
10.12.2016,0,10,11,21
11.12.2016,0,11,11,22
12.12.2016,0,11,11,22
13.12.2016,0,10,13,23
14.12.2016,0,10,13,23
15.12.2016,0,9,12,21
16.12.2016,0,10,15,25
17.12.2016,0,10,15,25
18.12.2016,0,9,16,25
19.12.2016,0,9,16,25
20.12.2016,0,8,15,23
21.12.2016,0,8,15,23
22.12.2016,0,8,15,23
23.12.2016,0,9,14,23
24.12.2016,0,9,14,23
25.12.2016,0,9,14,23
26.12.2016,0,10,12,22
27.12.2016,0,10,12,22
28.12.2016,0,10,11,21
29.12.2016,0,9,11,20
30.12.2016,0,10,10,20
31.12.2016,0,10,10,20
01.01.2017,0,10,11,21
02.01.2017,0,10,10,20
03.01.2017,0,10,10,20
04.01.2017,0,10,10,20
05.01.2017,0,9,6,15
06.01.2017,0,9,6,15
07.01.2017,0,9,6,15
08.01.2017,0,8,6,14
09.01.2017,0,8,7,15
10.01.2017,0,7,6,13
11.01.2017,0,8,5,13
12.01.2017,0,8,7,15
13.01.2017,0,7,3,10
14.01.2017,0,7,4,11
15.01.2017,0,7,4,11
16.01.2017,0,7,4,11
17.01.2017,0,7,5,12
18.01.2017,0,8,4,12
19.01.2017,0,8,4,12
20.01.2017,0,8,4,12
21.01.2017,0,7,4,11
22.01.2017,0,7,4,11
23.01.2017,0,7,4,11
24.01.2017,0,7,4,11
25.01.2017,0,6,5,11
26.01.2017,0,7,5,12
27.01.2017,0,7,5,12
28.01.2017,0,7,5,12
29.01.2017,0,7,5,12
30.01.2017,0,7,5,12
31.01.2017,0,7,5,12
01.02.2017,0,9,5,14
02.02.2017,0,10,4,14
03.02.2017,0,10,5,15
04.02.2017,0,10,6,16
05.02.2017,0,10,6,16
06.02.2017,0,10,6,16
07.02.2017,0,10,5,15
08.02.2017,0,10,5,15
09.02.2017,0,9,3,12
10.02.2017,0,8,3,11
11.02.2017,0,7,2,9
12.02.2017,0,7,2,9
13.02.2017,0,9,2,11
14.02.2017,0,9,5,14
15.02.2017,0,10,5,15
16.02.2017,0,10,7,17
17.02.2017,0,10,9,19
18.02.2017,0,10,9,19
19.02.2017,0,10,9,19
20.02.2017,0,11,8,19
21.02.2017,0,10,8,18
22.02.2017,0,10,9,19
23.02.2017,1,9,9,19
24.02.2017,1,10,8,19
25.02.2017,1,10,8,19
26.02.2017,1,10,9,20
27.02.2017,1,10,9,20
28.02.2017,1,10,9,20
01.03.2017,2,9,9,20
02.03.2017,3,7,10,20
03.03.2017,3,7,9,19
04.03.2017,3,7,9,19
05.03.2017,3,7,9,19
06.03.2017,3,7,9,19
07.03.2017,3,7,9,19
08.03.2017,3,7,9,19
09.03.2017,3,7,9,19
10.03.2017,3,7,10,20
11.03.2017,3,7,10,20
12.03.2017,3,6,10,19
13.03.2017,3,7,8,18
14.03.2017,3,7,7,17
15.03.2017,3,7,7,17
16.03.2017,3,6,6,15
17.03.2017,3,5,4,12
18.03.2017,3,5,4,12
19.03.2017,3,5,4,12
20.03.2017,3,5,4,12
21.03.2017,3,5,4,12
22.03.2017,3,5,5,13
23.03.2017,4,4,5,13
24.03.2017,4,5,4,13
25.03.2017,4,5,4,13
26.03.2017,4,5,2,11
27.03.2017,4,5,2,11
28.03.2017,4,6,3,13
29.03.2017,4,7,2,13
30.03.2017,4,8,3,15
31.03.2017,4,8,3,15
01.04.2017,4,8,3,15
02.04.2017,4,8,3,15
03.04.2017,4,8,4,16
04.04.2017,4,8,4,16
05.04.2017,4,9,4,17
06.04.2017,4,10,3,17
07.04.2017,4,10,3,17
08.04.2017,4,10,4,18
09.04.2017,4,11,3,18
10.04.2017,4,11,2,17
11.04.2017,4,11,2,17
12.04.2017,4,11,3,18
13.04.2017,5,11,2,18
14.04.2017,4,12,2,18
15.04.2017,4,12,2,18
16.04.2017,4,12,3,19
17.04.2017,5,11,4,20
18.04.2017,5,11,5,21
19.04.2017,5,12,3,20
20.04.2017,5,12,3,20
21.04.2017,4,13,3,20
22.04.2017,5,12,3,20
23.04.2017,5,12,3,20
24.04.2017,5,12,3,20
25.04.2017,5,12,3,20
26.04.2017,5,12,3,20
27.04.2017,5,12,2,19
28.04.2017,5,12,3,20
29.04.2017,5,12,3,20
30.04.2017,5,12,3,20
01.05.2017,5,12,3,20
02.05.2017,5,12,3,20
03.05.2017,4,14,2,20
04.05.2017,5,12,2,19
05.05.2017,5,12,2,19
06.05.2017,5,12,2,19
07.05.2017,5,11,2,18
08.05.2017,5,11,2,18
09.05.2017,5,10,3,18
10.05.2017,5,10,4,19
11.05.2017,6,9,5,20
12.05.2017,5,9,6,20
13.05.2017,5,9,6,20
14.05.2017,5,9,5,19
15.05.2017,6,10,5,21
16.05.2017,6,10,6,22
17.05.2017,6,11,5,22
18.05.2017,6,11,5,22
19.05.2017,5,12,4,21
20.05.2017,6,11,4,21
21.05.2017,6,12,3,21
22.05.2017,6,13,3,22
23.05.2017,5,13,3,21
24.05.2017,5,13,3,21
25.05.2017,6,12,3,21
26.05.2017,7,11,2,20
27.05.2017,7,11,2,20
28.05.2017,6,12,3,21
29.05.2017,6,11,4,21
30.05.2017,6,11,4,21
31.05.2017,6,13,4,23
01.06.2017,6,13,5,24
02.06.2017,6,14,4,24
03.06.2017,6,14,5,25
04.06.2017,6,14,6,26
05.06.2017,7,13,7,27
06.06.2017,6,14,7,27
07.06.2017,6,14,8,28
08.06.2017,6,15,7,28
09.06.2017,6,15,7,28
10.06.2017,6,15,8,29
11.06.2017,6,16,7,29
12.06.2017,7,16,8,31
13.06.2017,7,17,9,33
14.06.2017,6,19,10,35
15.06.2017,6,19,10,35
16.06.2017,7,17,12,36
17.06.2017,7,18,12,37
18.06.2017,7,18,13,38
19.06.2017,7,18,12,37
20.06.2017,7,17,12,36
21.06.2017,7,18,11,36
22.06.2017,7,19,10,36
23.06.2017,7,19,9,35
24.06.2017,7,19,11,37
25.06.2017,7,19,12,38
26.06.2017,7,21,11,39
27.06.2017,7,22,11,40
28.06.2017,7,23,12,42
29.06.2017,7,24,11,42
30.06.2017,7,22,11,40
01.07.2017,7,22,11,40
02.07.2017,7,22,10,39
03.07.2017,8,22,9,39
04.07.2017,7,23,9,39
05.07.2017,7,24,8,39
06.07.2017,7,24,9,40
07.07.2017,8,21,9,38
08.07.2017,8,21,9,38
09.07.2017,8,21,9,38
10.07.2017,8,21,10,39
11.07.2017,9,21,10,40
12.07.2017,9,21,10,40
13.07.2017,9,21,11,41
14.07.2017,9,21,9,39
15.07.2017,11,19,8,38
16.07.2017,11,19,8,38
17.07.2017,11,19,8,38
18.07.2017,11,18,9,38
19.07.2017,12,17,9,38
20.07.2017,12,16,10,38
21.07.2017,12,15,11,38
22.07.2017,12,15,10,37
23.07.2017,12,15,8,35
24.07.2017,12,14,9,35
25.07.2017,12,14,9,35
26.07.2017,12,14,9,35
27.07.2017,12,13,7,32
28.07.2017,11,14,8,33
29.07.2017,11,14,8,33
30.07.2017,11,14,9,34
31.07.2017,11,12,9,32
01.08.2017,11,12,11,34
02.08.2017,12,11,11,34
03.08.2017,12,10,13,35
04.08.2017,12,10,13,35
05.08.2017,12,10,12,34
06.08.2017,12,10,12,34
07.08.2017,12,10,14,36
08.08.2017,13,9,13,35
09.08.2017,13,10,11,34
10.08.2017,13,10,11,34
11.08.2017,13,10,12,35
12.08.2017,13,10,14,37
13.08.2017,14,10,17,41
14.08.2017,12,11,21,44
15.08.2017,12,17,18,47
16.08.2017,12,18,18,48
17.08.2017,13,17,20,50
18.08.2017,13,18,21,52
19.08.2017,13,20,19,52
20.08.2017,13,20,19,52
21.08.2017,13,20,18,51
22.08.2017,12,22,18,52
23.08.2017,13,21,22,56
24.08.2017,13,22,22,57
25.08.2017,13,22,21,56
26.08.2017,13,22,21,56
27.08.2017,13,21,20,54
28.08.2017,13,22,21,56
29.08.2017,13,23,23,59
30.08.2017,13,26,21,60
31.08.2017,13,27,18,58
01.09.2017,13,28,17,58
02.09.2017,13,29,17,59
03.09.2017,12,30,16,58
04.09.2017,13,30,16,59
05.09.2017,12,30,16,58
06.09.2017,12,31,15,58
07.09.2017,12,32,15,59
08.09.2017,13,32,18,63
09.09.2017,13,34,15,62
10.09.2017,14,32,15,61
11.09.2017,12,35,15,62
12.09.2017,13,33,17,63
13.09.2017,14,30,18,62
14.09.2017,14,31,17,62
15.09.2017,14,30,20,64
16.09.2017,14,29,20,63
17.09.2017,14,30,20,64
18.09.2017,14,30,21,65
19.09.2017,13,31,22,66
20.09.2017,13,29,21,63
21.09.2017,13,29,21,63
22.09.2017,13,29,22,64
23.09.2017,13,30,21,64
24.09.2017,13,30,21,64
25.09.2017,14,30,19,63
26.09.2017,14,30,21,65
27.09.2017,14,29,20,63
28.09.2017,14,29,20,63
29.09.2017,14,29,22,65
30.09.2017,14,29,22,65
01.10.2017,14,27,24,65
02.10.2017,14,27,23,64
03.10.2017,13,28,23,64
04.10.2017,12,28,24,64
05.10.2017,12,27,22,61
06.10.2017,12,27,20,59
07.10.2017,12,25,21,58
08.10.2017,12,26,19,57
09.10.2017,12,25,19,56
10.10.2017,11,27,17,55
11.10.2017,11,29,20,60
12.10.2017,11,30,18,59
13.10.2017,11,30,17,58
14.10.2017,11,31,16,58
15.10.2017,11,33,16,60
16.10.2017,12,31,15,58
17.10.2017,12,33,15,60
18.10.2017,12,33,15,60
19.10.2017,13,30,15,58
20.10.2017,13,30,15,58
21.10.2017,13,29,15,57
22.10.2017,13,31,13,57
23.10.2017,13,31,14,58
24.10.2017,13,31,12,56
25.10.2017,13,31,13,57
26.10.2017,13,31,14,58
27.10.2017,15,30,14,59
28.10.2017,15,32,14,61
29.10.2017,15,32,12,59
30.10.2017,15,32,13,60
31.10.2017,15,32,15,62
01.11.2017,15,34,13,62
02.11.2017,16,34,13,63
03.11.2017,16,33,13,62
04.11.2017,16,34,12,62
05.11.2017,16,36,11,63
06.11.2017,16,35,12,63
07.11.2017,16,36,14,66
08.11.2017,16,37,13,66
09.11.2017,16,38,12,66
10.11.2017,16,38,10,64
11.11.2017,14,39,10,63
12.11.2017,14,39,10,63
13.11.2017,15,39,10,64
14.11.2017,14,40,11,65
15.11.2017,15,41,11,67
16.11.2017,15,44,9,68
17.11.2017,16,42,10,68
18.11.2017,16,41,10,67
19.11.2017,16,40,10,66
20.11.2017,16,38,11,65
21.11.2017,14,42,12,68
22.11.2017,14,43,9,66
23.11.2017,14,43,9,66
24.11.2017,17,41,9,67
25.11.2017,17,42,8,67
26.11.2017,16,41,10,67
27.11.2017,17,38,10,65
28.11.2017,17,38,9,64
29.11.2017,18,39,7,64
30.11.2017,18,35,8,61
01.12.2017,17,37,8,62
02.12.2017,17,37,8,62
03.12.2017,16,36,8,60
04.12.2017,16,35,10,61
05.12.2017,17,34,11,62
06.12.2017,19,31,13,63
07.12.2017,19,31,13,63
08.12.2017,19,30,15,64
09.12.2017,17,32,16,65
10.12.2017,17,33,16,66
11.12.2017,18,32,15,65
12.12.2017,17,33,18,68
13.12.2017,18,32,19,69
14.12.2017,19,28,19,66
15.12.2017,19,30,19,68
16.12.2017,19,31,19,69
17.12.2017,19,32,18,69
18.12.2017,19,32,19,70
19.12.2017,18,31,20,69
20.12.2017,17,33,19,69
21.12.2017,16,36,21,73
22.12.2017,16,34,21,71
23.12.2017,16,34,23,73
24.12.2017,16,33,23,72
25.12.2017,17,32,23,72
26.12.2017,17,31,23,71
27.12.2017,17,32,23,72
28.12.2017,19,29,23,71
29.12.2017,19,28,22,69
30.12.2017,18,29,23,70
31.12.2017,18,29,23,70
01.01.2018,18,30,21,69
02.01.2018,18,28,19,65
03.01.2018,20,27,20,67
04.01.2018,19,27,20,66
05.01.2018,19,27,21,67
06.01.2018,17,30,21,68
07.01.2018,17,32,21,70
08.01.2018,18,32,21,71
09.01.2018,19,31,25,75
10.01.2018,18,33,24,75
11.01.2018,19,33,22,74
12.01.2018,19,31,22,72
13.01.2018,19,31,22,72
14.01.2018,19,30,24,73
15.01.2018,19,30,25,74
16.01.2018,18,33,26,77
17.01.2018,17,35,25,77
18.01.2018,16,35,26,77
19.01.2018,16,36,24,76
20.01.2018,16,36,23,75
21.01.2018,16,34,23,73
22.01.2018,17,34,27,78
23.01.2018,17,36,27,80
24.01.2018,17,38,29,84
25.01.2018,18,39,28,85
26.01.2018,18,41,29,88
27.01.2018,17,42,29,88
28.01.2018,17,42,31,90
29.01.2018,18,43,29,90
30.01.2018,18,46,29,93
31.01.2018,19,42,28,89
01.02.2018,19,42,28,89
02.02.2018,19,44,26,89
03.02.2018,19,44,25,88
04.02.2018,19,42,23,84
05.02.2018,19,41,25,85
06.02.2018,19,43,25,87
07.02.2018,19,47,24,90
08.02.2018,19,48,27,94
09.02.2018,17,50,26,93
10.02.2018,17,52,26,95
11.02.2018,18,51,25,94
12.02.2018,18,52,24,94
13.02.2018,18,51,26,95
14.02.2018,18,52,29,99
15.02.2018,17,55,31,103
16.02.2018,19,54,32,105
17.02.2018,19,56,31,106
18.02.2018,19,56,36,111
19.02.2018,19,55,34,108
20.02.2018,16,56,38,110
21.02.2018,16,57,33,106
22.02.2018,17,55,36,108
23.02.2018,18,53,39,110
24.02.2018,17,58,39,114
25.02.2018,17,58,41,116
26.02.2018,19,61,42,122
27.02.2018,19,60,42,121
28.02.2018,19,61,46,126
01.03.2018,19,64,42,125
02.03.2018,20,61,43,124
03.03.2018,22,61,41,124
04.03.2018,22,59,44,125
05.03.2018,22,61,40,123
06.03.2018,24,61,39,124
07.03.2018,27,58,40,125
08.03.2018,26,62,40,128
09.03.2018,24,66,40,130
10.03.2018,25,67,37,129
11.03.2018,25,68,36,129
12.03.2018,25,68,37,130
13.03.2018,25,68,39,132
14.03.2018,23,72,39,134
15.03.2018,26,69,38,133
16.03.2018,27,67,36,130
17.03.2018,27,68,35,130
18.03.2018,26,69,33,128
19.03.2018,26,70,33,129
20.03.2018,26,73,30,129
21.03.2018,25,72,36,133
22.03.2018,26,72,35,133
23.03.2018,27,74,34,135
24.03.2018,29,69,33,131
25.03.2018,28,70,33,131
26.03.2018,30,67,37,134
27.03.2018,29,66,36,131
28.03.2018,30,64,34,128
29.03.2018,30,63,35,128
30.03.2018,31,63,34,128
31.03.2018,33,60,36,129
01.04.2018,33,63,34,130
02.04.2018,31,64,36,131
03.04.2018,34,62,37,133
04.04.2018,33,63,37,133
05.04.2018,34,60,37,131
06.04.2018,34,59,37,130
07.04.2018,34,59,37,130
08.04.2018,36,56,38,130
09.04.2018,37,56,38,131
10.04.2018,37,56,38,131
11.04.2018,36,56,35,127
12.04.2018,35,59,36,130
13.04.2018,35,59,38,132
14.04.2018,35,61,39,135
15.04.2018,34,63,37,134
16.04.2018,34,64,38,136
17.04.2018,35,61,42,138
18.04.2018,34,62,45,141
19.04.2018,34,62,47,143
20.04.2018,35,61,50,146
21.04.2018,36,63,48,147
22.04.2018,36,63,47,146
23.04.2018,37,65,48,150
24.04.2018,36,71,50,157
25.04.2018,36,69,51,156
26.04.2018,36,71,53,160
27.04.2018,35,73,55,163
28.04.2018,35,74,57,166
29.04.2018,35,74,57,166
30.04.2018,36,74,56,166
01.05.2018,35,77,53,165
02.05.2018,37,76,55,168
03.05.2018,35,78,59,172
04.05.2018,35,79,57,171
05.05.2018,37,78,56,171
06.05.2018,38,80,54,172
07.05.2018,37,82,52,171
08.05.2018,37,83,51,171
09.05.2018,38,83,50,171
10.05.2018,39,85,50,174
11.05.2018,42,90,46,178
12.05.2018,42,92,45,179
13.05.2018,41,94,49,184
14.05.2018,41,96,50,187
15.05.2018,41,99,47,187
16.05.2018,41,102,46,189
17.05.2018,40,100,47,187
18.05.2018,40,99,50,189
19.05.2018,38,99,51,188
20.05.2018,39,99,52,190
21.05.2018,42,98,49,189
22.05.2018,42,96,50,188
23.05.2018,42,99,57,198
24.05.2018,43,100,60,203
25.05.2018,43,102,58,203
26.05.2018,42,103,59,204
27.05.2018,43,106,60,209
28.05.2018,44,109,62,215
29.05.2018,43,112,63,218
30.05.2018,44,111,75,230
31.05.2018,45,118,77,240
01.06.2018,46,122,86,254
02.06.2018,46,126,101,273
03.06.2018,47,131,101,279
04.06.2018,42,138,110,290
05.06.2018,43,140,110,293
06.06.2018,44,139,113,296
07.06.2018,49,138,115,302
08.06.2018,48,135,117,300
09.06.2018,50,136,112,298
10.06.2018,49,140,114,303
11.06.2018,49,149,118,316
12.06.2018,52,161,136,349
13.06.2018,52,174,130,356
14.06.2018,51,181,130,362
15.06.2018,51,184,130,365
16.06.2018,51,185,133,369
17.06.2018,50,187,133,370
18.06.2018,49,186,135,370
19.06.2018,48,191,136,375
20.06.2018,48,193,132,373
21.06.2018,50,193,132,375
22.06.2018,51,196,129,376
23.06.2018,49,198,127,374
24.06.2018,49,194,126,369
25.06.2018,52,193,125,370
26.06.2018,53,198,126,377
27.06.2018,55,197,121,373
28.06.2018,55,195,120,370
29.06.2018,57,194,114,365
30.06.2018,56,192,108,356
01.07.2018,58,186,101,345
02.07.2018,57,183,99,339
03.07.2018,59,176,98,333
04.07.2018,60,177,100,337
05.07.2018,61,176,97,334
06.07.2018,58,178,103,339
07.07.2018,58,178,101,337
08.07.2018,57,177,96,330
09.07.2018,55,174,90,319
10.07.2018,56,163,70,289
11.07.2018,58,147,68,273
12.07.2018,59,144,64,267
13.07.2018,61,147,58,266
14.07.2018,62,148,53,263
15.07.2018,61,150,53,264
16.07.2018,60,152,55,267
17.07.2018,60,151,53,264
18.07.2018,61,147,53,261
19.07.2018,62,144,52,258
20.07.2018,63,143,47,253
21.07.2018,64,139,46,249
22.07.2018,64,139,47,250
23.07.2018,65,135,47,247
24.07.2018,64,127,46,237
25.07.2018,67,121,42,230
26.07.2018,65,121,44,230
27.07.2018,66,119,47,232
28.07.2018,65,122,48,235
29.07.2018,66,124,47,237
30.07.2018,65,124,51,240
31.07.2018,68,119,53,240
01.08.2018,70,123,50,243
02.08.2018,69,126,52,247
03.08.2018,67,125,52,244
04.08.2018,66,127,54,247
05.08.2018,68,125,52,245
06.08.2018,69,125,53,247
07.08.2018,69,124,54,247
08.08.2018,68,126,52,246
09.08.2018,70,128,48,246
10.08.2018,68,125,52,245
11.08.2018,73,121,48,242
12.08.2018,69,125,47,241
13.08.2018,67,125,49,241
14.08.2018,68,122,49,239
15.08.2018,70,122,57,249
16.08.2018,72,124,57,253
17.08.2018,73,124,59,256
18.08.2018,75,121,60,256
19.08.2018,75,122,58,255
20.08.2018,74,122,62,258
21.08.2018,71,128,62,261
22.08.2018,72,132,63,267
23.08.2018,70,139,66,275
24.08.2018,71,140,68,279
25.08.2018,72,139,67,278
26.08.2018,72,142,69,283
27.08.2018,75,141,71,287
28.08.2018,75,149,72,296
29.08.2018,78,145,69,292
30.08.2018,75,151,69,295
31.08.2018,75,153,68,296
01.09.2018,74,156,69,299
02.09.2018,75,156,72,303
03.09.2018,77,155,72,304
04.09.2018,74,156,70,300
05.09.2018,71,157,69,297
06.09.2018,68,156,66,290
07.09.2018,71,158,59,288
08.09.2018,73,157,60,290
09.09.2018,70,156,60,286
10.09.2018,70,161,60,291
11.09.2018,72,164,62,298
12.09.2018,74,161,63,298
13.09.2018,75,163,61,299
14.09.2018,75,164,61,300
15.09.2018,77,165,60,302
16.09.2018,77,166,61,304
17.09.2018,78,168,62,308
18.09.2018,75,170,69,314
19.09.2018,76,171,73,320
20.09.2018,74,179,68,321
21.09.2018,74,176,63,313
22.09.2018,74,176,64,314
23.09.2018,73,173,62,308
24.09.2018,74,171,61,306
25.09.2018,75,167,57,299
26.09.2018,76,169,57,302
27.09.2018,74,173,56,303
28.09.2018,75,169,55,299
29.09.2018,75,170,57,302
30.09.2018,74,172,57,303
01.10.2018,77,172,57,306
02.10.2018,75,173,63,311
03.10.2018,73,172,65,310
04.10.2018,70,175,73,318
05.10.2018,74,173,75,322
06.10.2018,75,172,73,320
07.10.2018,73,174,77,324
08.10.2018,69,174,75,318
09.10.2018,71,173,79,323
10.10.2018,69,172,79,320
11.10.2018,71,174,78,323
12.10.2018,69,172,75,316
13.10.2018,71,171,69,311
14.10.2018,71,170,71,312
15.10.2018,69,168,72,309
16.10.2018,65,175,70,310
17.10.2018,65,177,67,309
18.10.2018,63,183,66,312
19.10.2018,62,186,67,315
20.10.2018,63,186,71,320
21.10.2018,61,189,70,320
22.10.2018,67,183,70,320
23.10.2018,66,183,70,319
24.10.2018,67,177,78,322
25.10.2018,65,178,82,325
26.10.2018,68,177,80,325
27.10.2018,69,177,77,323
28.10.2018,69,177,76,322
29.10.2018,68,181,76,325
30.10.2018,67,175,73,315
31.10.2018,64,179,74,317
01.11.2018,63,179,73,315
02.11.2018,65,177,73,315
03.11.2018,66,177,72,315
04.11.2018,65,179,75,319
05.11.2018,68,174,81,323
06.11.2018,69,172,73,314
07.11.2018,68,171,77,316
08.11.2018,70,163,77,310
09.11.2018,69,164,78,311
10.11.2018,69,163,81,313
11.11.2018,69,162,84,315
12.11.2018,68,162,86,316
13.11.2018,66,160,82,308
14.11.2018,65,157,80,302
15.11.2018,66,152,79,297
16.11.2018,68,151,79,298
17.11.2018,68,152,76,296
18.11.2018,67,153,75,295
19.11.2018,67,154,76,297
20.11.2018,66,152,79,297
21.11.2018,65,157,79,301
22.11.2018,64,162,75,301
23.11.2018,66,157,74,297
24.11.2018,64,157,71,292
25.11.2018,65,156,73,294
26.11.2018,67,149,79,295
27.11.2018,68,152,76,296
28.11.2018,67,152,75,294
29.11.2018,66,156,77,299
30.11.2018,63,153,71,287
01.12.2018,65,150,71,286
02.12.2018,65,150,67,282
03.12.2018,63,150,62,275
04.12.2018,65,149,59,273
05.12.2018,64,154,61,279
06.12.2018,67,155,68,290
07.12.2018,67,157,69,293
08.12.2018,65,160,68,293
09.12.2018,65,160,63,288
10.12.2018,64,164,64,292
11.12.2018,62,167,64,293
12.12.2018,61,168,67,296
13.12.2018,60,178,65,303
14.12.2018,63,176,67,306
15.12.2018,63,178,64,305
16.12.2018,62,179,62,303
17.12.2018,65,174,64,303
18.12.2018,65,169,61,295
19.12.2018,65,169,61,295
20.12.2018,62,166,62,290
21.12.2018,62,163,61,286
22.12.2018,63,157,63,283
23.12.2018,64,153,60,277
24.12.2018,64,151,59,274
25.12.2018,62,144,59,265
26.12.2018,60,144,59,263
27.12.2018,62,141,55,258
28.12.2018,58,145,56,259
29.12.2018,57,143,58,258
30.12.2018,57,140,58,255
31.12.2018,55,143,54,252
01.01.2019,53,140,58,251
02.01.2019,52,146,58,256
03.01.2019,55,143,50,248
04.01.2019,58,140,45,243
05.01.2019,57,138,46,241
06.01.2019,57,139,47,243
07.01.2019,54,140,44,238
08.01.2019,52,141,46,239
09.01.2019,52,141,45,238
10.01.2019,54,132,44,230
11.01.2019,53,131,47,231
12.01.2019,54,127,45,226
13.01.2019,53,128,46,227
14.01.2019,52,134,46,232
15.01.2019,54,128,49,231
16.01.2019,51,131,56,238
17.01.2019,52,129,53,234
18.01.2019,51,126,56,233
19.01.2019,51,126,55,232
20.01.2019,51,128,56,235
21.01.2019,50,130,58,238
22.01.2019,50,132,62,244
23.01.2019,50,129,64,243
24.01.2019,50,134,65,249
25.01.2019,48,136,67,251
26.01.2019,47,135,68,250
27.01.2019,47,137,68,252
28.01.2019,47,137,79,263
29.01.2019,47,140,80,267
30.01.2019,50,136,79,265
31.01.2019,49,141,81,271
01.02.2019,50,139,84,273
02.02.2019,49,138,85,272
03.02.2019,50,136,84,270
04.02.2019,47,142,86,275
05.02.2019,50,141,86,277
06.02.2019,50,139,81,270
07.02.2019,53,134,84,271
08.02.2019,51,136,87,274
09.02.2019,51,136,91,278
10.02.2019,50,138,89,277
11.02.2019,51,136,84,271
12.02.2019,51,135,82,268
13.02.2019,48,145,74,267
14.02.2019,46,144,73,263
15.02.2019,44,142,74,260
16.02.2019,45,140,75,260
17.02.2019,46,138,75,259
18.02.2019,45,136,75,256
19.02.2019,45,135,71,251
20.02.2019,47,134,66,247
21.02.2019,48,126,67,241
22.02.2019,46,126,70,242
23.02.2019,46,128,69,243
24.02.2019,47,127,69,243
25.02.2019,48,124,65,237
26.02.2019,49,127,61,237
27.02.2019,52,124,61,237
28.02.2019,51,124,62,237
01.03.2019,52,127,64,243
02.03.2019,52,129,67,248
03.03.2019,52,129,69,250
04.03.2019,53,130,69,252
05.03.2019,54,130,71,255
06.03.2019,53,134,73,260
07.03.2019,55,137,72,264
08.03.2019,54,139,72,265
09.03.2019,55,139,70,264
10.03.2019,54,137,72,263
11.03.2019,55,139,70,264
12.03.2019,55,139,67,261
13.03.2019,52,140,65,257
14.03.2019,49,149,72,270
15.03.2019,49,155,69,273
16.03.2019,50,155,69,274
17.03.2019,49,156,73,278
18.03.2019,49,160,75,284
19.03.2019,52,160,73,285
20.03.2019,53,160,69,282
21.03.2019,51,164,68,283
22.03.2019,51,165,69,285
23.03.2019,51,167,68,286
24.03.2019,52,162,70,284
25.03.2019,56,166,63,285
26.03.2019,56,172,62,290
27.03.2019,62,167,63,292
28.03.2019,63,165,65,293
29.03.2019,65,161,61,287
30.03.2019,65,158,58,281
31.03.2019,64,158,57,279
01.04.2019,67,157,55,279
02.04.2019,67,162,56,285
03.04.2019,66,161,60,287
04.04.2019,69,158,56,283
05.04.2019,67,156,55,278
06.04.2019,66,155,54,275
07.04.2019,65,156,54,275
08.04.2019,66,154,54,274
09.04.2019,65,155,55,275
10.04.2019,65,153,52,270
11.04.2019,64,148,50,262
12.04.2019,63,149,50,262
13.04.2019,63,147,52,262
14.04.2019,63,147,50,260
15.04.2019,63,147,49,259
16.04.2019,63,144,51,258
17.04.2019,63,144,55,262
18.04.2019,65,143,57,265
19.04.2019,65,145,50,260
20.04.2019,64,146,50,260
21.04.2019,65,144,49,258
22.04.2019,63,134,56,253
23.04.2019,65,131,51,247
24.04.2019,68,128,49,245
25.04.2019,68,127,48,243
26.04.2019,68,131,52,251
27.04.2019,67,134,51,252
28.04.2019,65,138,51,254
29.04.2019,67,135,51,253
30.04.2019,66,134,48,248
01.05.2019,68,126,44,238
02.05.2019,68,121,45,234
03.05.2019,67,121,45,233
04.05.2019,66,122,44,232
05.05.2019,67,121,46,234
06.05.2019,69,121,44,234
07.05.2019,69,119,44,232
08.05.2019,69,115,45,229
09.05.2019,68,118,51,237
10.05.2019,66,119,50,235
11.05.2019,66,120,52,238
12.05.2019,67,124,51,242
13.05.2019,69,121,52,242
14.05.2019,67,123,49,239
15.05.2019,64,126,44,234
16.05.2019,66,125,44,235
17.05.2019,63,122,45,230
18.05.2019,62,124,44,230
19.05.2019,63,124,44,231
20.05.2019,61,127,42,230
21.05.2019,61,124,44,229
22.05.2019,63,118,47,228
23.05.2019,66,114,53,233
24.05.2019,66,119,48,233
25.05.2019,64,120,49,233
26.05.2019,66,118,46,230
27.05.2019,67,118,53,238
28.05.2019,64,120,53,237
29.05.2019,64,121,55,240
30.05.2019,64,120,56,240
31.05.2019,65,117,58,240
01.06.2019,65,116,58,239
02.06.2019,64,116,57,237
03.06.2019,65,112,58,235
04.06.2019,66,110,58,234
05.06.2019,65,107,61,233
06.06.2019,63,108,58,229
07.06.2019,62,112,59,233
08.06.2019,62,115,59,236
09.06.2019,63,113,57,233
10.06.2019,64,113,52,229
11.06.2019,60,118,53,231
12.06.2019,58,116,53,227
13.06.2019,56,118,54,228
14.06.2019,54,119,55,228
15.06.2019,54,119,55,228
16.06.2019,55,118,57,230
17.06.2019,55,119,56,230
18.06.2019,54,114,51,219
19.06.2019,54,112,50,216
20.06.2019,55,110,49,214
21.06.2019,55,105,50,210
22.06.2019,55,106,51,212
23.06.2019,55,107,53,215
24.06.2019,55,105,52,212
25.06.2019,53,108,53,214
26.06.2019,52,114,49,215
27.06.2019,52,116,48,216
28.06.2019,52,118,48,218
29.06.2019,52,118,50,220
30.06.2019,51,124,47,222
01.07.2019,49,127,48,224
02.07.2019,47,133,43,223
03.07.2019,49,129,46,224
04.07.2019,50,130,46,226
05.07.2019,51,127,46,224
06.07.2019,50,129,45,224
07.07.2019,49,131,45,225
08.07.2019,52,126,45,223
09.07.2019,47,129,50,226
10.07.2019,47,128,52,227
11.07.2019,49,130,51,230
12.07.2019,48,131,57,236
13.07.2019,48,134,54,236
14.07.2019,49,133,54,236
15.07.2019,53,129,54,236
16.07.2019,52,134,51,237
17.07.2019,54,132,55,241
18.07.2019,53,133,59,245
19.07.2019,54,131,56,241
20.07.2019,53,131,57,241
21.07.2019,50,134,56,240
22.07.2019,52,132,57,241
23.07.2019,52,127,54,233
24.07.2019,52,123,55,230
25.07.2019,53,122,56,231
26.07.2019,53,121,57,231
27.07.2019,53,122,57,232
28.07.2019,52,124,56,232
29.07.2019,50,127,57,234
30.07.2019,48,130,56,234
31.07.2019,48,128,53,229
01.08.2019,48,132,51,231
02.08.2019,48,132,48,228
03.08.2019,49,133,48,230
04.08.2019,48,133,49,230
05.08.2019,50,131,51,232
06.08.2019,48,129,49,226
07.08.2019,46,137,47,230
08.08.2019,45,138,45,228
09.08.2019,45,136,41,222
10.08.2019,45,138,40,223
11.08.2019,44,138,42,224
12.08.2019,45,138,42,225
13.08.2019,44,138,37,219
14.08.2019,44,134,35,213
15.08.2019,42,137,33,212
16.08.2019,44,134,36,214
17.08.2019,45,134,33,212
18.08.2019,42,136,33,211
19.08.2019,45,137,32,214
20.08.2019,45,139,34,218
21.08.2019,45,135,32,212
22.08.2019,46,129,33,208
23.08.2019,47,127,34,208
24.08.2019,47,127,34,208
25.08.2019,47,126,34,207
26.08.2019,43,127,39,209
27.08.2019,42,128,41,211
28.08.2019,44,132,39,215
29.08.2019,45,133,37,215
30.08.2019,49,127,39,215
31.08.2019,50,126,38,214
01.09.2019,51,126,38,215
02.09.2019,51,125,39,215
03.09.2019,48,126,39,213
04.09.2019,46,126,42,214
05.09.2019,45,124,43,212
06.09.2019,45,119,46,210
07.09.2019,46,116,46,208
08.09.2019,45,116,46,207
09.09.2019,45,113,45,203
10.09.2019,44,113,46,203
11.09.2019,45,112,43,200
12.09.2019,44,111,45,200
13.09.2019,46,108,45,199
14.09.2019,47,103,45,195
15.09.2019,45,105,45,195
16.09.2019,44,109,43,196
17.09.2019,42,109,44,195
18.09.2019,45,108,44,197
19.09.2019,47,109,43,199
20.09.2019,45,113,42,200
21.09.2019,45,112,42,199
22.09.2019,46,111,42,199
23.09.2019,44,113,42,199
24.09.2019,44,114,43,201
25.09.2019,45,109,43,197
26.09.2019,44,110,41,195
27.09.2019,46,108,41,195
28.09.2019,47,107,43,197
29.09.2019,48,108,44,200
30.09.2019,47,112,47,206
01.10.2019,47,111,46,204
02.10.2019,45,112,46,203
03.10.2019,43,120,47,210
04.10.2019,42,120,43,205
05.10.2019,42,121,42,205
06.10.2019,41,122,43,206
07.10.2019,42,122,41,205
08.10.2019,44,122,42,208
09.10.2019,45,120,45,210
10.10.2019,47,122,42,211
11.10.2019,49,122,41,212
12.10.2019,48,124,41,213
13.10.2019,50,124,39,213
14.10.2019,47,125,36,208
15.10.2019,47,123,36,206
16.10.2019,49,115,39,203
17.10.2019,46,114,44,204
18.10.2019,47,117,40,204
19.10.2019,46,118,40,204
20.10.2019,46,118,41,205
21.10.2019,46,122,37,205
22.10.2019,46,121,38,205
23.10.2019,49,116,39,204
24.10.2019,49,121,40,210
25.10.2019,50,125,41,216
26.10.2019,50,124,42,216
27.10.2019,47,126,40,213
28.10.2019,46,125,36,207
29.10.2019,50,124,37,211
30.10.2019,46,129,36,211
31.10.2019,47,127,39,213
01.11.2019,47,125,40,212
02.11.2019,48,124,42,214
03.11.2019,47,126,42,215
04.11.2019,44,130,43,217
05.11.2019,47,123,45,215
06.11.2019,48,125,43,216
07.11.2019,51,117,42,210
08.11.2019,51,117,41,209
09.11.2019,50,118,42,210
10.11.2019,52,114,45,211
11.11.2019,48,122,44,214
12.11.2019,47,122,44,213
13.11.2019,46,121,44,211
14.11.2019,46,118,44,208
15.11.2019,48,117,43,208
16.11.2019,47,119,43,209
17.11.2019,46,119,42,207
18.11.2019,46,117,47,210
19.11.2019,47,112,44,203
20.11.2019,50,105,42,197
21.11.2019,50,107,39,196
22.11.2019,49,106,36,191
23.11.2019,48,107,34,189
24.11.2019,47,108,33,188
25.11.2019,48,107,34,189
26.11.2019,50,106,38,194
27.11.2019,48,109,39,196
28.11.2019,47,109,36,192
29.11.2019,48,105,34,187
30.11.2019,48,105,34,187
01.12.2019,48,104,35,187
02.12.2019,48,101,36,185
03.12.2019,48,101,41,190
04.12.2019,50,99,37,186
05.12.2019,49,96,36,181
06.12.2019,48,96,34,178
07.12.2019,45,99,35,179
08.12.2019,45,99,34,178
09.12.2019,46,94,35,175
10.12.2019,48,95,32,175
11.12.2019,46,96,32,174
12.12.2019,46,98,32,176
13.12.2019,48,94,30,172
14.12.2019,46,95,30,171
15.12.2019,48,96,28,172
16.12.2019,52,90,28,170
17.12.2019,52,92,29,173
18.12.2019,50,94,28,172
19.12.2019,48,94,31,173
20.12.2019,46,95,31,172
21.12.2019,46,95,32,173
22.12.2019,45,95,33,173
23.12.2019,45,92,34,171
24.12.2019,43,93,30,166
25.12.2019,41,92,28,161
26.12.2019,40,92,31,163
27.12.2019,40,92,33,165
28.12.2019,39,92,34,165
29.12.2019,38,92,34,164
30.12.2019,37,94,30,161
31.12.2019,38,94,24,156
01.01.2020,39,91,24,154
02.01.2020,37,93,25,155
03.01.2020,37,91,25,153
04.01.2020,39,86,22,147
05.01.2020,39,86,22,147
06.01.2020,40,82,24,146
07.01.2020,41,79,30,150
08.01.2020,41,84,32,157
09.01.2020,40,84,30,154
10.01.2020,39,86,32,157
11.01.2020,40,84,31,155
12.01.2020,40,84,29,153
13.01.2020,41,83,28,152
14.01.2020,39,88,29,156
15.01.2020,39,87,30,156
16.01.2020,39,88,30,157
17.01.2020,37,91,30,158
18.01.2020,37,92,29,158
19.01.2020,37,92,29,158
20.01.2020,38,91,28,157
21.01.2020,38,93,26,157
22.01.2020,41,91,28,160
23.01.2020,43,87,26,156
24.01.2020,43,85,29,157
25.01.2020,42,86,28,156
26.01.2020,41,88,28,157
27.01.2020,38,92,27,157
28.01.2020,36,93,30,159
29.01.2020,35,96,31,162
30.01.2020,34,97,31,162
31.01.2020,33,97,34,164
01.02.2020,33,101,34,168
02.02.2020,33,101,35,169
03.02.2020,38,96,34,168
04.02.2020,37,98,35,170
05.02.2020,33,105,24,162
06.02.2020,33,104,25,162
07.02.2020,34,103,28,165
08.02.2020,35,102,27,164
09.02.2020,35,102,29,166
10.02.2020,39,98,27,164
11.02.2020,40,96,26,162
12.02.2020,38,99,25,162
13.02.2020,39,95,26,160
14.02.2020,37,100,25,162
15.02.2020,37,98,26,161
16.02.2020,37,98,27,162
17.02.2020,37,96,28,161
18.02.2020,36,97,29,162
19.02.2020,34,96,27,157
20.02.2020,36,94,28,158
21.02.2020,37,92,32,161
22.02.2020,37,92,32,161
23.02.2020,36,91,31,158
24.02.2020,35,92,31,158
25.02.2020,33,95,29,157
26.02.2020,34,95,29,158
27.02.2020,38,92,30,160
28.02.2020,36,95,31,162
29.02.2020,36,95,28,159
01.03.2020,36,94,31,161
02.03.2020,36,93,30,159
03.03.2020,36,92,31,159
04.03.2020,32,96,29,157
05.03.2020,35,93,31,159
06.03.2020,33,92,28,153
07.03.2020,32,93,29,154
08.03.2020,32,93,28,153
09.03.2020,32,90,30,152
10.03.2020,35,88,29,152
11.03.2020,35,89,29,153
12.03.2020,36,90,27,153
13.03.2020,32,93,27,152
14.03.2020,34,91,26,151
15.03.2020,34,90,26,150
16.03.2020,36,85,24,145
17.03.2020,36,85,25,146
18.03.2020,38,80,28,146
19.03.2020,41,81,25,147
20.03.2020,43,78,24,145
21.03.2020,42,79,24,145
22.03.2020,41,81,26,148
23.03.2020,41,82,28,151
24.03.2020,38,87,29,154
25.03.2020,37,91,27,155
26.03.2020,37,90,26,153
27.03.2020,39,85,24,148
28.03.2020,37,88,24,149
29.03.2020,38,85,22,145
30.03.2020,36,87,24,147
31.03.2020,37,88,24,149
01.04.2020,35,88,27,150
02.04.2020,37,82,25,144
03.04.2020,37,82,26,145
04.04.2020,38,81,24,143
05.04.2020,37,83,24,144
06.04.2020,43,79,23,145
07.04.2020,43,80,24,147
08.04.2020,43,81,26,150
09.04.2020,41,82,27,150
10.04.2020,40,86,27,153
11.04.2020,41,84,28,153
12.04.2020,40,84,28,152
13.04.2020,41,84,28,153
14.04.2020,41,84,29,154
15.04.2020,39,87,27,153
16.04.2020,41,87,27,155
17.04.2020,42,88,25,155
18.04.2020,42,89,24,155
19.04.2020,43,88,20,151
20.04.2020,42,91,20,153
21.04.2020,43,90,20,153
22.04.2020,41,92,19,152
23.04.2020,47,87,20,154
24.04.2020,50,85,25,160
25.04.2020,50,86,24,160
26.04.2020,51,85,24,160
27.04.2020,50,87,25,162
28.04.2020,51,87,23,161
29.04.2020,49,90,24,163
30.04.2020,52,88,27,167
01.05.2020,50,90,28,168
02.05.2020,50,91,28,169
03.05.2020,50,90,27,167
04.05.2020,53,89,26,168
05.05.2020,52,91,26,169
06.05.2020,50,96,26,172
07.05.2020,50,97,25,172
08.05.2020,50,96,24,170
09.05.2020,50,93,24,167
10.05.2020,50,93,23,166
11.05.2020,52,92,19,163
12.05.2020,52,93,19,164
13.05.2020,50,96,19,165
14.05.2020,52,91,19,162
15.05.2020,51,90,21,162
16.05.2020,50,90,21,161
17.05.2020,51,88,23,162
18.05.2020,50,91,22,163
19.05.2020,48,94,25,167
20.05.2020,50,93,24,167
21.05.2020,50,96,26,172
22.05.2020,52,95,26,173
23.05.2020,54,93,25,172
24.05.2020,54,93,26,173
25.05.2020,53,94,25,172
26.05.2020,55,94,23,172
27.05.2020,54,94,25,173
28.05.2020,53,94,25,172
29.05.2020,53,94,26,173
30.05.2020,52,97,27,176
31.05.2020,53,96,28,177
01.06.2020,53,94,29,176
02.06.2020,51,95,33,179
03.06.2020,52,92,32,176
04.06.2020,51,93,33,177
05.06.2020,53,95,30,178
06.06.2020,53,95,33,181
07.06.2020,52,96,33,181
08.06.2020,54,91,36,181
09.06.2020,54,94,35,183
10.06.2020,55,93,34,182
11.06.2020,53,95,33,181
12.06.2020,51,94,32,177
13.06.2020,51,93,32,176
14.06.2020,51,94,33,178
15.06.2020,51,93,33,177
16.06.2020,53,93,30,176
17.06.2020,54,90,29,173
18.06.2020,56,89,27,172
19.06.2020,56,83,28,167
20.06.2020,56,84,29,169
21.06.2020,56,85,29,170
22.06.2020,56,84,31,171
23.06.2020,57,87,30,174
24.06.2020,56,87,31,174
25.06.2020,53,92,26,171
26.06.2020,51,94,26,171
27.06.2020,50,94,26,170
28.06.2020,49,96,25,170
29.06.2020,49,94,24,167
30.06.2020,49,97,24,170
01.07.2020,51,96,23,170
02.07.2020,50,95,23,168
03.07.2020,53,90,23,166
04.07.2020,53,89,22,164
05.07.2020,54,88,22,164
06.07.2020,57,83,21,161
07.07.2020,54,83,19,156
08.07.2020,56,77,19,152
09.07.2020,57,78,19,154
10.07.2020,55,80,17,152
11.07.2020,55,79,18,152
12.07.2020,54,80,17,151
13.07.2020,53,80,20,153
14.07.2020,52,82,19,153
15.07.2020,53,80,21,154
16.07.2020,55,77,21,153
17.07.2020,53,77,24,154
18.07.2020,51,76,25,152
19.07.2020,51,76,24,151
20.07.2020,50,78,23,151
21.07.2020,52,77,25,154
22.07.2020,51,81,23,155
23.07.2020,50,80,24,154
24.07.2020,49,85,22,156
25.07.2020,49,83,21,153
26.07.2020,48,84,21,153
27.07.2020,49,81,21,151
28.07.2020,49,82,18,149
29.07.2020,49,81,17,147
30.07.2020,47,84,18,149
31.07.2020,49,83,16,148
01.08.2020,49,84,16,149
02.08.2020,49,85,16,150
03.08.2020,51,83,17,151
04.08.2020,49,83,17,149
05.08.2020,51,82,17,150
06.08.2020,51,79,19,149
07.08.2020,50,80,20,150
08.08.2020,50,80,21,151
09.08.2020,49,82,23,154
10.08.2020,49,81,27,157
11.08.2020,48,84,25,157
12.08.2020,47,82,26,155
13.08.2020,51,81,24,156
14.08.2020,53,81,24,158
15.08.2020,51,84,24,159
16.08.2020,52,83,24,159
17.08.2020,51,81,26,158
18.08.2020,53,78,24,155
19.08.2020,52,78,24,154
20.08.2020,51,78,27,156
21.08.2020,51,77,29,157
22.08.2020,50,81,28,159
23.08.2020,51,80,29,160
24.08.2020,52,79,32,163
25.08.2020,50,85,31,166
26.08.2020,49,84,31,164
27.08.2020,48,86,28,162
28.08.2020,51,82,30,163
29.08.2020,52,83,29,164
30.08.2020,52,83,29,164
31.08.2020,50,85,29,164
01.09.2020,52,83,30,165
02.09.2020,50,84,30,164
03.09.2020,52,82,31,165
04.09.2020,50,87,29,166
05.09.2020,50,85,29,164
06.09.2020,49,85,27,161
07.09.2020,50,83,24,157
08.09.2020,47,81,25,153
09.09.2020,46,85,27,158
10.09.2020,47,84,26,157
11.09.2020,48,80,24,152
12.09.2020,48,80,23,151
13.09.2020,47,80,24,151
14.09.2020,48,77,24,149
15.09.2020,50,75,27,152
16.09.2020,50,77,25,152
17.09.2020,47,78,25,150
18.09.2020,44,83,24,151
19.09.2020,45,81,24,150
20.09.2020,46,80,24,150
21.09.2020,46,81,21,148
22.09.2020,47,77,21,145
23.09.2020,47,78,19,144
24.09.2020,49,78,18,145
25.09.2020,53,73,19,145
26.09.2020,53,72,19,144
27.09.2020,52,73,19,144
28.09.2020,48,80,19,147
29.09.2020,49,79,20,148
30.09.2020,46,82,22,150
01.10.2020,46,82,19,147
02.10.2020,46,83,15,144
03.10.2020,46,83,16,145
04.10.2020,46,84,16,146
05.10.2020,46,84,16,146
06.10.2020,46,86,16,148
07.10.2020,44,88,17,149
08.10.2020,44,86,19,149
09.10.2020,44,86,18,148
10.10.2020,45,85,18,148
11.10.2020,45,85,16,146
12.10.2020,46,80,16,142
13.10.2020,47,79,14,140
14.10.2020,48,75,15,138
15.10.2020,46,77,15,138
16.10.2020,44,82,14,140
17.10.2020,43,83,14,140
18.10.2020,43,83,14,140
19.10.2020,43,83,14,140
20.10.2020,44,81,13,138
21.10.2020,45,78,13,136
22.10.2020,45,76,12,133
23.10.2020,46,72,13,131
24.10.2020,46,72,13,131
25.10.2020,45,73,13,131
26.10.2020,42,75,12,129
27.10.2020,43,72,11,126
28.10.2020,42,75,14,131
29.10.2020,42,77,16,135
30.10.2020,43,74,16,133
31.10.2020,43,72,17,132
01.11.2020,43,71,19,133
02.11.2020,43,71,19,133
03.11.2020,43,72,19,134
04.11.2020,42,71,17,130
05.11.2020,42,73,17,132
06.11.2020,44,72,25,141
07.11.2020,44,74,23,141
08.11.2020,43,72,23,138
09.11.2020,43,77,21,141
10.11.2020,42,77,20,139
11.11.2020,42,78,19,139
12.11.2020,41,82,21,144
13.11.2020,38,84,18,140
14.11.2020,39,83,19,141
15.11.2020,39,84,18,141
16.11.2020,41,83,21,145
17.11.2020,43,80,23,146
18.11.2020,46,77,23,146
19.11.2020,44,78,24,146
20.11.2020,44,83,22,149
21.11.2020,44,83,24,151
22.11.2020,43,84,24,151
23.11.2020,44,84,23,151
24.11.2020,46,82,24,152
25.11.2020,47,79,23,149
26.11.2020,46,81,19,146
27.11.2020,43,83,19,145
28.11.2020,41,85,19,145
29.11.2020,41,85,20,146
30.11.2020,43,85,19,147
01.12.2020,44,82,20,146
02.12.2020,42,85,22,149
03.12.2020,42,85,22,149
04.12.2020,43,86,20,149
05.12.2020,42,87,23,152
06.12.2020,43,90,22,155
07.12.2020,44,87,21,152
08.12.2020,43,87,22,152
09.12.2020,43,86,24,153
10.12.2020,44,88,20,152
11.12.2020,44,86,22,152
12.12.2020,45,83,22,150
13.12.2020,44,82,23,149
14.12.2020,42,83,23,148
15.12.2020,43,80,25,148
16.12.2020,43,81,26,150
17.12.2020,39,86,25,150
18.12.2020,39,84,23,146
19.12.2020,41,84,20,145
20.12.2020,41,83,20,144
21.12.2020,43,81,20,144
22.12.2020,45,80,22,147
23.12.2020,44,76,21,141
24.12.2020,44,74,22,140
25.12.2020,45,73,21,139
26.12.2020,43,74,21,138
27.12.2020,43,74,22,139
28.12.2020,43,72,22,137
29.12.2020,41,71,21,133
30.12.2020,41,69,20,130
31.12.2020,41,65,22,128
01.01.2021,42,64,22,128
02.01.2021,41,65,21,127
03.01.2021,43,64,21,128
04.01.2021,43,66,21,130
05.01.2021,42,66,20,128
06.01.2021,42,64,17,123
07.01.2021,40,61,20,121
08.01.2021,41,60,18,119
09.01.2021,42,59,18,119
10.01.2021,41,60,18,119
11.01.2021,42,57,17,116
12.01.2021,40,58,19,117
13.01.2021,41,56,18,115
14.01.2021,39,54,18,111
15.01.2021,39,58,18,115
16.01.2021,39,57,18,114
17.01.2021,39,57,18,114
18.01.2021,42,59,17,118
19.01.2021,45,57,16,118
20.01.2021,45,60,18,123
21.01.2021,47,59,17,123
22.01.2021,48,58,17,123
23.01.2021,46,61,17,124
24.01.2021,46,61,16,123
25.01.2021,47,58,17,122
26.01.2021,49,53,20,122
27.01.2021,51,51,21,123
28.01.2021,45,56,22,123
29.01.2021,45,58,22,125
30.01.2021,44,59,23,126
31.01.2021,46,59,19,124
01.02.2021,46,59,19,124
02.02.2021,42,63,17,122
03.02.2021,43,67,15,125
04.02.2021,44,68,13,125
05.02.2021,46,68,15,129
06.02.2021,46,68,15,129
07.02.2021,45,71,16,132
08.02.2021,44,72,18,134
09.02.2021,45,75,16,136
10.02.2021,43,77,14,134
11.02.2021,41,81,14,136
12.02.2021,40,82,13,135
13.02.2021,41,81,13,135
14.02.2021,40,82,14,136
15.02.2021,38,82,14,134
16.02.2021,39,79,16,134
17.02.2021,40,79,15,134
18.02.2021,43,77,17,137
19.02.2021,42,79,16,137
20.02.2021,43,79,15,137
21.02.2021,43,81,15,139
22.02.2021,45,79,14,138
23.02.2021,47,77,13,137
24.02.2021,49,73,15,137
25.02.2021,44,78,15,137
26.02.2021,41,81,13,135
27.02.2021,41,81,14,136
28.02.2021,41,80,14,135
01.03.2021,40,82,14,136
02.03.2021,37,81,14,132
03.03.2021,37,79,14,130
04.03.2021,39,80,14,133
05.03.2021,35,79,14,128
06.03.2021,36,77,14,127
07.03.2021,36,76,13,125
08.03.2021,33,77,13,123
09.03.2021,34,80,10,124
10.03.2021,37,73,12,122
11.03.2021,36,70,13,119
12.03.2021,37,73,13,123
13.03.2021,36,73,13,122
14.03.2021,34,75,13,122
15.03.2021,35,75,13,123
16.03.2021,37,73,13,123
17.03.2021,39,75,10,124
18.03.2021,42,72,11,125
19.03.2021,39,74,12,125
20.03.2021,40,74,12,126
21.03.2021,40,75,11,126
22.03.2021,40,76,12,128
23.03.2021,46,71,10,127
24.03.2021,46,71,10,127
25.03.2021,45,74,9,128
26.03.2021,43,75,9,127
27.03.2021,43,74,9,126
28.03.2021,43,74,9,126
29.03.2021,43,73,10,126
30.03.2021,43,66,12,121
31.03.2021,43,67,15,125
01.04.2021,43,67,16,126
02.04.2021,41,71,16,128
03.04.2021,41,70,18,129
04.04.2021,41,70,21,132
05.04.2021,43,69,21,133
06.04.2021,43,70,22,135
07.04.2021,40,75,21,136
08.04.2021,40,76,20,136
09.04.2021,43,73,20,136
10.04.2021,44,72,21,137
11.04.2021,42,74,21,137
12.04.2021,41,75,21,137
13.04.2021,43,73,22,138
14.04.2021,45,70,23,138
15.04.2021,44,72,24,140
16.04.2021,42,73,22,137
17.04.2021,44,71,24,139
18.04.2021,44,70,23,137
19.04.2021,47,66,26,139
20.04.2021,50,63,25,138
21.04.2021,50,63,25,138
22.04.2021,51,59,24,134
23.04.2021,48,61,24,133
24.04.2021,49,61,25,135
25.04.2021,49,61,26,136
26.04.2021,50,59,30,139
27.04.2021,49,60,27,136
28.04.2021,49,60,27,136
29.04.2021,46,63,27,136
30.04.2021,47,63,27,137
01.05.2021,47,61,26,134
02.05.2021,47,61,23,131
03.05.2021,48,60,25,133
04.05.2021,48,61,23,132
05.05.2021,45,62,22,129
06.05.2021,45,59,25,129
07.05.2021,45,57,25,127
08.05.2021,45,57,23,125
09.05.2021,44,59,22,125
10.05.2021,44,59,20,123
11.05.2021,46,57,20,123
12.05.2021,46,59,22,127
13.05.2021,45,61,18,124
14.05.2021,45,62,18,125
15.05.2021,44,63,17,124
16.05.2021,45,62,17,124
17.05.2021,45,62,17,124
18.05.2021,48,59,21,128
19.05.2021,46,62,20,128
20.05.2021,49,58,21,128
21.05.2021,48,60,25,133
22.05.2021,49,60,23,132
23.05.2021,49,60,23,132
24.05.2021,49,59,20,128
25.05.2021,47,62,21,130
26.05.2021,48,61,23,132
27.05.2021,48,61,23,132
28.05.2021,50,60,22,132
29.05.2021,50,58,22,130
30.05.2021,50,58,22,130
31.05.2021,49,58,22,129
01.06.2021,47,60,22,129
02.06.2021,47,61,21,129
03.06.2021,47,61,24,132
04.06.2021,48,61,19,128
05.06.2021,49,58,19,126
06.06.2021,47,58,19,124
07.06.2021,44,60,20,124
08.06.2021,46,57,21,124
09.06.2021,44,60,19,123
10.06.2021,43,62,17,122
11.06.2021,44,60,21,125
12.06.2021,43,62,22,127
13.06.2021,43,62,23,128
14.06.2021,42,62,22,126
15.06.2021,42,63,23,128
16.06.2021,41,62,22,125
17.06.2021,46,56,25,127
18.06.2021,44,57,22,123
19.06.2021,44,56,24,124
20.06.2021,44,56,24,124
21.06.2021,40,64,22,126
22.06.2021,38,65,23,126
23.06.2021,39,67,20,126
24.06.2021,40,66,24,130
25.06.2021,42,61,23,126
26.06.2021,43,58,24,125
27.06.2021,43,58,24,125
28.06.2021,41,60,25,126
29.06.2021,40,63,28,131
30.06.2021,39,66,27,132
01.07.2021,39,66,26,131
02.07.2021,37,63,27,127
03.07.2021,38,64,27,129
04.07.2021,38,64,27,129
05.07.2021,35,66,27,128
06.07.2021,35,66,25,126
07.07.2021,35,64,25,124
08.07.2021,34,65,25,124
09.07.2021,34,66,22,122
10.07.2021,33,64,21,118
11.07.2021,33,64,20,117
12.07.2021,32,64,21,117
13.07.2021,34,61,21,116
14.07.2021,33,62,22,117
15.07.2021,34,62,23,119
16.07.2021,33,63,24,120
17.07.2021,34,62,23,119
18.07.2021,34,61,23,118
19.07.2021,33,60,25,118
20.07.2021,34,61,24,119
21.07.2021,33,58,25,116
22.07.2021,34,55,24,113
23.07.2021,34,57,24,115
24.07.2021,34,58,24,116
25.07.2021,34,59,24,117
26.07.2021,32,60,23,115
27.07.2021,32,59,20,111
28.07.2021,30,59,19,108
29.07.2021,31,57,20,108
30.07.2021,32,59,18,109
31.07.2021,33,59,20,112
01.08.2021,33,58,21,112
02.08.2021,31,60,24,115
03.08.2021,31,61,24,116
04.08.2021,28,63,26,117
05.08.2021,27,65,26,118
06.08.2021,29,62,26,117
07.08.2021,29,62,27,118
08.08.2021,29,62,28,119
09.08.2021,29,61,27,117
10.08.2021,29,61,26,116
11.08.2021,30,57,26,113
12.08.2021,27,59,28,114
13.08.2021,28,58,26,112
14.08.2021,27,57,27,111
15.08.2021,28,56,27,111
16.08.2021,26,58,23,107
17.08.2021,28,55,23,106
18.08.2021,28,54,26,108
19.08.2021,29,54,27,110
20.08.2021,27,54,30,111
21.08.2021,28,53,29,110
22.08.2021,29,51,32,112
23.08.2021,29,52,33,114
24.08.2021,27,55,33,115
25.08.2021,27,52,34,113
26.08.2021,28,50,34,112
27.08.2021,28,47,36,111
28.08.2021,29,45,34,108
29.08.2021,29,47,34,110
30.08.2021,30,48,30,108
31.08.2021,29,48,31,108
01.09.2021,30,49,30,109
02.09.2021,29,49,28,106
03.09.2021,27,50,29,106
04.09.2021,31,46,29,106
05.09.2021,29,48,29,106
06.09.2021,29,48,28,105
07.09.2021,30,48,28,106
08.09.2021,31,50,29,110
09.09.2021,30,54,29,113
10.09.2021,30,53,29,112
11.09.2021,30,53,30,113
12.09.2021,30,53,30,113
13.09.2021,31,52,30,113
14.09.2021,30,54,30,114
15.09.2021,30,53,28,111
16.09.2021,29,52,23,104
17.09.2021,28,53,21,102
18.09.2021,27,54,21,102
19.09.2021,27,54,18,99
20.09.2021,27,56,16,99
21.09.2021,25,59,15,99
22.09.2021,24,63,15,102
23.09.2021,23,63,15,101
24.09.2021,24,60,15,99
25.09.2021,24,60,16,100
26.09.2021,24,59,16,99
27.09.2021,26,57,16,99
28.09.2021,25,58,16,99
29.09.2021,27,54,16,97
30.09.2021,26,54,17,97
01.10.2021,26,56,18,100
02.10.2021,28,54,18,100
03.10.2021,26,55,18,99
04.10.2021,27,53,18,98
05.10.2021,27,52,18,97
06.10.2021,28,52,17,97
07.10.2021,28,51,15,94
08.10.2021,27,51,16,94
09.10.2021,27,51,17,95
10.10.2021,27,51,17,95
11.10.2021,25,50,19,94
12.10.2021,25,51,18,94
13.10.2021,26,54,19,99
14.10.2021,28,53,22,103
15.10.2021,26,54,29,109
16.10.2021,27,54,29,110
17.10.2021,27,55,27,109
18.10.2021,28,54,29,111
19.10.2021,29,53,30,112
20.10.2021,29,54,30,113
21.10.2021,29,58,29,116
22.10.2021,29,58,31,118
23.10.2021,29,59,30,118
24.10.2021,29,60,31,120
25.10.2021,29,59,30,118
26.10.2021,28,60,29,117
27.10.2021,28,59,30,117
28.10.2021,27,62,31,120
29.10.2021,31,58,28,117
30.10.2021,31,59,28,118
31.10.2021,30,60,29,119
01.11.2021,28,61,29,118
02.11.2021,28,62,31,121
03.11.2021,29,65,30,124
04.11.2021,30,64,31,125
05.11.2021,30,63,31,124
06.11.2021,30,63,31,124
07.11.2021,30,63,31,124
08.11.2021,30,65,29,124
09.11.2021,31,64,29,124
10.11.2021,30,66,27,123
11.11.2021,31,62,26,119
12.11.2021,31,63,22,116
13.11.2021,31,63,22,116
14.11.2021,31,60,23,114
15.11.2021,30,63,25,118
16.11.2021,30,64,24,118
17.11.2021,30,63,25,118
18.11.2021,29,62,26,117
19.11.2021,27,66,26,119
20.11.2021,27,64,27,118
21.11.2021,27,61,28,116
22.11.2021,28,62,30,120
23.11.2021,28,64,30,122
24.11.2021,27,67,29,123
25.11.2021,26,67,25,118
26.11.2021,27,63,26,116
27.11.2021,26,63,27,116
28.11.2021,26,63,26,115
29.11.2021,25,67,25,117
30.11.2021,22,69,26,117
01.12.2021,23,69,29,121
02.12.2021,23,70,34,127
03.12.2021,21,75,30,126
04.12.2021,20,76,30,126
05.12.2021,21,75,30,126
06.12.2021,23,75,26,124
07.12.2021,26,74,29,129
08.12.2021,25,76,25,126
09.12.2021,25,76,26,127
10.12.2021,28,72,27,127
11.12.2021,25,77,27,129
12.12.2021,26,75,28,129
13.12.2021,27,73,26,126
14.12.2021,30,70,24,124
15.12.2021,29,71,25,125
16.12.2021,29,72,28,129
17.12.2021,28,76,27,131
18.12.2021,28,77,27,132
19.12.2021,28,78,26,132
20.12.2021,27,81,23,131
21.12.2021,27,78,25,130
22.12.2021,26,81,25,132
23.12.2021,24,81,26,131
24.12.2021,26,80,25,131
25.12.2021,25,81,25,131
26.12.2021,24,82,25,131
27.12.2021,21,85,26,132
28.12.2021,20,84,29,133
29.12.2021,21,79,27,127
30.12.2021,22,75,27,124
31.12.2021,22,72,27,121
01.01.2022,21,72,27,120
02.01.2022,22,71,27,120
03.01.2022,23,67,28,118
04.01.2022,23,70,24,117
05.01.2022,23,70,27,120
06.01.2022,22,69,26,117
07.01.2022,26,63,25,114
08.01.2022,23,66,26,115
09.01.2022,22,67,24,113
10.01.2022,22,69,24,115
11.01.2022,24,65,29,118
12.01.2022,23,69,29,121
13.01.2022,22,71,29,122
14.01.2022,25,67,30,122
15.01.2022,24,68,30,122
16.01.2022,24,68,33,125
17.01.2022,23,69,34,126
18.01.2022,23,70,32,125
19.01.2022,22,72,32,126
20.01.2022,22,72,32,126
21.01.2022,21,72,31,124
22.01.2022,21,72,31,124
23.01.2022,21,72,30,123
24.01.2022,21,70,28,119
25.01.2022,19,74,27,120
26.01.2022,21,74,30,125
27.01.2022,23,74,31,128
28.01.2022,23,75,31,129
29.01.2022,22,76,31,129
30.01.2022,24,78,33,135
31.01.2022,25,78,36,139
01.02.2022,25,74,35,134
02.02.2022,25,74,34,133
03.02.2022,27,72,35,134
04.02.2022,28,70,35,133
05.02.2022,28,70,37,135
06.02.2022,28,70,38,136
07.02.2022,31,69,37,137
08.02.2022,30,72,35,137
09.02.2022,29,70,36,135
10.02.2022,29,71,35,135
11.02.2022,29,72,33,134
12.02.2022,29,72,33,134
13.02.2022,28,75,32,135
14.02.2022,27,72,32,131
15.02.2022,28,73,33,134
16.02.2022,29,70,31,130
17.02.2022,29,70,39,138
18.02.2022,28,76,36,140
19.02.2022,28,79,33,140
20.02.2022,28,80,31,139
21.02.2022,30,77,31,138
22.02.2022,26,81,34,141
23.02.2022,28,79,33,140
24.02.2022,28,80,31,139
25.02.2022,26,78,32,136
26.02.2022,27,77,32,136
27.02.2022,26,74,33,133
28.02.2022,27,74,32,133
01.03.2022,22,77,33,132
02.03.2022,22,75,35,132
03.03.2022,23,74,34,131
04.03.2022,22,74,35,131
05.03.2022,22,75,35,132
06.03.2022,22,74,36,132
07.03.2022,26,72,34,132
08.03.2022,27,69,34,130
09.03.2022,24,71,33,128
10.03.2022,24,72,36,132
11.03.2022,24,72,37,133
12.03.2022,23,74,37,134
13.03.2022,22,75,36,133
14.03.2022,22,75,38,135
15.03.2022,22,76,34,132
16.03.2022,23,74,34,131
17.03.2022,25,73,34,132
18.03.2022,28,73,34,135
19.03.2022,30,71,34,135
20.03.2022,29,73,33,135
21.03.2022,30,73,35,138
22.03.2022,25,75,31,131
23.03.2022,26,74,31,131
24.03.2022,27,70,30,127
25.03.2022,27,71,29,127
26.03.2022,27,75,26,128
27.03.2022,26,76,26,128
28.03.2022,28,73,29,130
29.03.2022,25,76,29,130
30.03.2022,28,74,27,129
31.03.2022,28,72,28,128
01.04.2022,26,74,32,132
02.04.2022,27,75,34,136
03.04.2022,27,75,32,134
04.04.2022,29,71,32,132
05.04.2022,29,68,31,128
06.04.2022,29,70,32,131
07.04.2022,29,72,27,128
08.04.2022,30,72,30,132
09.04.2022,30,71,29,130
10.04.2022,31,72,30,133
11.04.2022,32,72,30,134
12.04.2022,32,69,31,132
13.04.2022,33,67,34,134
14.04.2022,32,69,36,137
15.04.2022,34,69,35,138
16.04.2022,34,69,36,139
17.04.2022,34,70,35,139
18.04.2022,34,73,36,143
19.04.2022,34,75,35,144
20.04.2022,33,74,37,144
21.04.2022,33,75,38,146
22.04.2022,32,74,37,143
23.04.2022,33,72,39,144
24.04.2022,32,73,37,142
25.04.2022,33,73,33,139
26.04.2022,30,74,35,139
27.04.2022,31,73,35,139
28.04.2022,31,72,38,141
29.04.2022,31,71,39,141
30.04.2022,31,69,38,138
01.05.2022,31,71,36,138
02.05.2022,32,69,34,135
03.05.2022,33,69,35,137
04.05.2022,31,69,37,137
05.05.2022,32,67,38,137
06.05.2022,32,68,34,134
07.05.2022,31,69,34,134
08.05.2022,32,66,33,131
09.05.2022,32,63,31,126
10.05.2022,32,64,29,125
11.05.2022,33,63,31,127
12.05.2022,33,62,31,126
13.05.2022,32,63,30,125
14.05.2022,33,62,31,126
15.05.2022,33,63,31,127
16.05.2022,33,64,30,127
17.05.2022,33,63,31,127
18.05.2022,33,63,31,127
19.05.2022,31,65,31,127
20.05.2022,30,66,32,128
21.05.2022,30,67,31,128
22.05.2022,30,66,30,126
23.05.2022,31,66,32,129
24.05.2022,32,66,30,128
25.05.2022,33,67,34,134
26.05.2022,33,65,30,128
27.05.2022,31,69,27,127
28.05.2022,31,68,29,128
29.05.2022,32,68,28,128
30.05.2022,33,69,30,132
31.05.2022,33,70,32,135
01.06.2022,32,70,30,132
02.06.2022,31,68,29,128
03.06.2022,34,65,27,126
04.06.2022,34,65,27,126
05.06.2022,34,63,28,125
06.06.2022,33,64,30,127
07.06.2022,32,65,29,126
08.06.2022,34,62,28,124
09.06.2022,32,59,28,119
10.06.2022,32,59,27,118
11.06.2022,33,59,25,117
12.06.2022,34,58,26,118
13.06.2022,34,58,27,119
14.06.2022,33,60,30,123
15.06.2022,33,62,28,123
16.06.2022,31,65,30,126
17.06.2022,31,62,32,125
18.06.2022,31,62,32,125
19.06.2022,31,62,34,127
20.06.2022,31,62,34,127
21.06.2022,32,64,32,128
22.06.2022,30,62,33,125
23.06.2022,29,63,35,127
24.06.2022,28,64,33,125
25.06.2022,28,64,32,124
26.06.2022,29,64,31,124
27.06.2022,27,68,29,124
28.06.2022,28,67,28,123
29.06.2022,28,70,28,126
30.06.2022,28,72,28,128
01.07.2022,31,68,29,128
02.07.2022,31,70,30,131
03.07.2022,31,71,30,132
04.07.2022,31,75,28,134
05.07.2022,31,77,30,138
06.07.2022,31,80,28,139
07.07.2022,32,80,29,141
08.07.2022,32,81,29,142
09.07.2022,34,77,29,140
10.07.2022,34,78,28,140
11.07.2022,34,77,28,139
12.07.2022,33,79,24,136
13.07.2022,34,78,31,143
14.07.2022,35,81,29,145
15.07.2022,36,82,32,150
16.07.2022,34,83,31,148
17.07.2022,34,83,29,146
18.07.2022,33,84,29,146
19.07.2022,32,88,30,150
20.07.2022,34,88,28,150
21.07.2022,35,83,31,149
22.07.2022,33,84,34,151
23.07.2022,32,87,35,154
24.07.2022,33,85,34,152
25.07.2022,37,79,34,150
26.07.2022,36,80,32,148
27.07.2022,38,76,32,146
28.07.2022,39,75,31,145
29.07.2022,42,72,31,145
30.07.2022,44,70,29,143
31.07.2022,44,69,29,142
01.08.2022,41,73,28,142
02.08.2022,38,74,26,138
03.08.2022,41,67,29,137
04.08.2022,42,68,30,140
05.08.2022,42,70,27,139
06.08.2022,41,71,28,140
07.08.2022,42,68,29,139
08.08.2022,42,67,34,143
09.08.2022,43,65,35,143
10.08.2022,42,66,30,138
11.08.2022,43,60,30,133
12.08.2022,44,57,28,129
13.08.2022,43,60,30,133
14.08.2022,43,62,31,136
15.08.2022,43,63,30,136
16.08.2022,41,66,32,139
17.08.2022,43,67,30,140
18.08.2022,45,64,30,139
19.08.2022,44,64,29,137
20.08.2022,43,65,28,136
21.08.2022,44,65,28,137
22.08.2022,46,67,29,142
23.08.2022,42,75,28,145
24.08.2022,43,71,29,143
25.08.2022,44,69,31,144
26.08.2022,45,69,31,145
27.08.2022,46,68,33,147
28.08.2022,46,68,34,148
29.08.2022,44,73,33,150
30.08.2022,44,75,32,151
31.08.2022,44,76,32,152
01.09.2022,44,76,29,149
02.09.2022,45,76,31,152
03.09.2022,44,77,30,151
04.09.2022,45,76,30,151
05.09.2022,44,77,26,147
06.09.2022,44,79,23,146
07.09.2022,42,83,24,149
08.09.2022,42,82,23,147
09.09.2022,43,81,27,151
10.09.2022,42,82,26,150
11.09.2022,43,76,25,144
12.09.2022,42,81,21,144
13.09.2022,39,81,16,136
14.09.2022,42,80,17,139
15.09.2022,44,75,20,139
16.09.2022,42,78,20,140
17.09.2022,41,79,19,139
18.09.2022,42,78,19,139
19.09.2022,43,77,17,137
20.09.2022,42,74,18,134
21.09.2022,43,73,20,136
22.09.2022,43,76,19,138
23.09.2022,44,73,21,138
24.09.2022,45,72,23,140
25.09.2022,46,71,22,139
26.09.2022,45,74,20,139
27.09.2022,46,72,20,138
28.09.2022,45,68,21,134
29.09.2022,44,71,19,134
30.09.2022,44,72,18,134
01.10.2022,45,72,18,135
02.10.2022,45,71,19,135
03.10.2022,45,74,18,137
04.10.2022,45,74,22,141
05.10.2022,45,76,19,140
06.10.2022,44,79,17,140
07.10.2022,47,79,15,141
08.10.2022,48,79,16,143
09.10.2022,49,80,14,143
10.10.2022,49,77,17,143
11.10.2022,52,74,19,145
12.10.2022,51,73,20,144
13.10.2022,49,74,21,144
14.10.2022,48,77,21,146
15.10.2022,49,78,20,147
16.10.2022,50,77,21,148
17.10.2022,49,79,22,150
18.10.2022,49,79,21,149
19.10.2022,49,79,20,148
20.10.2022,50,76,21,147
21.10.2022,49,75,23,147
22.10.2022,49,76,19,144
23.10.2022,49,76,20,145
24.10.2022,48,75,23,146
25.10.2022,46,79,19,144
26.10.2022,45,82,18,145
27.10.2022,46,83,21,150
28.10.2022,45,84,23,152
29.10.2022,44,84,23,151
30.10.2022,44,84,26,154
31.10.2022,45,81,26,152
01.11.2022,46,80,24,150
02.11.2022,49,79,22,150
03.11.2022,47,78,24,149
04.11.2022,47,80,21,148
05.11.2022,47,79,23,149
06.11.2022,48,78,23,149
07.11.2022,47,80,20,147
08.11.2022,49,76,19,144
09.11.2022,49,79,19,147
10.11.2022,49,80,21,150
11.11.2022,49,77,23,149
12.11.2022,49,75,24,148
13.11.2022,49,73,23,145
14.11.2022,47,74,28,149
15.11.2022,47,74,26,147
16.11.2022,46,74,28,148
17.11.2022,47,77,25,149
18.11.2022,46,81,23,150
19.11.2022,46,81,26,153
20.11.2022,46,81,26,153
21.11.2022,47,82,23,152
22.11.2022,46,82,24,152
23.11.2022,47,80,25,152
24.11.2022,47,78,23,148
25.11.2022,46,79,25,150
26.11.2022,46,80,27,153
27.11.2022,47,78,25,150
28.11.2022,48,79,24,151
29.11.2022,49,81,21,151
30.11.2022,49,79,24,152
01.12.2022,48,80,25,153
02.12.2022,49,77,24,150
03.12.2022,49,77,25,151
04.12.2022,49,78,24,151
05.12.2022,46,80,24,150
06.12.2022,47,79,25,151
07.12.2022,45,77,24,146
08.12.2022,46,73,22,141
09.12.2022,46,72,19,137
10.12.2022,47,71,19,137
11.12.2022,48,70,20,138
12.12.2022,46,70,23,139
13.12.2022,46,70,23,139
14.12.2022,44,70,23,137
15.12.2022,44,68,21,133
16.12.2022,42,71,21,134
17.12.2022,42,71,22,135
18.12.2022,42,71,22,135
19.12.2022,42,69,24,135
20.12.2022,41,69,22,132
21.12.2022,44,63,22,129
22.12.2022,44,64,22,130
23.12.2022,43,65,21,129
24.12.2022,43,65,21,129
25.12.2022,43,64,21,128
26.12.2022,43,62,22,127
27.12.2022,43,61,21,125
28.12.2022,42,62,19,123
29.12.2022,44,57,17,118
30.12.2022,41,61,19,121
31.12.2022,41,60,18,119
01.01.2023,41,62,18,121
02.01.2023,39,64,18,121
03.01.2023,39,60,18,117
04.01.2023,40,60,17,117
05.01.2023,41,59,16,116
06.01.2023,40,59,17,116
07.01.2023,39,59,17,115
08.01.2023,39,58,17,114
09.01.2023,38,62,15,115
10.01.2023,38,63,16,117
11.01.2023,37,61,17,115
12.01.2023,37,60,19,116
13.01.2023,36,63,17,116
14.01.2023,37,62,19,118
15.01.2023,37,63,19,119
16.01.2023,38,60,19,117
17.01.2023,35,65,20,120
18.01.2023,38,60,20,118
19.01.2023,37,60,22,119
20.01.2023,36,62,22,120
21.01.2023,36,62,20,118
22.01.2023,36,62,20,118
23.01.2023,35,66,19,120
24.01.2023,33,66,20,119
25.01.2023,35,65,22,122
26.01.2023,34,70,24,128
27.01.2023,35,69,23,127
28.01.2023,36,70,25,131
29.01.2023,35,70,27,132
30.01.2023,32,74,28,134
31.01.2023,34,72,27,133
01.02.2023,34,74,27,135
02.02.2023,33,75,28,136
03.02.2023,35,74,29,138
04.02.2023,37,73,29,139
05.02.2023,38,73,28,139
06.02.2023,39,71,28,138
07.02.2023,39,72,29,140
08.02.2023,39,71,29,139
09.02.2023,38,72,28,138
10.02.2023,40,68,30,138
11.02.2023,41,68,29,138
12.02.2023,40,68,29,137
13.02.2023,39,66,31,136
14.02.2023,37,69,33,139
15.02.2023,37,72,33,142
16.02.2023,38,72,34,144
17.02.2023,39,72,31,142
18.02.2023,38,72,33,143
19.02.2023,38,74,35,147
20.02.2023,36,78,34,148
21.02.2023,35,79,34,148
22.02.2023,37,77,33,147
23.02.2023,38,76,32,146
24.02.2023,36,78,33,147
25.02.2023,35,75,32,142
26.02.2023,35,76,31,142
27.02.2023,35,78,28,141
28.02.2023,33,84,29,146
01.03.2023,33,86,30,149
02.03.2023,34,88,27,149
03.03.2023,35,88,24,147
04.03.2023,36,88,22,146
05.03.2023,35,88,24,147
06.03.2023,35,87,23,145
07.03.2023,37,83,23,143
08.03.2023,36,86,24,146
09.03.2023,36,85,29,150
10.03.2023,37,87,28,152
11.03.2023,38,87,25,150
12.03.2023,37,88,25,150
13.03.2023,36,87,27,150
14.03.2023,35,88,28,151
15.03.2023,37,86,26,149
16.03.2023,36,86,22,144
17.03.2023,38,83,24,145
18.03.2023,38,81,26,145
19.03.2023,38,82,23,143
20.03.2023,39,82,23,144
21.03.2023,37,87,25,149
22.03.2023,38,86,26,150
23.03.2023,39,86,25,150
24.03.2023,39,87,26,152
25.03.2023,38,87,25,150
26.03.2023,39,86,22,147
27.03.2023,39,84,25,148
28.03.2023,36,84,27,147
29.03.2023,36,85,27,148
30.03.2023,38,81,27,146
31.03.2023,37,80,27,144
01.04.2023,38,80,28,146
02.04.2023,38,79,28,145
03.04.2023,40,75,29,144
04.04.2023,43,68,29,140
05.04.2023,42,70,30,142
06.04.2023,42,69,28,139
07.04.2023,42,66,26,134
08.04.2023,41,67,26,134
09.04.2023,41,67,26,134
10.04.2023,41,69,27,137
11.04.2023,42,68,25,135
12.04.2023,45,68,27,140
13.04.2023,45,70,27,142
14.04.2023,44,70,26,140
15.04.2023,44,71,26,141
16.04.2023,44,70,26,140
17.04.2023,43,70,27,140
18.04.2023,44,66,27,137
19.04.2023,44,67,23,134
20.04.2023,44,66,23,133
21.04.2023,46,61,21,128
22.04.2023,45,62,21,128
23.04.2023,47,61,21,129
24.04.2023,45,67,18,130
25.04.2023,41,72,18,131
26.04.2023,42,71,20,133
27.04.2023,42,70,20,132
28.04.2023,41,69,22,132
29.04.2023,41,69,21,131
30.04.2023,41,68,22,131
01.05.2023,40,69,22,131
02.05.2023,45,64,24,133
03.05.2023,45,62,25,132
04.05.2023,43,64,27,134
05.05.2023,44,67,25,136
06.05.2023,43,68,25,136
07.05.2023,41,70,25,136
08.05.2023,41,72,23,136
09.05.2023,44,70,22,136
10.05.2023,46,65,23,134
11.05.2023,47,63,21,131
12.05.2023,45,67,20,132
13.05.2023,46,66,20,132
14.05.2023,45,67,20,132
15.05.2023,46,70,19,135
16.05.2023,46,69,17,132
17.05.2023,46,68,20,134
18.05.2023,46,68,20,134
19.05.2023,47,67,20,134
20.05.2023,48,67,21,136
21.05.2023,48,67,21,136
22.05.2023,46,68,20,134
23.05.2023,46,65,20,131
24.05.2023,45,66,17,128
25.05.2023,44,68,18,130
26.05.2023,43,70,17,130
27.05.2023,44,69,17,130
28.05.2023,44,69,19,132
29.05.2023,42,73,16,131
30.05.2023,45,72,16,133
31.05.2023,45,73,15,133
01.06.2023,45,72,16,133
02.06.2023,46,70,17,133
03.06.2023,45,72,17,134
04.06.2023,42,77,16,135
05.06.2023,41,78,17,136
06.06.2023,43,76,17,136
07.06.2023,46,73,16,135
08.06.2023,45,75,16,136
09.06.2023,45,74,19,138
10.06.2023,45,73,20,138
11.06.2023,46,72,21,139
12.06.2023,47,73,22,142
13.06.2023,45,77,23,145
14.06.2023,46,74,21,141
15.06.2023,47,72,21,140
16.06.2023,48,71,20,139
17.06.2023,48,71,21,140
18.06.2023,48,69,21,138
19.06.2023,44,74,21,139
20.06.2023,45,73,24,142
21.06.2023,42,80,21,143
22.06.2023,40,79,21,140
23.06.2023,39,81,21,141
24.06.2023,41,79,21,141
25.06.2023,40,80,21,141
26.06.2023,40,77,21,138
27.06.2023,41,74,18,133
28.06.2023,42,72,19,133
29.06.2023,42,74,20,136
30.06.2023,42,75,19,136
01.07.2023,41,76,19,136
02.07.2023,39,77,20,136
03.07.2023,39,74,20,133
04.07.2023,39,72,19,130
05.07.2023,37,71,22,130
06.07.2023,35,74,23,132
07.07.2023,34,77,21,132
08.07.2023,34,77,20,131
09.07.2023,35,76,19,130
10.07.2023,35,74,19,128
11.07.2023,34,75,18,127
12.07.2023,35,73,18,126
13.07.2023,34,72,18,124
14.07.2023,33,73,18,124
15.07.2023,34,74,17,125
16.07.2023,34,74,17,125
17.07.2023,33,75,17,125
18.07.2023,34,68,17,119
19.07.2023,32,63,17,112
20.07.2023,34,58,16,108
21.07.2023,33,57,16,106
22.07.2023,34,56,19,109
23.07.2023,35,55,19,109
24.07.2023,34,56,19,109
25.07.2023,34,54,20,108
26.07.2023,31,59,17,107
27.07.2023,30,58,17,105
28.07.2023,32,57,16,105
29.07.2023,33,56,16,105
30.07.2023,33,56,15,104
31.07.2023,34,56,15,105
01.08.2023,33,58,15,106
02.08.2023,32,59,13,104
03.08.2023,30,61,11,102
04.08.2023,32,60,10,102
05.08.2023,32,60,10,102
06.08.2023,33,59,10,102
07.08.2023,34,59,9,102
08.08.2023,31,60,12,103
09.08.2023,32,61,11,104
10.08.2023,33,62,11,106
11.08.2023,31,64,11,106
12.08.2023,31,63,12,106
13.08.2023,31,62,12,105
14.08.2023,33,60,12,105
15.08.2023,33,60,14,107
16.08.2023,33,59,15,107
17.08.2023,34,57,15,106
18.08.2023,34,58,16,108
19.08.2023,35,57,14,106
20.08.2023,36,57,16,109
21.08.2023,36,60,16,112
22.08.2023,36,59,16,111
23.08.2023,34,59,17,110
24.08.2023,32,62,15,109
25.08.2023,34,60,15,109
26.08.2023,34,60,15,109
27.08.2023,32,60,16,108
28.08.2023,32,59,17,108
29.08.2023,32,56,16,104
30.08.2023,32,56,15,103
31.08.2023,32,56,14,102
01.09.2023,33,56,15,104
02.09.2023,33,56,16,105
03.09.2023,33,56,17,106
04.09.2023,33,54,17,104
05.09.2023,33,54,16,103
06.09.2023,35,52,18,105
07.09.2023,33,51,17,101
08.09.2023,33,52,17,102
09.09.2023,33,52,15,100
10.09.2023,31,54,16,101
11.09.2023,32,54,16,102
12.09.2023,32,54,18,104
13.09.2023,32,55,16,103
14.09.2023,32,54,17,103
15.09.2023,33,50,19,102
16.09.2023,33,50,21,104
17.09.2023,34,49,21,104
18.09.2023,32,50,21,103
19.09.2023,31,52,20,103
20.09.2023,31,52,22,105
21.09.2023,32,48,22,102
22.09.2023,33,47,22,102
23.09.2023,32,49,21,102
24.09.2023,32,49,20,101
25.09.2023,34,46,18,98
26.09.2023,35,45,18,98
27.09.2023,35,43,20,98
28.09.2023,33,46,22,101
29.09.2023,33,47,20,100
30.09.2023,33,47,20,100
01.10.2023,33,47,20,100
