evmos,,,,
Date, Full Time, Part Time, One Time, Total
06.01.2020,0,0,1,1
07.01.2020,0,0,1,1
08.01.2020,0,0,1,1
09.01.2020,0,0,1,1
10.01.2020,0,0,1,1
11.01.2020,0,0,1,1
12.01.2020,0,0,1,1
13.01.2020,0,0,1,1
14.01.2020,0,0,1,1
15.01.2020,0,0,1,1
16.01.2020,0,0,1,1
17.01.2020,0,0,1,1
18.01.2020,0,0,1,1
19.01.2020,0,0,1,1
20.01.2020,0,0,1,1
21.01.2020,0,0,1,1
22.01.2020,0,0,1,1
23.01.2020,0,0,1,1
24.01.2020,0,0,1,1
25.01.2020,0,0,1,1
26.01.2020,0,0,1,1
27.01.2020,0,0,1,1
28.01.2020,0,0,1,1
29.01.2020,0,0,1,1
30.01.2020,0,0,1,1
31.01.2020,0,0,1,1
01.02.2020,0,0,1,1
02.02.2020,0,0,1,1
29.03.2020,0,0,1,1
30.03.2020,0,0,1,1
31.03.2020,0,0,1,1
01.04.2020,0,0,1,1
02.04.2020,0,0,1,1
03.04.2020,0,0,1,1
04.04.2020,0,0,1,1
05.04.2020,0,0,1,1
06.04.2020,0,0,1,1
07.04.2020,0,0,1,1
08.04.2020,0,0,1,1
09.04.2020,0,0,1,1
10.04.2020,0,0,1,1
11.04.2020,0,0,1,1
12.04.2020,0,0,1,1
13.04.2020,0,0,1,1
14.04.2020,0,0,1,1
15.04.2020,0,0,1,1
16.04.2020,0,0,1,1
17.04.2020,0,0,1,1
18.04.2020,0,0,1,1
19.04.2020,0,0,1,1
20.04.2020,0,0,1,1
21.04.2020,0,0,1,1
22.04.2020,0,0,1,1
23.04.2020,0,0,1,1
24.04.2020,0,0,1,1
25.04.2020,0,0,1,1
16.06.2020,0,0,1,1
17.06.2020,0,0,1,1
18.06.2020,0,0,1,1
19.06.2020,0,0,1,1
20.06.2020,0,0,1,1
21.06.2020,0,0,1,1
22.06.2020,0,0,1,1
23.06.2020,0,0,1,1
24.06.2020,0,0,1,1
25.06.2020,0,0,1,1
26.06.2020,0,0,1,1
27.06.2020,0,0,1,1
28.06.2020,0,0,1,1
29.06.2020,0,0,2,2
30.06.2020,0,0,2,2
01.07.2020,0,1,1,2
02.07.2020,0,1,1,2
03.07.2020,0,1,1,2
04.07.2020,0,1,2,3
05.07.2020,0,2,1,3
06.07.2020,0,2,1,3
07.07.2020,0,3,0,3
08.07.2020,0,3,0,3
09.07.2020,0,3,0,3
10.07.2020,0,3,0,3
11.07.2020,0,3,0,3
12.07.2020,0,3,0,3
13.07.2020,0,3,0,3
14.07.2020,0,3,0,3
15.07.2020,0,3,0,3
16.07.2020,0,3,0,3
17.07.2020,0,3,1,4
18.07.2020,0,3,1,4
19.07.2020,0,3,1,4
20.07.2020,0,3,1,4
21.07.2020,0,3,1,4
22.07.2020,0,3,1,4
23.07.2020,0,3,1,4
24.07.2020,0,3,1,4
25.07.2020,0,3,1,4
26.07.2020,0,3,1,4
27.07.2020,0,3,1,4
28.07.2020,0,3,1,4
29.07.2020,0,3,1,4
30.07.2020,0,3,1,4
31.07.2020,0,3,1,4
01.08.2020,0,3,1,4
02.08.2020,0,3,1,4
03.08.2020,0,3,2,5
04.08.2020,0,4,1,5
05.08.2020,0,4,1,5
06.08.2020,0,4,1,5
07.08.2020,0,4,1,5
08.08.2020,0,4,1,5
09.08.2020,0,4,1,5
10.08.2020,0,4,1,5
11.08.2020,0,4,1,5
12.08.2020,0,4,1,5
13.08.2020,0,4,2,6
14.08.2020,0,4,2,6
15.08.2020,0,5,1,6
16.08.2020,0,5,1,6
17.08.2020,0,5,1,6
18.08.2020,0,5,1,6
19.08.2020,0,4,1,5
20.08.2020,0,4,1,5
21.08.2020,0,4,1,5
22.08.2020,0,4,2,6
23.08.2020,0,5,1,6
24.08.2020,0,5,1,6
25.08.2020,0,5,1,6
26.08.2020,0,5,1,6
27.08.2020,0,5,1,6
28.08.2020,0,5,1,6
29.08.2020,0,5,1,6
30.08.2020,0,5,1,6
31.08.2020,0,5,0,5
01.09.2020,0,4,0,4
02.09.2020,0,4,0,4
03.09.2020,0,4,0,4
04.09.2020,0,4,0,4
05.09.2020,0,4,0,4
06.09.2020,0,4,0,4
07.09.2020,0,4,0,4
08.09.2020,0,4,0,4
09.09.2020,0,4,0,4
10.09.2020,0,4,0,4
11.09.2020,0,4,0,4
12.09.2020,1,3,0,4
13.09.2020,0,5,0,5
14.09.2020,0,5,0,5
15.09.2020,0,5,0,5
16.09.2020,0,5,0,5
17.09.2020,0,5,0,5
18.09.2020,0,5,0,5
19.09.2020,0,5,1,6
20.09.2020,0,5,1,6
21.09.2020,1,4,1,6
22.09.2020,0,5,1,6
23.09.2020,0,4,1,5
24.09.2020,0,4,1,5
25.09.2020,0,4,1,5
26.09.2020,0,4,1,5
27.09.2020,0,4,1,5
28.09.2020,0,4,1,5
29.09.2020,0,4,1,5
30.09.2020,0,3,1,4
01.10.2020,0,3,1,4
02.10.2020,0,4,1,5
03.10.2020,1,3,1,5
04.10.2020,1,2,1,4
05.10.2020,1,2,1,4
06.10.2020,1,2,1,4
07.10.2020,1,2,1,4
08.10.2020,1,2,1,4
09.10.2020,1,2,1,4
10.10.2020,1,2,2,5
11.10.2020,0,3,2,5
12.10.2020,0,3,2,5
13.10.2020,0,3,2,5
14.10.2020,0,3,2,5
15.10.2020,0,3,2,5
16.10.2020,0,3,2,5
17.10.2020,0,3,1,4
18.10.2020,0,3,1,4
19.10.2020,1,2,1,4
20.10.2020,1,3,0,4
21.10.2020,1,3,0,4
22.10.2020,1,3,0,4
23.10.2020,1,4,1,6
24.10.2020,1,4,1,6
25.10.2020,1,4,1,6
26.10.2020,1,5,0,6
27.10.2020,1,5,0,6
28.10.2020,2,4,0,6
29.10.2020,2,4,0,6
30.10.2020,2,4,0,6
31.10.2020,2,4,0,6
01.11.2020,2,4,0,6
02.11.2020,2,4,0,6
03.11.2020,2,4,0,6
04.11.2020,2,4,0,6
05.11.2020,2,4,1,7
06.11.2020,2,4,1,7
07.11.2020,2,5,1,8
08.11.2020,1,6,1,8
09.11.2020,1,6,1,8
10.11.2020,1,6,1,8
11.11.2020,1,6,1,8
12.11.2020,1,6,1,8
13.11.2020,1,6,1,8
14.11.2020,1,6,1,8
15.11.2020,1,6,1,8
16.11.2020,1,6,1,8
17.11.2020,1,6,1,8
18.11.2020,1,6,1,8
19.11.2020,1,7,0,8
20.11.2020,1,5,0,6
21.11.2020,1,5,0,6
22.11.2020,1,5,0,6
23.11.2020,1,4,0,5
24.11.2020,1,4,0,5
25.11.2020,1,4,0,5
26.11.2020,1,4,0,5
27.11.2020,1,4,0,5
28.11.2020,1,4,0,5
29.11.2020,1,4,0,5
30.11.2020,1,6,0,7
01.12.2020,1,6,0,7
02.12.2020,1,5,0,6
03.12.2020,1,5,0,6
04.12.2020,1,5,0,6
05.12.2020,1,5,0,6
06.12.2020,1,5,0,6
07.12.2020,1,5,0,6
08.12.2020,1,5,0,6
09.12.2020,1,5,0,6
10.12.2020,1,5,0,6
11.12.2020,1,5,1,7
12.12.2020,1,5,1,7
13.12.2020,1,5,1,7
14.12.2020,1,6,0,7
15.12.2020,1,6,0,7
16.12.2020,1,7,0,8
17.12.2020,1,6,0,7
18.12.2020,1,6,0,7
19.12.2020,1,6,0,7
20.12.2020,1,6,0,7
21.12.2020,1,6,0,7
22.12.2020,1,6,0,7
23.12.2020,1,6,0,7
24.12.2020,1,6,0,7
25.12.2020,1,6,0,7
26.12.2020,1,6,0,7
27.12.2020,1,6,0,7
28.12.2020,1,6,0,7
29.12.2020,2,5,0,7
30.12.2020,2,5,0,7
31.12.2020,2,5,0,7
01.01.2021,2,5,0,7
02.01.2021,2,5,0,7
03.01.2021,2,5,0,7
04.01.2021,2,5,0,7
05.01.2021,2,5,0,7
06.01.2021,2,5,0,7
07.01.2021,2,4,0,6
08.01.2021,2,4,0,6
09.01.2021,2,4,0,6
10.01.2021,2,4,0,6
11.01.2021,2,4,0,6
12.01.2021,2,4,1,7
13.01.2021,2,5,0,7
14.01.2021,2,5,0,7
15.01.2021,2,5,0,7
16.01.2021,2,5,0,7
17.01.2021,2,5,0,7
18.01.2021,1,6,0,7
19.01.2021,1,6,0,7
20.01.2021,1,6,1,8
21.01.2021,1,6,1,8
22.01.2021,1,6,1,8
23.01.2021,0,6,1,7
24.01.2021,0,6,1,7
25.01.2021,0,6,1,7
26.01.2021,1,5,1,7
27.01.2021,1,5,1,7
28.01.2021,1,5,1,7
29.01.2021,1,5,1,7
30.01.2021,1,5,1,7
31.01.2021,1,5,1,7
01.02.2021,1,5,1,7
02.02.2021,1,5,2,8
03.02.2021,1,5,2,8
04.02.2021,1,4,2,7
05.02.2021,1,4,2,7
06.02.2021,1,5,1,7
07.02.2021,1,5,1,7
08.02.2021,1,5,1,7
09.02.2021,1,6,1,8
10.02.2021,1,5,1,7
11.02.2021,1,5,1,7
12.02.2021,1,5,1,7
13.02.2021,1,5,1,7
14.02.2021,1,5,1,7
15.02.2021,0,7,0,7
16.02.2021,0,7,0,7
17.02.2021,0,7,0,7
18.02.2021,0,7,0,7
19.02.2021,0,7,0,7
20.02.2021,0,7,0,7
21.02.2021,0,7,0,7
22.02.2021,0,7,0,7
23.02.2021,1,6,0,7
24.02.2021,1,6,0,7
25.02.2021,1,6,0,7
26.02.2021,1,6,0,7
27.02.2021,1,6,0,7
28.02.2021,1,7,0,8
01.03.2021,1,7,0,8
02.03.2021,1,7,1,9
03.03.2021,2,6,1,9
04.03.2021,2,6,1,9
05.03.2021,2,6,1,9
06.03.2021,2,5,1,8
07.03.2021,2,5,1,8
08.03.2021,2,5,1,8
09.03.2021,2,4,1,7
10.03.2021,2,5,0,7
11.03.2021,2,5,0,7
12.03.2021,2,5,0,7
13.03.2021,2,5,0,7
14.03.2021,2,5,0,7
15.03.2021,1,6,0,7
16.03.2021,1,5,0,6
17.03.2021,1,5,0,6
18.03.2021,1,5,0,6
19.03.2021,1,5,0,6
20.03.2021,1,4,1,6
21.03.2021,1,4,1,6
22.03.2021,2,3,1,6
23.03.2021,0,6,0,6
24.03.2021,0,6,0,6
25.03.2021,0,6,0,6
26.03.2021,1,5,0,6
27.03.2021,1,5,0,6
28.03.2021,1,5,0,6
29.03.2021,1,5,0,6
30.03.2021,0,6,0,6
31.03.2021,1,5,0,6
01.04.2021,1,5,0,6
02.04.2021,1,5,0,6
03.04.2021,1,5,0,6
04.04.2021,1,5,0,6
05.04.2021,1,5,0,6
06.04.2021,1,5,0,6
07.04.2021,1,4,1,6
08.04.2021,1,4,1,6
09.04.2021,1,4,1,6
10.04.2021,1,4,1,6
11.04.2021,1,4,1,6
12.04.2021,1,4,1,6
13.04.2021,1,4,1,6
14.04.2021,1,4,1,6
15.04.2021,1,4,1,6
16.04.2021,1,4,1,6
17.04.2021,1,4,1,6
18.04.2021,1,4,1,6
19.04.2021,2,3,1,6
20.04.2021,0,5,1,6
21.04.2021,0,4,1,5
22.04.2021,0,4,1,5
23.04.2021,1,3,1,5
24.04.2021,1,3,1,5
25.04.2021,1,4,1,6
26.04.2021,1,4,2,7
27.04.2021,0,5,2,7
28.04.2021,1,4,2,7
29.04.2021,1,4,2,7
30.04.2021,1,4,2,7
01.05.2021,1,4,2,7
02.05.2021,1,4,2,7
03.05.2021,1,4,2,7
04.05.2021,1,4,2,7
05.05.2021,1,4,1,6
06.05.2021,1,4,1,6
07.05.2021,1,4,1,6
08.05.2021,1,4,1,6
09.05.2021,1,4,1,6
10.05.2021,1,4,1,6
11.05.2021,1,4,1,6
12.05.2021,3,2,1,6
13.05.2021,3,2,1,6
14.05.2021,3,2,1,6
15.05.2021,3,2,1,6
16.05.2021,3,2,1,6
17.05.2021,4,1,1,6
18.05.2021,0,5,1,6
19.05.2021,0,5,1,6
20.05.2021,0,5,1,6
21.05.2021,1,4,1,6
22.05.2021,1,4,1,6
23.05.2021,1,3,1,5
24.05.2021,1,2,0,3
25.05.2021,1,2,0,3
26.05.2021,1,2,0,3
27.05.2021,1,2,0,3
28.05.2021,1,2,0,3
29.05.2021,1,2,0,3
30.05.2021,1,2,0,3
31.05.2021,1,2,0,3
01.06.2021,1,2,0,3
02.06.2021,1,2,0,3
03.06.2021,1,2,0,3
04.06.2021,1,2,0,3
05.06.2021,1,2,0,3
06.06.2021,1,2,0,3
07.06.2021,1,2,0,3
08.06.2021,1,2,0,3
09.06.2021,3,0,0,3
10.06.2021,3,0,0,3
11.06.2021,3,0,0,3
12.06.2021,3,0,0,3
13.06.2021,3,0,0,3
14.06.2021,3,1,0,4
15.06.2021,1,3,0,4
16.06.2021,1,3,0,4
17.06.2021,1,3,0,4
18.06.2021,1,3,0,4
19.06.2021,1,3,0,4
20.06.2021,1,3,0,4
21.06.2021,1,3,0,4
22.06.2021,1,3,0,4
23.06.2021,1,3,0,4
24.06.2021,1,3,0,4
25.06.2021,1,3,0,4
26.06.2021,1,3,0,4
27.06.2021,1,3,0,4
28.06.2021,1,3,0,4
29.06.2021,1,3,0,4
30.06.2021,1,4,0,5
01.07.2021,1,4,0,5
02.07.2021,1,4,0,5
03.07.2021,1,4,0,5
04.07.2021,1,4,0,5
05.07.2021,3,2,0,5
06.07.2021,2,3,0,5
07.07.2021,3,2,0,5
08.07.2021,3,2,0,5
09.07.2021,3,2,0,5
10.07.2021,3,2,0,5
11.07.2021,3,2,1,6
12.07.2021,3,2,1,6
13.07.2021,2,3,1,6
14.07.2021,1,5,0,6
15.07.2021,1,5,0,6
16.07.2021,1,5,0,6
17.07.2021,1,5,0,6
18.07.2021,1,5,0,6
19.07.2021,1,4,2,7
20.07.2021,1,4,2,7
21.07.2021,1,4,2,7
22.07.2021,1,4,2,7
23.07.2021,1,4,2,7
24.07.2021,1,4,2,7
25.07.2021,1,4,2,7
26.07.2021,1,5,1,7
27.07.2021,1,5,2,8
28.07.2021,1,5,1,7
29.07.2021,2,4,2,8
30.07.2021,2,4,2,8
31.07.2021,1,5,2,8
01.08.2021,1,5,2,8
02.08.2021,3,3,2,8
03.08.2021,2,4,2,8
04.08.2021,3,3,3,9
05.08.2021,2,4,3,9
06.08.2021,2,4,3,9
07.08.2021,2,4,3,9
08.08.2021,2,4,3,9
09.08.2021,2,4,3,9
10.08.2021,2,4,3,9
11.08.2021,1,4,4,9
12.08.2021,1,4,6,11
13.08.2021,1,4,7,12
14.08.2021,1,5,6,12
15.08.2021,1,5,6,12
16.08.2021,1,5,6,12
17.08.2021,0,6,6,12
18.08.2021,0,6,7,13
19.08.2021,0,7,6,13
20.08.2021,0,7,7,14
21.08.2021,0,7,7,14
22.08.2021,0,7,7,14
23.08.2021,0,8,10,18
24.08.2021,0,9,8,17
25.08.2021,0,9,8,17
26.08.2021,1,8,7,16
27.08.2021,1,8,7,16
28.08.2021,0,9,7,16
29.08.2021,0,9,7,16
30.08.2021,2,7,7,16
31.08.2021,1,8,7,16
01.09.2021,2,8,6,16
02.09.2021,1,9,6,16
03.09.2021,1,9,6,16
04.09.2021,1,9,6,16
05.09.2021,1,9,6,16
06.09.2021,1,9,6,16
07.09.2021,1,9,6,16
08.09.2021,0,10,5,15
09.09.2021,0,10,4,14
10.09.2021,0,10,3,13
11.09.2021,0,10,3,13
12.09.2021,0,10,3,13
13.09.2021,0,10,3,13
14.09.2021,0,10,3,13
15.09.2021,0,10,3,13
16.09.2021,0,10,3,13
17.09.2021,0,9,3,12
18.09.2021,0,9,3,12
19.09.2021,0,9,3,12
20.09.2021,0,8,0,8
21.09.2021,1,6,1,8
22.09.2021,1,6,1,8
23.09.2021,2,5,1,8
24.09.2021,2,5,1,8
25.09.2021,1,6,1,8
26.09.2021,1,6,1,8
27.09.2021,1,5,1,7
28.09.2021,1,6,2,9
29.09.2021,1,6,2,9
30.09.2021,0,8,1,9
01.10.2021,0,8,1,9
02.10.2021,0,8,1,9
03.10.2021,0,8,1,9
04.10.2021,0,8,2,10
05.10.2021,0,9,3,12
06.10.2021,1,9,3,13
07.10.2021,1,9,3,13
08.10.2021,1,9,4,14
09.10.2021,1,9,4,14
10.10.2021,1,9,4,14
11.10.2021,1,9,5,15
12.10.2021,1,9,5,15
13.10.2021,1,8,5,14
14.10.2021,1,8,5,14
15.10.2021,1,7,5,13
16.10.2021,1,7,5,13
17.10.2021,1,7,5,13
18.10.2021,1,7,6,14
19.10.2021,2,7,5,14
20.10.2021,2,8,4,14
21.10.2021,2,8,4,14
22.10.2021,2,9,5,16
23.10.2021,2,9,5,16
24.10.2021,2,9,5,16
25.10.2021,2,9,6,17
26.10.2021,2,9,6,17
27.10.2021,3,8,7,18
28.10.2021,2,9,7,18
29.10.2021,2,9,7,18
30.10.2021,2,9,7,18
31.10.2021,2,9,7,18
01.11.2021,2,9,6,17
02.11.2021,2,9,6,17
03.11.2021,3,8,5,16
04.11.2021,3,8,5,16
05.11.2021,3,8,5,16
06.11.2021,3,8,6,17
07.11.2021,3,8,7,18
08.11.2021,2,9,6,17
09.11.2021,2,10,7,19
10.11.2021,2,10,7,19
11.11.2021,2,10,6,18
12.11.2021,2,12,6,20
13.11.2021,2,12,6,20
14.11.2021,2,13,6,21
15.11.2021,2,14,7,23
16.11.2021,3,14,8,25
17.11.2021,3,14,8,25
18.11.2021,3,15,8,26
19.11.2021,3,16,6,25
20.11.2021,3,16,7,26
21.11.2021,3,16,8,27
22.11.2021,3,16,8,27
23.11.2021,3,16,8,27
24.11.2021,3,17,6,26
25.11.2021,2,18,6,26
26.11.2021,2,19,5,26
27.11.2021,2,20,5,27
28.11.2021,2,20,5,27
29.11.2021,2,21,6,29
30.11.2021,3,20,6,29
01.12.2021,3,20,6,29
02.12.2021,3,20,7,30
03.12.2021,3,20,7,30
04.12.2021,4,19,7,30
05.12.2021,4,19,7,30
06.12.2021,3,20,7,30
07.12.2021,3,20,7,30
08.12.2021,3,19,9,31
09.12.2021,4,19,8,31
10.12.2021,3,19,9,31
11.12.2021,3,20,8,31
12.12.2021,3,21,8,32
13.12.2021,2,23,6,31
14.12.2021,3,22,4,29
15.12.2021,3,23,4,30
16.12.2021,3,22,5,30
17.12.2021,3,21,5,29
18.12.2021,3,21,5,29
19.12.2021,3,21,5,29
20.12.2021,3,19,5,27
21.12.2021,3,20,5,28
22.12.2021,3,19,5,27
23.12.2021,3,19,5,27
24.12.2021,3,19,6,28
25.12.2021,3,19,6,28
26.12.2021,3,19,6,28
27.12.2021,4,17,5,26
28.12.2021,5,16,5,26
29.12.2021,5,15,5,25
30.12.2021,5,15,4,24
31.12.2021,5,15,4,24
01.01.2022,5,15,4,24
02.01.2022,5,15,3,23
03.01.2022,4,16,6,26
04.01.2022,5,17,6,28
05.01.2022,6,17,8,31
06.01.2022,6,19,7,32
07.01.2022,5,21,5,31
08.01.2022,5,19,5,29
09.01.2022,5,18,6,29
10.01.2022,3,19,6,28
11.01.2022,4,18,8,30
12.01.2022,4,20,9,33
13.01.2022,4,21,10,35
14.01.2022,4,22,9,35
15.01.2022,4,22,9,35
16.01.2022,4,22,9,35
17.01.2022,4,24,8,36
18.01.2022,4,25,9,38
19.01.2022,4,25,9,38
20.01.2022,4,25,9,38
21.01.2022,4,25,9,38
22.01.2022,4,25,9,38
23.01.2022,4,26,8,38
24.01.2022,4,26,8,38
25.01.2022,5,26,7,38
26.01.2022,5,26,7,38
27.01.2022,5,26,7,38
28.01.2022,5,26,8,39
29.01.2022,5,26,8,39
30.01.2022,6,25,8,39
31.01.2022,6,25,9,40
01.02.2022,6,25,9,40
02.02.2022,7,24,10,41
03.02.2022,8,17,9,34
04.02.2022,7,18,10,35
05.02.2022,6,19,11,36
06.02.2022,6,20,10,36
07.02.2022,5,22,10,37
08.02.2022,5,23,9,37
09.02.2022,5,24,7,36
10.02.2022,5,21,6,32
11.02.2022,5,21,6,32
12.02.2022,5,22,5,32
13.02.2022,5,22,5,32
14.02.2022,5,20,8,33
15.02.2022,5,23,8,36
16.02.2022,5,23,10,38
17.02.2022,5,24,8,37
18.02.2022,5,24,7,36
19.02.2022,5,23,7,35
20.02.2022,5,22,7,34
21.02.2022,4,25,7,36
22.02.2022,4,26,8,38
23.02.2022,4,26,8,38
24.02.2022,4,27,10,41
25.02.2022,4,29,11,44
26.02.2022,4,31,73,108
27.02.2022,5,34,114,153
28.02.2022,5,42,116,163
01.03.2022,5,49,113,167
02.03.2022,5,53,112,170
03.03.2022,6,54,113,173
04.03.2022,8,53,114,175
05.03.2022,7,54,114,175
06.03.2022,8,61,113,182
07.03.2022,8,61,114,183
08.03.2022,9,59,114,182
09.03.2022,9,60,117,186
10.03.2022,9,62,116,187
11.03.2022,8,64,115,187
12.03.2022,8,63,115,186
13.03.2022,8,62,115,185
14.03.2022,7,63,114,184
15.03.2022,9,60,117,186
16.03.2022,9,60,120,189
17.03.2022,8,61,123,192
18.03.2022,9,61,122,192
19.03.2022,9,60,122,191
20.03.2022,9,61,121,191
21.03.2022,9,60,120,189
22.03.2022,8,60,118,186
23.03.2022,7,61,120,188
24.03.2022,6,61,120,187
25.03.2022,8,61,118,187
26.03.2022,7,63,73,143
27.03.2022,7,61,37,105
28.03.2022,7,56,30,93
29.03.2022,7,49,26,82
30.03.2022,7,44,22,73
31.03.2022,8,42,21,71
01.04.2022,9,41,20,70
02.04.2022,9,41,20,70
03.04.2022,9,29,13,51
04.04.2022,9,29,12,50
05.04.2022,9,29,13,51
06.04.2022,8,30,12,50
07.04.2022,8,32,12,52
08.04.2022,8,32,12,52
09.04.2022,8,32,12,52
10.04.2022,8,33,12,53
11.04.2022,9,33,12,54
12.04.2022,9,32,9,50
13.04.2022,9,31,9,49
14.04.2022,9,31,9,49
15.04.2022,9,30,10,49
16.04.2022,9,31,10,50
17.04.2022,10,29,11,50
18.04.2022,10,30,11,51
19.04.2022,8,30,11,49
20.04.2022,8,29,11,48
21.04.2022,7,30,12,49
22.04.2022,8,30,11,49
23.04.2022,8,30,11,49
24.04.2022,9,29,12,50
25.04.2022,9,28,13,50
26.04.2022,9,29,13,51
27.04.2022,9,31,13,53
28.04.2022,9,34,13,56
29.04.2022,9,34,13,56
30.04.2022,9,34,13,56
01.05.2022,9,35,13,57
02.05.2022,9,37,13,59
03.05.2022,9,37,14,60
04.05.2022,9,38,13,60
05.05.2022,9,38,11,58
06.05.2022,9,38,12,59
07.05.2022,9,38,12,59
08.05.2022,9,38,12,59
09.05.2022,11,36,12,59
10.05.2022,11,36,12,59
11.05.2022,11,36,10,57
12.05.2022,11,36,10,57
13.05.2022,10,39,10,59
14.05.2022,10,38,10,58
15.05.2022,11,37,10,58
16.05.2022,11,37,10,58
17.05.2022,9,38,13,60
18.05.2022,8,40,11,59
19.05.2022,8,40,10,58
20.05.2022,8,40,10,58
21.05.2022,9,38,12,59
22.05.2022,9,37,12,58
23.05.2022,10,36,12,58
24.05.2022,10,34,13,57
25.05.2022,10,33,14,57
26.05.2022,10,32,13,55
27.05.2022,8,34,14,56
28.05.2022,9,33,14,56
29.05.2022,9,32,14,55
30.05.2022,7,33,12,52
31.05.2022,7,34,10,51
01.06.2022,8,33,11,52
02.06.2022,8,33,12,53
03.06.2022,8,33,10,51
04.06.2022,8,33,10,51
05.06.2022,9,34,10,53
06.06.2022,8,34,10,52
07.06.2022,7,34,10,51
08.06.2022,8,34,8,50
09.06.2022,8,35,7,50
10.06.2022,8,34,7,49
11.06.2022,8,34,7,49
12.06.2022,8,35,6,49
13.06.2022,6,37,7,50
14.06.2022,6,37,6,49
15.06.2022,6,39,6,51
16.06.2022,7,38,7,52
17.06.2022,7,39,8,54
18.06.2022,7,39,7,53
19.06.2022,7,39,7,53
20.06.2022,10,36,8,54
21.06.2022,11,34,10,55
22.06.2022,11,33,11,55
23.06.2022,10,35,10,55
24.06.2022,10,34,9,53
25.06.2022,11,33,9,53
26.06.2022,11,33,9,53
27.06.2022,9,32,9,50
28.06.2022,9,33,8,50
29.06.2022,9,33,8,50
30.06.2022,8,34,9,51
01.07.2022,8,33,8,49
02.07.2022,8,33,8,49
03.07.2022,8,33,8,49
04.07.2022,8,32,9,49
05.07.2022,8,33,9,50
06.07.2022,9,32,9,50
07.07.2022,9,31,9,49
08.07.2022,9,32,8,49
09.07.2022,9,32,8,49
10.07.2022,9,31,8,48
11.07.2022,8,35,9,52
12.07.2022,8,35,9,52
13.07.2022,8,34,6,48
14.07.2022,8,33,6,47
15.07.2022,8,33,6,47
16.07.2022,8,33,6,47
17.07.2022,8,34,9,51
18.07.2022,9,33,11,53
19.07.2022,10,33,8,51
20.07.2022,10,34,9,53
21.07.2022,11,34,9,54
22.07.2022,10,35,9,54
23.07.2022,10,36,11,57
24.07.2022,10,36,14,60
25.07.2022,11,41,11,63
26.07.2022,11,40,14,65
27.07.2022,11,40,14,65
28.07.2022,9,42,13,64
29.07.2022,9,45,14,68
30.07.2022,9,46,18,73
31.07.2022,9,49,15,73
01.08.2022,10,49,15,74
02.08.2022,10,50,13,73
03.08.2022,10,51,13,74
04.08.2022,10,51,18,79
05.08.2022,10,53,17,80
06.08.2022,10,54,19,83
07.08.2022,10,54,20,84
08.08.2022,10,55,17,82
09.08.2022,11,54,19,84
10.08.2022,13,53,21,87
11.08.2022,12,57,23,92
12.08.2022,10,60,24,94
13.08.2022,11,60,23,94
14.08.2022,11,60,22,93
15.08.2022,14,59,22,95
16.08.2022,16,58,21,95
17.08.2022,14,58,19,91
18.08.2022,13,57,20,90
19.08.2022,14,56,21,91
20.08.2022,13,56,21,90
21.08.2022,13,56,20,89
22.08.2022,14,54,20,88
23.08.2022,14,56,17,87
24.08.2022,15,55,23,93
25.08.2022,13,55,23,91
26.08.2022,14,55,23,92
27.08.2022,14,56,22,92
28.08.2022,13,53,22,88
29.08.2022,16,49,23,88
30.08.2022,16,49,22,87
31.08.2022,17,49,22,88
01.09.2022,17,49,18,84
02.09.2022,17,48,18,83
03.09.2022,17,48,16,81
04.09.2022,18,47,16,81
05.09.2022,16,50,17,83
06.09.2022,16,52,18,86
07.09.2022,18,50,16,84
08.09.2022,19,50,12,81
09.09.2022,18,52,13,83
10.09.2022,19,50,14,83
11.09.2022,19,51,14,84
12.09.2022,20,51,12,83
13.09.2022,20,54,11,85
14.09.2022,20,56,10,86
15.09.2022,19,58,12,89
16.09.2022,19,57,15,91
17.09.2022,18,60,14,92
18.09.2022,18,60,14,92
19.09.2022,19,60,16,95
20.09.2022,18,61,17,96
21.09.2022,19,58,14,91
22.09.2022,19,58,15,92
23.09.2022,20,57,17,94
24.09.2022,19,59,17,95
25.09.2022,18,60,17,95
26.09.2022,19,59,16,94
27.09.2022,19,57,16,92
28.09.2022,18,57,16,91
29.09.2022,18,58,18,94
30.09.2022,18,58,19,95
01.10.2022,18,58,19,95
02.10.2022,18,57,20,95
03.10.2022,17,56,19,92
04.10.2022,17,52,18,87
05.10.2022,20,47,18,85
06.10.2022,21,47,17,85
07.10.2022,21,46,16,83
08.10.2022,21,46,15,82
09.10.2022,21,45,15,81
10.10.2022,22,43,17,82
11.10.2022,22,43,17,82
12.10.2022,21,43,17,81
13.10.2022,20,43,15,78
14.10.2022,20,43,12,75
15.10.2022,20,43,14,77
16.10.2022,20,43,14,77
17.10.2022,19,43,15,77
18.10.2022,20,39,16,75
19.10.2022,20,41,16,77
20.10.2022,21,38,16,75
21.10.2022,20,40,13,73
22.10.2022,18,41,13,72
23.10.2022,17,42,13,72
24.10.2022,17,43,12,72
25.10.2022,18,41,12,71
26.10.2022,18,38,12,68
27.10.2022,18,40,28,86
28.10.2022,16,46,34,96
29.10.2022,16,46,35,97
30.10.2022,16,46,34,96
31.10.2022,17,46,35,98
01.11.2022,18,44,37,99
02.11.2022,18,45,40,103
03.11.2022,18,50,36,104
04.11.2022,18,48,36,102
05.11.2022,18,49,37,104
06.11.2022,18,50,37,105
07.11.2022,18,51,41,110
08.11.2022,17,53,45,115
09.11.2022,17,55,46,118
10.11.2022,18,55,57,130
11.11.2022,19,53,63,135
12.11.2022,19,52,62,133
13.11.2022,19,53,62,134
14.11.2022,18,56,56,130
15.11.2022,19,54,58,131
16.11.2022,17,55,58,130
17.11.2022,17,55,57,129
18.11.2022,17,56,60,133
19.11.2022,17,56,60,133
20.11.2022,17,56,61,134
21.11.2022,18,53,61,132
22.11.2022,19,52,61,132
23.11.2022,19,51,61,131
24.11.2022,19,46,50,115
25.11.2022,18,44,44,106
26.11.2022,18,44,44,106
27.11.2022,17,45,44,106
28.11.2022,18,46,41,105
29.11.2022,19,45,40,104
30.11.2022,21,45,39,105
01.12.2022,21,44,35,100
02.12.2022,21,45,35,101
03.12.2022,21,45,34,100
04.12.2022,21,45,34,100
05.12.2022,21,47,30,98
06.12.2022,21,47,26,94
07.12.2022,21,45,23,89
08.12.2022,22,41,15,78
09.12.2022,23,40,9,72
10.12.2022,23,40,11,74
11.12.2022,23,40,11,74
12.12.2022,23,38,11,72
13.12.2022,22,39,10,71
14.12.2022,20,43,11,74
15.12.2022,19,45,11,75
16.12.2022,17,45,10,72
17.12.2022,17,45,10,72
18.12.2022,18,44,10,72
19.12.2022,18,45,10,73
20.12.2022,18,45,10,73
21.12.2022,19,44,10,73
22.12.2022,19,44,11,74
23.12.2022,21,41,13,75
24.12.2022,22,40,13,75
25.12.2022,22,40,13,75
26.12.2022,19,44,13,76
27.12.2022,19,42,14,75
28.12.2022,20,40,13,73
29.12.2022,20,37,13,70
30.12.2022,19,39,13,71
31.12.2022,19,39,13,71
01.01.2023,19,41,12,72
02.01.2023,20,39,12,71
03.01.2023,20,35,10,65
04.01.2023,20,37,8,65
05.01.2023,21,37,8,66
06.01.2023,22,38,8,68
07.01.2023,22,38,10,70
08.01.2023,23,37,10,70
09.01.2023,22,41,9,72
10.01.2023,21,40,10,71
11.01.2023,23,35,12,70
12.01.2023,19,40,15,74
13.01.2023,17,40,16,73
14.01.2023,17,40,17,74
15.01.2023,17,40,18,75
16.01.2023,18,39,19,76
17.01.2023,19,38,18,75
18.01.2023,20,38,17,75
19.01.2023,21,36,17,74
20.01.2023,21,38,15,74
21.01.2023,22,37,15,74
22.01.2023,22,39,15,76
23.01.2023,20,41,16,77
24.01.2023,19,42,16,77
25.01.2023,20,42,18,80
26.01.2023,17,48,16,81
27.01.2023,18,52,19,89
28.01.2023,18,52,19,89
29.01.2023,18,51,19,88
30.01.2023,19,51,18,88
31.01.2023,20,49,18,87
01.02.2023,19,52,18,89
02.02.2023,19,54,18,91
03.02.2023,17,55,18,90
04.02.2023,17,55,17,89
05.02.2023,17,56,16,89
06.02.2023,17,54,17,88
07.02.2023,17,53,17,87
08.02.2023,19,51,17,87
09.02.2023,19,50,15,84
10.02.2023,18,51,14,83
11.02.2023,18,50,13,81
12.02.2023,18,50,12,80
13.02.2023,18,52,14,84
14.02.2023,20,51,14,85
15.02.2023,20,51,14,85
16.02.2023,20,54,12,86
17.02.2023,20,53,12,85
18.02.2023,21,52,12,85
19.02.2023,21,51,12,84
20.02.2023,20,52,12,84
21.02.2023,21,49,12,82
22.02.2023,21,49,15,85
23.02.2023,21,48,16,85
24.02.2023,21,49,10,80
25.02.2023,20,49,10,79
26.02.2023,20,49,10,79
27.02.2023,21,49,8,78
28.02.2023,21,49,8,78
01.03.2023,19,47,9,75
02.03.2023,19,45,8,72
03.03.2023,18,46,8,72
04.03.2023,18,46,8,72
05.03.2023,18,46,8,72
06.03.2023,19,47,5,71
07.03.2023,20,46,4,70
08.03.2023,21,43,4,68
09.03.2023,21,44,3,68
10.03.2023,22,44,3,69
11.03.2023,22,44,3,69
12.03.2023,22,44,3,69
13.03.2023,22,42,2,66
14.03.2023,22,39,2,63
15.03.2023,21,40,3,64
16.03.2023,22,39,3,64
17.03.2023,22,38,3,63
18.03.2023,22,38,3,63
19.03.2023,21,39,3,63
20.03.2023,23,37,4,64
21.03.2023,25,36,4,65
22.03.2023,24,37,4,65
23.03.2023,24,40,4,68
24.03.2023,23,40,5,68
25.03.2023,21,40,5,66
26.03.2023,21,40,5,66
27.03.2023,22,38,5,65
28.03.2023,22,39,7,68
29.03.2023,24,37,7,68
30.03.2023,22,38,6,66
31.03.2023,20,41,7,68
01.04.2023,21,39,7,67
02.04.2023,21,39,7,67
03.04.2023,22,37,7,66
04.04.2023,20,41,7,68
05.04.2023,21,40,8,69
06.04.2023,21,37,10,68
07.04.2023,20,37,10,67
08.04.2023,20,37,10,67
09.04.2023,20,38,10,68
10.04.2023,20,38,10,68
11.04.2023,20,38,12,70
12.04.2023,20,40,14,74
13.04.2023,21,39,14,74
14.04.2023,21,38,13,72
15.04.2023,21,38,14,73
16.04.2023,20,39,14,73
17.04.2023,23,36,12,71
18.04.2023,26,33,12,71
19.04.2023,26,34,12,72
20.04.2023,27,32,12,71
21.04.2023,26,33,11,70
22.04.2023,25,34,11,70
23.04.2023,25,34,11,70
24.04.2023,23,36,11,70
25.04.2023,23,35,9,67
26.04.2023,24,32,10,66
27.04.2023,23,32,10,65
28.04.2023,22,33,10,65
29.04.2023,22,33,10,65
30.04.2023,23,32,10,65
01.05.2023,23,30,10,63
02.05.2023,20,33,10,63
03.05.2023,20,32,9,61
04.05.2023,20,32,8,60
05.05.2023,21,31,9,61
06.05.2023,20,32,9,61
07.05.2023,20,32,10,62
08.05.2023,21,31,11,63
09.05.2023,20,31,8,59
10.05.2023,20,29,9,58
11.05.2023,18,32,8,58
12.05.2023,20,30,8,58
13.05.2023,20,30,7,57
14.05.2023,20,30,7,57
15.05.2023,18,32,7,57
16.05.2023,21,29,7,57
17.05.2023,21,28,7,56
18.05.2023,18,29,8,55
19.05.2023,18,27,7,52
20.05.2023,17,28,7,52
21.05.2023,17,27,7,51
22.05.2023,19,26,7,52
23.05.2023,18,27,9,54
24.05.2023,19,25,10,54
25.05.2023,18,30,10,58
26.05.2023,18,33,10,61
27.05.2023,19,32,10,61
28.05.2023,19,32,15,66
29.05.2023,17,33,16,66
30.05.2023,15,36,14,65
31.05.2023,15,36,13,64
01.06.2023,14,36,15,65
02.06.2023,13,39,12,64
03.06.2023,13,39,12,64
04.06.2023,13,39,11,63
05.06.2023,14,38,10,62
06.06.2023,14,37,11,62
07.06.2023,16,34,8,58
08.06.2023,16,34,9,59
09.06.2023,16,32,9,57
10.06.2023,16,32,9,57
11.06.2023,16,32,9,57
12.06.2023,17,33,9,59
13.06.2023,17,33,9,59
14.06.2023,14,34,13,61
15.06.2023,13,34,13,60
16.06.2023,14,34,13,61
17.06.2023,14,34,13,61
18.06.2023,14,34,14,62
19.06.2023,14,33,14,61
20.06.2023,14,36,12,62
21.06.2023,14,37,10,61
22.06.2023,15,35,11,61
23.06.2023,15,35,11,61
24.06.2023,15,34,11,60
25.06.2023,15,34,10,59
26.06.2023,15,32,11,58
27.06.2023,15,32,11,58
28.06.2023,14,34,12,60
29.06.2023,13,35,13,61
30.06.2023,13,38,13,64
01.07.2023,13,38,13,64
02.07.2023,13,38,13,64
03.07.2023,13,37,13,63
04.07.2023,15,33,14,62
05.07.2023,15,32,14,61
06.07.2023,14,36,12,62
07.07.2023,14,36,12,62
08.07.2023,14,36,12,62
09.07.2023,13,37,12,62
10.07.2023,13,36,11,60
11.07.2023,13,36,11,60
12.07.2023,11,39,8,58
13.07.2023,12,35,8,55
14.07.2023,11,34,7,52
15.07.2023,11,34,7,52
16.07.2023,12,32,7,51
17.07.2023,13,31,6,50
18.07.2023,13,30,6,49
19.07.2023,13,30,6,49
20.07.2023,13,30,6,49
21.07.2023,14,31,6,51
22.07.2023,14,31,6,51
23.07.2023,14,31,6,51
24.07.2023,14,32,6,52
25.07.2023,15,28,7,50
26.07.2023,14,28,8,50
27.07.2023,14,30,8,52
28.07.2023,14,32,4,50
29.07.2023,14,32,4,50
30.07.2023,14,32,4,50
31.07.2023,16,31,5,52
01.08.2023,17,30,4,51
02.08.2023,16,28,4,48
03.08.2023,16,28,3,47
04.08.2023,17,28,3,48
05.08.2023,17,28,3,48
06.08.2023,16,29,3,48
07.08.2023,15,30,4,49
08.08.2023,15,31,3,49
09.08.2023,11,34,3,48
10.08.2023,14,30,4,48
11.08.2023,12,31,8,51
12.08.2023,12,31,8,51
13.08.2023,13,30,8,51
14.08.2023,13,29,9,51
15.08.2023,14,28,11,53
16.08.2023,14,28,10,52
17.08.2023,14,29,9,52
18.08.2023,13,28,9,50
19.08.2023,13,28,9,50
20.08.2023,13,28,9,50
21.08.2023,14,27,9,50
22.08.2023,16,25,9,50
23.08.2023,15,25,10,50
24.08.2023,14,24,10,48
25.08.2023,14,26,10,50
26.08.2023,14,26,10,50
27.08.2023,13,26,10,49
28.08.2023,13,26,8,47
29.08.2023,13,25,8,46
30.08.2023,12,29,9,50
31.08.2023,12,28,9,49
01.09.2023,12,31,10,53
02.09.2023,12,32,10,54
03.09.2023,12,32,10,54
04.09.2023,10,32,11,53
05.09.2023,11,30,12,53
06.09.2023,11,31,13,55
07.09.2023,12,32,13,57
08.09.2023,12,32,12,56
09.09.2023,12,32,12,56
10.09.2023,13,31,12,56
11.09.2023,14,31,11,56
12.09.2023,15,29,9,53
13.09.2023,14,29,10,53
14.09.2023,14,29,10,53
15.09.2023,13,30,10,53
16.09.2023,14,29,10,53
17.09.2023,14,29,10,53
18.09.2023,13,30,9,52
19.09.2023,14,31,10,55
20.09.2023,15,29,10,54
21.09.2023,15,29,11,55
22.09.2023,13,31,9,53
23.09.2023,13,29,9,51
24.09.2023,13,29,9,51
25.09.2023,14,27,10,51
26.09.2023,14,27,10,51
27.09.2023,14,28,8,50
28.09.2023,15,26,8,49
29.09.2023,16,24,6,46
30.09.2023,16,24,5,45
01.10.2023,16,24,5,45
