filecoin,,,,
Date, Full Time, Part Time, One Time, Total
31.08.2015,0,0,1,1
01.09.2015,0,1,0,1
02.09.2015,0,1,0,1
03.09.2015,0,1,0,1
04.09.2015,0,1,2,3
05.09.2015,0,1,2,3
06.09.2015,0,1,2,3
07.09.2015,0,1,2,3
08.09.2015,0,1,3,4
09.09.2015,0,2,2,4
10.09.2015,0,2,2,4
11.09.2015,0,2,3,5
12.09.2015,0,3,2,5
13.09.2015,0,3,2,5
14.09.2015,0,3,2,5
15.09.2015,0,3,2,5
16.09.2015,0,3,2,5
17.09.2015,0,3,2,5
18.09.2015,0,3,3,6
19.09.2015,0,3,3,6
20.09.2015,0,3,3,6
21.09.2015,0,3,4,7
22.09.2015,0,4,3,7
23.09.2015,0,4,4,8
24.09.2015,0,5,3,8
25.09.2015,0,5,3,8
26.09.2015,0,5,3,8
27.09.2015,0,5,3,8
28.09.2015,0,5,4,9
29.09.2015,0,6,3,9
30.09.2015,0,6,3,9
01.10.2015,0,6,3,9
02.10.2015,0,6,1,7
03.10.2015,0,6,1,7
04.10.2015,0,6,1,7
05.10.2015,0,7,0,7
06.10.2015,0,7,0,7
07.10.2015,1,7,0,8
08.10.2015,1,7,0,8
09.10.2015,1,7,0,8
10.10.2015,2,6,0,8
11.10.2015,2,6,0,8
12.10.2015,1,7,1,9
13.10.2015,1,8,0,9
14.10.2015,1,8,0,9
15.10.2015,1,8,0,9
16.10.2015,1,8,0,9
17.10.2015,1,8,0,9
18.10.2015,1,8,0,9
19.10.2015,1,8,0,9
20.10.2015,2,7,0,9
21.10.2015,2,7,0,9
22.10.2015,3,6,0,9
23.10.2015,2,7,0,9
24.10.2015,2,6,0,8
25.10.2015,2,6,0,8
26.10.2015,2,6,0,8
27.10.2015,3,5,0,8
28.10.2015,3,5,0,8
29.10.2015,2,6,0,8
30.10.2015,2,6,0,8
31.10.2015,2,6,0,8
01.11.2015,2,6,0,8
02.11.2015,2,6,0,8
03.11.2015,2,5,0,7
04.11.2015,2,5,1,8
05.11.2015,2,6,0,8
06.11.2015,2,6,0,8
07.11.2015,2,6,0,8
08.11.2015,2,6,0,8
09.11.2015,3,5,0,8
10.11.2015,4,4,0,8
11.11.2015,4,4,0,8
12.11.2015,4,4,0,8
13.11.2015,4,4,0,8
14.11.2015,4,4,0,8
15.11.2015,4,4,0,8
16.11.2015,4,3,0,7
17.11.2015,3,3,0,6
18.11.2015,3,3,0,6
19.11.2015,3,3,0,6
20.11.2015,3,3,0,6
21.11.2015,3,3,0,6
22.11.2015,3,3,0,6
23.11.2015,3,3,0,6
24.11.2015,3,3,0,6
25.11.2015,3,3,0,6
26.11.2015,2,4,0,6
27.11.2015,2,4,0,6
28.11.2015,2,4,0,6
29.11.2015,3,3,0,6
30.11.2015,3,3,0,6
01.12.2015,3,3,0,6
02.12.2015,3,3,0,6
03.12.2015,3,3,0,6
04.12.2015,3,3,0,6
05.12.2015,3,3,0,6
06.12.2015,3,3,0,6
07.12.2015,4,2,0,6
08.12.2015,3,2,0,5
09.12.2015,3,1,0,4
10.12.2015,3,1,0,4
11.12.2015,3,1,0,4
12.12.2015,3,1,0,4
13.12.2015,3,1,0,4
14.12.2015,3,1,0,4
15.12.2015,3,1,1,5
16.12.2015,3,2,1,6
17.12.2015,3,2,1,6
18.12.2015,3,3,1,7
19.12.2015,3,3,1,7
20.12.2015,3,3,1,7
21.12.2015,3,4,1,8
22.12.2015,3,4,1,8
23.12.2015,3,4,1,8
24.12.2015,3,4,1,8
25.12.2015,3,4,1,8
26.12.2015,3,4,1,8
27.12.2015,4,3,1,8
28.12.2015,4,3,1,8
29.12.2015,4,3,1,8
30.12.2015,3,4,1,8
31.12.2015,3,4,2,9
01.01.2016,3,4,2,9
02.01.2016,4,3,2,9
03.01.2016,4,3,2,9
04.01.2016,4,3,2,9
05.01.2016,4,3,2,9
06.01.2016,4,2,2,8
07.01.2016,4,2,2,8
08.01.2016,4,3,1,8
09.01.2016,3,4,1,8
10.01.2016,3,4,1,8
11.01.2016,4,2,2,8
12.01.2016,3,2,2,7
13.01.2016,2,4,2,8
14.01.2016,2,4,3,9
15.01.2016,2,5,1,8
16.01.2016,2,5,1,8
17.01.2016,2,5,1,8
18.01.2016,2,6,0,8
19.01.2016,2,6,0,8
20.01.2016,2,7,0,9
21.01.2016,2,7,0,9
22.01.2016,2,7,0,9
23.01.2016,2,7,0,9
24.01.2016,2,7,0,9
25.01.2016,2,7,0,9
26.01.2016,2,7,0,9
27.01.2016,2,7,0,9
28.01.2016,2,7,0,9
29.01.2016,2,7,0,9
30.01.2016,2,7,0,9
31.01.2016,2,7,0,9
01.02.2016,2,7,0,9
02.02.2016,2,7,0,9
03.02.2016,2,7,0,9
04.02.2016,2,7,0,9
05.02.2016,2,7,0,9
06.02.2016,2,7,0,9
07.02.2016,2,7,0,9
08.02.2016,2,7,0,9
09.02.2016,2,7,0,9
10.02.2016,2,7,0,9
11.02.2016,2,6,0,8
12.02.2016,2,5,1,8
13.02.2016,2,5,1,8
14.02.2016,2,5,1,8
15.02.2016,2,5,1,8
16.02.2016,2,5,1,8
17.02.2016,2,6,1,9
18.02.2016,2,7,0,9
19.02.2016,2,7,0,9
20.02.2016,2,7,0,9
21.02.2016,2,7,0,9
22.02.2016,2,7,0,9
23.02.2016,2,7,0,9
24.02.2016,2,7,0,9
25.02.2016,2,7,1,10
26.02.2016,2,7,1,10
27.02.2016,2,7,1,10
28.02.2016,2,7,1,10
29.02.2016,2,7,1,10
01.03.2016,2,7,1,10
02.03.2016,2,7,1,10
03.03.2016,2,7,1,10
04.03.2016,2,7,1,10
05.03.2016,2,7,1,10
06.03.2016,2,7,1,10
07.03.2016,2,7,1,10
08.03.2016,2,7,1,10
09.03.2016,1,8,1,10
10.03.2016,2,7,1,10
11.03.2016,1,9,1,11
12.03.2016,1,9,1,11
13.03.2016,1,9,1,11
14.03.2016,1,9,1,11
15.03.2016,2,8,1,11
16.03.2016,2,7,1,10
17.03.2016,3,6,1,10
18.03.2016,3,4,1,8
19.03.2016,3,4,1,8
20.03.2016,3,4,1,8
21.03.2016,3,4,1,8
22.03.2016,3,5,0,8
23.03.2016,3,5,0,8
24.03.2016,2,6,0,8
25.03.2016,3,5,0,8
26.03.2016,3,5,0,8
27.03.2016,3,5,0,8
28.03.2016,3,5,0,8
29.03.2016,3,5,1,9
30.03.2016,2,6,1,9
31.03.2016,2,6,1,9
01.04.2016,1,7,1,9
02.04.2016,2,6,1,9
03.04.2016,2,6,1,9
04.04.2016,2,7,0,9
05.04.2016,2,7,0,9
06.04.2016,1,8,0,9
07.04.2016,2,7,0,9
08.04.2016,1,8,0,9
09.04.2016,1,8,0,9
10.04.2016,1,8,0,9
11.04.2016,1,8,0,9
12.04.2016,2,7,0,9
13.04.2016,2,7,0,9
14.04.2016,3,6,0,9
15.04.2016,3,6,0,9
16.04.2016,3,6,0,9
17.04.2016,3,6,0,9
18.04.2016,3,6,0,9
19.04.2016,3,4,0,7
20.04.2016,3,4,1,8
21.04.2016,2,4,1,7
22.04.2016,1,5,1,7
23.04.2016,1,5,1,7
24.04.2016,1,5,1,7
25.04.2016,2,4,1,7
26.04.2016,2,4,1,7
27.04.2016,2,4,1,7
28.04.2016,1,5,1,7
29.04.2016,1,5,1,7
30.04.2016,0,6,1,7
01.05.2016,0,6,1,7
02.05.2016,1,5,1,7
03.05.2016,1,6,1,8
04.05.2016,1,6,2,9
05.05.2016,1,5,2,8
06.05.2016,1,5,2,8
07.05.2016,1,6,1,8
08.05.2016,1,6,1,8
09.05.2016,1,7,0,8
10.05.2016,2,7,0,9
11.05.2016,2,7,0,9
12.05.2016,2,7,0,9
13.05.2016,2,7,0,9
14.05.2016,2,7,0,9
15.05.2016,2,7,0,9
16.05.2016,2,7,0,9
17.05.2016,2,7,0,9
18.05.2016,2,7,0,9
19.05.2016,2,7,0,9
20.05.2016,1,8,0,9
21.05.2016,1,8,0,9
22.05.2016,1,8,0,9
23.05.2016,2,7,1,10
24.05.2016,2,7,1,10
25.05.2016,1,8,1,10
26.05.2016,1,8,1,10
27.05.2016,1,8,2,11
28.05.2016,1,8,2,11
29.05.2016,0,9,2,11
30.05.2016,1,7,2,10
31.05.2016,1,7,2,10
01.06.2016,1,7,2,10
02.06.2016,1,7,3,11
03.06.2016,1,7,3,11
04.06.2016,1,8,2,11
05.06.2016,1,8,2,11
06.06.2016,2,7,2,11
07.06.2016,2,6,2,10
08.06.2016,2,7,1,10
09.06.2016,2,7,1,10
10.06.2016,2,6,2,10
11.06.2016,2,7,2,11
12.06.2016,2,7,2,11
13.06.2016,2,8,2,12
14.06.2016,2,9,2,13
15.06.2016,2,9,2,13
16.06.2016,2,9,2,13
17.06.2016,2,9,2,13
18.06.2016,2,9,2,13
19.06.2016,2,9,2,13
20.06.2016,2,9,2,13
21.06.2016,3,8,2,13
22.06.2016,3,8,2,13
23.06.2016,4,7,2,13
24.06.2016,4,8,0,12
25.06.2016,4,8,0,12
26.06.2016,4,8,0,12
27.06.2016,4,8,0,12
28.06.2016,4,8,0,12
29.06.2016,4,8,0,12
30.06.2016,4,8,0,12
01.07.2016,4,8,0,12
02.07.2016,4,8,0,12
03.07.2016,4,8,0,12
04.07.2016,3,9,0,12
05.07.2016,3,9,0,12
06.07.2016,3,8,0,11
07.07.2016,3,8,0,11
08.07.2016,3,7,1,11
09.07.2016,2,7,1,10
10.07.2016,2,7,1,10
11.07.2016,2,7,0,9
12.07.2016,2,5,0,7
13.07.2016,2,5,0,7
14.07.2016,3,3,0,6
15.07.2016,3,3,0,6
16.07.2016,3,3,0,6
17.07.2016,3,3,0,6
18.07.2016,3,3,0,6
19.07.2016,4,2,0,6
20.07.2016,4,2,0,6
21.07.2016,4,2,0,6
22.07.2016,4,1,0,5
23.07.2016,4,1,0,5
24.07.2016,4,1,0,5
25.07.2016,4,1,2,7
26.07.2016,4,1,2,7
27.07.2016,4,1,2,7
28.07.2016,4,2,2,8
29.07.2016,4,2,2,8
30.07.2016,4,2,2,8
31.07.2016,4,2,2,8
01.08.2016,4,2,2,8
02.08.2016,3,4,1,8
03.08.2016,3,4,1,8
04.08.2016,3,4,2,9
05.08.2016,3,5,2,10
06.08.2016,2,6,2,10
07.08.2016,2,6,2,10
08.08.2016,2,5,2,9
09.08.2016,2,6,2,10
10.08.2016,3,5,2,10
11.08.2016,3,6,1,10
12.08.2016,3,7,1,11
13.08.2016,3,7,1,11
14.08.2016,3,7,1,11
15.08.2016,3,7,1,11
16.08.2016,4,6,1,11
17.08.2016,4,6,1,11
18.08.2016,3,6,1,10
19.08.2016,3,6,1,10
20.08.2016,3,6,1,10
21.08.2016,3,6,1,10
22.08.2016,3,6,1,10
23.08.2016,3,6,1,10
24.08.2016,3,6,1,10
25.08.2016,3,6,1,10
26.08.2016,3,6,1,10
27.08.2016,3,6,1,10
28.08.2016,3,6,1,10
29.08.2016,3,6,1,10
30.08.2016,2,7,1,10
31.08.2016,2,7,1,10
01.09.2016,2,7,0,9
02.09.2016,2,7,0,9
03.09.2016,2,7,0,9
04.09.2016,2,7,0,9
05.09.2016,2,7,0,9
06.09.2016,2,6,0,8
07.09.2016,2,6,0,8
08.09.2016,2,5,0,7
09.09.2016,2,5,0,7
10.09.2016,2,5,0,7
11.09.2016,2,5,0,7
12.09.2016,2,4,0,6
13.09.2016,2,3,0,5
14.09.2016,2,3,1,6
15.09.2016,2,3,1,6
16.09.2016,2,4,1,7
17.09.2016,2,4,1,7
18.09.2016,2,4,1,7
19.09.2016,2,4,1,7
20.09.2016,2,4,1,7
21.09.2016,2,4,1,7
22.09.2016,2,5,3,10
23.09.2016,2,6,2,10
24.09.2016,2,6,2,10
25.09.2016,2,6,2,10
26.09.2016,2,6,2,10
27.09.2016,2,6,2,10
28.09.2016,2,5,2,9
29.09.2016,2,5,2,9
30.09.2016,2,5,2,9
01.10.2016,2,5,2,9
02.10.2016,2,5,2,9
03.10.2016,2,6,1,9
04.10.2016,2,6,1,9
05.10.2016,2,6,1,9
06.10.2016,2,6,1,9
07.10.2016,2,7,2,11
08.10.2016,2,7,2,11
09.10.2016,2,7,2,11
10.10.2016,2,7,4,13
11.10.2016,2,7,4,13
12.10.2016,2,7,5,14
13.10.2016,2,7,5,14
14.10.2016,2,8,5,15
15.10.2016,2,8,4,14
16.10.2016,2,8,4,14
17.10.2016,2,8,4,14
18.10.2016,2,11,4,17
19.10.2016,2,11,4,17
20.10.2016,2,12,2,16
21.10.2016,2,12,2,16
22.10.2016,2,12,2,16
23.10.2016,2,12,2,16
24.10.2016,2,12,2,16
25.10.2016,3,11,2,16
26.10.2016,3,11,2,16
27.10.2016,3,10,2,15
28.10.2016,3,10,2,15
29.10.2016,3,10,2,15
30.10.2016,3,10,2,15
31.10.2016,3,10,2,15
01.11.2016,3,9,2,14
02.11.2016,3,9,2,14
03.11.2016,3,9,2,14
04.11.2016,3,9,2,14
05.11.2016,3,9,2,14
06.11.2016,3,9,2,14
07.11.2016,3,9,1,13
08.11.2016,3,9,1,13
09.11.2016,3,9,1,13
10.11.2016,3,9,1,13
11.11.2016,3,8,2,13
12.11.2016,3,8,2,13
13.11.2016,3,8,2,13
14.11.2016,3,8,2,13
15.11.2016,3,6,1,10
16.11.2016,3,6,1,10
17.11.2016,3,6,1,10
18.11.2016,3,6,1,10
19.11.2016,3,6,1,10
20.11.2016,3,6,1,10
21.11.2016,3,7,1,11
22.11.2016,3,7,1,11
23.11.2016,3,7,1,11
24.11.2016,3,7,1,11
25.11.2016,3,6,1,10
26.11.2016,3,6,1,10
27.11.2016,3,6,1,10
28.11.2016,3,6,1,10
29.11.2016,3,6,1,10
30.11.2016,3,6,1,10
01.12.2016,3,6,1,10
02.12.2016,3,6,1,10
03.12.2016,3,6,1,10
04.12.2016,3,6,1,10
05.12.2016,3,6,1,10
06.12.2016,3,6,1,10
07.12.2016,3,6,1,10
08.12.2016,3,6,1,10
09.12.2016,3,6,0,9
10.12.2016,3,6,0,9
11.12.2016,3,6,0,9
12.12.2016,3,6,0,9
13.12.2016,3,7,0,10
14.12.2016,3,7,0,10
15.12.2016,3,8,1,12
16.12.2016,3,8,2,13
17.12.2016,3,8,2,13
18.12.2016,3,8,2,13
19.12.2016,3,7,2,12
20.12.2016,3,7,2,12
21.12.2016,3,7,2,12
22.12.2016,3,7,2,12
23.12.2016,3,7,2,12
24.12.2016,3,7,2,12
25.12.2016,3,7,2,12
26.12.2016,3,7,2,12
27.12.2016,3,7,2,12
28.12.2016,3,7,2,12
29.12.2016,3,7,2,12
30.12.2016,4,6,2,12
31.12.2016,3,7,2,12
01.01.2017,3,7,2,12
02.01.2017,3,7,2,12
03.01.2017,3,7,2,12
04.01.2017,3,7,2,12
05.01.2017,3,7,2,12
06.01.2017,2,7,2,11
07.01.2017,3,7,2,12
08.01.2017,3,7,2,12
09.01.2017,4,5,2,11
10.01.2017,3,4,3,10
11.01.2017,3,4,3,10
12.01.2017,3,4,1,8
13.01.2017,3,4,0,7
14.01.2017,3,3,0,6
15.01.2017,3,3,0,6
16.01.2017,3,3,0,6
17.01.2017,3,3,0,6
18.01.2017,3,3,0,6
19.01.2017,3,5,0,8
20.01.2017,2,7,0,9
21.01.2017,2,7,0,9
22.01.2017,2,8,0,10
23.01.2017,2,8,0,10
24.01.2017,2,8,0,10
25.01.2017,2,8,0,10
26.01.2017,2,8,0,10
27.01.2017,3,7,0,10
28.01.2017,3,7,0,10
29.01.2017,3,7,0,10
30.01.2017,4,7,0,11
31.01.2017,4,7,0,11
01.02.2017,3,8,0,11
02.02.2017,3,8,0,11
03.02.2017,4,7,0,11
04.02.2017,4,7,0,11
05.02.2017,4,7,0,11
06.02.2017,3,8,0,11
07.02.2017,2,9,0,11
08.02.2017,2,9,0,11
09.02.2017,2,9,0,11
10.02.2017,3,8,0,11
11.02.2017,3,8,0,11
12.02.2017,3,8,0,11
13.02.2017,3,7,1,11
14.02.2017,4,6,1,11
15.02.2017,4,5,1,10
16.02.2017,4,4,1,9
17.02.2017,3,4,1,8
18.02.2017,3,4,1,8
19.02.2017,3,4,1,8
20.02.2017,3,4,1,8
21.02.2017,3,4,1,8
22.02.2017,3,4,1,8
23.02.2017,3,4,1,8
24.02.2017,4,4,0,8
25.02.2017,4,5,0,9
26.02.2017,4,5,0,9
27.02.2017,3,6,0,9
28.02.2017,3,6,0,9
01.03.2017,3,6,0,9
02.03.2017,3,7,0,10
03.03.2017,4,6,0,10
04.03.2017,4,6,1,11
05.03.2017,4,6,1,11
06.03.2017,3,7,1,11
07.03.2017,2,8,1,11
08.03.2017,2,8,1,11
09.03.2017,2,8,1,11
10.03.2017,3,7,1,11
11.03.2017,3,7,1,11
12.03.2017,3,7,1,11
13.03.2017,3,7,3,13
14.03.2017,3,7,4,14
15.03.2017,4,6,4,14
16.03.2017,4,6,4,14
17.03.2017,3,8,3,14
18.03.2017,3,8,3,14
19.03.2017,3,8,3,14
20.03.2017,3,9,2,14
21.03.2017,3,9,2,14
22.03.2017,3,9,3,15
23.03.2017,3,9,3,15
24.03.2017,4,7,3,14
25.03.2017,4,7,3,14
26.03.2017,4,7,3,14
27.03.2017,3,6,3,12
28.03.2017,3,6,3,12
29.03.2017,3,6,3,12
30.03.2017,3,6,3,12
31.03.2017,4,5,4,13
01.04.2017,4,5,3,12
02.04.2017,4,5,3,12
03.04.2017,2,7,3,12
04.04.2017,2,8,3,13
05.04.2017,2,8,3,13
06.04.2017,2,8,3,13
07.04.2017,3,7,3,13
08.04.2017,4,6,3,13
09.04.2017,4,6,3,13
10.04.2017,4,6,2,12
11.04.2017,3,7,2,12
12.04.2017,4,7,2,13
13.04.2017,4,7,2,13
14.04.2017,4,6,3,13
15.04.2017,4,6,3,13
16.04.2017,4,6,3,13
17.04.2017,3,7,3,13
18.04.2017,3,6,3,12
19.04.2017,3,6,2,11
20.04.2017,3,6,2,11
21.04.2017,3,6,2,11
22.04.2017,3,6,2,11
23.04.2017,3,6,2,11
24.04.2017,3,6,2,11
25.04.2017,3,6,2,11
26.04.2017,3,6,2,11
27.04.2017,3,6,2,11
28.04.2017,3,6,1,10
29.04.2017,3,6,1,10
30.04.2017,3,6,1,10
01.05.2017,2,7,1,10
02.05.2017,2,6,1,9
03.05.2017,2,6,1,9
04.05.2017,2,6,1,9
05.05.2017,2,5,1,8
06.05.2017,2,5,1,8
07.05.2017,2,5,1,8
08.05.2017,2,5,1,8
09.05.2017,3,4,1,8
10.05.2017,2,4,0,6
11.05.2017,2,4,0,6
12.05.2017,2,4,0,6
13.05.2017,2,4,0,6
14.05.2017,2,4,0,6
15.05.2017,2,5,0,7
16.05.2017,2,5,0,7
17.05.2017,2,5,0,7
18.05.2017,2,5,0,7
19.05.2017,2,5,0,7
20.05.2017,2,6,0,8
21.05.2017,2,6,0,8
22.05.2017,2,6,0,8
23.05.2017,2,6,0,8
24.05.2017,2,6,0,8
25.05.2017,2,6,0,8
26.05.2017,2,6,1,9
27.05.2017,2,6,1,9
28.05.2017,2,6,1,9
29.05.2017,2,6,1,9
30.05.2017,2,6,1,9
31.05.2017,2,6,1,9
01.06.2017,2,6,1,9
02.06.2017,2,6,1,9
03.06.2017,2,6,1,9
04.06.2017,2,6,1,9
05.06.2017,2,6,1,9
06.06.2017,3,5,1,9
07.06.2017,2,6,1,9
08.06.2017,2,6,1,9
09.06.2017,2,6,1,9
10.06.2017,2,6,1,9
11.06.2017,2,6,2,10
12.06.2017,2,6,2,10
13.06.2017,2,6,3,11
14.06.2017,2,7,2,11
15.06.2017,2,7,2,11
16.06.2017,2,7,2,11
17.06.2017,2,7,2,11
18.06.2017,2,8,2,12
19.06.2017,2,7,2,11
20.06.2017,3,6,2,11
21.06.2017,3,6,2,11
22.06.2017,3,6,2,11
23.06.2017,3,6,1,10
24.06.2017,3,6,1,10
25.06.2017,3,6,1,10
26.06.2017,3,6,1,10
27.06.2017,3,6,1,10
28.06.2017,3,6,1,10
29.06.2017,3,6,1,10
30.06.2017,3,6,1,10
01.07.2017,3,6,1,10
02.07.2017,3,6,1,10
03.07.2017,3,6,1,10
04.07.2017,3,6,1,10
05.07.2017,4,5,2,11
06.07.2017,4,5,2,11
07.07.2017,4,5,2,11
08.07.2017,4,5,2,11
09.07.2017,4,5,2,11
10.07.2017,4,5,2,11
11.07.2017,4,5,2,11
12.07.2017,4,5,1,10
13.07.2017,3,6,1,10
14.07.2017,3,6,1,10
15.07.2017,3,6,1,10
16.07.2017,3,6,1,10
17.07.2017,3,6,1,10
18.07.2017,3,6,2,11
19.07.2017,3,6,2,11
20.07.2017,4,5,2,11
21.07.2017,3,6,2,11
22.07.2017,3,6,2,11
23.07.2017,3,6,2,11
24.07.2017,3,6,2,11
25.07.2017,3,6,2,11
26.07.2017,4,5,2,11
27.07.2017,4,5,3,12
28.07.2017,4,5,4,13
29.07.2017,4,6,3,13
30.07.2017,4,6,3,13
31.07.2017,3,7,3,13
01.08.2017,3,7,3,13
02.08.2017,3,7,2,12
03.08.2017,4,6,4,14
04.08.2017,4,6,5,15
05.08.2017,4,6,5,15
06.08.2017,4,6,5,15
07.08.2017,4,7,5,16
08.08.2017,4,8,4,16
09.08.2017,4,8,4,16
10.08.2017,3,9,4,16
11.08.2017,3,9,4,16
12.08.2017,3,9,4,16
13.08.2017,3,9,4,16
14.08.2017,3,9,4,16
15.08.2017,2,11,3,16
16.08.2017,2,11,3,16
17.08.2017,3,10,3,16
18.08.2017,2,11,3,16
19.08.2017,2,11,3,16
20.08.2017,2,11,3,16
21.08.2017,2,11,3,16
22.08.2017,2,11,3,16
23.08.2017,3,11,2,16
24.08.2017,3,10,1,14
25.08.2017,3,10,1,14
26.08.2017,3,10,1,14
27.08.2017,3,9,1,13
28.08.2017,3,9,1,13
29.08.2017,3,9,1,13
30.08.2017,3,9,2,14
31.08.2017,4,8,1,13
01.09.2017,4,8,1,13
02.09.2017,4,8,1,13
03.09.2017,4,8,1,13
04.09.2017,4,8,1,13
05.09.2017,4,7,1,12
06.09.2017,4,7,1,12
07.09.2017,3,8,1,12
08.09.2017,4,7,1,12
09.09.2017,3,8,2,13
10.09.2017,3,9,1,13
11.09.2017,3,9,1,13
12.09.2017,2,9,1,12
13.09.2017,2,9,1,12
14.09.2017,3,8,2,13
15.09.2017,2,9,2,13
16.09.2017,2,9,2,13
17.09.2017,2,9,2,13
18.09.2017,2,10,2,14
19.09.2017,2,10,2,14
20.09.2017,4,8,2,14
21.09.2017,3,9,2,14
22.09.2017,4,8,2,14
23.09.2017,4,8,2,14
24.09.2017,4,8,2,14
25.09.2017,4,8,2,14
26.09.2017,4,8,2,14
27.09.2017,4,7,1,12
28.09.2017,5,6,1,12
29.09.2017,4,7,1,12
30.09.2017,4,7,1,12
01.10.2017,4,7,1,12
02.10.2017,4,7,1,12
03.10.2017,4,7,1,12
04.10.2017,4,8,1,13
05.10.2017,4,8,1,13
06.10.2017,5,7,1,13
07.10.2017,3,9,1,13
08.10.2017,3,9,1,13
09.10.2017,3,8,1,12
10.10.2017,2,9,1,12
11.10.2017,3,8,1,12
12.10.2017,3,7,1,11
13.10.2017,3,7,1,11
14.10.2017,3,8,1,12
15.10.2017,3,8,1,12
16.10.2017,3,7,1,11
17.10.2017,3,7,1,11
18.10.2017,4,6,1,11
19.10.2017,3,7,2,12
20.10.2017,4,7,1,12
21.10.2017,4,7,1,12
22.10.2017,4,7,1,12
23.10.2017,4,7,1,12
24.10.2017,3,9,1,13
25.10.2017,4,9,1,14
26.10.2017,4,9,2,15
27.10.2017,4,9,2,15
28.10.2017,4,9,2,15
29.10.2017,4,9,2,15
30.10.2017,4,9,2,15
31.10.2017,5,8,3,16
01.11.2017,5,8,3,16
02.11.2017,5,8,3,16
03.11.2017,5,9,2,16
04.11.2017,4,10,2,16
05.11.2017,4,10,2,16
06.11.2017,4,10,2,16
07.11.2017,4,9,3,16
08.11.2017,4,9,3,16
09.11.2017,4,9,2,15
10.11.2017,4,9,2,15
11.11.2017,4,9,2,15
12.11.2017,4,9,2,15
13.11.2017,4,9,3,16
14.11.2017,4,9,3,16
15.11.2017,4,9,3,16
16.11.2017,4,10,2,16
17.11.2017,4,10,3,17
18.11.2017,4,11,2,17
19.11.2017,4,11,2,17
20.11.2017,4,11,3,18
21.11.2017,4,11,3,18
22.11.2017,4,12,3,19
23.11.2017,4,13,2,19
24.11.2017,5,12,2,19
25.11.2017,5,12,2,19
26.11.2017,5,12,2,19
27.11.2017,5,12,2,19
28.11.2017,5,11,3,19
29.11.2017,5,11,4,20
30.11.2017,5,12,4,21
01.12.2017,4,13,4,21
02.12.2017,4,13,5,22
03.12.2017,4,13,5,22
04.12.2017,4,12,6,22
05.12.2017,4,12,7,23
06.12.2017,5,12,6,23
07.12.2017,4,13,5,22
08.12.2017,4,13,5,22
09.12.2017,4,13,5,22
10.12.2017,4,13,5,22
11.12.2017,5,13,5,23
12.12.2017,5,13,5,23
13.12.2017,5,13,5,23
14.12.2017,4,14,5,23
15.12.2017,4,13,5,22
16.12.2017,4,13,5,22
17.12.2017,4,13,5,22
18.12.2017,4,13,4,21
19.12.2017,4,14,3,21
20.12.2017,3,15,3,21
21.12.2017,4,14,4,22
22.12.2017,5,13,4,22
23.12.2017,4,14,4,22
24.12.2017,4,14,4,22
25.12.2017,4,14,4,22
26.12.2017,4,13,4,21
27.12.2017,4,12,3,19
28.12.2017,4,11,3,18
29.12.2017,3,12,3,18
30.12.2017,3,12,2,17
31.12.2017,3,12,2,17
01.01.2018,3,12,1,16
02.01.2018,4,11,1,16
03.01.2018,5,9,1,15
04.01.2018,5,8,1,14
05.01.2018,3,9,1,13
06.01.2018,3,9,1,13
07.01.2018,3,9,1,13
08.01.2018,2,10,1,13
09.01.2018,1,10,2,13
10.01.2018,1,11,1,13
11.01.2018,1,11,1,13
12.01.2018,3,9,1,13
13.01.2018,3,9,1,13
14.01.2018,3,9,1,13
15.01.2018,3,9,1,13
16.01.2018,3,8,1,12
17.01.2018,2,10,1,13
18.01.2018,2,9,1,12
19.01.2018,1,10,1,12
20.01.2018,1,10,1,12
21.01.2018,0,11,1,12
22.01.2018,0,11,1,12
23.01.2018,0,12,1,13
24.01.2018,0,12,1,13
25.01.2018,0,12,1,13
26.01.2018,0,12,1,13
27.01.2018,0,12,1,13
28.01.2018,1,11,1,13
29.01.2018,1,12,2,15
30.01.2018,0,14,1,15
31.01.2018,1,13,3,17
01.02.2018,1,14,2,17
02.02.2018,1,14,3,18
03.02.2018,2,13,3,18
04.02.2018,2,13,3,18
05.02.2018,1,15,3,19
06.02.2018,1,15,3,19
07.02.2018,1,16,3,20
08.02.2018,1,17,2,20
09.02.2018,2,15,3,20
10.02.2018,2,15,3,20
11.02.2018,2,15,4,21
12.02.2018,3,15,3,21
13.02.2018,3,17,2,22
14.02.2018,2,18,3,23
15.02.2018,1,20,3,24
16.02.2018,1,20,3,24
17.02.2018,1,20,3,24
18.02.2018,1,20,3,24
19.02.2018,1,20,3,24
20.02.2018,2,19,3,24
21.02.2018,2,19,3,24
22.02.2018,2,21,2,25
23.02.2018,2,21,2,25
24.02.2018,2,21,2,25
25.02.2018,3,20,3,26
26.02.2018,3,20,3,26
27.02.2018,2,21,3,26
28.02.2018,1,22,3,26
01.03.2018,2,20,4,26
02.03.2018,1,20,5,26
03.03.2018,2,19,5,26
04.03.2018,2,19,5,26
05.03.2018,2,19,5,26
06.03.2018,2,20,4,26
07.03.2018,3,19,4,26
08.03.2018,3,19,5,27
09.03.2018,3,19,5,27
10.03.2018,3,19,6,28
11.03.2018,3,19,4,26
12.03.2018,4,17,5,26
13.03.2018,4,16,3,23
14.03.2018,3,17,3,23
15.03.2018,3,17,2,22
16.03.2018,3,17,3,23
17.03.2018,3,17,3,23
18.03.2018,3,17,4,24
19.03.2018,3,18,3,24
20.03.2018,4,15,4,23
21.03.2018,5,14,4,23
22.03.2018,5,16,2,23
23.03.2018,5,17,2,24
24.03.2018,5,17,2,24
25.03.2018,5,18,2,25
26.03.2018,5,19,1,25
27.03.2018,5,19,2,26
28.03.2018,4,20,3,27
29.03.2018,4,20,3,27
30.03.2018,4,20,3,27
31.03.2018,4,20,3,27
01.04.2018,4,20,3,27
02.04.2018,4,20,3,27
03.04.2018,4,20,3,27
04.04.2018,4,21,3,28
05.04.2018,4,22,3,29
06.04.2018,4,22,3,29
07.04.2018,4,22,3,29
08.04.2018,4,22,3,29
09.04.2018,4,22,3,29
10.04.2018,5,21,3,29
11.04.2018,5,20,3,28
12.04.2018,5,20,3,28
13.04.2018,5,20,4,29
14.04.2018,5,20,4,29
15.04.2018,5,20,4,29
16.04.2018,5,18,5,28
17.04.2018,6,18,4,28
18.04.2018,6,17,3,26
19.04.2018,5,18,4,27
20.04.2018,5,19,3,27
21.04.2018,5,19,4,28
22.04.2018,5,19,5,29
23.04.2018,7,16,6,29
24.04.2018,6,18,5,29
25.04.2018,6,18,4,28
26.04.2018,6,17,4,27
27.04.2018,6,17,4,27
28.04.2018,6,17,4,27
29.04.2018,6,17,4,27
30.04.2018,6,18,4,28
01.05.2018,6,18,5,29
02.05.2018,6,17,5,28
03.05.2018,6,17,4,27
04.05.2018,6,15,4,25
05.05.2018,6,15,4,25
06.05.2018,6,15,4,25
07.05.2018,6,16,4,26
08.05.2018,6,17,4,27
09.05.2018,6,18,3,27
10.05.2018,6,21,3,30
11.05.2018,6,21,2,29
12.05.2018,6,21,3,30
13.05.2018,6,22,2,30
14.05.2018,6,22,2,30
15.05.2018,6,21,2,29
16.05.2018,6,21,2,29
17.05.2018,5,22,2,29
18.05.2018,5,22,2,29
19.05.2018,5,22,2,29
20.05.2018,5,22,1,28
21.05.2018,5,20,1,26
22.05.2018,5,18,1,24
23.05.2018,5,18,2,25
24.05.2018,5,19,1,25
25.05.2018,5,19,1,25
26.05.2018,5,19,1,25
27.05.2018,5,19,1,25
28.05.2018,5,18,1,24
29.05.2018,5,17,0,22
30.05.2018,6,14,0,20
31.05.2018,6,15,0,21
01.06.2018,5,16,0,21
02.06.2018,5,16,0,21
03.06.2018,4,17,0,21
04.06.2018,4,17,0,21
05.06.2018,6,15,1,22
06.06.2018,7,14,1,22
07.06.2018,7,13,2,22
08.06.2018,6,15,1,22
09.06.2018,6,15,2,23
10.06.2018,6,14,2,22
11.06.2018,6,16,1,23
12.06.2018,6,17,3,26
13.06.2018,7,18,2,27
14.06.2018,6,20,3,29
15.06.2018,6,23,2,31
16.06.2018,6,23,2,31
17.06.2018,6,23,2,31
18.06.2018,7,24,2,33
19.06.2018,5,28,3,36
20.06.2018,6,28,4,38
21.06.2018,6,27,4,37
22.06.2018,6,28,3,37
23.06.2018,5,29,3,37
24.06.2018,5,29,3,37
25.06.2018,5,29,3,37
26.06.2018,6,28,5,39
27.06.2018,7,28,5,40
28.06.2018,6,27,6,39
29.06.2018,7,26,6,39
30.06.2018,7,26,6,39
01.07.2018,6,27,6,39
02.07.2018,6,27,6,39
03.07.2018,7,26,5,38
04.07.2018,7,26,5,38
05.07.2018,7,26,5,38
06.07.2018,6,28,5,39
07.07.2018,6,28,5,39
08.07.2018,6,28,5,39
09.07.2018,6,28,5,39
10.07.2018,6,27,5,38
11.07.2018,7,26,5,38
12.07.2018,7,24,5,36
13.07.2018,7,24,4,35
14.07.2018,7,24,4,35
15.07.2018,7,24,4,35
16.07.2018,7,24,3,34
17.07.2018,4,27,3,34
18.07.2018,4,25,3,32
19.07.2018,5,25,2,32
20.07.2018,5,25,3,33
21.07.2018,5,25,3,33
22.07.2018,5,25,3,33
23.07.2018,5,25,2,32
24.07.2018,5,24,3,32
25.07.2018,6,25,2,33
26.07.2018,6,25,2,33
27.07.2018,6,25,2,33
28.07.2018,7,24,2,33
29.07.2018,6,25,3,34
30.07.2018,6,25,3,34
31.07.2018,7,24,3,34
01.08.2018,6,25,4,35
02.08.2018,6,26,4,36
03.08.2018,6,25,4,35
04.08.2018,6,25,4,35
05.08.2018,6,25,4,35
06.08.2018,6,25,4,35
07.08.2018,7,24,3,34
08.08.2018,7,25,3,35
09.08.2018,8,24,3,35
10.08.2018,7,25,3,35
11.08.2018,7,25,3,35
12.08.2018,7,25,3,35
13.08.2018,7,24,5,36
14.08.2018,5,24,4,33
15.08.2018,6,22,4,32
16.08.2018,7,22,3,32
17.08.2018,7,22,3,32
18.08.2018,7,22,3,32
19.08.2018,7,22,3,32
20.08.2018,6,22,5,33
21.08.2018,6,23,3,32
22.08.2018,6,23,4,33
23.08.2018,6,23,4,33
24.08.2018,6,24,3,33
25.08.2018,7,23,3,33
26.08.2018,7,23,2,32
27.08.2018,7,23,2,32
28.08.2018,8,20,1,29
29.08.2018,7,20,1,28
30.08.2018,6,19,0,25
31.08.2018,7,19,0,26
01.09.2018,7,19,0,26
02.09.2018,7,19,0,26
03.09.2018,6,19,0,25
04.09.2018,7,18,0,25
05.09.2018,7,19,0,26
06.09.2018,8,18,0,26
07.09.2018,7,17,0,24
08.09.2018,7,17,0,24
09.09.2018,7,17,0,24
10.09.2018,6,19,0,25
11.09.2018,6,19,0,25
12.09.2018,6,19,0,25
13.09.2018,7,18,0,25
14.09.2018,8,18,0,26
15.09.2018,8,18,0,26
16.09.2018,8,18,0,26
17.09.2018,7,19,1,27
18.09.2018,6,20,1,27
19.09.2018,6,19,2,27
20.09.2018,6,18,2,26
21.09.2018,7,17,2,26
22.09.2018,7,17,2,26
23.09.2018,7,17,2,26
24.09.2018,7,18,2,27
25.09.2018,7,17,2,26
26.09.2018,8,17,3,28
27.09.2018,8,16,3,27
28.09.2018,8,17,3,28
29.09.2018,8,17,3,28
30.09.2018,8,16,3,27
01.10.2018,7,19,3,29
02.10.2018,7,19,3,29
03.10.2018,8,19,3,30
04.10.2018,9,19,4,32
05.10.2018,8,19,4,31
06.10.2018,8,19,4,31
07.10.2018,8,19,4,31
08.10.2018,8,17,4,29
09.10.2018,7,17,4,28
10.10.2018,7,17,4,28
11.10.2018,8,16,6,30
12.10.2018,9,14,5,28
13.10.2018,9,13,6,28
14.10.2018,9,13,6,28
15.10.2018,8,16,6,30
16.10.2018,8,16,7,31
17.10.2018,8,17,8,33
18.10.2018,8,16,8,32
19.10.2018,8,17,9,34
20.10.2018,8,17,9,34
21.10.2018,8,17,9,34
22.10.2018,7,20,8,35
23.10.2018,7,19,8,34
24.10.2018,7,20,8,35
25.10.2018,7,21,8,36
26.10.2018,7,21,8,36
27.10.2018,7,21,8,36
28.10.2018,7,21,8,36
29.10.2018,7,21,7,35
30.10.2018,6,21,7,34
31.10.2018,6,22,7,35
01.11.2018,7,22,6,35
02.11.2018,7,23,5,35
03.11.2018,7,23,5,35
04.11.2018,7,23,5,35
05.11.2018,6,25,5,36
06.11.2018,6,26,4,36
07.11.2018,6,27,4,37
08.11.2018,6,25,3,34
09.11.2018,7,23,4,34
10.11.2018,7,23,4,34
11.11.2018,7,23,4,34
12.11.2018,7,23,3,33
13.11.2018,7,24,2,33
14.11.2018,6,26,1,33
15.11.2018,7,25,1,33
16.11.2018,7,25,1,33
17.11.2018,7,25,1,33
18.11.2018,7,25,1,33
19.11.2018,8,25,1,34
20.11.2018,9,25,1,35
21.11.2018,8,27,2,37
22.11.2018,7,27,2,36
23.11.2018,6,28,2,36
24.11.2018,6,28,2,36
25.11.2018,6,28,3,37
26.11.2018,7,27,3,37
27.11.2018,7,29,2,38
28.11.2018,7,30,2,39
29.11.2018,9,29,2,40
30.11.2018,8,30,2,40
01.12.2018,7,31,2,40
02.12.2018,7,31,2,40
03.12.2018,6,31,3,40
04.12.2018,7,29,3,39
05.12.2018,8,28,4,40
06.12.2018,8,28,5,41
07.12.2018,8,28,5,41
08.12.2018,8,28,5,41
09.12.2018,8,28,5,41
10.12.2018,8,28,5,41
11.12.2018,8,28,6,42
12.12.2018,8,28,5,41
13.12.2018,9,25,4,38
14.12.2018,10,25,3,38
15.12.2018,10,25,4,39
16.12.2018,10,25,4,39
17.12.2018,10,26,5,41
18.12.2018,11,24,4,39
19.12.2018,10,26,4,40
20.12.2018,10,27,3,40
21.12.2018,9,28,3,40
22.12.2018,9,28,3,40
23.12.2018,9,28,3,40
24.12.2018,10,27,3,40
25.12.2018,10,26,4,40
26.12.2018,9,28,3,40
27.12.2018,11,23,2,36
28.12.2018,10,24,2,36
29.12.2018,9,25,2,36
30.12.2018,9,25,2,36
31.12.2018,7,26,2,35
01.01.2019,7,24,2,33
02.01.2019,8,23,1,32
03.01.2019,8,23,1,32
04.01.2019,8,22,5,35
05.01.2019,8,22,5,35
06.01.2019,8,22,5,35
07.01.2019,8,22,5,35
08.01.2019,7,22,6,35
09.01.2019,7,22,7,36
10.01.2019,8,21,7,36
11.01.2019,9,20,7,36
12.01.2019,9,20,7,36
13.01.2019,9,20,7,36
14.01.2019,11,17,8,36
15.01.2019,11,17,9,37
16.01.2019,10,20,10,40
17.01.2019,9,19,10,38
18.01.2019,8,20,10,38
19.01.2019,8,20,10,38
20.01.2019,8,21,11,40
21.01.2019,9,22,11,42
22.01.2019,10,21,11,42
23.01.2019,12,19,13,44
24.01.2019,14,17,14,45
25.01.2019,13,18,16,47
26.01.2019,11,20,16,47
27.01.2019,11,20,16,47
28.01.2019,11,22,14,47
29.01.2019,11,23,15,49
30.01.2019,10,25,15,50
31.01.2019,10,25,15,50
01.02.2019,10,26,13,49
02.02.2019,9,29,12,50
03.02.2019,9,29,12,50
04.02.2019,9,29,12,50
05.02.2019,10,27,13,50
06.02.2019,10,27,11,48
07.02.2019,9,26,12,47
08.02.2019,9,27,12,48
09.02.2019,9,28,13,50
10.02.2019,9,29,14,52
11.02.2019,11,28,14,53
12.02.2019,13,27,15,55
13.02.2019,12,28,13,53
14.02.2019,12,29,13,54
15.02.2019,11,31,17,59
16.02.2019,11,31,17,59
17.02.2019,10,31,16,57
18.02.2019,10,31,17,58
19.02.2019,13,30,17,60
20.02.2019,13,31,15,59
21.02.2019,12,33,13,58
22.02.2019,12,34,15,61
23.02.2019,11,35,15,61
24.02.2019,11,35,14,60
25.02.2019,12,33,14,59
26.02.2019,12,32,13,57
27.02.2019,11,34,14,59
28.02.2019,11,35,13,59
01.03.2019,11,34,13,58
02.03.2019,10,34,14,58
03.03.2019,10,34,14,58
04.03.2019,10,34,14,58
05.03.2019,12,33,12,57
06.03.2019,13,31,13,57
07.03.2019,12,33,12,57
08.03.2019,12,34,11,57
09.03.2019,12,35,10,57
10.03.2019,13,34,9,56
11.03.2019,15,32,10,57
12.03.2019,18,29,11,58
13.03.2019,17,31,11,59
14.03.2019,17,31,11,59
15.03.2019,16,32,12,60
16.03.2019,16,32,12,60
17.03.2019,16,32,12,60
18.03.2019,16,32,11,59
19.03.2019,18,30,10,58
20.03.2019,19,28,12,59
21.03.2019,18,32,11,61
22.03.2019,18,32,9,59
23.03.2019,17,33,9,59
24.03.2019,17,32,9,58
25.03.2019,17,33,9,59
26.03.2019,17,33,11,61
27.03.2019,16,34,11,61
28.03.2019,16,34,11,61
29.03.2019,16,34,11,61
30.03.2019,14,36,10,60
31.03.2019,14,36,10,60
01.04.2019,12,38,10,60
02.04.2019,15,33,12,60
03.04.2019,16,31,12,59
04.04.2019,16,32,11,59
05.04.2019,16,33,12,61
06.04.2019,16,32,12,60
07.04.2019,16,32,12,60
08.04.2019,16,30,13,59
09.04.2019,19,27,13,59
10.04.2019,19,28,11,58
11.04.2019,19,28,12,59
12.04.2019,18,28,11,57
13.04.2019,19,27,11,57
14.04.2019,18,27,12,57
15.04.2019,18,26,13,57
16.04.2019,19,27,12,58
17.04.2019,18,30,10,58
18.04.2019,17,31,9,57
19.04.2019,18,28,9,55
20.04.2019,18,28,9,55
21.04.2019,18,28,9,55
22.04.2019,18,25,10,53
23.04.2019,18,26,9,53
24.04.2019,17,27,7,51
25.04.2019,18,26,7,51
26.04.2019,18,27,7,52
27.04.2019,17,28,7,52
28.04.2019,17,28,7,52
29.04.2019,15,29,9,53
30.04.2019,17,28,10,55
01.05.2019,18,26,10,54
02.05.2019,17,27,10,54
03.05.2019,16,28,10,54
04.05.2019,17,27,10,54
05.05.2019,17,27,10,54
06.05.2019,16,28,8,52
07.05.2019,16,28,9,53
08.05.2019,17,29,9,55
09.05.2019,17,30,7,54
10.05.2019,17,32,6,55
11.05.2019,17,32,6,55
12.05.2019,16,33,7,56
13.05.2019,16,33,8,57
14.05.2019,17,31,8,56
15.05.2019,16,30,8,54
16.05.2019,15,30,8,53
17.05.2019,16,28,9,53
18.05.2019,16,28,9,53
19.05.2019,16,28,9,53
20.05.2019,14,31,7,52
21.05.2019,14,32,7,53
22.05.2019,15,32,6,53
23.05.2019,15,31,6,52
24.05.2019,14,31,5,50
25.05.2019,14,31,5,50
26.05.2019,14,31,5,50
27.05.2019,14,30,5,49
28.05.2019,15,31,5,51
29.05.2019,16,32,6,54
30.05.2019,16,32,9,57
31.05.2019,16,32,10,58
01.06.2019,17,31,10,58
02.06.2019,17,31,10,58
03.06.2019,15,33,11,59
04.06.2019,15,32,11,58
05.06.2019,14,32,12,58
06.06.2019,14,31,12,57
07.06.2019,14,30,13,57
08.06.2019,14,30,13,57
09.06.2019,13,31,12,56
10.06.2019,13,31,12,56
11.06.2019,13,33,12,58
12.06.2019,11,34,13,58
13.06.2019,11,34,14,59
14.06.2019,11,34,13,58
15.06.2019,10,35,13,58
16.06.2019,10,35,13,58
17.06.2019,10,34,13,57
18.06.2019,10,34,15,59
19.06.2019,8,37,15,60
20.06.2019,8,36,16,60
21.06.2019,9,38,15,62
22.06.2019,9,38,15,62
23.06.2019,9,38,15,62
24.06.2019,9,37,16,62
25.06.2019,10,35,15,60
26.06.2019,11,33,16,60
27.06.2019,13,30,14,57
28.06.2019,13,30,14,57
29.06.2019,13,29,14,56
30.06.2019,13,29,14,56
01.07.2019,11,31,13,55
02.07.2019,11,32,11,54
03.07.2019,11,34,11,56
04.07.2019,11,34,11,56
05.07.2019,11,34,11,56
06.07.2019,11,33,11,55
07.07.2019,11,33,11,55
08.07.2019,11,35,8,54
09.07.2019,11,35,7,53
10.07.2019,10,33,6,49
11.07.2019,11,32,6,49
12.07.2019,11,31,6,48
13.07.2019,11,31,6,48
14.07.2019,11,32,6,49
15.07.2019,12,32,4,48
16.07.2019,12,33,3,48
17.07.2019,11,35,2,48
18.07.2019,10,36,2,48
19.07.2019,10,33,3,46
20.07.2019,9,35,2,46
21.07.2019,9,35,2,46
22.07.2019,10,34,2,46
23.07.2019,12,32,3,47
24.07.2019,12,34,2,48
25.07.2019,14,34,2,50
26.07.2019,16,31,3,50
27.07.2019,16,31,3,50
28.07.2019,16,31,4,51
29.07.2019,15,35,1,51
30.07.2019,15,36,3,54
31.07.2019,15,33,3,51
01.08.2019,15,35,3,53
02.08.2019,15,35,3,53
03.08.2019,15,36,4,55
04.08.2019,15,36,4,55
05.08.2019,13,37,5,55
06.08.2019,13,38,6,57
07.08.2019,14,39,5,58
08.08.2019,15,38,5,58
09.08.2019,16,38,8,62
10.08.2019,15,40,7,62
11.08.2019,15,40,7,62
12.08.2019,16,37,8,61
13.08.2019,17,36,8,61
14.08.2019,14,39,8,61
15.08.2019,14,38,9,61
16.08.2019,14,39,10,63
17.08.2019,13,40,10,63
18.08.2019,13,40,9,62
19.08.2019,14,41,7,62
20.08.2019,16,40,8,64
21.08.2019,14,42,7,63
22.08.2019,14,40,8,62
23.08.2019,14,40,9,63
24.08.2019,15,39,10,64
25.08.2019,15,38,10,63
26.08.2019,14,38,11,63
27.08.2019,15,36,9,60
28.08.2019,15,37,9,61
29.08.2019,15,38,8,61
30.08.2019,15,39,8,62
31.08.2019,15,39,7,61
01.09.2019,15,39,7,61
02.09.2019,12,42,7,61
03.09.2019,13,43,6,62
04.09.2019,13,43,6,62
05.09.2019,12,43,7,62
06.09.2019,15,41,6,62
07.09.2019,15,41,6,62
08.09.2019,15,41,6,62
09.09.2019,16,41,10,67
10.09.2019,17,39,9,65
11.09.2019,15,41,10,66
12.09.2019,15,42,10,67
13.09.2019,15,43,9,67
14.09.2019,14,44,9,67
15.09.2019,14,43,10,67
16.09.2019,16,39,10,65
17.09.2019,18,35,9,62
18.09.2019,17,35,9,61
19.09.2019,16,36,10,62
20.09.2019,17,33,9,59
21.09.2019,17,33,8,58
22.09.2019,17,33,8,58
23.09.2019,17,34,9,60
24.09.2019,18,35,7,60
25.09.2019,17,35,7,59
26.09.2019,16,36,7,59
27.09.2019,16,37,7,60
28.09.2019,17,36,8,61
29.09.2019,18,35,8,61
30.09.2019,17,36,8,61
01.10.2019,17,34,10,61
02.10.2019,17,34,10,61
03.10.2019,18,33,9,60
04.10.2019,20,31,8,59
05.10.2019,21,31,8,60
06.10.2019,21,31,8,60
07.10.2019,21,32,8,61
08.10.2019,22,31,8,61
09.10.2019,22,30,7,59
10.10.2019,22,31,7,60
11.10.2019,23,29,7,59
12.10.2019,23,28,7,58
13.10.2019,23,28,6,57
14.10.2019,23,27,6,56
15.10.2019,24,26,5,55
16.10.2019,24,26,7,57
17.10.2019,23,27,7,57
18.10.2019,22,28,10,60
19.10.2019,22,28,10,60
20.10.2019,22,29,9,60
21.10.2019,22,29,10,61
22.10.2019,22,29,10,61
23.10.2019,22,29,10,61
24.10.2019,22,29,11,62
25.10.2019,22,30,8,60
26.10.2019,23,28,7,58
27.10.2019,23,28,7,58
28.10.2019,23,27,9,59
29.10.2019,23,27,8,58
30.10.2019,23,28,10,61
31.10.2019,23,30,13,66
01.11.2019,26,27,12,65
02.11.2019,26,26,12,64
03.11.2019,26,26,12,64
04.11.2019,24,26,13,63
05.11.2019,25,25,14,64
06.11.2019,26,28,11,65
07.11.2019,25,30,10,65
08.11.2019,26,29,10,65
09.11.2019,26,29,13,68
10.11.2019,27,28,13,68
11.11.2019,26,29,15,70
12.11.2019,26,31,14,71
13.11.2019,25,30,15,70
14.11.2019,25,29,17,71
15.11.2019,23,33,15,71
16.11.2019,23,33,15,71
17.11.2019,24,32,15,71
18.11.2019,24,34,12,70
19.11.2019,24,34,13,71
20.11.2019,23,36,17,76
21.11.2019,21,36,16,73
22.11.2019,22,34,16,72
23.11.2019,22,34,17,73
24.11.2019,21,35,17,73
25.11.2019,21,38,13,72
26.11.2019,20,37,13,70
27.11.2019,21,36,13,70
28.11.2019,21,36,11,68
29.11.2019,23,33,12,68
30.11.2019,22,34,11,67
01.12.2019,22,35,10,67
02.12.2019,21,37,9,67
03.12.2019,22,36,9,67
04.12.2019,23,36,8,67
05.12.2019,22,37,10,69
06.12.2019,22,37,9,68
07.12.2019,22,38,9,69
08.12.2019,23,37,9,69
09.12.2019,24,35,11,70
10.12.2019,24,36,13,73
11.12.2019,24,38,14,76
12.12.2019,25,38,13,76
13.12.2019,24,39,12,75
14.12.2019,24,39,12,75
15.12.2019,24,39,13,76
16.12.2019,24,40,14,78
17.12.2019,25,39,13,77
18.12.2019,26,39,13,78
19.12.2019,26,37,13,76
20.12.2019,26,36,13,75
21.12.2019,26,36,14,76
22.12.2019,25,37,14,76
23.12.2019,25,36,15,76
24.12.2019,24,38,15,77
25.12.2019,24,38,14,76
26.12.2019,24,37,14,75
27.12.2019,25,36,15,76
28.12.2019,25,37,14,76
29.12.2019,26,36,14,76
30.12.2019,25,37,15,77
31.12.2019,24,38,13,75
01.01.2020,24,37,12,73
02.01.2020,23,35,10,68
03.01.2020,22,36,11,69
04.01.2020,23,35,11,69
05.01.2020,24,34,11,69
06.01.2020,23,36,14,73
07.01.2020,24,37,15,76
08.01.2020,24,37,11,72
09.01.2020,24,38,11,73
10.01.2020,25,39,16,80
11.01.2020,25,41,16,82
12.01.2020,25,41,15,81
13.01.2020,24,44,13,81
14.01.2020,24,48,11,83
15.01.2020,25,47,14,86
16.01.2020,24,48,16,88
17.01.2020,24,50,15,89
18.01.2020,24,54,14,92
19.01.2020,23,56,14,93
20.01.2020,22,59,14,95
21.01.2020,22,57,14,93
22.01.2020,22,57,14,93
23.01.2020,23,56,14,93
24.01.2020,23,57,12,92
25.01.2020,23,57,13,93
26.01.2020,24,56,13,93
27.01.2020,24,56,13,93
28.01.2020,27,53,13,93
29.01.2020,29,53,14,96
30.01.2020,29,54,13,96
31.01.2020,29,54,14,97
01.02.2020,29,54,14,97
02.02.2020,29,55,14,98
03.02.2020,29,55,14,98
04.02.2020,28,58,13,99
05.02.2020,29,58,11,98
06.02.2020,29,58,11,98
07.02.2020,33,52,9,94
08.02.2020,35,50,9,94
09.02.2020,35,51,9,95
10.02.2020,35,49,8,92
11.02.2020,35,48,9,92
12.02.2020,37,47,8,92
13.02.2020,37,44,7,88
14.02.2020,38,43,6,87
15.02.2020,38,42,6,86
16.02.2020,38,42,7,87
17.02.2020,37,42,7,86
18.02.2020,39,40,8,87
19.02.2020,39,41,8,88
20.02.2020,39,41,9,89
21.02.2020,38,42,9,89
22.02.2020,38,42,9,89
23.02.2020,39,41,9,89
24.02.2020,40,40,10,90
25.02.2020,40,41,12,93
26.02.2020,39,42,11,92
27.02.2020,39,40,12,91
28.02.2020,40,39,12,91
29.02.2020,41,38,12,91
01.03.2020,41,38,11,90
02.03.2020,39,40,12,91
03.03.2020,40,37,11,88
04.03.2020,35,40,12,87
05.03.2020,35,39,12,86
06.03.2020,38,37,13,88
07.03.2020,38,37,13,88
08.03.2020,38,37,13,88
09.03.2020,37,38,13,88
10.03.2020,37,40,11,88
11.03.2020,38,40,10,88
12.03.2020,38,40,10,88
13.03.2020,37,40,10,87
14.03.2020,37,40,10,87
15.03.2020,37,40,9,86
16.03.2020,36,41,8,85
17.03.2020,38,37,10,85
18.03.2020,39,35,11,85
19.03.2020,38,36,12,86
20.03.2020,37,38,12,87
21.03.2020,37,39,11,87
22.03.2020,38,39,10,87
23.03.2020,38,38,10,86
24.03.2020,39,37,9,85
25.03.2020,38,39,9,86
26.03.2020,39,37,8,84
27.03.2020,39,35,6,80
28.03.2020,38,33,7,78
29.03.2020,37,33,8,78
30.03.2020,35,32,7,74
31.03.2020,36,31,8,75
01.04.2020,39,36,18,93
02.04.2020,38,45,20,103
03.04.2020,38,50,21,109
04.04.2020,38,53,18,109
05.04.2020,38,57,13,108
06.04.2020,37,58,14,109
07.04.2020,36,61,16,113
08.04.2020,36,62,17,115
09.04.2020,37,63,18,118
10.04.2020,37,65,17,119
11.04.2020,37,66,16,119
12.04.2020,37,67,16,120
13.04.2020,37,69,16,122
14.04.2020,39,69,18,126
15.04.2020,40,66,18,124
16.04.2020,40,69,14,123
17.04.2020,39,69,15,123
18.04.2020,41,67,16,124
19.04.2020,42,66,16,124
20.04.2020,42,67,16,125
21.04.2020,40,68,17,125
22.04.2020,41,66,20,127
23.04.2020,42,65,23,130
24.04.2020,44,65,22,131
25.04.2020,44,66,21,131
26.04.2020,43,67,22,132
27.04.2020,45,65,23,133
28.04.2020,46,65,22,133
29.04.2020,44,65,23,132
30.04.2020,46,64,25,135
01.05.2020,49,61,25,135
02.05.2020,51,60,24,135
03.05.2020,52,59,25,136
04.05.2020,51,62,25,138
05.05.2020,48,65,25,138
06.05.2020,49,63,26,138
07.05.2020,49,64,24,137
08.05.2020,48,65,26,139
09.05.2020,49,65,26,140
10.05.2020,48,66,26,140
11.05.2020,49,64,26,139
12.05.2020,48,65,25,138
13.05.2020,50,63,27,140
14.05.2020,50,63,25,138
15.05.2020,49,65,25,139
16.05.2020,50,63,25,138
17.05.2020,50,62,25,137
18.05.2020,50,62,25,137
19.05.2020,48,63,25,136
20.05.2020,49,64,22,135
21.05.2020,50,64,20,134
22.05.2020,51,63,18,132
23.05.2020,51,64,18,133
24.05.2020,53,62,18,133
25.05.2020,53,62,17,132
26.05.2020,54,63,18,135
27.05.2020,53,66,18,137
28.05.2020,53,66,14,133
29.05.2020,52,68,15,135
30.05.2020,53,65,15,133
31.05.2020,52,66,15,133
01.06.2020,53,65,15,133
02.06.2020,51,63,14,128
03.06.2020,49,63,15,127
04.06.2020,50,62,15,127
05.06.2020,52,61,15,128
06.06.2020,55,56,15,126
07.06.2020,54,57,15,126
08.06.2020,54,56,14,124
09.06.2020,57,56,14,127
10.06.2020,57,58,15,130
11.06.2020,58,57,15,130
12.06.2020,57,57,17,131
13.06.2020,59,56,19,134
14.06.2020,59,58,17,134
15.06.2020,59,60,16,135
16.06.2020,61,59,19,139
17.06.2020,60,64,18,142
18.06.2020,58,67,20,145
19.06.2020,57,73,20,150
20.06.2020,56,75,20,151
21.06.2020,56,76,20,152
22.06.2020,56,77,22,155
23.06.2020,57,79,22,158
24.06.2020,55,83,20,158
25.06.2020,56,82,20,158
26.06.2020,54,83,24,161
27.06.2020,56,83,20,159
28.06.2020,54,85,22,161
29.06.2020,54,86,26,166
30.06.2020,55,86,30,171
01.07.2020,54,90,29,173
02.07.2020,54,94,30,178
03.07.2020,54,94,34,182
04.07.2020,58,90,34,182
05.07.2020,58,93,35,186
06.07.2020,59,96,38,193
07.07.2020,61,96,37,194
08.07.2020,60,99,36,195
09.07.2020,59,102,35,196
10.07.2020,58,104,35,197
11.07.2020,57,103,36,196
12.07.2020,58,103,35,196
13.07.2020,58,104,36,198
14.07.2020,62,101,35,198
15.07.2020,63,102,31,196
16.07.2020,59,104,32,195
17.07.2020,57,105,30,192
18.07.2020,54,107,35,196
19.07.2020,53,109,33,195
20.07.2020,54,111,32,197
21.07.2020,55,112,30,197
22.07.2020,60,109,33,202
23.07.2020,60,113,38,211
24.07.2020,57,120,36,213
25.07.2020,60,118,36,214
26.07.2020,60,118,35,213
27.07.2020,57,124,34,215
28.07.2020,63,119,34,216
29.07.2020,64,120,35,219
30.07.2020,65,119,36,220
31.07.2020,66,120,38,224
01.08.2020,68,115,39,222
02.08.2020,67,117,39,223
03.08.2020,70,116,35,221
04.08.2020,71,115,36,222
05.08.2020,69,116,36,221
06.08.2020,69,117,38,224
07.08.2020,67,120,37,224
08.08.2020,68,118,38,224
09.08.2020,69,116,38,223
10.08.2020,70,118,40,228
11.08.2020,73,116,40,229
12.08.2020,73,116,41,230
13.08.2020,71,118,38,227
14.08.2020,69,121,37,227
15.08.2020,68,122,34,224
16.08.2020,68,123,35,226
17.08.2020,72,119,38,229
18.08.2020,72,118,37,227
19.08.2020,72,121,40,233
20.08.2020,74,120,35,229
21.08.2020,72,120,33,225
22.08.2020,73,119,33,225
23.08.2020,71,123,32,226
24.08.2020,70,125,29,224
25.08.2020,76,115,33,224
26.08.2020,76,117,28,221
27.08.2020,79,115,28,222
28.08.2020,76,117,24,217
29.08.2020,76,116,24,216
30.08.2020,76,115,24,215
31.08.2020,75,117,23,215
01.09.2020,74,119,23,216
02.09.2020,74,118,23,215
03.09.2020,74,119,21,214
04.09.2020,74,117,19,210
05.09.2020,75,116,19,210
06.09.2020,78,114,18,210
07.09.2020,78,113,17,208
08.09.2020,75,116,18,209
09.09.2020,76,112,16,204
10.09.2020,78,111,16,205
11.09.2020,78,112,17,207
12.09.2020,77,113,17,207
13.09.2020,79,112,19,210
14.09.2020,84,108,18,210
15.09.2020,85,108,19,212
16.09.2020,86,108,20,214
17.09.2020,89,105,20,214
18.09.2020,86,110,23,219
19.09.2020,87,111,22,220
20.09.2020,89,109,21,219
21.09.2020,84,112,24,220
22.09.2020,86,112,26,224
23.09.2020,86,117,36,239
24.09.2020,85,124,41,250
25.09.2020,86,133,43,262
26.09.2020,86,134,45,265
27.09.2020,88,137,51,276
28.09.2020,89,139,53,281
29.09.2020,88,140,74,302
30.09.2020,88,145,79,312
01.10.2020,91,146,79,316
02.10.2020,93,142,83,318
03.10.2020,91,143,90,324
04.10.2020,90,143,92,325
05.10.2020,92,145,89,326
06.10.2020,95,142,94,331
07.10.2020,96,144,98,338
08.10.2020,98,145,102,345
09.10.2020,98,145,104,347
10.10.2020,100,143,108,351
11.10.2020,101,141,113,355
12.10.2020,102,139,116,357
13.10.2020,102,141,121,364
14.10.2020,102,143,119,364
15.10.2020,103,142,124,369
16.10.2020,102,150,123,375
17.10.2020,102,149,124,375
18.10.2020,102,148,125,375
19.10.2020,99,151,126,376
20.10.2020,99,151,123,373
21.10.2020,101,149,120,370
22.10.2020,103,145,116,364
23.10.2020,103,139,113,355
24.10.2020,102,137,113,352
25.10.2020,101,135,108,344
26.10.2020,102,130,107,339
27.10.2020,101,132,91,324
28.10.2020,101,130,84,315
29.10.2020,101,124,82,307
30.10.2020,102,122,78,302
31.10.2020,102,123,73,298
01.11.2020,101,124,73,298
02.11.2020,104,120,74,298
03.11.2020,109,117,70,296
04.11.2020,106,117,65,288
05.11.2020,106,114,60,280
06.11.2020,109,110,54,273
07.11.2020,111,107,52,270
08.11.2020,110,107,49,266
09.11.2020,110,107,45,262
10.11.2020,111,100,37,248
11.11.2020,111,100,36,247
12.11.2020,113,96,31,240
13.11.2020,113,92,25,230
14.11.2020,111,95,23,229
15.11.2020,110,98,22,230
16.11.2020,112,95,23,230
17.11.2020,112,94,22,228
18.11.2020,108,97,19,224
19.11.2020,109,96,20,225
20.11.2020,108,94,22,224
21.11.2020,106,98,21,225
22.11.2020,108,96,20,224
23.11.2020,109,97,21,227
24.11.2020,109,96,20,225
25.11.2020,108,94,20,222
26.11.2020,105,97,20,222
27.11.2020,105,98,20,223
28.11.2020,103,100,18,221
29.11.2020,102,100,17,219
30.11.2020,106,100,17,223
01.12.2020,109,95,19,223
02.12.2020,108,97,21,226
03.12.2020,108,98,23,229
04.12.2020,109,95,23,227
05.12.2020,108,95,23,226
06.12.2020,104,99,23,226
07.12.2020,105,97,24,226
08.12.2020,105,96,22,223
09.12.2020,104,96,23,223
10.12.2020,106,94,26,226
11.12.2020,105,92,26,223
12.12.2020,105,92,26,223
13.12.2020,106,91,25,222
14.12.2020,106,90,26,222
15.12.2020,104,94,27,225
16.12.2020,107,92,28,227
17.12.2020,106,92,26,224
18.12.2020,107,90,24,221
19.12.2020,103,94,23,220
20.12.2020,106,91,23,220
21.12.2020,106,92,24,222
22.12.2020,105,93,22,220
23.12.2020,108,88,21,217
24.12.2020,106,88,20,214
25.12.2020,101,90,21,212
26.12.2020,102,90,21,213
27.12.2020,103,89,22,214
28.12.2020,102,89,21,212
29.12.2020,103,87,19,209
30.12.2020,104,84,18,206
31.12.2020,103,82,19,204
01.01.2021,102,81,18,201
02.01.2021,103,79,19,201
03.01.2021,101,81,20,202
04.01.2021,100,83,19,202
05.01.2021,103,79,19,201
06.01.2021,104,78,17,199
07.01.2021,101,81,15,197
08.01.2021,101,80,18,199
09.01.2021,100,80,19,199
10.01.2021,101,80,19,200
11.01.2021,100,86,19,205
12.01.2021,99,81,21,201
13.01.2021,98,81,19,198
14.01.2021,98,74,18,190
15.01.2021,100,76,16,192
16.01.2021,97,78,16,191
17.01.2021,95,78,16,189
18.01.2021,93,79,16,188
19.01.2021,96,78,15,189
20.01.2021,95,82,15,192
21.01.2021,93,84,17,194
22.01.2021,96,83,16,195
23.01.2021,95,84,16,195
24.01.2021,94,86,14,194
25.01.2021,93,89,15,197
26.01.2021,93,89,15,197
27.01.2021,93,89,16,198
28.01.2021,94,90,15,199
29.01.2021,91,95,17,203
30.01.2021,89,96,17,202
31.01.2021,86,99,17,202
01.02.2021,86,101,16,203
02.02.2021,86,102,16,204
03.02.2021,87,99,18,204
04.02.2021,86,102,17,205
05.02.2021,88,99,17,204
06.02.2021,88,100,17,205
07.02.2021,88,102,16,206
08.02.2021,91,101,14,206
09.02.2021,89,102,12,203
10.02.2021,89,103,12,204
11.02.2021,93,96,12,201
12.02.2021,90,94,12,196
13.02.2021,90,91,12,193
14.02.2021,88,94,13,195
15.02.2021,86,98,16,200
16.02.2021,87,95,14,196
17.02.2021,85,97,12,194
18.02.2021,81,102,15,198
19.02.2021,80,102,16,198
20.02.2021,82,101,16,199
21.02.2021,81,102,16,199
22.02.2021,80,105,17,202
23.02.2021,78,107,18,203
24.02.2021,76,110,19,205
25.02.2021,78,109,18,205
26.02.2021,79,110,17,206
27.02.2021,79,112,17,208
28.02.2021,80,112,17,209
01.03.2021,82,109,19,210
02.03.2021,80,112,20,212
03.03.2021,81,114,18,213
04.03.2021,84,112,18,214
05.03.2021,83,113,18,214
06.03.2021,84,109,19,212
07.03.2021,84,109,19,212
08.03.2021,88,105,22,215
09.03.2021,89,105,24,218
10.03.2021,89,104,24,217
11.03.2021,89,101,28,218
12.03.2021,88,104,34,226
13.03.2021,87,107,33,227
14.03.2021,85,109,32,226
15.03.2021,86,107,34,227
16.03.2021,86,110,32,228
17.03.2021,86,108,35,229
18.03.2021,84,112,34,230
19.03.2021,84,112,35,231
20.03.2021,87,109,37,233
21.03.2021,87,107,37,231
22.03.2021,90,99,36,225
23.03.2021,90,99,40,229
24.03.2021,88,101,36,225
25.03.2021,88,98,36,222
26.03.2021,88,96,35,219
27.03.2021,88,95,34,217
28.03.2021,89,92,35,216
29.03.2021,93,90,34,217
30.03.2021,91,94,36,221
31.03.2021,92,94,38,224
01.04.2021,93,94,36,223
02.04.2021,95,95,35,225
03.04.2021,91,99,35,225
04.04.2021,91,100,35,226
05.04.2021,91,100,35,226
06.04.2021,89,103,33,225
07.04.2021,89,101,32,222
08.04.2021,89,100,32,221
09.04.2021,87,103,27,217
10.04.2021,87,102,28,217
11.04.2021,86,102,28,216
12.04.2021,85,101,29,215
13.04.2021,88,100,31,219
14.04.2021,88,100,27,215
15.04.2021,87,93,25,205
16.04.2021,84,91,26,201
17.04.2021,84,91,25,200
18.04.2021,79,91,25,195
19.04.2021,75,89,27,191
20.04.2021,70,83,25,178
21.04.2021,44,82,23,149
22.04.2021,47,81,21,149
23.04.2021,47,82,23,152
24.04.2021,48,81,23,152
25.04.2021,49,80,22,151
26.04.2021,50,80,22,152
27.04.2021,53,77,20,150
28.04.2021,52,76,19,147
29.04.2021,53,76,22,151
30.04.2021,55,70,23,148
01.05.2021,53,74,23,150
02.05.2021,54,73,22,149
03.05.2021,52,75,23,150
04.05.2021,53,71,24,148
05.05.2021,55,71,24,150
06.05.2021,51,73,22,146
07.05.2021,49,76,22,147
08.05.2021,48,76,22,146
09.05.2021,48,75,23,146
10.05.2021,45,82,21,148
11.05.2021,46,81,25,152
12.05.2021,46,83,28,157
13.05.2021,45,86,28,159
14.05.2021,45,87,29,161
15.05.2021,44,88,29,161
16.05.2021,44,88,29,161
17.05.2021,48,87,28,163
18.05.2021,49,87,25,161
19.05.2021,48,87,27,162
20.05.2021,50,87,28,165
21.05.2021,51,86,27,164
22.05.2021,50,85,27,162
23.05.2021,48,86,27,161
24.05.2021,45,89,30,164
25.05.2021,47,88,30,165
26.05.2021,48,85,31,164
27.05.2021,51,81,34,166
28.05.2021,52,80,32,164
29.05.2021,53,80,31,164
30.05.2021,53,83,29,165
31.05.2021,48,86,28,162
01.06.2021,46,87,29,162
02.06.2021,47,85,29,161
03.06.2021,48,83,31,162
04.06.2021,45,84,31,160
05.06.2021,47,82,31,160
06.06.2021,47,83,31,161
07.06.2021,49,80,29,158
08.06.2021,51,78,26,155
09.06.2021,51,76,32,159
10.06.2021,49,79,27,155
11.06.2021,51,75,24,150
12.06.2021,51,75,23,149
13.06.2021,51,75,23,149
14.06.2021,52,81,23,156
15.06.2021,51,85,23,159
16.06.2021,53,84,22,159
17.06.2021,51,89,20,160
18.06.2021,49,87,22,158
19.06.2021,49,87,22,158
20.06.2021,48,88,22,158
21.06.2021,45,92,22,159
22.06.2021,47,92,19,158
23.06.2021,48,90,22,160
24.06.2021,51,88,23,162
25.06.2021,52,90,22,164
26.06.2021,52,88,23,163
27.06.2021,53,87,22,162
28.06.2021,53,89,21,163
29.06.2021,52,90,23,165
30.06.2021,51,89,28,168
01.07.2021,53,88,30,171
02.07.2021,49,93,32,174
03.07.2021,50,93,33,176
04.07.2021,50,93,33,176
05.07.2021,54,88,32,174
06.07.2021,57,86,33,176
07.07.2021,57,88,33,178
08.07.2021,56,89,31,176
09.07.2021,55,90,31,176
10.07.2021,55,89,32,176
11.07.2021,55,89,32,176
12.07.2021,53,91,33,177
13.07.2021,56,92,34,182
14.07.2021,57,91,36,184
15.07.2021,53,95,37,185
16.07.2021,54,95,38,187
17.07.2021,53,97,38,188
18.07.2021,52,97,39,188
19.07.2021,50,101,40,191
20.07.2021,52,99,41,192
21.07.2021,55,98,43,196
22.07.2021,60,94,41,195
23.07.2021,64,90,39,193
24.07.2021,64,90,39,193
25.07.2021,65,89,39,193
26.07.2021,64,90,42,196
27.07.2021,63,91,43,197
28.07.2021,63,94,38,195
29.07.2021,64,92,37,193
30.07.2021,62,92,39,193
31.07.2021,63,90,39,192
01.08.2021,63,90,39,192
02.08.2021,63,89,40,192
03.08.2021,65,92,41,198
04.08.2021,65,91,37,193
05.08.2021,64,92,37,193
06.08.2021,62,92,36,190
07.08.2021,62,93,35,190
08.08.2021,62,93,36,191
09.08.2021,58,98,38,194
10.08.2021,61,97,36,194
11.08.2021,62,98,36,196
12.08.2021,62,101,33,196
13.08.2021,62,101,34,197
14.08.2021,61,102,34,197
15.08.2021,61,102,35,198
16.08.2021,59,105,38,202
17.08.2021,60,106,37,203
18.08.2021,61,106,36,203
19.08.2021,61,106,34,201
20.08.2021,62,106,35,203
21.08.2021,62,107,35,204
22.08.2021,62,107,37,206
23.08.2021,60,110,38,208
24.08.2021,60,109,39,208
25.08.2021,60,107,38,205
26.08.2021,60,111,33,204
27.08.2021,60,112,32,204
28.08.2021,61,114,30,205
29.08.2021,61,115,31,207
30.08.2021,61,117,32,210
31.08.2021,62,117,31,210
01.09.2021,63,117,30,210
02.09.2021,61,119,30,210
03.09.2021,61,116,30,207
04.09.2021,61,116,29,206
05.09.2021,61,115,29,205
06.09.2021,61,115,30,206
07.09.2021,62,112,32,206
08.09.2021,63,108,33,204
09.09.2021,65,110,31,206
10.09.2021,65,113,28,206
11.09.2021,64,114,28,206
12.09.2021,64,114,29,207
13.09.2021,62,114,26,202
14.09.2021,66,107,27,200
15.09.2021,65,107,24,196
16.09.2021,63,106,28,197
17.09.2021,63,107,28,198
18.09.2021,64,105,27,196
19.09.2021,64,105,25,194
20.09.2021,65,105,27,197
21.09.2021,63,108,23,194
22.09.2021,64,107,23,194
23.09.2021,66,102,25,193
24.09.2021,65,101,22,188
25.09.2021,66,98,24,188
26.09.2021,66,98,24,188
27.09.2021,66,100,23,189
28.09.2021,68,101,22,191
29.09.2021,69,94,23,186
30.09.2021,68,100,25,193
01.10.2021,68,102,25,195
02.10.2021,68,102,26,196
03.10.2021,68,104,25,197
04.10.2021,70,106,22,198
05.10.2021,70,107,24,201
06.10.2021,69,109,23,201
07.10.2021,65,110,25,200
08.10.2021,64,111,23,198
09.10.2021,65,111,23,199
10.10.2021,65,111,24,200
11.10.2021,64,110,24,198
12.10.2021,64,116,24,204
13.10.2021,65,116,24,205
14.10.2021,67,114,22,203
15.10.2021,68,113,24,205
16.10.2021,68,111,25,204
17.10.2021,67,112,25,204
18.10.2021,70,111,25,206
19.10.2021,68,115,21,204
20.10.2021,69,115,22,206
21.10.2021,70,115,22,207
22.10.2021,67,115,27,209
23.10.2021,66,115,26,207
24.10.2021,67,113,26,206
25.10.2021,67,111,27,205
26.10.2021,69,109,27,205
27.10.2021,68,110,28,206
28.10.2021,67,111,27,205
29.10.2021,68,108,30,206
30.10.2021,67,110,31,208
31.10.2021,67,109,31,207
01.11.2021,66,110,31,207
02.11.2021,66,108,29,203
03.11.2021,65,117,25,207
04.11.2021,64,115,26,205
05.11.2021,64,113,26,203
06.11.2021,63,113,26,202
07.11.2021,63,115,26,204
08.11.2021,64,117,25,206
09.11.2021,66,116,24,206
10.11.2021,64,120,25,209
11.11.2021,68,114,26,208
12.11.2021,67,116,24,207
13.11.2021,68,116,24,208
14.11.2021,67,118,24,209
15.11.2021,68,114,22,204
16.11.2021,68,112,26,206
17.11.2021,69,112,24,205
18.11.2021,73,111,22,206
19.11.2021,74,107,22,203
20.11.2021,74,106,23,203
21.11.2021,74,105,23,202
22.11.2021,75,106,24,205
23.11.2021,71,109,21,201
24.11.2021,69,107,19,195
25.11.2021,67,109,18,194
26.11.2021,69,104,20,193
27.11.2021,68,107,19,194
28.11.2021,68,106,19,193
29.11.2021,69,104,21,194
30.11.2021,68,108,20,196
01.12.2021,68,111,22,201
02.12.2021,66,112,23,201
03.12.2021,64,117,23,204
04.12.2021,65,116,23,204
05.12.2021,65,116,23,204
06.12.2021,67,114,24,205
07.12.2021,68,111,28,207
08.12.2021,67,113,26,206
09.12.2021,69,116,27,212
10.12.2021,68,118,29,215
11.12.2021,68,118,29,215
12.12.2021,67,119,29,215
13.12.2021,68,116,29,213
14.12.2021,70,113,31,214
15.12.2021,70,114,31,215
16.12.2021,73,108,31,212
17.12.2021,70,104,33,207
18.12.2021,71,105,33,209
19.12.2021,70,106,33,209
20.12.2021,71,102,34,207
21.12.2021,72,101,35,208
22.12.2021,69,104,36,209
23.12.2021,67,104,40,211
24.12.2021,69,103,40,212
25.12.2021,69,102,42,213
26.12.2021,69,103,41,213
27.12.2021,67,103,39,209
28.12.2021,68,102,38,208
29.12.2021,66,102,37,205
30.12.2021,65,100,37,202
31.12.2021,66,95,35,196
01.01.2022,67,94,35,196
02.01.2022,67,94,36,197
03.01.2022,67,97,34,198
04.01.2022,67,98,36,201
05.01.2022,67,98,35,200
06.01.2022,65,102,35,202
07.01.2022,62,103,33,198
08.01.2022,62,103,33,198
09.01.2022,62,105,33,200
10.01.2022,66,100,34,200
11.01.2022,67,99,36,202
12.01.2022,66,103,37,206
13.01.2022,69,104,33,206
14.01.2022,68,105,29,202
15.01.2022,66,107,29,202
16.01.2022,65,107,28,200
17.01.2022,68,107,30,205
18.01.2022,68,109,33,210
19.01.2022,68,110,36,214
20.01.2022,67,112,33,212
21.01.2022,71,111,33,215
22.01.2022,71,111,32,214
23.01.2022,72,109,33,214
24.01.2022,71,113,32,216
25.01.2022,70,115,34,219
26.01.2022,69,121,29,219
27.01.2022,71,120,31,222
28.01.2022,72,121,31,224
29.01.2022,72,121,31,224
30.01.2022,71,123,29,223
31.01.2022,70,127,29,226
01.02.2022,67,132,26,225
02.02.2022,65,135,25,225
03.02.2022,68,132,24,224
04.02.2022,68,137,23,228
05.02.2022,68,137,24,229
06.02.2022,68,136,24,228
07.02.2022,69,133,29,231
08.02.2022,75,129,27,231
09.02.2022,75,127,23,225
10.02.2022,72,131,26,229
11.02.2022,71,134,26,231
12.02.2022,73,132,26,231
13.02.2022,72,134,27,233
14.02.2022,71,132,27,230
15.02.2022,72,130,28,230
16.02.2022,71,127,37,235
17.02.2022,73,127,37,237
18.02.2022,74,129,36,239
19.02.2022,75,127,37,239
20.02.2022,76,127,36,239
21.02.2022,78,126,34,238
22.02.2022,75,128,32,235
23.02.2022,75,131,35,241
24.02.2022,76,129,35,240
25.02.2022,74,131,37,242
26.02.2022,74,132,37,243
27.02.2022,75,132,37,244
28.02.2022,73,133,44,250
01.03.2022,70,138,41,249
02.03.2022,71,140,41,252
03.03.2022,75,137,41,253
04.03.2022,72,141,44,257
05.03.2022,74,141,42,257
06.03.2022,74,141,43,258
07.03.2022,75,140,44,259
08.03.2022,74,140,45,259
09.03.2022,75,139,46,260
10.03.2022,76,136,48,260
11.03.2022,75,143,49,267
12.03.2022,76,143,48,267
13.03.2022,76,144,46,266
14.03.2022,78,145,45,268
15.03.2022,79,143,48,270
16.03.2022,74,147,44,265
17.03.2022,77,145,45,267
18.03.2022,77,143,40,260
19.03.2022,78,142,39,259
20.03.2022,78,143,38,259
21.03.2022,78,142,40,260
22.03.2022,79,138,38,255
23.03.2022,77,141,40,258
24.03.2022,79,138,43,260
25.03.2022,74,151,39,264
26.03.2022,75,151,38,264
27.03.2022,75,151,39,265
28.03.2022,77,146,36,259
29.03.2022,79,151,34,264
30.03.2022,81,149,37,267
31.03.2022,83,150,34,267
01.04.2022,82,154,34,270
02.04.2022,83,154,34,271
03.04.2022,84,152,34,270
04.04.2022,84,156,32,272
05.04.2022,84,155,30,269
06.04.2022,84,153,30,267
07.04.2022,84,152,30,266
08.04.2022,82,153,32,267
09.04.2022,82,153,31,266
10.04.2022,82,152,32,266
11.04.2022,84,151,29,264
12.04.2022,86,147,27,260
13.04.2022,86,147,24,257
14.04.2022,84,145,23,252
15.04.2022,84,147,23,254
16.04.2022,86,146,23,255
17.04.2022,86,148,22,256
18.04.2022,86,148,21,255
19.04.2022,86,143,21,250
20.04.2022,81,144,21,246
21.04.2022,79,142,22,243
22.04.2022,75,144,25,244
23.04.2022,76,143,25,244
24.04.2022,76,143,26,245
25.04.2022,77,145,26,248
26.04.2022,79,141,23,243
27.04.2022,81,140,22,243
28.04.2022,82,140,22,244
29.04.2022,80,142,21,243
30.04.2022,80,142,22,244
01.05.2022,82,141,23,246
02.05.2022,83,137,20,240
03.05.2022,82,140,19,241
04.05.2022,86,135,19,240
05.05.2022,83,134,18,235
06.05.2022,83,133,19,235
07.05.2022,86,130,19,235
08.05.2022,84,129,19,232
09.05.2022,84,130,20,234
10.05.2022,86,128,28,242
11.05.2022,87,128,40,255
12.05.2022,83,136,38,257
13.05.2022,85,133,41,259
14.05.2022,86,137,37,260
15.05.2022,86,137,38,261
16.05.2022,87,142,38,267
17.05.2022,91,139,39,269
18.05.2022,87,146,37,270
19.05.2022,89,144,36,269
20.05.2022,86,146,37,269
21.05.2022,86,147,36,269
22.05.2022,83,151,34,268
23.05.2022,85,149,34,268
24.05.2022,88,147,34,269
25.05.2022,93,144,33,270
26.05.2022,90,145,31,266
27.05.2022,87,151,31,269
28.05.2022,86,153,30,269
29.05.2022,88,151,28,267
30.05.2022,88,152,28,268
31.05.2022,90,151,35,276
01.06.2022,89,153,35,277
02.06.2022,88,154,36,278
03.06.2022,87,152,35,274
04.06.2022,86,153,36,275
05.06.2022,85,155,36,276
06.06.2022,81,158,36,275
07.06.2022,85,152,34,271
08.06.2022,85,153,30,268
09.06.2022,82,160,32,274
10.06.2022,87,153,35,275
11.06.2022,88,154,35,277
12.06.2022,87,155,36,278
13.06.2022,87,151,35,273
14.06.2022,87,153,33,273
15.06.2022,85,157,33,275
16.06.2022,87,151,35,273
17.06.2022,87,150,33,270
18.06.2022,86,149,32,267
19.06.2022,84,150,33,267
20.06.2022,85,146,35,266
21.06.2022,87,145,35,267
22.06.2022,88,140,36,264
23.06.2022,90,138,35,263
24.06.2022,88,134,34,256
25.06.2022,88,133,35,256
26.06.2022,88,132,37,257
27.06.2022,86,135,39,260
28.06.2022,87,138,38,263
29.06.2022,88,137,36,261
30.06.2022,89,138,37,264
01.07.2022,89,140,37,266
02.07.2022,89,141,36,266
03.07.2022,89,140,36,265
04.07.2022,85,146,40,271
05.07.2022,87,150,37,274
06.07.2022,89,149,39,277
07.07.2022,91,148,34,273
08.07.2022,93,142,36,271
09.07.2022,93,143,36,272
10.07.2022,93,143,37,273
11.07.2022,93,147,36,276
12.07.2022,96,142,32,270
13.07.2022,95,140,32,267
14.07.2022,94,141,31,266
15.07.2022,94,139,37,270
16.07.2022,95,140,35,270
17.07.2022,94,141,35,270
18.07.2022,94,141,33,268
19.07.2022,94,136,33,263
20.07.2022,95,137,32,264
21.07.2022,95,139,36,270
22.07.2022,96,140,34,270
23.07.2022,97,139,34,270
24.07.2022,97,141,32,270
25.07.2022,94,146,31,271
26.07.2022,95,142,34,271
27.07.2022,93,146,35,274
28.07.2022,90,145,39,274
29.07.2022,90,147,40,277
30.07.2022,91,146,40,277
31.07.2022,89,147,40,276
01.08.2022,91,149,40,280
02.08.2022,90,148,38,276
03.08.2022,91,143,42,276
04.08.2022,92,142,42,276
05.08.2022,93,141,47,281
06.08.2022,91,140,47,278
07.08.2022,91,140,47,278
08.08.2022,91,142,44,277
09.08.2022,90,140,46,276
10.08.2022,85,145,45,275
11.08.2022,84,147,45,276
12.08.2022,84,149,43,276
13.08.2022,86,147,45,278
14.08.2022,86,146,45,277
15.08.2022,89,145,44,278
16.08.2022,90,149,41,280
17.08.2022,89,147,43,279
18.08.2022,91,145,40,276
19.08.2022,93,139,41,273
20.08.2022,93,139,41,273
21.08.2022,93,138,40,271
22.08.2022,89,144,41,274
23.08.2022,87,148,41,276
24.08.2022,91,145,40,276
25.08.2022,91,145,37,273
26.08.2022,90,145,35,270
27.08.2022,91,144,35,270
28.08.2022,91,144,36,271
29.08.2022,95,139,32,266
30.08.2022,94,144,35,273
31.08.2022,89,147,34,270
01.09.2022,90,146,31,267
02.09.2022,92,143,30,265
03.09.2022,89,145,33,267
04.09.2022,88,147,33,268
05.09.2022,88,143,36,267
06.09.2022,87,148,38,273
07.09.2022,87,148,37,272
08.09.2022,86,151,34,271
09.09.2022,89,148,32,269
10.09.2022,89,147,33,269
11.09.2022,90,146,34,270
12.09.2022,88,150,33,271
13.09.2022,89,150,31,270
14.09.2022,84,156,30,270
15.09.2022,86,154,28,268
16.09.2022,90,149,31,270
17.09.2022,90,149,31,270
18.09.2022,91,148,31,270
19.09.2022,85,151,31,267
20.09.2022,85,147,29,261
21.09.2022,92,141,27,260
22.09.2022,93,143,26,262
23.09.2022,91,145,30,266
24.09.2022,91,144,31,266
25.09.2022,91,143,33,267
26.09.2022,91,144,34,269
27.09.2022,89,142,34,265
28.09.2022,86,143,36,265
29.09.2022,85,144,37,266
30.09.2022,86,146,35,267
01.10.2022,86,147,36,269
02.10.2022,86,147,35,268
03.10.2022,85,148,31,264
04.10.2022,88,145,30,263
05.10.2022,84,151,35,270
06.10.2022,87,146,35,268
07.10.2022,88,141,36,265
08.10.2022,86,144,35,265
09.10.2022,87,145,34,266
10.10.2022,84,146,31,261
11.10.2022,84,150,29,263
12.10.2022,84,151,28,263
13.10.2022,87,148,29,264
14.10.2022,91,141,28,260
15.10.2022,91,143,28,262
16.10.2022,91,143,28,262
17.10.2022,92,142,28,262
18.10.2022,93,143,29,265
19.10.2022,94,139,28,261
20.10.2022,96,134,31,261
21.10.2022,92,131,32,255
22.10.2022,93,132,31,256
23.10.2022,92,131,31,254
24.10.2022,89,138,28,255
25.10.2022,86,143,30,259
26.10.2022,84,143,31,258
27.10.2022,85,141,36,262
28.10.2022,85,142,37,264
29.10.2022,85,143,36,264
30.10.2022,84,144,38,266
31.10.2022,83,144,40,267
01.11.2022,89,135,43,267
02.11.2022,88,136,39,263
03.11.2022,88,135,40,263
04.11.2022,86,143,39,268
05.11.2022,86,146,39,271
06.11.2022,86,146,40,272
07.11.2022,87,144,39,270
08.11.2022,87,145,39,271
09.11.2022,88,143,41,272
10.11.2022,88,147,37,272
11.11.2022,91,145,32,268
12.11.2022,91,146,31,268
13.11.2022,91,144,32,267
14.11.2022,93,140,30,263
15.11.2022,97,133,34,264
16.11.2022,99,139,34,272
17.11.2022,102,135,32,269
18.11.2022,98,141,33,272
19.11.2022,98,142,33,273
20.11.2022,98,144,34,276
21.11.2022,94,148,37,279
22.11.2022,95,148,38,281
23.11.2022,98,144,39,281
24.11.2022,99,142,36,277
25.11.2022,96,147,38,281
26.11.2022,96,147,39,282
27.11.2022,95,148,37,280
28.11.2022,91,154,36,281
29.11.2022,97,150,34,281
30.11.2022,94,153,36,283
01.12.2022,95,155,37,287
02.12.2022,95,155,37,287
03.12.2022,95,155,38,288
04.12.2022,94,156,38,288
05.12.2022,92,160,38,290
06.12.2022,97,157,39,293
07.12.2022,97,159,38,294
08.12.2022,95,156,35,286
09.12.2022,99,152,35,286
10.12.2022,100,151,36,287
11.12.2022,101,152,36,289
12.12.2022,99,157,33,289
13.12.2022,100,158,32,290
14.12.2022,100,159,32,291
15.12.2022,103,151,34,288
16.12.2022,100,155,39,294
17.12.2022,96,162,35,293
18.12.2022,98,157,36,291
19.12.2022,93,161,34,288
20.12.2022,94,162,31,287
21.12.2022,93,164,30,287
22.12.2022,95,160,31,286
23.12.2022,92,163,32,287
24.12.2022,92,164,30,286
25.12.2022,93,164,31,288
26.12.2022,88,168,30,286
27.12.2022,90,163,29,282
28.12.2022,89,162,29,280
29.12.2022,88,154,27,269
30.12.2022,87,155,28,270
31.12.2022,86,155,27,268
01.01.2023,86,152,27,265
02.01.2023,83,154,29,266
03.01.2023,93,144,30,267
04.01.2023,91,142,33,266
05.01.2023,89,144,34,267
06.01.2023,89,143,34,266
07.01.2023,89,143,33,265
08.01.2023,90,141,33,264
09.01.2023,88,137,32,257
10.01.2023,83,137,31,251
11.01.2023,84,134,32,250
12.01.2023,88,128,34,250
13.01.2023,82,128,31,241
14.01.2023,79,132,32,243
15.01.2023,80,131,31,242
16.01.2023,81,131,30,242
17.01.2023,80,138,28,246
18.01.2023,85,142,28,255
19.01.2023,87,143,30,260
20.01.2023,84,150,30,264
21.01.2023,83,151,35,269
22.01.2023,85,152,33,270
23.01.2023,81,159,37,277
24.01.2023,84,162,38,284
25.01.2023,87,161,41,289
26.01.2023,88,168,45,301
27.01.2023,89,168,46,303
28.01.2023,90,167,46,303
29.01.2023,90,167,50,307
30.01.2023,89,171,52,312
31.01.2023,90,171,54,315
01.02.2023,92,174,55,321
02.02.2023,92,176,54,322
03.02.2023,91,179,60,330
04.02.2023,92,177,62,331
05.02.2023,91,178,62,331
06.02.2023,91,185,65,341
07.02.2023,90,188,70,348
08.02.2023,90,187,67,344
09.02.2023,90,189,70,349
10.02.2023,87,195,69,351
11.02.2023,86,197,71,354
12.02.2023,87,195,69,351
13.02.2023,85,196,72,353
14.02.2023,87,198,76,361
15.02.2023,88,199,73,360
16.02.2023,85,201,69,355
17.02.2023,84,203,68,355
18.02.2023,83,204,68,355
19.02.2023,85,203,66,354
20.02.2023,82,205,65,352
21.02.2023,83,205,65,353
22.02.2023,83,205,69,357
23.02.2023,84,199,70,353
24.02.2023,81,204,68,353
25.02.2023,79,206,69,354
26.02.2023,79,207,67,353
27.02.2023,78,204,68,350
28.02.2023,81,205,69,355
01.03.2023,86,205,60,351
02.03.2023,84,193,61,338
03.03.2023,84,190,55,329
04.03.2023,85,188,56,329
05.03.2023,79,191,54,324
06.03.2023,77,171,46,294
07.03.2023,75,173,47,295
08.03.2023,80,169,45,294
09.03.2023,79,168,49,296
10.03.2023,78,169,49,296
11.03.2023,79,169,47,295
12.03.2023,80,168,48,296
13.03.2023,81,165,48,294
14.03.2023,86,157,45,288
15.03.2023,89,153,45,287
16.03.2023,88,155,42,285
17.03.2023,86,159,41,286
18.03.2023,86,160,41,287
19.03.2023,86,157,39,282
20.03.2023,87,152,41,280
21.03.2023,89,151,38,278
22.03.2023,91,151,41,283
23.03.2023,88,160,39,287
24.03.2023,88,162,40,290
25.03.2023,89,162,39,290
26.03.2023,90,161,38,289
27.03.2023,92,157,38,287
28.03.2023,93,155,37,285
29.03.2023,95,155,42,292
30.03.2023,94,155,45,294
31.03.2023,93,156,43,292
01.04.2023,92,156,43,291
02.04.2023,91,158,43,292
03.04.2023,92,156,42,290
04.04.2023,89,160,40,289
05.04.2023,89,154,37,280
06.04.2023,88,152,35,275
07.04.2023,89,149,35,273
08.04.2023,88,151,35,274
09.04.2023,87,152,35,274
10.04.2023,86,153,32,271
11.04.2023,90,150,32,272
12.04.2023,92,149,34,275
13.04.2023,91,149,35,275
14.04.2023,86,148,34,268
15.04.2023,85,147,34,266
16.04.2023,85,145,34,264
17.04.2023,86,141,32,259
18.04.2023,87,137,34,258
19.04.2023,89,135,29,253
20.04.2023,87,137,31,255
21.04.2023,84,139,35,258
22.04.2023,87,134,35,256
23.04.2023,89,133,34,256
24.04.2023,91,135,37,263
25.04.2023,92,133,40,265
26.04.2023,91,135,32,258
27.04.2023,92,129,28,249
28.04.2023,90,128,27,245
29.04.2023,90,131,25,246
30.04.2023,89,133,24,246
01.05.2023,90,130,27,247
02.05.2023,89,131,31,251
03.05.2023,90,132,34,256
04.05.2023,88,141,34,263
05.05.2023,88,142,37,267
06.05.2023,88,143,36,267
07.05.2023,87,144,36,267
08.05.2023,87,141,36,264
09.05.2023,91,136,38,265
10.05.2023,90,134,37,261
11.05.2023,89,136,34,259
12.05.2023,88,141,31,260
13.05.2023,85,144,31,260
14.05.2023,86,143,31,260
15.05.2023,83,143,33,259
16.05.2023,83,141,32,256
17.05.2023,84,139,33,256
18.05.2023,82,140,33,255
19.05.2023,80,143,29,252
20.05.2023,82,141,29,252
21.05.2023,85,136,29,250
22.05.2023,86,131,27,244
23.05.2023,85,131,26,242
24.05.2023,86,126,27,239
25.05.2023,88,123,27,238
26.05.2023,86,125,27,238
27.05.2023,86,125,26,237
28.05.2023,85,126,27,238
29.05.2023,84,127,27,238
30.05.2023,85,127,29,241
31.05.2023,83,127,27,237
01.06.2023,78,135,28,241
02.06.2023,78,136,27,241
03.06.2023,80,135,27,242
04.06.2023,79,137,28,244
05.06.2023,78,138,29,245
06.06.2023,77,140,31,248
07.06.2023,76,143,30,249
08.06.2023,76,141,28,245
09.06.2023,78,144,27,249
10.06.2023,77,143,27,247
11.06.2023,79,138,31,248
12.06.2023,79,142,33,254
13.06.2023,77,145,33,255
14.06.2023,79,147,32,258
15.06.2023,80,147,34,261
16.06.2023,77,153,30,260
17.06.2023,77,156,28,261
18.06.2023,78,156,29,263
19.06.2023,78,153,28,259
20.06.2023,79,155,28,262
21.06.2023,79,156,28,263
22.06.2023,79,158,23,260
23.06.2023,76,161,22,259
24.06.2023,76,161,22,259
25.06.2023,76,161,21,258
26.06.2023,76,160,20,256
27.06.2023,76,154,20,250
28.06.2023,74,160,21,255
29.06.2023,72,161,18,251
30.06.2023,72,161,19,252
01.07.2023,73,161,19,253
02.07.2023,74,160,18,252
03.07.2023,74,160,19,253
04.07.2023,71,159,19,249
05.07.2023,71,154,21,246
06.07.2023,69,154,21,244
07.07.2023,70,154,21,245
08.07.2023,69,155,21,245
09.07.2023,69,155,21,245
10.07.2023,74,149,22,245
11.07.2023,73,151,20,244
12.07.2023,76,141,20,237
13.07.2023,75,137,21,233
14.07.2023,72,137,23,232
15.07.2023,73,133,27,233
16.07.2023,74,120,25,219
17.07.2023,73,119,24,216
18.07.2023,73,118,22,213
19.07.2023,73,115,21,209
20.07.2023,72,113,25,210
21.07.2023,72,113,25,210
22.07.2023,71,112,26,209
23.07.2023,71,112,26,209
24.07.2023,75,108,26,209
25.07.2023,76,104,26,206
26.07.2023,76,103,24,203
27.07.2023,75,106,25,206
28.07.2023,76,103,26,205
29.07.2023,74,102,25,201
30.07.2023,75,99,25,199
31.07.2023,72,102,25,199
01.08.2023,71,103,23,197
02.08.2023,71,99,21,191
03.08.2023,70,97,24,191
04.08.2023,67,98,23,188
05.08.2023,67,98,22,187
06.08.2023,67,98,27,192
07.08.2023,70,95,27,192
08.08.2023,69,96,29,194
09.08.2023,74,89,31,194
10.08.2023,75,85,32,192
11.08.2023,76,86,31,193
12.08.2023,76,85,27,188
13.08.2023,76,84,27,187
14.08.2023,75,86,27,188
15.08.2023,73,89,29,191
16.08.2023,71,91,30,192
17.08.2023,69,92,27,188
18.08.2023,68,93,23,184
19.08.2023,67,94,23,184
20.08.2023,67,94,23,184
21.08.2023,66,89,21,176
22.08.2023,65,89,22,176
23.08.2023,68,84,20,172
24.08.2023,67,85,19,171
25.08.2023,68,82,19,169
26.08.2023,68,84,18,170
27.08.2023,68,84,18,170
28.08.2023,65,88,15,168
29.08.2023,65,87,16,168
30.08.2023,64,89,17,170
31.08.2023,65,88,19,172
01.09.2023,64,94,18,176
02.09.2023,66,92,18,176
03.09.2023,67,90,15,172
04.09.2023,64,88,13,165
05.09.2023,64,88,12,164
06.09.2023,66,85,11,162
07.09.2023,65,85,13,163
08.09.2023,68,81,15,164
09.09.2023,68,81,15,164
10.09.2023,68,81,15,164
11.09.2023,69,80,12,161
12.09.2023,68,81,13,162
13.09.2023,67,80,14,161
14.09.2023,65,83,14,162
15.09.2023,68,76,14,158
16.09.2023,68,76,15,159
17.09.2023,68,76,15,159
18.09.2023,62,82,16,160
19.09.2023,64,83,16,163
20.09.2023,64,83,17,164
21.09.2023,66,81,19,166
22.09.2023,66,83,20,169
23.09.2023,66,80,19,165
24.09.2023,66,80,19,165
25.09.2023,66,77,19,162
26.09.2023,65,77,17,159
27.09.2023,65,77,23,165
28.09.2023,65,76,23,164
29.09.2023,65,73,22,160
30.09.2023,66,71,22,159
01.10.2023,67,71,22,160
