gnosis,,,,
Date, Full Time, Part Time, One Time, Total
16.02.2015,0,0,1,1
17.02.2015,0,0,1,1
18.02.2015,0,0,1,1
19.02.2015,0,0,1,1
20.02.2015,0,0,1,1
21.02.2015,0,0,1,1
22.02.2015,0,0,1,1
23.02.2015,0,0,1,1
24.02.2015,0,0,1,1
25.02.2015,0,0,1,1
26.02.2015,0,0,1,1
27.02.2015,0,0,1,1
28.02.2015,0,0,1,1
01.03.2015,0,0,1,1
02.03.2015,0,0,1,1
03.03.2015,0,0,1,1
04.03.2015,0,0,1,1
05.03.2015,0,0,1,1
06.03.2015,0,0,1,1
07.03.2015,0,0,1,1
08.03.2015,0,0,1,1
09.03.2015,0,0,1,1
10.03.2015,0,0,1,1
11.03.2015,0,0,1,1
12.03.2015,0,0,1,1
13.03.2015,0,0,1,1
14.03.2015,0,0,1,1
15.03.2015,0,0,1,1
24.06.2015,0,0,1,1
25.06.2015,0,1,0,1
26.06.2015,0,1,0,1
27.06.2015,0,1,0,1
28.06.2015,0,1,0,1
29.06.2015,0,1,0,1
30.06.2015,0,1,0,1
01.07.2015,0,1,0,1
02.07.2015,0,1,0,1
03.07.2015,0,1,0,1
04.07.2015,0,1,0,1
05.07.2015,0,1,0,1
06.07.2015,0,1,0,1
07.07.2015,0,1,0,1
08.07.2015,0,1,0,1
09.07.2015,0,1,0,1
10.07.2015,0,1,0,1
11.07.2015,0,1,0,1
12.07.2015,0,1,0,1
13.07.2015,0,1,0,1
14.07.2015,0,1,0,1
15.07.2015,0,1,0,1
16.07.2015,0,1,0,1
17.07.2015,0,1,0,1
18.07.2015,0,1,0,1
19.07.2015,0,1,0,1
20.07.2015,0,1,0,1
21.07.2015,0,1,0,1
22.07.2015,0,1,0,1
23.07.2015,0,1,0,1
24.07.2015,0,1,0,1
25.07.2015,0,1,0,1
26.07.2015,0,1,0,1
27.07.2015,0,1,0,1
28.07.2015,0,1,0,1
29.07.2015,0,1,0,1
30.07.2015,0,1,0,1
31.07.2015,0,1,0,1
01.08.2015,0,1,0,1
02.08.2015,0,1,0,1
03.08.2015,0,1,0,1
04.08.2015,0,1,0,1
12.09.2016,0,0,1,1
13.09.2016,0,0,1,1
14.09.2016,0,0,1,1
15.09.2016,0,0,1,1
16.09.2016,0,0,1,1
17.09.2016,0,0,1,1
18.09.2016,0,0,1,1
19.09.2016,0,0,1,1
20.09.2016,0,0,1,1
21.09.2016,0,0,1,1
22.09.2016,0,0,1,1
23.09.2016,0,0,1,1
24.09.2016,0,0,1,1
25.09.2016,0,0,1,1
26.09.2016,0,0,1,1
27.09.2016,0,0,1,1
28.09.2016,0,0,1,1
29.09.2016,0,0,1,1
30.09.2016,0,0,1,1
01.10.2016,0,0,1,1
02.10.2016,0,0,1,1
03.10.2016,0,0,1,1
04.10.2016,0,0,1,1
05.10.2016,0,0,1,1
06.10.2016,0,0,1,1
07.10.2016,0,0,1,1
08.10.2016,0,0,1,1
09.10.2016,0,0,1,1
08.11.2016,0,1,0,1
09.11.2016,0,1,0,1
10.11.2016,0,1,0,1
11.11.2016,0,1,0,1
12.11.2016,0,1,0,1
13.11.2016,0,1,0,1
14.11.2016,0,1,0,1
15.11.2016,0,1,0,1
16.11.2016,0,1,0,1
17.11.2016,0,1,0,1
18.11.2016,0,1,0,1
19.11.2016,0,1,0,1
20.11.2016,0,1,0,1
21.11.2016,0,1,0,1
22.11.2016,0,1,0,1
23.11.2016,0,1,1,2
24.11.2016,0,1,1,2
25.11.2016,0,1,1,2
26.11.2016,0,1,1,2
27.11.2016,0,1,1,2
28.11.2016,0,1,1,2
29.11.2016,0,1,1,2
30.11.2016,0,1,1,2
01.12.2016,0,1,1,2
02.12.2016,0,2,0,2
03.12.2016,0,2,0,2
04.12.2016,0,2,0,2
05.12.2016,0,2,0,2
06.12.2016,0,2,0,2
07.12.2016,0,2,0,2
08.12.2016,0,2,0,2
09.12.2016,0,2,0,2
10.12.2016,0,2,0,2
11.12.2016,0,2,0,2
12.12.2016,0,2,0,2
13.12.2016,0,2,0,2
14.12.2016,0,2,0,2
15.12.2016,0,2,0,2
16.12.2016,0,2,0,2
17.12.2016,0,2,0,2
18.12.2016,0,2,0,2
19.12.2016,0,2,0,2
20.12.2016,0,2,0,2
21.12.2016,0,2,0,2
22.12.2016,0,2,1,3
23.12.2016,0,2,1,3
24.12.2016,0,2,1,3
25.12.2016,0,2,1,3
26.12.2016,0,2,1,3
27.12.2016,0,2,1,3
28.12.2016,0,2,1,3
29.12.2016,0,2,1,3
30.12.2016,0,1,1,2
31.12.2016,0,1,1,2
01.01.2017,0,1,1,2
02.01.2017,0,1,1,2
03.01.2017,0,1,1,2
04.01.2017,0,1,1,2
05.01.2017,0,1,1,2
06.01.2017,0,1,1,2
07.01.2017,0,1,1,2
08.01.2017,0,1,1,2
09.01.2017,0,1,1,2
10.01.2017,0,1,1,2
11.01.2017,0,1,1,2
12.01.2017,0,1,1,2
13.01.2017,0,1,1,2
14.01.2017,0,1,1,2
15.01.2017,0,1,1,2
16.01.2017,0,1,1,2
17.01.2017,0,1,1,2
18.01.2017,0,1,1,2
19.01.2017,0,1,0,1
20.01.2017,0,2,0,2
21.01.2017,0,2,0,2
22.01.2017,0,2,0,2
23.01.2017,0,2,0,2
24.01.2017,0,2,0,2
25.01.2017,0,2,0,2
26.01.2017,0,2,0,2
27.01.2017,0,2,0,2
28.01.2017,0,2,0,2
29.01.2017,0,2,0,2
30.01.2017,0,2,1,3
31.01.2017,0,2,1,3
01.02.2017,0,2,1,3
02.02.2017,0,2,1,3
03.02.2017,0,2,1,3
04.02.2017,0,2,1,3
05.02.2017,0,2,1,3
06.02.2017,0,2,1,3
07.02.2017,0,1,1,2
08.02.2017,0,1,2,3
09.02.2017,0,2,1,3
10.02.2017,0,2,1,3
11.02.2017,0,2,1,3
12.02.2017,0,2,1,3
13.02.2017,0,2,1,3
14.02.2017,0,2,1,3
15.02.2017,0,2,1,3
16.02.2017,0,2,1,3
17.02.2017,0,2,1,3
18.02.2017,0,2,1,3
19.02.2017,0,2,1,3
20.02.2017,0,2,1,3
21.02.2017,0,2,1,3
22.02.2017,0,2,1,3
23.02.2017,0,2,1,3
24.02.2017,0,2,1,3
25.02.2017,0,2,1,3
26.02.2017,0,2,1,3
27.02.2017,0,2,0,2
28.02.2017,0,2,0,2
01.03.2017,0,2,0,2
02.03.2017,0,2,0,2
03.03.2017,0,2,0,2
04.03.2017,0,2,0,2
05.03.2017,0,2,0,2
06.03.2017,0,2,0,2
07.03.2017,0,2,0,2
08.03.2017,0,2,0,2
09.03.2017,1,1,0,2
10.03.2017,0,2,0,2
11.03.2017,0,2,0,2
12.03.2017,0,2,0,2
13.03.2017,0,2,0,2
14.03.2017,0,2,0,2
15.03.2017,0,2,0,2
16.03.2017,0,2,0,2
17.03.2017,0,2,0,2
18.03.2017,0,2,0,2
19.03.2017,0,2,0,2
20.03.2017,0,2,0,2
21.03.2017,0,2,0,2
22.03.2017,0,2,0,2
23.03.2017,0,2,0,2
24.03.2017,0,1,0,1
25.03.2017,0,1,0,1
26.03.2017,0,1,0,1
27.03.2017,0,1,0,1
28.03.2017,0,1,0,1
29.03.2017,0,1,0,1
30.03.2017,0,1,0,1
31.03.2017,0,1,0,1
01.04.2017,0,1,0,1
02.04.2017,0,1,0,1
03.04.2017,1,0,0,1
04.04.2017,1,0,0,1
05.04.2017,0,1,0,1
06.04.2017,0,1,0,1
07.04.2017,0,1,0,1
08.04.2017,0,1,0,1
09.04.2017,0,1,0,1
10.04.2017,0,1,0,1
11.04.2017,0,1,0,1
12.04.2017,0,1,0,1
13.04.2017,0,1,0,1
14.04.2017,0,1,0,1
15.04.2017,0,1,0,1
16.04.2017,0,1,0,1
17.04.2017,0,1,0,1
18.04.2017,0,1,0,1
19.04.2017,0,1,0,1
20.04.2017,0,1,0,1
21.04.2017,0,1,0,1
22.04.2017,0,1,0,1
23.04.2017,0,1,0,1
24.04.2017,0,1,0,1
25.04.2017,0,1,0,1
26.04.2017,0,1,0,1
27.04.2017,0,1,0,1
28.04.2017,0,1,0,1
29.04.2017,0,1,0,1
30.04.2017,0,1,0,1
01.05.2017,0,1,0,1
02.05.2017,0,1,0,1
03.05.2017,0,1,0,1
04.05.2017,0,1,0,1
05.05.2017,0,1,0,1
06.05.2017,0,1,0,1
07.05.2017,0,1,0,1
08.05.2017,0,1,0,1
09.05.2017,0,1,0,1
10.05.2017,0,1,0,1
11.05.2017,0,1,0,1
12.05.2017,0,1,0,1
13.05.2017,0,1,0,1
14.05.2017,0,1,0,1
15.05.2017,0,1,0,1
16.05.2017,0,1,0,1
17.05.2017,0,1,0,1
18.05.2017,0,1,2,3
19.05.2017,0,1,3,4
20.05.2017,0,2,2,4
21.05.2017,0,2,2,4
22.05.2017,0,5,0,5
23.05.2017,0,5,0,5
24.05.2017,0,5,0,5
25.05.2017,0,5,0,5
26.05.2017,0,5,0,5
27.05.2017,0,5,0,5
28.05.2017,0,5,0,5
29.05.2017,0,5,1,6
30.05.2017,0,6,0,6
31.05.2017,0,6,0,6
01.06.2017,0,6,0,6
02.06.2017,0,6,0,6
03.06.2017,0,6,0,6
04.06.2017,0,6,0,6
05.06.2017,0,6,0,6
06.06.2017,0,6,0,6
07.06.2017,0,6,0,6
08.06.2017,0,6,0,6
09.06.2017,0,6,1,7
10.06.2017,0,6,1,7
11.06.2017,0,6,1,7
12.06.2017,0,7,0,7
13.06.2017,0,7,0,7
14.06.2017,0,7,1,8
15.06.2017,0,8,0,8
16.06.2017,0,8,0,8
17.06.2017,1,7,0,8
18.06.2017,1,7,0,8
19.06.2017,3,5,1,9
20.06.2017,4,4,2,10
21.06.2017,4,4,2,10
22.06.2017,4,4,2,10
23.06.2017,4,4,2,10
24.06.2017,4,4,3,11
25.06.2017,4,4,3,11
26.06.2017,4,4,4,12
27.06.2017,5,3,4,12
28.06.2017,5,3,5,13
29.06.2017,5,4,4,13
30.06.2017,5,4,4,13
01.07.2017,5,4,4,13
02.07.2017,5,5,3,13
03.07.2017,5,5,3,13
04.07.2017,5,5,4,14
05.07.2017,5,5,4,14
06.07.2017,5,6,3,14
07.07.2017,5,7,3,15
08.07.2017,5,6,3,14
09.07.2017,5,6,3,14
10.07.2017,5,6,3,14
11.07.2017,5,6,3,14
12.07.2017,5,6,3,14
13.07.2017,5,6,3,14
14.07.2017,4,7,3,14
15.07.2017,4,8,2,14
16.07.2017,4,8,2,14
17.07.2017,5,7,1,13
18.07.2017,5,7,2,14
19.07.2017,6,7,1,14
20.07.2017,6,7,1,14
21.07.2017,6,7,1,14
22.07.2017,5,7,1,13
23.07.2017,5,7,1,13
24.07.2017,5,7,1,13
25.07.2017,5,7,1,13
26.07.2017,5,7,1,13
27.07.2017,5,7,1,13
28.07.2017,5,7,1,13
29.07.2017,5,7,1,13
30.07.2017,5,6,1,12
31.07.2017,5,6,1,12
01.08.2017,5,6,1,12
02.08.2017,5,5,1,11
03.08.2017,6,3,2,11
04.08.2017,5,4,0,9
05.08.2017,5,4,1,10
06.08.2017,5,4,2,11
07.08.2017,6,3,2,11
08.08.2017,6,3,2,11
09.08.2017,7,3,2,12
10.08.2017,7,4,2,13
11.08.2017,7,4,2,13
12.08.2017,7,3,2,12
13.08.2017,7,3,2,12
14.08.2017,6,4,2,12
15.08.2017,6,5,2,13
16.08.2017,6,5,2,13
17.08.2017,6,5,2,13
18.08.2017,6,5,2,13
19.08.2017,6,5,2,13
20.08.2017,6,5,2,13
21.08.2017,7,4,2,13
22.08.2017,7,4,2,13
23.08.2017,6,5,2,13
24.08.2017,6,5,2,13
25.08.2017,6,5,2,13
26.08.2017,6,5,2,13
27.08.2017,6,5,2,13
28.08.2017,6,5,2,13
29.08.2017,6,5,2,13
30.08.2017,5,6,2,13
31.08.2017,6,5,2,13
01.09.2017,5,6,3,14
02.09.2017,5,6,2,13
03.09.2017,5,6,1,12
04.09.2017,6,6,1,13
05.09.2017,6,6,1,13
06.09.2017,6,6,1,13
07.09.2017,6,6,1,13
08.09.2017,6,6,1,13
09.09.2017,6,6,1,13
10.09.2017,6,6,1,13
11.09.2017,6,6,1,13
12.09.2017,6,6,2,14
13.09.2017,6,6,2,14
14.09.2017,6,6,2,14
15.09.2017,6,6,2,14
16.09.2017,6,6,3,15
17.09.2017,6,6,3,15
18.09.2017,6,5,4,15
19.09.2017,6,5,3,14
20.09.2017,6,5,3,14
21.09.2017,6,5,3,14
22.09.2017,6,5,3,14
23.09.2017,6,5,3,14
24.09.2017,6,5,3,14
25.09.2017,6,5,4,15
26.09.2017,6,5,4,15
27.09.2017,6,6,4,16
28.09.2017,6,6,4,16
29.09.2017,6,6,4,16
30.09.2017,6,6,4,16
01.10.2017,6,6,4,16
02.10.2017,6,6,3,15
03.10.2017,6,6,3,15
04.10.2017,6,6,3,15
05.10.2017,6,6,4,16
06.10.2017,6,6,5,17
07.10.2017,6,6,5,17
08.10.2017,6,6,6,18
09.10.2017,6,6,8,20
10.10.2017,6,8,6,20
11.10.2017,6,8,6,20
12.10.2017,6,9,6,21
13.10.2017,5,9,6,20
14.10.2017,5,9,5,19
15.10.2017,5,9,5,19
16.10.2017,5,9,5,19
17.10.2017,6,9,4,19
18.10.2017,6,8,4,18
19.10.2017,6,8,5,19
20.10.2017,6,9,4,19
21.10.2017,7,8,5,20
22.10.2017,7,8,5,20
23.10.2017,7,9,4,20
24.10.2017,7,10,5,22
25.10.2017,6,11,6,23
26.10.2017,6,13,5,24
27.10.2017,6,13,5,24
28.10.2017,7,12,5,24
29.10.2017,6,13,5,24
30.10.2017,6,13,5,24
31.10.2017,6,13,5,24
01.11.2017,6,13,5,24
02.11.2017,6,13,5,24
03.11.2017,6,13,5,24
04.11.2017,6,13,5,24
05.11.2017,6,13,4,23
06.11.2017,6,13,5,24
07.11.2017,8,12,4,24
08.11.2017,8,11,5,24
09.11.2017,8,11,5,24
10.11.2017,8,11,5,24
11.11.2017,8,11,5,24
12.11.2017,8,11,5,24
13.11.2017,8,12,4,24
14.11.2017,9,12,3,24
15.11.2017,9,12,3,24
16.11.2017,9,11,3,23
17.11.2017,9,11,3,23
18.11.2017,10,11,2,23
19.11.2017,10,11,2,23
20.11.2017,10,11,2,23
21.11.2017,10,11,3,24
22.11.2017,9,12,2,23
23.11.2017,9,10,2,21
24.11.2017,9,9,2,20
25.11.2017,9,8,2,19
26.11.2017,9,8,2,19
27.11.2017,9,8,4,21
28.11.2017,8,9,4,21
29.11.2017,8,9,4,21
30.11.2017,8,10,3,21
01.12.2017,8,11,3,22
02.12.2017,8,11,3,22
03.12.2017,8,11,3,22
04.12.2017,8,12,4,24
05.12.2017,8,11,4,23
06.12.2017,8,11,4,23
07.12.2017,8,11,4,23
08.12.2017,8,12,4,24
09.12.2017,8,12,4,24
10.12.2017,8,12,4,24
11.12.2017,8,12,4,24
12.12.2017,8,11,4,23
13.12.2017,8,11,4,23
14.12.2017,8,11,4,23
15.12.2017,8,11,4,23
16.12.2017,9,10,4,23
17.12.2017,9,10,4,23
18.12.2017,9,10,3,22
19.12.2017,9,10,2,21
20.12.2017,8,11,2,21
21.12.2017,8,11,2,21
22.12.2017,8,11,2,21
23.12.2017,9,10,2,21
24.12.2017,8,11,2,21
25.12.2017,8,11,1,20
26.12.2017,8,11,1,20
27.12.2017,8,10,1,19
28.12.2017,8,10,1,19
29.12.2017,8,10,1,19
30.12.2017,8,9,1,18
31.12.2017,8,9,1,18
01.01.2018,8,9,0,17
02.01.2018,9,8,0,17
03.01.2018,9,7,0,16
04.01.2018,9,6,1,16
05.01.2018,9,7,1,17
06.01.2018,9,7,1,17
07.01.2018,8,8,1,17
08.01.2018,8,7,0,15
09.01.2018,8,6,0,14
10.01.2018,8,6,0,14
11.01.2018,9,5,0,14
12.01.2018,9,5,0,14
13.01.2018,9,5,0,14
14.01.2018,9,5,0,14
15.01.2018,9,5,0,14
16.01.2018,10,4,2,16
17.01.2018,10,4,3,17
18.01.2018,10,5,2,17
19.01.2018,10,5,2,17
20.01.2018,10,5,2,17
21.01.2018,10,5,2,17
22.01.2018,10,5,4,19
23.01.2018,10,5,5,20
24.01.2018,10,7,3,20
25.01.2018,11,7,2,20
26.01.2018,11,7,2,20
27.01.2018,11,8,2,21
28.01.2018,11,8,2,21
29.01.2018,11,8,2,21
30.01.2018,12,7,2,21
31.01.2018,12,7,2,21
01.02.2018,12,7,2,21
02.02.2018,12,7,3,22
03.02.2018,12,7,3,22
04.02.2018,11,8,3,22
05.02.2018,11,8,3,22
06.02.2018,12,7,3,22
07.02.2018,12,8,2,22
08.02.2018,12,8,2,22
09.02.2018,12,8,2,22
10.02.2018,12,8,2,22
11.02.2018,12,8,2,22
12.02.2018,12,8,2,22
13.02.2018,12,8,1,21
14.02.2018,12,8,1,21
15.02.2018,12,8,1,21
16.02.2018,12,8,1,21
17.02.2018,12,8,1,21
18.02.2018,12,8,1,21
19.02.2018,12,8,0,20
20.02.2018,11,9,1,21
21.02.2018,12,10,0,22
22.02.2018,13,9,1,23
23.02.2018,13,10,0,23
24.02.2018,14,9,0,23
25.02.2018,14,8,0,22
26.02.2018,13,8,0,21
27.02.2018,14,7,0,21
28.02.2018,14,7,1,22
01.03.2018,13,8,1,22
02.03.2018,13,8,2,23
03.03.2018,13,9,2,24
04.03.2018,13,9,2,24
05.03.2018,13,9,3,25
06.03.2018,13,10,3,26
07.03.2018,14,9,3,26
08.03.2018,14,9,3,26
09.03.2018,15,8,3,26
10.03.2018,15,8,3,26
11.03.2018,15,8,3,26
12.03.2018,14,9,3,26
13.03.2018,13,10,4,27
14.03.2018,14,9,4,27
15.03.2018,13,10,4,27
16.03.2018,13,10,4,27
17.03.2018,13,10,4,27
18.03.2018,13,10,4,27
19.03.2018,13,10,4,27
20.03.2018,14,9,4,27
21.03.2018,14,9,3,26
22.03.2018,15,8,4,27
23.03.2018,15,8,4,27
24.03.2018,16,6,4,26
25.03.2018,16,6,4,26
26.03.2018,15,7,6,28
27.03.2018,16,8,5,29
28.03.2018,15,10,4,29
29.03.2018,15,10,4,29
30.03.2018,15,10,3,28
31.03.2018,15,9,3,27
01.04.2018,15,10,3,28
02.04.2018,16,9,3,28
03.04.2018,16,10,3,29
04.04.2018,17,9,3,29
05.04.2018,16,10,3,29
06.04.2018,16,10,3,29
07.04.2018,16,10,3,29
08.04.2018,16,10,3,29
09.04.2018,15,10,3,28
10.04.2018,15,10,2,27
11.04.2018,15,10,2,27
12.04.2018,15,10,2,27
13.04.2018,15,9,3,27
14.04.2018,15,9,3,27
15.04.2018,15,9,3,27
16.04.2018,15,10,3,28
17.04.2018,14,11,3,28
18.04.2018,13,12,3,28
19.04.2018,13,12,2,27
20.04.2018,13,12,2,27
21.04.2018,13,12,2,27
22.04.2018,13,12,2,27
23.04.2018,12,13,2,27
24.04.2018,15,10,3,28
25.04.2018,15,10,3,28
26.04.2018,15,10,4,29
27.04.2018,15,10,4,29
28.04.2018,15,10,4,29
29.04.2018,15,9,4,28
30.04.2018,16,8,4,28
01.05.2018,13,11,3,27
02.05.2018,13,11,3,27
03.05.2018,13,10,3,26
04.05.2018,13,9,3,25
05.05.2018,13,8,3,24
06.05.2018,13,8,3,24
07.05.2018,12,9,3,24
08.05.2018,13,8,3,24
09.05.2018,13,8,3,24
10.05.2018,13,8,3,24
11.05.2018,13,9,2,24
12.05.2018,13,9,2,24
13.05.2018,13,9,2,24
14.05.2018,13,9,2,24
15.05.2018,14,8,2,24
16.05.2018,13,9,2,24
17.05.2018,12,11,2,25
18.05.2018,13,10,2,25
19.05.2018,13,10,2,25
20.05.2018,13,10,2,25
21.05.2018,13,10,3,26
22.05.2018,13,9,2,24
23.05.2018,14,8,2,24
24.05.2018,13,9,2,24
25.05.2018,13,10,2,25
26.05.2018,13,10,2,25
27.05.2018,13,10,2,25
28.05.2018,14,9,2,25
29.05.2018,15,8,3,26
30.05.2018,15,8,4,27
31.05.2018,14,9,4,27
01.06.2018,14,9,5,28
02.06.2018,14,9,5,28
03.06.2018,14,9,5,28
04.06.2018,14,10,4,28
05.06.2018,14,8,4,26
06.06.2018,14,8,4,26
07.06.2018,14,9,4,27
08.06.2018,14,8,3,25
09.06.2018,14,8,3,25
10.06.2018,14,8,3,25
11.06.2018,14,8,3,25
12.06.2018,14,8,4,26
13.06.2018,14,8,4,26
14.06.2018,14,7,4,25
15.06.2018,15,6,4,25
16.06.2018,15,6,5,26
17.06.2018,15,6,5,26
18.06.2018,15,6,4,25
19.06.2018,16,5,4,25
20.06.2018,16,5,5,26
21.06.2018,16,5,5,26
22.06.2018,16,5,5,26
23.06.2018,16,5,5,26
24.06.2018,16,5,5,26
25.06.2018,16,5,8,29
26.06.2018,16,7,6,29
27.06.2018,16,7,7,30
28.06.2018,15,10,6,31
29.06.2018,14,10,6,30
30.06.2018,14,10,6,30
01.07.2018,14,10,6,30
02.07.2018,15,9,7,31
03.07.2018,16,8,8,32
04.07.2018,15,9,9,33
05.07.2018,15,10,10,35
06.07.2018,14,12,10,36
07.07.2018,14,12,10,36
08.07.2018,14,12,10,36
09.07.2018,14,12,10,36
10.07.2018,14,13,8,35
11.07.2018,14,12,8,34
12.07.2018,14,12,9,35
13.07.2018,16,13,8,37
14.07.2018,16,13,7,36
15.07.2018,16,13,7,36
16.07.2018,16,13,7,36
17.07.2018,15,14,8,37
18.07.2018,15,14,7,36
19.07.2018,15,15,6,36
20.07.2018,15,15,7,37
21.07.2018,15,15,8,38
22.07.2018,15,15,8,38
23.07.2018,14,16,6,36
24.07.2018,14,15,6,35
25.07.2018,14,15,6,35
26.07.2018,15,13,6,34
27.07.2018,13,16,5,34
28.07.2018,13,16,5,34
29.07.2018,13,16,5,34
30.07.2018,13,16,5,34
31.07.2018,13,17,4,34
01.08.2018,13,18,4,35
02.08.2018,13,17,4,34
03.08.2018,13,17,4,34
04.08.2018,13,17,4,34
05.08.2018,13,17,4,34
06.08.2018,13,17,4,34
07.08.2018,13,17,6,36
08.08.2018,14,16,5,35
09.08.2018,13,17,6,36
10.08.2018,14,16,6,36
11.08.2018,14,16,6,36
12.08.2018,14,16,6,36
13.08.2018,13,16,7,36
14.08.2018,13,15,6,34
15.08.2018,15,12,6,33
16.08.2018,14,12,6,32
17.08.2018,14,12,6,32
18.08.2018,14,12,5,31
19.08.2018,14,12,6,32
20.08.2018,15,12,6,33
21.08.2018,15,11,7,33
22.08.2018,16,11,6,33
23.08.2018,16,12,7,35
24.08.2018,15,13,7,35
25.08.2018,15,13,7,35
26.08.2018,15,13,7,35
27.08.2018,15,14,5,34
28.08.2018,16,14,6,36
29.08.2018,16,16,6,38
30.08.2018,16,15,6,37
31.08.2018,16,14,6,36
01.09.2018,16,15,6,37
02.09.2018,16,15,6,37
03.09.2018,16,17,6,39
04.09.2018,14,19,6,39
05.09.2018,14,21,5,40
06.09.2018,14,22,4,40
07.09.2018,13,22,4,39
08.09.2018,13,22,3,38
09.09.2018,13,22,3,38
10.09.2018,13,22,3,38
11.09.2018,13,21,4,38
12.09.2018,14,20,4,38
13.09.2018,13,20,4,37
14.09.2018,13,20,3,36
15.09.2018,13,20,3,36
16.09.2018,14,19,2,35
17.09.2018,15,18,3,36
18.09.2018,15,18,3,36
19.09.2018,15,17,3,35
20.09.2018,14,17,4,35
21.09.2018,14,17,4,35
22.09.2018,14,17,4,35
23.09.2018,14,17,4,35
24.09.2018,15,15,4,34
25.09.2018,15,16,2,33
26.09.2018,14,15,1,30
27.09.2018,14,15,1,30
28.09.2018,14,15,1,30
29.09.2018,14,15,1,30
30.09.2018,14,15,1,30
01.10.2018,15,14,1,30
02.10.2018,14,15,2,31
03.10.2018,14,14,2,30
04.10.2018,14,13,2,29
05.10.2018,13,14,2,29
06.10.2018,13,14,2,29
07.10.2018,13,14,2,29
08.10.2018,13,14,2,29
09.10.2018,13,14,3,30
10.10.2018,14,14,4,32
11.10.2018,13,15,4,32
12.10.2018,13,15,5,33
13.10.2018,13,15,5,33
14.10.2018,14,14,5,33
15.10.2018,15,13,5,33
16.10.2018,15,13,5,33
17.10.2018,15,13,5,33
18.10.2018,15,13,6,34
19.10.2018,15,14,6,35
20.10.2018,15,14,6,35
21.10.2018,15,14,6,35
22.10.2018,16,13,6,35
23.10.2018,16,13,9,38
24.10.2018,16,12,9,37
25.10.2018,16,14,8,38
26.10.2018,15,15,7,37
27.10.2018,15,15,7,37
28.10.2018,15,15,7,37
29.10.2018,16,14,7,37
30.10.2018,16,14,6,36
31.10.2018,16,14,6,36
01.11.2018,16,14,6,36
02.11.2018,15,15,6,36
03.11.2018,15,15,6,36
04.11.2018,15,15,7,37
05.11.2018,16,14,7,37
06.11.2018,16,13,6,35
07.11.2018,17,12,6,35
08.11.2018,15,14,6,35
09.11.2018,15,14,5,34
10.11.2018,15,14,6,35
11.11.2018,16,14,5,35
12.11.2018,16,14,4,34
13.11.2018,16,14,4,34
14.11.2018,17,14,3,34
15.11.2018,15,16,3,34
16.11.2018,15,17,3,35
17.11.2018,15,17,3,35
18.11.2018,15,17,3,35
19.11.2018,15,16,3,34
20.11.2018,16,14,2,32
21.11.2018,16,13,3,32
22.11.2018,16,13,5,34
23.11.2018,16,12,5,33
24.11.2018,16,12,5,33
25.11.2018,16,12,5,33
26.11.2018,16,13,5,34
27.11.2018,17,12,5,34
28.11.2018,17,12,6,35
29.11.2018,17,12,7,36
30.11.2018,16,12,8,36
01.12.2018,16,12,8,36
02.12.2018,16,12,7,35
03.12.2018,17,13,6,36
04.12.2018,14,17,5,36
05.12.2018,17,14,5,36
06.12.2018,14,17,5,36
07.12.2018,14,17,6,37
08.12.2018,14,18,5,37
09.12.2018,15,17,5,37
10.12.2018,16,18,5,39
11.12.2018,16,18,7,41
12.12.2018,16,17,6,39
13.12.2018,16,17,6,39
14.12.2018,16,17,7,40
15.12.2018,16,17,8,41
16.12.2018,16,17,8,41
17.12.2018,16,17,8,41
18.12.2018,16,17,8,41
19.12.2018,16,17,8,41
20.12.2018,16,17,7,40
21.12.2018,15,18,8,41
22.12.2018,15,18,8,41
23.12.2018,15,18,8,41
24.12.2018,15,18,8,41
25.12.2018,16,17,8,41
26.12.2018,16,17,7,40
27.12.2018,16,17,7,40
28.12.2018,14,18,8,40
29.12.2018,14,19,7,40
30.12.2018,14,19,7,40
31.12.2018,15,16,7,38
01.01.2019,14,16,7,37
02.01.2019,16,14,7,37
03.01.2019,12,18,6,36
04.01.2019,13,17,5,35
05.01.2019,13,17,5,35
06.01.2019,13,17,5,35
07.01.2019,14,15,5,34
08.01.2019,14,16,5,35
09.01.2019,14,15,5,34
10.01.2019,12,16,4,32
11.01.2019,12,15,4,31
12.01.2019,12,16,2,30
13.01.2019,12,16,2,30
14.01.2019,12,16,5,33
15.01.2019,13,16,5,34
16.01.2019,12,16,6,34
17.01.2019,12,17,5,34
18.01.2019,12,19,4,35
19.01.2019,12,19,4,35
20.01.2019,12,19,4,35
21.01.2019,13,19,4,36
22.01.2019,15,17,4,36
23.01.2019,15,17,4,36
24.01.2019,16,16,3,35
25.01.2019,16,17,4,37
26.01.2019,16,16,4,36
27.01.2019,16,16,4,36
28.01.2019,16,16,5,37
29.01.2019,15,17,6,38
30.01.2019,17,16,6,39
31.01.2019,14,19,6,39
01.02.2019,15,17,6,38
02.02.2019,15,17,6,38
03.02.2019,15,18,5,38
04.02.2019,16,17,5,38
05.02.2019,17,16,6,39
06.02.2019,19,15,5,39
07.02.2019,17,16,5,38
08.02.2019,16,17,6,39
09.02.2019,16,17,6,39
10.02.2019,15,18,6,39
11.02.2019,15,18,4,37
12.02.2019,16,16,4,36
13.02.2019,15,17,5,37
14.02.2019,15,16,9,40
15.02.2019,13,16,9,38
16.02.2019,13,16,9,38
17.02.2019,12,17,10,39
18.02.2019,12,18,10,40
19.02.2019,14,18,9,41
20.02.2019,14,17,10,41
21.02.2019,14,19,11,44
22.02.2019,15,18,9,42
23.02.2019,15,18,9,42
24.02.2019,15,18,9,42
25.02.2019,15,18,9,42
26.02.2019,15,17,9,41
27.02.2019,16,16,9,41
28.02.2019,16,16,9,41
01.03.2019,16,16,9,41
02.03.2019,16,16,9,41
03.03.2019,16,16,9,41
04.03.2019,16,16,9,41
05.03.2019,16,15,9,40
06.03.2019,18,12,10,40
07.03.2019,16,13,11,40
08.03.2019,16,13,10,39
09.03.2019,16,13,10,39
10.03.2019,15,14,10,39
11.03.2019,15,15,9,39
12.03.2019,15,16,10,41
13.03.2019,15,17,9,41
14.03.2019,15,18,6,39
15.03.2019,14,19,6,39
16.03.2019,14,19,6,39
17.03.2019,13,20,5,38
18.03.2019,14,19,5,38
19.03.2019,16,16,4,36
20.03.2019,16,16,4,36
21.03.2019,16,16,4,36
22.03.2019,17,15,4,36
23.03.2019,17,15,4,36
24.03.2019,17,15,4,36
25.03.2019,16,16,6,38
26.03.2019,16,16,5,37
27.03.2019,17,14,6,37
28.03.2019,16,15,7,38
29.03.2019,16,17,6,39
30.03.2019,16,17,7,40
31.03.2019,17,17,10,44
01.04.2019,18,18,12,48
02.04.2019,16,21,13,50
03.04.2019,17,20,13,50
04.04.2019,18,21,14,53
05.04.2019,19,23,15,57
06.04.2019,19,23,15,57
07.04.2019,18,24,15,57
08.04.2019,18,25,13,56
09.04.2019,18,25,12,55
10.04.2019,18,25,11,54
11.04.2019,18,24,11,53
12.04.2019,18,23,12,53
13.04.2019,18,23,12,53
14.04.2019,17,24,12,53
15.04.2019,17,24,13,54
16.04.2019,18,23,14,55
17.04.2019,19,22,14,55
18.04.2019,20,22,14,56
19.04.2019,19,22,16,57
20.04.2019,19,22,16,57
21.04.2019,19,22,16,57
22.04.2019,18,23,14,55
23.04.2019,18,23,14,55
24.04.2019,18,21,14,53
25.04.2019,17,21,14,52
26.04.2019,17,20,14,51
27.04.2019,17,20,14,51
28.04.2019,17,19,10,46
29.04.2019,17,17,7,41
30.04.2019,17,17,7,41
01.05.2019,18,16,7,41
02.05.2019,19,13,6,38
03.05.2019,19,11,5,35
04.05.2019,19,11,5,35
05.05.2019,19,11,5,35
06.05.2019,19,12,5,36
07.05.2019,19,12,6,37
08.05.2019,18,13,7,38
09.05.2019,18,14,6,38
10.05.2019,18,14,7,39
11.05.2019,18,14,7,39
12.05.2019,18,14,7,39
13.05.2019,18,14,7,39
14.05.2019,18,15,6,39
15.05.2019,19,14,7,40
16.05.2019,19,12,6,37
17.05.2019,18,13,5,36
18.05.2019,18,13,5,36
19.05.2019,18,13,5,36
20.05.2019,18,14,6,38
21.05.2019,18,14,6,38
22.05.2019,17,15,7,39
23.05.2019,16,16,8,40
24.05.2019,16,16,8,40
25.05.2019,16,16,8,40
26.05.2019,16,16,8,40
27.05.2019,16,17,8,41
28.05.2019,15,19,7,41
29.05.2019,15,19,7,41
30.05.2019,15,18,7,40
31.05.2019,16,17,7,40
01.06.2019,16,17,7,40
02.06.2019,16,17,7,40
03.06.2019,16,18,8,42
04.06.2019,17,19,8,44
05.06.2019,16,21,7,44
06.06.2019,16,22,7,45
07.06.2019,16,22,6,44
08.06.2019,16,22,7,45
09.06.2019,16,22,7,45
10.06.2019,16,22,6,44
11.06.2019,16,22,6,44
12.06.2019,18,17,5,40
13.06.2019,18,17,5,40
14.06.2019,17,19,6,42
15.06.2019,17,19,6,42
16.06.2019,17,19,6,42
17.06.2019,17,19,4,40
18.06.2019,17,19,4,40
19.06.2019,16,21,2,39
20.06.2019,16,22,2,40
21.06.2019,15,23,4,42
22.06.2019,15,23,4,42
23.06.2019,15,22,5,42
24.06.2019,16,20,5,41
25.06.2019,16,20,6,42
26.06.2019,16,20,6,42
27.06.2019,16,20,6,42
28.06.2019,16,18,7,41
29.06.2019,16,18,7,41
30.06.2019,16,18,7,41
01.07.2019,16,19,6,41
02.07.2019,17,17,6,40
03.07.2019,16,16,5,37
04.07.2019,16,18,4,38
05.07.2019,16,18,4,38
06.07.2019,16,18,3,37
07.07.2019,16,18,3,37
08.07.2019,16,19,3,38
09.07.2019,15,20,3,38
10.07.2019,16,19,3,38
11.07.2019,16,20,2,38
12.07.2019,16,20,2,38
13.07.2019,16,20,2,38
14.07.2019,16,20,2,38
15.07.2019,16,20,2,38
16.07.2019,16,20,2,38
17.07.2019,15,21,2,38
18.07.2019,15,19,2,36
19.07.2019,15,17,0,32
20.07.2019,15,17,0,32
21.07.2019,15,17,1,33
22.07.2019,14,18,1,33
23.07.2019,14,17,1,32
24.07.2019,16,15,1,32
25.07.2019,17,14,1,32
26.07.2019,16,16,1,33
27.07.2019,16,16,1,33
28.07.2019,16,16,1,33
29.07.2019,17,12,1,30
30.07.2019,16,12,1,29
31.07.2019,15,14,1,30
01.08.2019,14,14,1,29
02.08.2019,15,12,1,28
03.08.2019,15,12,1,28
04.08.2019,15,12,1,28
05.08.2019,16,11,1,28
06.08.2019,15,12,1,28
07.08.2019,16,10,2,28
08.08.2019,15,11,2,28
09.08.2019,15,12,2,29
10.08.2019,15,12,2,29
11.08.2019,15,12,2,29
12.08.2019,15,12,3,30
13.08.2019,15,13,3,31
14.08.2019,15,13,3,31
15.08.2019,15,13,3,31
16.08.2019,15,13,3,31
17.08.2019,15,13,3,31
18.08.2019,15,14,2,31
19.08.2019,14,15,2,31
20.08.2019,14,15,2,31
21.08.2019,16,13,3,32
22.08.2019,17,13,2,32
23.08.2019,17,12,2,31
24.08.2019,17,12,2,31
25.08.2019,17,12,2,31
26.08.2019,17,12,2,31
27.08.2019,15,16,2,33
28.08.2019,14,16,2,32
29.08.2019,12,18,1,31
30.08.2019,12,17,1,30
31.08.2019,12,17,1,30
01.09.2019,12,17,1,30
02.09.2019,13,16,1,30
03.09.2019,13,16,1,30
04.09.2019,14,15,1,30
05.09.2019,13,16,1,30
06.09.2019,13,15,1,29
07.09.2019,13,15,1,29
08.09.2019,13,15,1,29
09.09.2019,13,17,1,31
10.09.2019,13,17,1,31
11.09.2019,13,18,1,32
12.09.2019,13,18,1,32
13.09.2019,13,18,2,33
14.09.2019,13,18,2,33
15.09.2019,13,18,2,33
16.09.2019,14,17,2,33
17.09.2019,14,16,2,32
18.09.2019,13,17,2,32
19.09.2019,14,14,2,30
20.09.2019,14,14,2,30
21.09.2019,14,14,2,30
22.09.2019,14,13,2,29
23.09.2019,14,12,4,30
24.09.2019,14,12,4,30
25.09.2019,13,13,4,30
26.09.2019,12,13,4,29
27.09.2019,12,11,5,28
28.09.2019,12,11,5,28
29.09.2019,12,11,5,28
30.09.2019,13,9,5,27
01.10.2019,13,11,5,29
02.10.2019,13,11,5,29
03.10.2019,13,11,5,29
04.10.2019,13,11,5,29
05.10.2019,13,11,5,29
06.10.2019,13,11,5,29
07.10.2019,13,11,4,28
08.10.2019,14,10,4,28
09.10.2019,14,10,3,27
10.10.2019,14,10,3,27
11.10.2019,14,10,2,26
12.10.2019,14,10,2,26
13.10.2019,14,9,2,25
14.10.2019,14,9,2,25
15.10.2019,14,9,2,25
16.10.2019,12,11,3,26
17.10.2019,13,12,2,27
18.10.2019,13,12,2,27
19.10.2019,13,12,2,27
20.10.2019,12,13,2,27
21.10.2019,13,11,0,24
22.10.2019,12,12,0,24
23.10.2019,11,13,0,24
24.10.2019,11,12,0,23
25.10.2019,10,12,1,23
26.10.2019,10,12,1,23
27.10.2019,10,12,1,23
28.10.2019,13,10,2,25
29.10.2019,13,10,2,25
30.10.2019,13,10,2,25
31.10.2019,13,12,2,27
01.11.2019,14,11,2,27
02.11.2019,14,11,2,27
03.11.2019,14,11,2,27
04.11.2019,14,11,2,27
05.11.2019,15,10,2,27
06.11.2019,16,9,5,30
07.11.2019,16,9,6,31
08.11.2019,16,8,8,32
09.11.2019,16,8,8,32
10.11.2019,16,8,8,32
11.11.2019,16,10,6,32
12.11.2019,16,11,5,32
13.11.2019,14,13,6,33
14.11.2019,16,12,5,33
15.11.2019,16,13,4,33
16.11.2019,16,13,4,33
17.11.2019,16,13,4,33
18.11.2019,18,12,4,34
19.11.2019,19,11,4,34
20.11.2019,19,12,4,35
21.11.2019,18,13,5,36
22.11.2019,19,12,4,35
23.11.2019,19,12,4,35
24.11.2019,19,12,4,35
25.11.2019,19,13,3,35
26.11.2019,19,13,4,36
27.11.2019,19,13,5,37
28.11.2019,19,14,4,37
29.11.2019,19,14,4,37
30.11.2019,19,14,5,38
01.12.2019,19,15,4,38
02.12.2019,19,16,3,38
03.12.2019,18,16,3,37
04.12.2019,18,16,1,35
05.12.2019,18,16,4,38
06.12.2019,19,16,2,37
07.12.2019,19,16,3,38
08.12.2019,19,16,3,38
09.12.2019,19,16,5,40
10.12.2019,18,18,4,40
11.12.2019,18,18,4,40
12.12.2019,17,19,4,40
13.12.2019,16,19,5,40
14.12.2019,16,19,5,40
15.12.2019,16,19,5,40
16.12.2019,17,18,5,40
17.12.2019,17,20,4,41
18.12.2019,17,19,5,41
19.12.2019,17,17,6,40
20.12.2019,18,15,6,39
21.12.2019,18,15,6,39
22.12.2019,18,16,5,39
23.12.2019,17,16,5,38
24.12.2019,17,16,5,38
25.12.2019,17,16,5,38
26.12.2019,18,16,4,38
27.12.2019,18,16,5,39
28.12.2019,18,16,5,39
29.12.2019,18,16,5,39
30.12.2019,19,16,4,39
31.12.2019,19,16,4,39
01.01.2020,19,16,4,39
02.01.2020,19,15,4,38
03.01.2020,19,14,4,37
04.01.2020,19,14,3,36
05.01.2020,19,13,4,36
06.01.2020,19,13,3,35
07.01.2020,18,15,4,37
08.01.2020,17,15,4,36
09.01.2020,18,15,3,36
10.01.2020,18,15,4,37
11.01.2020,18,15,4,37
12.01.2020,18,15,4,37
13.01.2020,19,14,5,38
14.01.2020,19,13,5,37
15.01.2020,18,11,4,33
16.01.2020,18,12,4,34
17.01.2020,19,11,4,34
18.01.2020,19,11,4,34
19.01.2020,19,11,4,34
20.01.2020,18,11,4,33
21.01.2020,17,13,5,35
22.01.2020,17,14,5,36
23.01.2020,18,12,5,35
24.01.2020,18,12,6,36
25.01.2020,18,12,6,36
26.01.2020,18,12,6,36
27.01.2020,18,13,6,37
28.01.2020,18,13,6,37
29.01.2020,18,13,6,37
30.01.2020,18,13,6,37
31.01.2020,18,14,7,39
01.02.2020,18,14,7,39
02.02.2020,18,14,7,39
03.02.2020,18,14,7,39
04.02.2020,17,16,8,41
05.02.2020,17,17,7,41
06.02.2020,18,15,11,44
07.02.2020,19,16,8,43
08.02.2020,19,16,8,43
09.02.2020,19,16,8,43
10.02.2020,19,17,7,43
11.02.2020,19,19,7,45
12.02.2020,18,20,9,47
13.02.2020,18,22,8,48
14.02.2020,18,24,8,50
15.02.2020,18,24,8,50
16.02.2020,18,24,8,50
17.02.2020,18,24,10,52
18.02.2020,17,25,8,50
19.02.2020,16,26,7,49
20.02.2020,16,27,9,52
21.02.2020,16,28,8,52
22.02.2020,16,28,8,52
23.02.2020,16,28,8,52
24.02.2020,16,30,7,53
25.02.2020,17,29,7,53
26.02.2020,17,29,7,53
27.02.2020,16,29,7,52
28.02.2020,14,32,6,52
29.02.2020,14,32,6,52
01.03.2020,14,31,6,51
02.03.2020,15,30,5,50
03.03.2020,16,30,4,50
04.03.2020,16,31,4,51
05.03.2020,16,32,3,51
06.03.2020,16,29,3,48
07.03.2020,16,29,3,48
08.03.2020,16,29,3,48
09.03.2020,16,30,4,50
10.03.2020,15,30,3,48
11.03.2020,17,28,2,47
12.03.2020,17,28,2,47
13.03.2020,17,27,2,46
14.03.2020,17,27,2,46
15.03.2020,17,27,2,46
16.03.2020,18,23,2,43
17.03.2020,18,23,2,43
18.03.2020,19,22,2,43
19.03.2020,18,24,3,45
20.03.2020,18,25,3,46
21.03.2020,18,26,2,46
22.03.2020,18,26,2,46
23.03.2020,19,25,2,46
24.03.2020,19,25,2,46
25.03.2020,20,25,3,48
26.03.2020,17,27,3,47
27.03.2020,16,26,4,46
28.03.2020,16,26,4,46
29.03.2020,16,27,3,46
30.03.2020,18,25,3,46
31.03.2020,20,23,3,46
01.04.2020,19,24,3,46
02.04.2020,20,24,2,46
03.04.2020,21,24,2,47
04.04.2020,21,24,2,47
05.04.2020,21,24,2,47
06.04.2020,22,23,3,48
07.04.2020,21,24,3,48
08.04.2020,21,26,1,48
09.04.2020,22,26,2,50
10.04.2020,22,26,2,50
11.04.2020,22,27,1,50
12.04.2020,22,27,1,50
13.04.2020,23,26,1,50
14.04.2020,23,26,2,51
15.04.2020,22,27,2,51
16.04.2020,22,26,2,50
17.04.2020,23,26,3,52
18.04.2020,24,25,3,52
19.04.2020,24,25,3,52
20.04.2020,24,27,3,54
21.04.2020,25,26,4,55
22.04.2020,25,27,2,54
23.04.2020,24,29,2,55
24.04.2020,25,27,2,54
25.04.2020,25,27,3,55
26.04.2020,25,27,3,55
27.04.2020,25,27,4,56
28.04.2020,25,27,4,56
29.04.2020,24,28,5,57
30.04.2020,23,29,5,57
01.05.2020,22,29,5,56
02.05.2020,22,29,5,56
03.05.2020,22,29,5,56
04.05.2020,22,28,5,55
05.05.2020,23,26,5,54
06.05.2020,21,28,6,55
07.05.2020,23,25,8,56
08.05.2020,23,27,7,57
09.05.2020,23,27,8,58
10.05.2020,23,27,8,58
11.05.2020,24,26,9,59
12.05.2020,23,25,9,57
13.05.2020,25,21,10,56
14.05.2020,25,23,9,57
15.05.2020,25,24,8,57
16.05.2020,25,24,8,57
17.05.2020,25,24,8,57
18.05.2020,25,25,8,58
19.05.2020,27,24,8,59
20.05.2020,28,21,8,57
21.05.2020,28,22,7,57
22.05.2020,27,23,7,57
23.05.2020,27,23,7,57
24.05.2020,27,23,7,57
25.05.2020,27,24,6,57
26.05.2020,27,24,7,58
27.05.2020,26,25,6,57
28.05.2020,26,25,6,57
29.05.2020,26,25,6,57
30.05.2020,26,25,6,57
31.05.2020,26,25,6,57
01.06.2020,26,25,6,57
02.06.2020,27,24,6,57
03.06.2020,27,25,5,57
04.06.2020,29,23,4,56
05.06.2020,29,22,3,54
06.06.2020,29,22,2,53
07.06.2020,29,23,2,54
08.06.2020,29,23,2,54
09.06.2020,27,24,2,53
10.06.2020,27,25,2,54
11.06.2020,26,22,3,51
12.06.2020,26,23,3,52
13.06.2020,26,23,3,52
14.06.2020,26,23,3,52
15.06.2020,26,23,3,52
16.06.2020,28,22,2,52
17.06.2020,27,22,2,51
18.06.2020,26,23,2,51
19.06.2020,26,23,2,51
20.06.2020,26,23,1,50
21.06.2020,26,23,1,50
22.06.2020,25,23,1,49
23.06.2020,26,22,1,49
24.06.2020,28,20,2,50
25.06.2020,27,22,2,51
26.06.2020,27,23,1,51
27.06.2020,27,23,1,51
28.06.2020,27,23,1,51
29.06.2020,27,23,1,51
30.06.2020,28,22,2,52
01.07.2020,27,24,2,53
02.07.2020,28,23,4,55
03.07.2020,28,23,5,56
04.07.2020,28,24,4,56
05.07.2020,28,24,4,56
06.07.2020,28,23,4,55
07.07.2020,28,23,3,54
08.07.2020,28,22,3,53
09.07.2020,28,22,3,53
10.07.2020,28,21,3,52
11.07.2020,28,21,3,52
12.07.2020,28,21,3,52
13.07.2020,27,22,3,52
14.07.2020,28,23,3,54
15.07.2020,27,25,4,56
16.07.2020,27,24,5,56
17.07.2020,26,24,5,55
18.07.2020,26,24,5,55
19.07.2020,26,24,5,55
20.07.2020,26,27,3,56
21.07.2020,26,27,3,56
22.07.2020,27,27,3,57
23.07.2020,27,27,3,57
24.07.2020,28,25,3,56
25.07.2020,28,25,3,56
26.07.2020,28,25,3,56
27.07.2020,28,27,3,58
28.07.2020,28,24,5,57
29.07.2020,27,26,5,58
30.07.2020,28,26,4,58
31.07.2020,29,25,4,58
01.08.2020,29,24,4,57
02.08.2020,29,24,4,57
03.08.2020,29,24,4,57
04.08.2020,27,24,5,56
05.08.2020,28,24,5,57
06.08.2020,29,23,5,57
07.08.2020,29,25,6,60
08.08.2020,29,25,6,60
09.08.2020,29,25,6,60
10.08.2020,29,25,6,60
11.08.2020,30,23,5,58
12.08.2020,29,23,5,57
13.08.2020,29,23,5,57
14.08.2020,29,23,5,57
15.08.2020,29,23,5,57
16.08.2020,29,23,5,57
17.08.2020,29,23,6,58
18.08.2020,29,22,6,57
19.08.2020,31,19,6,56
20.08.2020,31,20,4,55
21.08.2020,31,20,5,56
22.08.2020,31,21,5,57
23.08.2020,31,21,5,57
24.08.2020,32,22,4,58
25.08.2020,32,21,3,56
26.08.2020,31,21,2,54
27.08.2020,31,22,5,58
28.08.2020,33,22,5,60
29.08.2020,33,24,3,60
30.08.2020,32,24,4,60
31.08.2020,33,23,4,60
01.09.2020,32,26,4,62
02.09.2020,34,24,4,62
03.09.2020,34,25,4,63
04.09.2020,32,26,4,62
05.09.2020,32,26,4,62
06.09.2020,31,28,3,62
07.09.2020,31,27,2,60
08.09.2020,31,27,2,60
09.09.2020,30,28,2,60
10.09.2020,30,28,2,60
11.09.2020,29,28,2,59
12.09.2020,29,28,2,59
13.09.2020,29,28,2,59
14.09.2020,31,28,2,61
15.09.2020,30,29,2,61
16.09.2020,29,31,2,62
17.09.2020,28,32,3,63
18.09.2020,28,32,3,63
19.09.2020,28,32,3,63
20.09.2020,28,32,3,63
21.09.2020,30,31,2,63
22.09.2020,31,30,2,63
23.09.2020,30,31,2,63
24.09.2020,29,32,0,61
25.09.2020,29,28,0,57
26.09.2020,29,28,0,57
27.09.2020,29,28,0,57
28.09.2020,30,29,0,59
29.09.2020,29,30,0,59
30.09.2020,29,30,0,59
01.10.2020,30,28,0,58
02.10.2020,28,27,0,55
03.10.2020,28,27,0,55
04.10.2020,28,26,0,54
05.10.2020,28,25,1,54
06.10.2020,26,27,1,54
07.10.2020,28,24,3,55
08.10.2020,28,23,3,54
09.10.2020,26,25,4,55
10.10.2020,26,25,4,55
11.10.2020,26,25,4,55
12.10.2020,26,25,5,56
13.10.2020,27,22,5,54
14.10.2020,29,20,4,53
15.10.2020,28,20,4,52
16.10.2020,28,21,5,54
17.10.2020,28,21,5,54
18.10.2020,28,21,6,55
19.10.2020,29,21,5,55
20.10.2020,29,21,5,55
21.10.2020,26,22,5,53
22.10.2020,26,21,5,52
23.10.2020,27,21,7,55
24.10.2020,27,21,7,55
25.10.2020,27,21,7,55
26.10.2020,28,20,7,55
27.10.2020,28,22,6,56
28.10.2020,27,25,6,58
29.10.2020,28,25,8,61
30.10.2020,27,27,9,63
31.10.2020,27,28,8,63
01.11.2020,27,30,6,63
02.11.2020,26,31,8,65
03.11.2020,26,31,8,65
04.11.2020,27,30,7,64
05.11.2020,27,30,8,65
06.11.2020,29,28,8,65
07.11.2020,29,28,8,65
08.11.2020,29,28,8,65
09.11.2020,27,31,6,64
10.11.2020,29,30,7,66
11.11.2020,30,29,8,67
12.11.2020,29,31,6,66
13.11.2020,29,28,6,63
14.11.2020,29,29,6,64
15.11.2020,29,29,6,64
16.11.2020,30,28,6,64
17.11.2020,32,26,6,64
18.11.2020,31,26,6,63
19.11.2020,29,28,6,63
20.11.2020,30,27,6,63
21.11.2020,31,27,6,64
22.11.2020,31,27,7,65
23.11.2020,30,28,8,66
24.11.2020,32,25,9,66
25.11.2020,32,26,9,67
26.11.2020,33,25,8,66
27.11.2020,34,24,9,67
28.11.2020,34,23,9,66
29.11.2020,34,22,9,65
30.11.2020,32,25,6,63
01.12.2020,30,28,7,65
02.12.2020,29,29,8,66
03.12.2020,28,31,9,68
04.12.2020,29,29,9,67
05.12.2020,29,28,9,66
06.12.2020,29,29,9,67
07.12.2020,29,31,9,69
08.12.2020,28,32,9,69
09.12.2020,31,28,9,68
10.12.2020,32,27,9,68
11.12.2020,33,26,9,68
12.12.2020,33,27,8,68
13.12.2020,33,27,8,68
14.12.2020,31,29,9,69
15.12.2020,33,27,9,69
16.12.2020,32,29,9,70
17.12.2020,33,28,10,71
18.12.2020,33,28,9,70
19.12.2020,32,28,10,70
20.12.2020,32,28,9,69
21.12.2020,31,27,8,66
22.12.2020,30,28,9,67
23.12.2020,30,28,11,69
24.12.2020,31,27,11,69
25.12.2020,31,27,11,69
26.12.2020,31,27,11,69
27.12.2020,31,26,11,68
28.12.2020,30,27,12,69
29.12.2020,28,29,11,68
30.12.2020,27,30,10,67
31.12.2020,25,32,9,66
01.01.2021,26,30,9,65
02.01.2021,26,31,9,66
03.01.2021,26,30,9,65
04.01.2021,27,27,9,63
05.01.2021,27,27,9,63
06.01.2021,29,22,10,61
07.01.2021,27,25,10,62
08.01.2021,29,24,11,64
09.01.2021,30,22,11,63
10.01.2021,30,22,11,63
11.01.2021,27,27,9,63
12.01.2021,30,24,10,64
13.01.2021,29,25,9,63
14.01.2021,28,25,7,60
15.01.2021,28,25,8,61
16.01.2021,29,24,7,60
17.01.2021,29,24,7,60
18.01.2021,28,26,7,61
19.01.2021,29,26,8,63
20.01.2021,28,25,6,59
21.01.2021,28,23,8,59
22.01.2021,28,24,7,59
23.01.2021,28,25,6,59
24.01.2021,28,25,8,61
25.01.2021,27,27,6,60
26.01.2021,26,28,8,62
27.01.2021,23,30,8,61
28.01.2021,22,32,7,61
29.01.2021,24,31,6,61
30.01.2021,24,30,6,60
31.01.2021,24,31,7,62
01.02.2021,25,30,7,62
02.02.2021,24,32,6,62
03.02.2021,24,32,6,62
04.02.2021,24,31,7,62
05.02.2021,24,28,8,60
06.02.2021,24,28,10,62
07.02.2021,24,28,10,62
08.02.2021,22,30,11,63
09.02.2021,22,29,11,62
10.02.2021,20,33,13,66
11.02.2021,20,33,15,68
12.02.2021,20,33,14,67
13.02.2021,20,33,14,67
14.02.2021,20,33,14,67
15.02.2021,20,32,14,66
16.02.2021,20,32,13,65
17.02.2021,21,31,14,66
18.02.2021,21,31,13,65
19.02.2021,22,30,14,66
20.02.2021,22,30,14,66
21.02.2021,22,30,15,67
22.02.2021,23,30,15,68
23.02.2021,22,32,11,65
24.02.2021,21,33,10,64
25.02.2021,21,31,12,64
26.02.2021,22,30,12,64
27.02.2021,22,30,12,64
28.02.2021,22,30,11,63
01.03.2021,21,32,12,65
02.03.2021,22,31,14,67
03.03.2021,22,31,13,66
04.03.2021,22,30,13,65
05.03.2021,21,31,14,66
06.03.2021,21,30,12,63
07.03.2021,21,29,12,62
08.03.2021,22,28,10,60
09.03.2021,21,29,10,60
10.03.2021,21,28,8,57
11.03.2021,23,28,9,60
12.03.2021,22,30,9,61
13.03.2021,23,29,9,61
14.03.2021,24,28,9,61
15.03.2021,23,29,9,61
16.03.2021,25,28,10,63
17.03.2021,24,30,8,62
18.03.2021,23,33,9,65
19.03.2021,24,33,10,67
20.03.2021,24,33,10,67
21.03.2021,24,33,11,68
22.03.2021,25,31,11,67
23.03.2021,24,34,9,67
24.03.2021,24,34,13,71
25.03.2021,23,35,13,71
26.03.2021,24,34,13,71
27.03.2021,25,32,14,71
28.03.2021,25,31,16,72
29.03.2021,24,31,14,69
30.03.2021,23,33,13,69
31.03.2021,26,31,14,71
01.04.2021,26,31,13,70
02.04.2021,26,31,12,69
03.04.2021,26,31,12,69
04.04.2021,26,31,12,69
05.04.2021,27,30,12,69
06.04.2021,27,29,14,70
07.04.2021,28,29,13,70
08.04.2021,28,28,14,70
09.04.2021,27,29,16,72
10.04.2021,27,29,16,72
11.04.2021,28,28,16,72
12.04.2021,26,29,18,73
13.04.2021,27,29,16,72
14.04.2021,27,29,16,72
15.04.2021,26,31,14,71
16.04.2021,27,30,14,71
17.04.2021,26,30,14,70
18.04.2021,24,33,12,69
19.04.2021,24,34,14,72
20.04.2021,27,28,16,71
21.04.2021,28,28,10,66
22.04.2021,30,27,9,66
23.04.2021,30,27,9,66
24.04.2021,30,27,10,67
25.04.2021,30,27,8,65
26.04.2021,30,28,9,67
27.04.2021,28,29,9,66
28.04.2021,29,28,9,66
29.04.2021,29,29,8,66
30.04.2021,29,29,9,67
01.05.2021,29,29,9,67
02.05.2021,29,30,10,69
03.05.2021,29,27,10,66
04.05.2021,29,25,11,65
05.05.2021,31,22,13,66
06.05.2021,28,24,11,63
07.05.2021,27,26,12,65
08.05.2021,27,28,11,66
09.05.2021,27,28,11,66
10.05.2021,28,27,10,65
11.05.2021,28,29,9,66
12.05.2021,28,30,10,68
13.05.2021,27,32,10,69
14.05.2021,27,32,10,69
15.05.2021,27,32,11,70
16.05.2021,26,32,11,69
17.05.2021,25,34,11,70
18.05.2021,26,34,9,69
19.05.2021,28,32,9,69
20.05.2021,29,32,8,69
21.05.2021,29,31,9,69
22.05.2021,28,31,9,68
23.05.2021,28,31,10,69
24.05.2021,28,32,9,69
25.05.2021,28,33,9,70
26.05.2021,28,34,11,73
27.05.2021,28,34,12,74
28.05.2021,28,35,11,74
29.05.2021,28,35,11,74
30.05.2021,28,36,10,74
31.05.2021,28,36,9,73
01.06.2021,27,37,10,74
02.06.2021,28,37,8,73
03.06.2021,27,39,8,74
04.06.2021,27,39,7,73
05.06.2021,28,38,7,73
06.06.2021,28,38,7,73
07.06.2021,29,37,8,74
08.06.2021,30,35,7,72
09.06.2021,28,36,6,70
10.06.2021,28,36,6,70
11.06.2021,28,36,6,70
12.06.2021,28,36,7,71
13.06.2021,28,36,6,70
14.06.2021,28,37,5,70
15.06.2021,27,36,6,69
16.06.2021,26,36,5,67
17.06.2021,27,35,6,68
18.06.2021,27,36,5,68
19.06.2021,27,36,5,68
20.06.2021,27,36,4,67
21.06.2021,27,35,5,67
22.06.2021,29,34,4,67
23.06.2021,27,36,2,65
24.06.2021,26,37,3,66
25.06.2021,28,35,3,66
26.06.2021,28,34,4,66
27.06.2021,28,33,4,65
28.06.2021,27,34,4,65
29.06.2021,27,33,4,64
30.06.2021,25,35,4,64
01.07.2021,26,35,4,65
02.07.2021,27,32,4,63
03.07.2021,28,31,4,63
04.07.2021,28,32,4,64
05.07.2021,28,31,5,64
06.07.2021,29,30,7,66
07.07.2021,27,33,6,66
08.07.2021,26,35,6,67
09.07.2021,25,36,7,68
10.07.2021,25,36,7,68
11.07.2021,26,35,7,68
12.07.2021,26,34,7,67
13.07.2021,26,35,7,68
14.07.2021,26,38,5,69
15.07.2021,27,37,5,69
16.07.2021,28,36,4,68
17.07.2021,28,37,3,68
18.07.2021,28,37,6,71
19.07.2021,28,37,7,72
20.07.2021,30,38,8,76
21.07.2021,30,41,7,78
22.07.2021,27,46,7,80
23.07.2021,27,47,8,82
24.07.2021,27,48,8,83
25.07.2021,28,48,8,84
26.07.2021,30,46,9,85
27.07.2021,30,45,9,84
28.07.2021,28,47,11,86
29.07.2021,27,47,12,86
30.07.2021,27,49,11,87
31.07.2021,27,49,11,87
01.08.2021,27,50,10,87
02.08.2021,26,50,11,87
03.08.2021,30,45,12,87
04.08.2021,29,44,13,86
05.08.2021,30,44,12,86
06.08.2021,30,47,11,88
07.08.2021,31,46,11,88
08.08.2021,31,46,11,88
09.08.2021,32,45,11,88
10.08.2021,31,45,12,88
11.08.2021,29,47,12,88
12.08.2021,30,46,14,90
13.08.2021,29,48,21,98
14.08.2021,28,49,21,98
15.08.2021,27,49,21,97
16.08.2021,26,50,21,97
17.08.2021,27,48,20,95
18.08.2021,28,45,22,95
19.08.2021,29,46,19,94
20.08.2021,31,44,19,94
21.08.2021,31,44,18,93
22.08.2021,31,44,18,93
23.08.2021,32,43,20,95
24.08.2021,35,40,21,96
25.08.2021,34,43,21,98
26.08.2021,34,44,21,99
27.08.2021,34,43,21,98
28.08.2021,33,45,21,99
29.08.2021,33,45,22,100
30.08.2021,32,46,25,103
31.08.2021,34,46,24,104
01.09.2021,35,43,23,101
02.09.2021,34,45,23,102
03.09.2021,33,44,21,98
04.09.2021,34,43,22,99
05.09.2021,34,42,23,99
06.09.2021,35,40,23,98
07.09.2021,34,45,21,100
08.09.2021,35,45,21,101
09.09.2021,36,45,19,100
10.09.2021,35,48,15,98
11.09.2021,35,48,15,98
12.09.2021,35,48,16,99
13.09.2021,34,50,16,100
14.09.2021,33,51,16,100
15.09.2021,33,51,15,99
16.09.2021,32,52,15,99
17.09.2021,32,51,15,98
18.09.2021,32,51,15,98
19.09.2021,33,50,15,98
20.09.2021,34,50,13,97
21.09.2021,36,48,13,97
22.09.2021,37,47,14,98
23.09.2021,38,46,15,99
24.09.2021,40,44,16,100
25.09.2021,38,46,16,100
26.09.2021,38,46,16,100
27.09.2021,38,47,14,99
28.09.2021,39,46,12,97
29.09.2021,43,43,12,98
30.09.2021,43,43,12,98
01.10.2021,41,42,11,94
02.10.2021,42,41,12,95
03.10.2021,42,41,14,97
04.10.2021,45,37,13,95
05.10.2021,44,38,13,95
06.10.2021,44,38,13,95
07.10.2021,41,40,14,95
08.10.2021,40,42,15,97
09.10.2021,38,44,16,98
10.10.2021,38,44,16,98
11.10.2021,36,45,19,100
12.10.2021,37,45,19,101
13.10.2021,40,42,22,104
14.10.2021,39,44,22,105
15.10.2021,39,43,23,105
16.10.2021,40,43,22,105
17.10.2021,41,42,22,105
18.10.2021,41,45,20,106
19.10.2021,42,42,20,104
20.10.2021,42,42,21,105
21.10.2021,43,43,19,105
22.10.2021,40,44,18,102
23.10.2021,39,45,19,103
24.10.2021,39,45,19,103
25.10.2021,38,44,20,102
26.10.2021,38,43,19,100
27.10.2021,39,41,20,100
28.10.2021,38,42,20,100
29.10.2021,38,42,21,101
30.10.2021,38,41,21,100
31.10.2021,38,41,19,98
01.11.2021,40,39,20,99
02.11.2021,39,42,20,101
03.11.2021,41,40,21,102
04.11.2021,39,41,21,101
05.11.2021,40,40,21,101
06.11.2021,40,40,20,100
07.11.2021,40,40,20,100
08.11.2021,38,40,19,97
09.11.2021,36,41,18,95
10.11.2021,40,40,15,95
11.11.2021,40,39,15,94
12.11.2021,40,39,15,94
13.11.2021,40,38,14,92
14.11.2021,40,37,14,91
15.11.2021,39,37,15,91
16.11.2021,39,37,13,89
17.11.2021,39,38,14,91
18.11.2021,41,38,17,96
19.11.2021,38,40,17,95
20.11.2021,37,41,16,94
21.11.2021,37,41,16,94
22.11.2021,38,41,16,95
23.11.2021,40,39,17,96
24.11.2021,42,36,14,92
25.11.2021,41,36,17,94
26.11.2021,40,37,18,95
27.11.2021,40,37,18,95
28.11.2021,39,41,16,96
29.11.2021,42,39,14,95
30.11.2021,37,42,14,93
01.12.2021,39,43,11,93
02.12.2021,39,43,14,96
03.12.2021,40,42,13,95
04.12.2021,40,42,13,95
05.12.2021,41,42,13,96
06.12.2021,41,41,11,93
07.12.2021,39,43,12,94
08.12.2021,41,39,12,92
09.12.2021,41,40,11,92
10.12.2021,42,40,11,93
11.12.2021,42,40,12,94
12.12.2021,42,40,12,94
13.12.2021,41,43,11,95
14.12.2021,41,42,12,95
15.12.2021,40,42,12,94
16.12.2021,43,34,11,88
17.12.2021,40,37,13,90
18.12.2021,41,36,13,90
19.12.2021,41,36,13,90
20.12.2021,42,38,12,92
21.12.2021,42,39,10,91
22.12.2021,42,39,11,92
23.12.2021,40,40,10,90
24.12.2021,38,41,10,89
25.12.2021,37,42,10,89
26.12.2021,38,41,11,90
27.12.2021,39,40,10,89
28.12.2021,37,40,10,87
29.12.2021,34,40,10,84
30.12.2021,32,43,9,84
31.12.2021,33,40,8,81
01.01.2022,33,40,8,81
02.01.2022,34,38,8,80
03.01.2022,35,38,8,81
04.01.2022,34,40,10,84
05.01.2022,37,38,13,88
06.01.2022,35,36,12,83
07.01.2022,37,34,11,82
08.01.2022,36,34,10,80
09.01.2022,36,34,11,81
10.01.2022,37,35,11,83
11.01.2022,37,36,11,84
12.01.2022,37,36,11,84
13.01.2022,39,36,12,87
14.01.2022,40,35,12,87
15.01.2022,39,36,11,86
16.01.2022,39,36,11,86
17.01.2022,39,37,12,88
18.01.2022,39,36,14,89
19.01.2022,41,36,13,90
20.01.2022,42,35,14,91
21.01.2022,41,37,13,91
22.01.2022,40,38,13,91
23.01.2022,40,38,11,89
24.01.2022,41,37,11,89
25.01.2022,39,41,9,89
26.01.2022,40,42,8,90
27.01.2022,39,42,8,89
28.01.2022,40,43,9,92
29.01.2022,40,43,10,93
30.01.2022,40,43,11,94
31.01.2022,41,44,11,96
01.02.2022,42,43,11,96
02.02.2022,44,42,10,96
03.02.2022,42,44,11,97
04.02.2022,43,42,9,94
05.02.2022,43,42,9,94
06.02.2022,43,42,9,94
07.02.2022,44,43,13,100
08.02.2022,46,47,12,105
09.02.2022,47,47,12,106
10.02.2022,48,47,11,106
11.02.2022,48,47,12,107
12.02.2022,48,46,12,106
13.02.2022,48,46,12,106
14.02.2022,47,45,14,106
15.02.2022,47,45,14,106
16.02.2022,48,43,14,105
17.02.2022,46,42,17,105
18.02.2022,43,45,18,106
19.02.2022,44,44,18,106
20.02.2022,44,44,18,106
21.02.2022,43,45,20,108
22.02.2022,43,46,20,109
23.02.2022,46,42,21,109
24.02.2022,46,43,20,109
25.02.2022,45,42,20,107
26.02.2022,45,42,20,107
27.02.2022,43,44,19,106
28.02.2022,41,44,19,104
01.03.2022,42,42,21,105
02.03.2022,42,44,20,106
03.03.2022,45,43,19,107
04.03.2022,47,37,20,104
05.03.2022,47,37,20,104
06.03.2022,47,37,22,106
07.03.2022,48,36,19,103
08.03.2022,53,32,17,102
09.03.2022,55,32,22,109
10.03.2022,53,36,22,111
11.03.2022,53,38,21,112
12.03.2022,53,41,19,113
13.03.2022,53,41,20,114
14.03.2022,51,43,18,112
15.03.2022,53,44,16,113
16.03.2022,52,45,18,115
17.03.2022,52,47,20,119
18.03.2022,52,48,18,118
19.03.2022,52,48,19,119
20.03.2022,52,48,19,119
21.03.2022,50,54,15,119
22.03.2022,50,54,16,120
23.03.2022,53,52,14,119
24.03.2022,55,47,14,116
25.03.2022,53,48,16,117
26.03.2022,53,49,16,118
27.03.2022,52,50,16,118
28.03.2022,52,50,16,118
29.03.2022,52,50,16,118
30.03.2022,52,51,15,118
31.03.2022,52,48,14,114
01.04.2022,54,48,14,116
02.04.2022,54,48,14,116
03.04.2022,54,48,13,115
04.04.2022,54,48,18,120
05.04.2022,55,50,15,120
06.04.2022,55,49,17,121
07.04.2022,53,49,15,117
08.04.2022,53,47,15,115
09.04.2022,54,45,15,114
10.04.2022,54,45,15,114
11.04.2022,50,51,13,114
12.04.2022,51,51,15,117
13.04.2022,52,48,14,114
14.04.2022,51,52,14,117
15.04.2022,53,52,15,120
16.04.2022,51,55,14,120
17.04.2022,51,55,14,120
18.04.2022,50,57,17,124
19.04.2022,50,56,16,122
20.04.2022,51,58,15,124
21.04.2022,52,58,15,125
22.04.2022,52,59,13,124
23.04.2022,52,58,13,123
24.04.2022,51,59,13,123
25.04.2022,51,60,12,123
26.04.2022,53,56,10,119
27.04.2022,56,52,11,119
28.04.2022,57,50,12,119
29.04.2022,59,46,12,117
30.04.2022,59,44,12,115
01.05.2022,59,44,12,115
02.05.2022,60,43,13,116
03.05.2022,62,41,15,118
04.05.2022,61,45,11,117
05.05.2022,58,50,11,119
06.05.2022,58,54,10,122
07.05.2022,59,53,10,122
08.05.2022,59,53,10,122
09.05.2022,57,54,11,122
10.05.2022,57,54,11,122
11.05.2022,57,53,11,121
12.05.2022,57,53,10,120
13.05.2022,59,50,11,120
14.05.2022,58,51,11,120
15.05.2022,57,52,11,120
16.05.2022,56,55,12,123
17.05.2022,55,54,17,126
18.05.2022,53,58,17,128
19.05.2022,53,60,14,127
20.05.2022,53,62,13,128
21.05.2022,53,63,12,128
22.05.2022,53,63,12,128
23.05.2022,54,62,13,129
24.05.2022,56,62,15,133
25.05.2022,57,64,13,134
26.05.2022,57,61,15,133
27.05.2022,58,60,16,134
28.05.2022,58,60,16,134
29.05.2022,57,60,17,134
30.05.2022,58,60,14,132
31.05.2022,57,59,14,130
01.06.2022,57,60,13,130
02.06.2022,55,63,12,130
03.06.2022,55,61,13,129
04.06.2022,55,61,13,129
05.06.2022,55,61,14,130
06.06.2022,54,61,16,131
07.06.2022,54,63,19,136
08.06.2022,54,64,18,136
09.06.2022,55,66,17,138
10.06.2022,55,67,15,137
11.06.2022,55,67,16,138
12.06.2022,56,66,17,139
13.06.2022,56,68,16,140
14.06.2022,54,70,16,140
15.06.2022,54,72,16,142
16.06.2022,55,71,21,147
17.06.2022,51,76,22,149
18.06.2022,52,75,22,149
19.06.2022,52,75,22,149
20.06.2022,53,72,23,148
21.06.2022,56,70,22,148
22.06.2022,57,71,22,150
23.06.2022,54,74,21,149
24.06.2022,56,69,21,146
25.06.2022,56,69,21,146
26.06.2022,58,67,20,145
27.06.2022,57,69,20,146
28.06.2022,57,70,19,146
29.06.2022,57,72,18,147
30.06.2022,57,73,19,149
01.07.2022,57,73,19,149
02.07.2022,58,72,20,150
03.07.2022,57,72,20,149
04.07.2022,60,66,20,146
05.07.2022,60,63,19,142
06.07.2022,57,65,21,143
07.07.2022,58,64,21,143
08.07.2022,56,65,20,141
09.07.2022,56,64,19,139
10.07.2022,58,62,19,139
11.07.2022,59,62,21,142
12.07.2022,58,62,22,142
13.07.2022,58,60,24,142
14.07.2022,58,59,21,138
15.07.2022,53,61,19,133
16.07.2022,52,61,20,133
17.07.2022,52,61,20,133
18.07.2022,53,61,20,134
19.07.2022,54,63,18,135
20.07.2022,57,58,19,134
21.07.2022,52,65,19,136
22.07.2022,55,64,20,139
23.07.2022,55,64,20,139
24.07.2022,58,61,20,139
25.07.2022,60,58,20,138
26.07.2022,60,54,20,134
27.07.2022,61,51,20,132
28.07.2022,63,51,19,133
29.07.2022,61,52,18,131
30.07.2022,62,51,17,130
31.07.2022,60,54,18,132
01.08.2022,65,51,18,134
02.08.2022,63,55,19,137
03.08.2022,63,59,15,137
04.08.2022,59,61,15,135
05.08.2022,55,65,15,135
06.08.2022,54,66,15,135
07.08.2022,56,64,16,136
08.08.2022,59,60,13,132
09.08.2022,59,59,12,130
10.08.2022,63,58,9,130
11.08.2022,63,59,12,134
12.08.2022,60,63,14,137
13.08.2022,61,62,14,137
14.08.2022,61,62,14,137
15.08.2022,60,62,13,135
16.08.2022,61,62,14,137
17.08.2022,63,60,10,133
18.08.2022,60,64,9,133
19.08.2022,61,61,8,130
20.08.2022,61,62,8,131
21.08.2022,62,61,8,131
22.08.2022,62,62,9,133
23.08.2022,65,58,10,133
24.08.2022,64,59,11,134
25.08.2022,63,57,10,130
26.08.2022,62,58,10,130
27.08.2022,60,61,11,132
28.08.2022,60,62,8,130
29.08.2022,61,55,11,127
30.08.2022,60,55,12,127
31.08.2022,62,53,12,127
01.09.2022,62,57,13,132
02.09.2022,63,60,11,134
03.09.2022,61,62,11,134
04.09.2022,62,61,10,133
05.09.2022,62,60,12,134
06.09.2022,62,62,14,138
07.09.2022,67,59,15,141
08.09.2022,68,59,12,139
09.09.2022,68,61,13,142
10.09.2022,69,60,13,142
11.09.2022,69,60,13,142
12.09.2022,66,64,17,147
13.09.2022,67,66,15,148
14.09.2022,68,65,14,147
15.09.2022,66,68,15,149
16.09.2022,63,71,17,151
17.09.2022,63,71,17,151
18.09.2022,64,70,17,151
19.09.2022,64,70,18,152
20.09.2022,65,69,18,152
21.09.2022,63,70,18,151
22.09.2022,63,71,17,151
23.09.2022,62,67,20,149
24.09.2022,61,68,20,149
25.09.2022,61,68,20,149
26.09.2022,60,69,26,155
27.09.2022,61,67,24,152
28.09.2022,61,68,21,150
29.09.2022,62,67,20,149
30.09.2022,62,65,21,148
01.10.2022,61,66,22,149
02.10.2022,64,63,22,149
03.10.2022,62,64,22,148
04.10.2022,62,64,22,148
05.10.2022,63,61,23,147
06.10.2022,66,58,24,148
07.10.2022,68,56,25,149
08.10.2022,69,55,26,150
09.10.2022,69,55,26,150
10.10.2022,68,58,26,152
11.10.2022,70,52,27,149
12.10.2022,69,54,27,150
13.10.2022,68,58,24,150
14.10.2022,65,61,22,148
15.10.2022,65,61,22,148
16.10.2022,66,60,22,148
17.10.2022,61,62,21,144
18.10.2022,61,58,21,140
19.10.2022,63,56,19,138
20.10.2022,62,54,20,136
21.10.2022,61,55,20,136
22.10.2022,61,55,20,136
23.10.2022,62,54,20,136
24.10.2022,59,56,19,134
25.10.2022,60,58,18,136
26.10.2022,59,60,21,140
27.10.2022,59,57,23,139
28.10.2022,59,59,23,141
29.10.2022,58,63,21,142
30.10.2022,59,63,21,143
31.10.2022,59,63,19,141
01.11.2022,59,62,20,141
02.11.2022,58,61,21,140
03.11.2022,62,54,20,136
04.11.2022,64,52,21,137
05.11.2022,65,52,19,136
06.11.2022,66,51,19,136
07.11.2022,64,52,18,134
08.11.2022,64,54,18,136
09.11.2022,65,52,17,134
10.11.2022,64,53,16,133
11.11.2022,64,53,20,137
12.11.2022,63,54,20,137
13.11.2022,62,55,20,137
14.11.2022,63,53,21,137
15.11.2022,64,51,20,135
16.11.2022,64,55,17,136
17.11.2022,63,57,19,139
18.11.2022,61,62,19,142
19.11.2022,61,62,20,143
20.11.2022,62,61,20,143
21.11.2022,60,65,18,143
22.11.2022,61,64,19,144
23.11.2022,62,65,18,145
24.11.2022,62,63,18,143
25.11.2022,60,63,18,141
26.11.2022,60,62,17,139
27.11.2022,60,59,16,135
28.11.2022,58,59,19,136
29.11.2022,59,55,19,133
30.11.2022,58,57,18,133
01.12.2022,59,57,19,135
02.12.2022,60,56,19,135
03.12.2022,60,55,19,134
04.12.2022,59,55,21,135
05.12.2022,58,53,21,132
06.12.2022,56,53,21,130
07.12.2022,56,54,26,136
08.12.2022,53,58,28,139
09.12.2022,55,59,22,136
10.12.2022,55,59,22,136
11.12.2022,55,59,22,136
12.12.2022,56,58,24,138
13.12.2022,55,61,22,138
14.12.2022,56,56,24,136
15.12.2022,56,58,21,135
16.12.2022,55,55,21,131
17.12.2022,56,54,21,131
18.12.2022,57,53,22,132
19.12.2022,56,52,22,130
20.12.2022,56,53,24,133
21.12.2022,60,48,23,131
22.12.2022,58,51,23,132
23.12.2022,58,53,26,137
24.12.2022,59,53,26,138
25.12.2022,59,53,26,138
26.12.2022,59,52,24,135
27.12.2022,59,51,24,134
28.12.2022,58,50,29,137
29.12.2022,58,49,28,135
30.12.2022,57,50,27,134
31.12.2022,57,49,27,133
01.01.2023,57,49,26,132
02.01.2023,56,49,24,129
03.01.2023,53,51,24,128
04.01.2023,53,50,23,126
05.01.2023,53,50,19,122
06.01.2023,55,43,20,118
07.01.2023,54,44,20,118
08.01.2023,54,45,21,120
09.01.2023,55,47,15,117
10.01.2023,54,48,18,120
11.01.2023,54,48,17,119
12.01.2023,53,49,17,119
13.01.2023,52,48,18,118
14.01.2023,52,48,17,117
15.01.2023,52,48,16,116
16.01.2023,50,49,15,114
17.01.2023,51,49,17,117
18.01.2023,51,49,17,117
19.01.2023,51,49,17,117
20.01.2023,55,46,15,116
21.01.2023,56,44,14,114
22.01.2023,56,45,15,116
23.01.2023,53,50,17,120
24.01.2023,53,52,19,124
25.01.2023,50,54,15,119
26.01.2023,51,56,15,122
27.01.2023,50,58,15,123
28.01.2023,51,59,15,125
29.01.2023,51,60,15,126
30.01.2023,49,63,18,130
31.01.2023,50,63,19,132
01.02.2023,51,64,17,132
02.02.2023,52,60,18,130
03.02.2023,55,56,21,132
04.02.2023,54,57,25,136
05.02.2023,54,58,24,136
06.02.2023,53,60,24,137
07.02.2023,51,64,24,139
08.02.2023,50,66,24,140
09.02.2023,50,64,25,139
10.02.2023,50,62,29,141
11.02.2023,50,61,31,142
12.02.2023,50,61,32,143
13.02.2023,50,60,33,143
14.02.2023,51,60,34,145
15.02.2023,51,62,35,148
16.02.2023,50,66,34,150
17.02.2023,51,69,30,150
18.02.2023,52,68,30,150
19.02.2023,52,69,30,151
20.02.2023,53,67,27,147
21.02.2023,54,66,25,145
22.02.2023,52,69,24,145
23.02.2023,52,67,23,142
24.02.2023,55,63,22,140
25.02.2023,54,64,23,141
26.02.2023,54,64,24,142
27.02.2023,54,64,22,140
28.02.2023,51,67,21,139
01.03.2023,53,63,21,137
02.03.2023,52,61,23,136
03.03.2023,54,58,26,138
04.03.2023,53,59,23,135
05.03.2023,53,60,23,136
06.03.2023,53,59,23,135
07.03.2023,52,60,24,136
08.03.2023,53,61,25,139
09.03.2023,54,61,25,140
10.03.2023,53,62,23,138
11.03.2023,53,62,24,139
12.03.2023,53,62,25,140
13.03.2023,52,64,30,146
14.03.2023,54,66,31,151
15.03.2023,53,67,30,150
16.03.2023,50,66,29,145
17.03.2023,50,63,30,143
18.03.2023,51,62,30,143
19.03.2023,51,61,29,141
20.03.2023,51,61,33,145
21.03.2023,51,62,36,149
22.03.2023,52,63,38,153
23.03.2023,53,61,40,154
24.03.2023,56,57,39,152
25.03.2023,56,57,38,151
26.03.2023,56,58,37,151
27.03.2023,56,57,42,155
28.03.2023,54,59,39,152
29.03.2023,54,62,38,154
30.03.2023,53,65,36,154
31.03.2023,56,62,34,152
01.04.2023,56,62,36,154
02.04.2023,56,61,35,152
03.04.2023,58,58,34,150
04.04.2023,56,59,34,149
05.04.2023,57,58,33,148
06.04.2023,55,59,34,148
07.04.2023,54,61,35,150
08.04.2023,55,61,34,150
09.04.2023,55,61,33,149
10.04.2023,55,59,32,146
11.04.2023,55,60,28,143
12.04.2023,54,63,31,148
13.04.2023,55,63,33,151
14.04.2023,54,67,31,152
15.04.2023,54,68,35,157
16.04.2023,54,70,34,158
17.04.2023,54,69,29,152
18.04.2023,54,68,28,150
19.04.2023,56,64,28,148
20.04.2023,55,68,23,146
21.04.2023,53,68,27,148
22.04.2023,53,69,27,149
23.04.2023,53,68,27,148
24.04.2023,53,66,27,146
25.04.2023,51,69,26,146
26.04.2023,53,65,27,145
27.04.2023,52,66,25,143
28.04.2023,53,65,27,145
29.04.2023,53,64,26,143
30.04.2023,53,64,26,143
01.05.2023,56,63,27,146
02.05.2023,55,67,26,148
03.05.2023,56,71,22,149
04.05.2023,55,71,23,149
05.05.2023,53,74,24,151
06.05.2023,54,73,24,151
07.05.2023,54,72,24,150
08.05.2023,54,75,23,152
09.05.2023,54,77,25,156
10.05.2023,51,84,24,159
11.05.2023,51,88,22,161
12.05.2023,52,85,35,172
13.05.2023,53,93,37,183
14.05.2023,53,101,27,181
15.05.2023,52,101,28,181
16.05.2023,53,98,30,181
17.05.2023,54,100,31,185
18.05.2023,54,99,34,187
19.05.2023,53,99,33,185
20.05.2023,52,99,33,184
21.05.2023,52,100,32,184
22.05.2023,52,97,34,183
23.05.2023,52,95,34,181
24.05.2023,53,93,31,177
25.05.2023,52,95,34,181
26.05.2023,52,94,39,185
27.05.2023,52,97,38,187
28.05.2023,52,98,37,187
29.05.2023,55,94,38,187
30.05.2023,56,95,37,188
31.05.2023,61,88,38,187
01.06.2023,61,90,39,190
02.06.2023,61,90,37,188
03.06.2023,62,89,37,188
04.06.2023,59,91,37,187
05.06.2023,57,90,37,184
06.06.2023,57,91,37,185
07.06.2023,57,90,34,181
08.06.2023,56,90,33,179
09.06.2023,55,91,29,175
10.06.2023,56,88,25,169
11.06.2023,57,72,25,154
12.06.2023,57,73,26,156
13.06.2023,54,73,28,155
14.06.2023,52,79,24,155
15.06.2023,52,79,22,153
16.06.2023,53,78,23,154
17.06.2023,53,80,21,154
18.06.2023,53,79,21,153
19.06.2023,52,83,21,156
20.06.2023,54,79,22,155
21.06.2023,55,76,22,153
22.06.2023,56,73,21,150
23.06.2023,53,73,19,145
24.06.2023,53,70,19,142
25.06.2023,53,70,19,142
26.06.2023,55,67,20,142
27.06.2023,55,64,21,140
28.06.2023,57,61,22,140
29.06.2023,58,59,27,144
30.06.2023,58,60,25,143
01.07.2023,58,60,26,144
02.07.2023,58,60,26,144
03.07.2023,58,59,27,144
04.07.2023,58,63,25,146
05.07.2023,50,73,25,148
06.07.2023,52,72,21,145
07.07.2023,53,72,23,148
08.07.2023,53,73,26,152
09.07.2023,54,76,22,152
10.07.2023,54,73,22,149
11.07.2023,53,76,21,150
12.07.2023,53,77,22,152
13.07.2023,53,76,26,155
14.07.2023,54,75,26,155
15.07.2023,54,75,26,155
16.07.2023,54,75,27,156
17.07.2023,52,79,26,157
18.07.2023,53,80,27,160
19.07.2023,50,81,25,156
20.07.2023,51,80,24,155
21.07.2023,49,81,28,158
22.07.2023,49,87,26,162
23.07.2023,49,89,25,163
24.07.2023,50,82,25,157
25.07.2023,50,80,24,154
26.07.2023,51,78,27,156
27.07.2023,51,79,24,154
28.07.2023,50,80,24,154
29.07.2023,50,80,24,154
30.07.2023,50,80,24,154
31.07.2023,49,83,25,157
01.08.2023,52,81,23,156
02.08.2023,49,84,24,157
03.08.2023,48,81,29,158
04.08.2023,48,82,29,159
05.08.2023,48,82,28,158
06.08.2023,48,77,28,153
07.08.2023,51,71,31,153
08.08.2023,49,76,30,155
09.08.2023,47,77,26,150
10.08.2023,49,73,24,146
11.08.2023,49,70,23,142
12.08.2023,48,70,23,141
13.08.2023,48,70,22,140
14.08.2023,47,69,21,137
15.08.2023,51,62,19,132
16.08.2023,51,60,21,132
17.08.2023,53,59,22,134
18.08.2023,50,62,21,133
19.08.2023,50,61,19,130
20.08.2023,52,52,18,122
21.08.2023,52,54,19,125
22.08.2023,48,56,18,122
23.08.2023,49,56,20,125
24.08.2023,48,57,20,125
25.08.2023,47,58,18,123
26.08.2023,48,57,18,123
27.08.2023,48,57,18,123
28.08.2023,51,55,17,123
29.08.2023,49,55,19,123
30.08.2023,49,57,21,127
31.08.2023,49,60,16,125
01.09.2023,47,63,16,126
02.09.2023,47,64,16,127
03.09.2023,47,63,16,126
04.09.2023,46,63,17,126
05.09.2023,45,60,17,122
06.09.2023,43,63,20,126
07.09.2023,42,68,18,128
08.09.2023,45,65,18,128
09.09.2023,45,65,18,128
10.09.2023,46,64,18,128
11.09.2023,46,69,19,134
12.09.2023,46,68,18,132
13.09.2023,44,68,22,134
14.09.2023,45,66,20,131
15.09.2023,45,67,19,131
16.09.2023,44,68,20,132
17.09.2023,45,67,20,132
18.09.2023,44,69,18,131
19.09.2023,45,65,16,126
20.09.2023,47,61,16,124
21.09.2023,46,61,15,122
22.09.2023,45,66,15,126
23.09.2023,45,66,15,126
24.09.2023,45,66,15,126
25.09.2023,46,63,11,120
26.09.2023,45,64,10,119
27.09.2023,45,66,10,121
28.09.2023,45,66,14,125
29.09.2023,44,65,14,123
30.09.2023,43,68,15,126
01.10.2023,44,67,16,127
