harmony,,,,
Date, Full Time, Part Time, One Time, Total
24.10.2016,0,0,1,1
25.10.2016,0,1,0,1
26.10.2016,0,1,0,1
27.10.2016,0,1,0,1
28.10.2016,0,1,0,1
29.10.2016,0,1,0,1
30.10.2016,0,1,0,1
31.10.2016,0,1,0,1
01.11.2016,0,1,0,1
02.11.2016,0,1,0,1
03.11.2016,0,1,0,1
04.11.2016,0,1,0,1
05.11.2016,0,1,0,1
06.11.2016,0,1,0,1
07.11.2016,0,1,0,1
08.11.2016,0,1,0,1
09.11.2016,0,1,0,1
10.11.2016,0,1,0,1
11.11.2016,0,1,0,1
12.11.2016,0,1,0,1
13.11.2016,0,1,0,1
14.11.2016,0,1,0,1
15.11.2016,0,1,0,1
16.11.2016,0,1,0,1
17.11.2016,0,1,0,1
18.11.2016,0,1,0,1
19.11.2016,0,1,0,1
20.11.2016,0,1,0,1
21.11.2016,0,1,0,1
22.11.2016,0,1,0,1
23.11.2016,0,1,0,1
24.11.2016,0,1,0,1
25.11.2016,0,1,0,1
26.11.2016,0,1,0,1
27.11.2016,0,1,0,1
28.11.2016,0,1,0,1
29.11.2016,0,1,0,1
30.11.2016,0,1,0,1
01.12.2016,0,1,0,1
02.12.2016,0,1,0,1
03.12.2016,0,1,0,1
04.12.2016,0,1,0,1
05.12.2016,0,1,0,1
06.12.2016,0,1,0,1
07.12.2016,0,1,0,1
08.12.2016,0,1,0,1
09.12.2016,0,1,0,1
10.12.2016,0,1,0,1
11.12.2016,0,1,0,1
12.12.2016,0,1,0,1
13.12.2016,0,1,0,1
14.12.2016,0,1,0,1
15.12.2016,0,1,0,1
16.12.2016,0,1,0,1
17.12.2016,0,1,0,1
18.12.2016,0,1,0,1
19.12.2016,0,1,0,1
20.12.2016,0,1,0,1
21.12.2016,0,1,0,1
22.12.2016,0,1,0,1
23.12.2016,0,1,0,1
24.12.2016,0,1,0,1
25.12.2016,0,1,0,1
26.12.2016,0,1,0,1
27.12.2016,0,1,0,1
28.12.2016,0,1,0,1
29.12.2016,0,1,0,1
30.12.2016,0,1,0,1
31.12.2016,0,1,0,1
01.01.2017,0,1,0,1
02.01.2017,0,1,0,1
03.01.2017,0,1,0,1
04.01.2017,0,1,1,2
05.01.2017,0,2,0,2
06.01.2017,0,2,0,2
07.01.2017,0,2,0,2
08.01.2017,0,2,0,2
09.01.2017,0,2,0,2
10.01.2017,0,2,0,2
11.01.2017,0,2,0,2
12.01.2017,0,2,0,2
13.01.2017,0,2,0,2
14.01.2017,0,2,0,2
15.01.2017,0,2,0,2
16.01.2017,0,2,0,2
17.01.2017,0,2,0,2
18.01.2017,0,2,0,2
19.01.2017,0,2,0,2
20.01.2017,0,2,0,2
21.01.2017,0,2,0,2
22.01.2017,0,2,0,2
23.01.2017,0,2,0,2
24.01.2017,0,2,0,2
25.01.2017,0,2,0,2
26.01.2017,0,2,0,2
27.01.2017,0,2,0,2
28.01.2017,0,2,0,2
29.01.2017,0,2,0,2
30.01.2017,0,2,0,2
31.01.2017,0,2,0,2
01.02.2017,0,2,0,2
02.02.2017,1,1,0,2
03.02.2017,0,2,0,2
04.02.2017,0,2,0,2
05.02.2017,0,2,0,2
06.02.2017,0,2,0,2
07.02.2017,1,1,0,2
08.02.2017,1,1,0,2
09.02.2017,1,1,0,2
10.02.2017,0,2,0,2
11.02.2017,1,1,0,2
12.02.2017,1,1,0,2
13.02.2017,0,2,0,2
14.02.2017,0,2,0,2
15.02.2017,1,1,0,2
16.02.2017,1,1,0,2
17.02.2017,1,1,0,2
18.02.2017,1,1,0,2
19.02.2017,1,1,0,2
20.02.2017,1,1,0,2
21.02.2017,1,1,0,2
22.02.2017,1,1,0,2
23.02.2017,1,1,0,2
24.02.2017,1,1,0,2
25.02.2017,1,1,0,2
26.02.2017,1,1,0,2
27.02.2017,1,1,0,2
28.02.2017,1,1,0,2
01.03.2017,1,1,0,2
02.03.2017,1,1,0,2
03.03.2017,0,2,0,2
04.03.2017,0,2,0,2
05.03.2017,0,1,0,1
06.03.2017,0,1,0,1
07.03.2017,1,0,0,1
08.03.2017,1,0,0,1
09.03.2017,1,0,0,1
10.03.2017,0,1,0,1
11.03.2017,1,1,0,2
12.03.2017,1,1,0,2
13.03.2017,0,2,0,2
14.03.2017,0,2,0,2
15.03.2017,1,1,0,2
16.03.2017,1,1,0,2
17.03.2017,1,1,0,2
18.03.2017,1,1,0,2
19.03.2017,1,1,0,2
20.03.2017,1,1,0,2
21.03.2017,1,1,0,2
22.03.2017,1,1,0,2
23.03.2017,1,1,0,2
24.03.2017,1,1,0,2
25.03.2017,1,1,0,2
26.03.2017,1,1,0,2
27.03.2017,1,1,0,2
28.03.2017,1,1,0,2
29.03.2017,1,1,0,2
30.03.2017,1,1,0,2
31.03.2017,0,2,0,2
01.04.2017,0,2,0,2
02.04.2017,0,2,0,2
03.04.2017,0,2,0,2
04.04.2017,1,1,0,2
05.04.2017,1,1,0,2
06.04.2017,1,1,0,2
07.04.2017,0,2,0,2
08.04.2017,1,1,0,2
09.04.2017,1,1,0,2
10.04.2017,0,2,0,2
11.04.2017,0,2,0,2
12.04.2017,0,2,0,2
13.04.2017,0,2,0,2
14.04.2017,0,2,0,2
15.04.2017,0,2,0,2
16.04.2017,0,2,0,2
17.04.2017,0,2,0,2
18.04.2017,0,2,0,2
19.04.2017,1,1,0,2
20.04.2017,1,1,0,2
21.04.2017,1,1,1,3
22.04.2017,0,1,1,2
23.04.2017,0,1,1,2
24.04.2017,0,1,1,2
25.04.2017,0,1,1,2
26.04.2017,0,1,1,2
27.04.2017,0,1,1,2
28.04.2017,0,1,1,2
29.04.2017,0,1,1,2
30.04.2017,0,1,1,2
01.05.2017,0,2,0,2
02.05.2017,0,2,0,2
03.05.2017,0,2,0,2
04.05.2017,0,2,0,2
05.05.2017,0,2,0,2
06.05.2017,0,2,0,2
07.05.2017,0,2,0,2
08.05.2017,0,2,0,2
09.05.2017,0,2,0,2
10.05.2017,0,2,0,2
11.05.2017,0,2,0,2
12.05.2017,0,2,0,2
13.05.2017,0,2,0,2
14.05.2017,0,2,0,2
15.05.2017,0,2,0,2
16.05.2017,0,1,0,1
17.05.2017,0,1,0,1
18.05.2017,0,1,0,1
19.05.2017,0,1,0,1
20.05.2017,0,1,0,1
21.05.2017,0,1,0,1
22.05.2017,0,1,0,1
23.05.2017,0,1,0,1
24.05.2017,0,1,0,1
25.05.2017,0,1,0,1
26.05.2017,0,1,0,1
27.05.2017,0,1,0,1
28.05.2017,0,1,0,1
29.05.2017,0,1,0,1
09.06.2017,0,1,0,1
10.06.2017,0,1,0,1
11.06.2017,0,1,0,1
12.06.2017,0,1,0,1
13.06.2017,0,1,0,1
14.06.2017,0,1,0,1
15.06.2017,0,3,1,4
16.06.2017,0,3,1,4
17.06.2017,0,2,2,4
18.06.2017,0,3,1,4
19.06.2017,0,3,1,4
20.06.2017,0,3,1,4
21.06.2017,0,3,1,4
22.06.2017,0,3,1,4
23.06.2017,0,3,1,4
24.06.2017,0,3,1,4
25.06.2017,0,3,1,4
26.06.2017,0,3,1,4
27.06.2017,0,3,1,4
28.06.2017,0,3,1,4
29.06.2017,0,3,1,4
30.06.2017,0,3,1,4
01.07.2017,0,3,1,4
02.07.2017,0,3,1,4
03.07.2017,0,3,1,4
04.07.2017,0,3,1,4
05.07.2017,0,3,1,4
06.07.2017,0,3,1,4
07.07.2017,0,3,1,4
08.07.2017,0,3,1,4
09.07.2017,0,3,1,4
10.07.2017,0,3,1,4
11.07.2017,0,3,1,4
12.07.2017,0,3,1,4
13.07.2017,0,3,0,3
14.07.2017,0,3,0,3
15.07.2017,0,3,0,3
16.07.2017,0,1,0,1
17.07.2017,0,1,0,1
18.07.2017,0,1,0,1
19.07.2017,0,1,0,1
20.07.2017,0,1,0,1
21.07.2017,0,1,1,2
22.07.2017,0,1,1,2
23.07.2017,0,1,2,3
24.07.2017,0,2,1,3
25.07.2017,0,2,1,3
26.07.2017,0,2,1,3
27.07.2017,0,2,1,3
28.07.2017,0,2,1,3
29.07.2017,0,2,1,3
30.07.2017,0,2,1,3
31.07.2017,0,2,1,3
01.08.2017,1,1,1,3
02.08.2017,1,1,1,3
03.08.2017,1,1,1,3
04.08.2017,1,1,1,3
05.08.2017,1,1,1,3
06.08.2017,1,1,1,3
07.08.2017,1,1,1,3
08.08.2017,1,1,1,3
09.08.2017,1,1,1,3
10.08.2017,1,1,1,3
11.08.2017,1,1,1,3
12.08.2017,1,1,1,3
13.08.2017,1,1,1,3
14.08.2017,1,1,1,3
15.08.2017,1,1,1,3
16.08.2017,1,1,1,3
17.08.2017,1,1,1,3
18.08.2017,1,1,0,2
19.08.2017,1,1,0,2
20.08.2017,1,1,0,2
21.08.2017,1,0,0,1
22.08.2017,1,0,0,1
23.08.2017,1,0,0,1
24.08.2017,1,0,0,1
25.08.2017,1,0,0,1
26.08.2017,1,0,0,1
27.08.2017,1,0,0,1
28.08.2017,1,0,0,1
29.08.2017,1,0,0,1
30.08.2017,1,0,0,1
31.08.2017,1,0,0,1
01.09.2017,1,0,0,1
02.09.2017,1,0,0,1
03.09.2017,1,0,0,1
04.09.2017,1,0,0,1
05.09.2017,1,0,0,1
06.09.2017,1,0,0,1
07.09.2017,1,0,0,1
08.09.2017,1,0,0,1
09.09.2017,1,0,0,1
10.09.2017,1,1,0,2
11.09.2017,1,1,0,2
12.09.2017,1,1,0,2
13.09.2017,1,1,0,2
14.09.2017,1,1,0,2
15.09.2017,1,1,0,2
16.09.2017,1,1,0,2
17.09.2017,1,1,0,2
18.09.2017,1,1,0,2
19.09.2017,1,1,0,2
20.09.2017,1,1,0,2
21.09.2017,1,1,1,3
22.09.2017,1,1,1,3
23.09.2017,1,1,1,3
24.09.2017,1,1,1,3
25.09.2017,1,1,1,3
26.09.2017,1,1,1,3
27.09.2017,1,1,1,3
28.09.2017,1,1,1,3
29.09.2017,1,1,1,3
30.09.2017,1,1,1,3
01.10.2017,1,1,1,3
02.10.2017,1,1,1,3
03.10.2017,1,1,1,3
04.10.2017,1,1,1,3
05.10.2017,1,1,1,3
06.10.2017,1,1,1,3
07.10.2017,1,1,1,3
08.10.2017,1,0,1,2
09.10.2017,1,0,1,2
10.10.2017,1,0,1,2
11.10.2017,1,0,1,2
12.10.2017,1,0,1,2
13.10.2017,1,0,1,2
14.10.2017,1,0,1,2
15.10.2017,1,0,1,2
16.10.2017,1,0,1,2
17.10.2017,1,0,1,2
18.10.2017,1,0,1,2
19.10.2017,1,0,0,1
20.10.2017,1,0,0,1
21.10.2017,1,0,0,1
22.10.2017,1,0,0,1
23.10.2017,1,0,0,1
24.10.2017,1,0,0,1
25.10.2017,1,0,0,1
26.10.2017,1,0,0,1
27.10.2017,0,1,0,1
28.10.2017,0,1,0,1
29.10.2017,0,1,0,1
30.10.2017,0,1,0,1
31.10.2017,0,1,0,1
01.11.2017,0,1,0,1
02.11.2017,0,1,0,1
03.11.2017,0,1,0,1
04.11.2017,0,1,0,1
05.11.2017,0,1,0,1
06.11.2017,0,1,0,1
07.11.2017,0,1,0,1
08.11.2017,0,1,0,1
09.11.2017,0,1,0,1
10.11.2017,0,1,0,1
11.11.2017,0,1,0,1
12.11.2017,0,1,0,1
13.11.2017,0,1,0,1
14.11.2017,0,1,0,1
15.11.2017,1,0,0,1
16.11.2017,1,0,0,1
17.11.2017,1,0,0,1
18.11.2017,1,0,0,1
19.11.2017,1,0,0,1
20.11.2017,1,0,0,1
21.11.2017,1,0,0,1
22.11.2017,1,0,0,1
23.11.2017,1,0,0,1
24.11.2017,1,0,0,1
25.11.2017,1,0,0,1
26.11.2017,1,0,0,1
27.11.2017,1,0,0,1
28.11.2017,1,0,0,1
29.11.2017,1,0,1,2
30.11.2017,1,2,0,3
01.12.2017,1,2,0,3
02.12.2017,1,2,0,3
03.12.2017,1,2,0,3
04.12.2017,1,2,0,3
05.12.2017,1,2,0,3
06.12.2017,1,2,0,3
07.12.2017,1,2,0,3
08.12.2017,1,2,0,3
09.12.2017,1,2,0,3
10.12.2017,1,2,0,3
11.12.2017,1,2,0,3
12.12.2017,1,2,0,3
13.12.2017,1,2,0,3
14.12.2017,1,1,1,3
15.12.2017,1,1,1,3
16.12.2017,1,1,1,3
17.12.2017,1,1,1,3
18.12.2017,1,1,1,3
19.12.2017,1,1,1,3
20.12.2017,1,1,1,3
21.12.2017,1,1,1,3
22.12.2017,1,1,1,3
23.12.2017,1,1,1,3
24.12.2017,1,1,1,3
25.12.2017,1,1,1,3
26.12.2017,1,1,1,3
27.12.2017,1,1,1,3
28.12.2017,1,0,0,1
29.12.2017,1,0,0,1
30.12.2017,1,0,0,1
31.12.2017,1,0,0,1
01.01.2018,1,0,0,1
02.01.2018,1,0,0,1
03.01.2018,1,0,0,1
04.01.2018,1,0,0,1
05.01.2018,1,0,0,1
06.01.2018,1,0,0,1
07.01.2018,1,0,0,1
08.01.2018,1,0,0,1
09.01.2018,1,0,0,1
10.01.2018,1,0,0,1
11.01.2018,1,0,0,1
12.01.2018,1,0,0,1
13.01.2018,1,0,0,1
14.01.2018,1,0,0,1
15.01.2018,1,0,0,1
16.01.2018,1,0,0,1
17.01.2018,1,0,0,1
18.01.2018,1,0,0,1
19.01.2018,1,0,0,1
20.01.2018,1,0,0,1
21.01.2018,1,0,0,1
22.01.2018,1,0,0,1
23.01.2018,1,0,0,1
24.01.2018,1,0,0,1
25.01.2018,1,0,0,1
26.01.2018,1,0,0,1
27.01.2018,1,0,0,1
28.01.2018,1,0,0,1
29.01.2018,1,0,0,1
30.01.2018,1,0,0,1
31.01.2018,1,0,0,1
01.02.2018,1,0,0,1
02.02.2018,1,0,0,1
03.02.2018,1,0,0,1
04.02.2018,1,0,0,1
05.02.2018,1,0,0,1
06.02.2018,1,0,0,1
07.02.2018,1,0,0,1
08.02.2018,1,0,0,1
09.02.2018,1,0,0,1
10.02.2018,1,0,0,1
11.02.2018,1,0,0,1
12.02.2018,0,1,0,1
13.02.2018,0,1,0,1
14.02.2018,0,1,0,1
15.02.2018,0,1,0,1
16.02.2018,0,1,0,1
17.02.2018,0,1,0,1
18.02.2018,0,2,0,2
19.02.2018,0,2,0,2
20.02.2018,0,2,0,2
21.02.2018,0,2,0,2
22.02.2018,0,1,1,2
23.02.2018,0,1,1,2
24.02.2018,0,1,1,2
25.02.2018,0,1,1,2
26.02.2018,0,1,1,2
27.02.2018,0,1,1,2
28.02.2018,0,1,1,2
01.03.2018,0,0,1,1
02.03.2018,0,1,0,1
03.03.2018,0,1,0,1
04.03.2018,0,1,0,1
05.03.2018,0,1,0,1
06.03.2018,0,1,0,1
07.03.2018,0,1,0,1
08.03.2018,0,1,0,1
09.03.2018,0,1,0,1
10.03.2018,0,1,0,1
11.03.2018,0,1,0,1
12.03.2018,0,1,0,1
13.03.2018,0,1,0,1
14.03.2018,0,1,0,1
15.03.2018,0,1,0,1
16.03.2018,0,1,0,1
17.03.2018,0,1,0,1
18.03.2018,0,1,0,1
19.03.2018,0,1,0,1
20.03.2018,0,1,0,1
21.03.2018,0,1,0,1
22.03.2018,0,1,0,1
23.03.2018,0,1,0,1
24.03.2018,0,1,0,1
25.03.2018,0,1,0,1
26.03.2018,0,1,0,1
27.03.2018,0,1,0,1
28.03.2018,0,1,0,1
29.03.2018,0,1,0,1
31.03.2018,0,1,0,1
01.04.2018,0,1,0,1
02.04.2018,0,1,0,1
03.04.2018,0,1,1,2
04.04.2018,0,1,1,2
05.04.2018,0,1,1,2
06.04.2018,0,1,1,2
07.04.2018,0,1,1,2
08.04.2018,0,1,1,2
09.04.2018,0,1,1,2
10.04.2018,0,1,1,2
11.04.2018,0,1,1,2
12.04.2018,0,2,1,3
13.04.2018,0,2,1,3
14.04.2018,0,2,1,3
15.04.2018,0,2,1,3
16.04.2018,0,2,1,3
17.04.2018,0,2,2,4
18.04.2018,0,2,2,4
19.04.2018,0,2,2,4
20.04.2018,0,2,2,4
21.04.2018,0,2,2,4
22.04.2018,0,2,2,4
23.04.2018,0,2,2,4
24.04.2018,0,2,2,4
25.04.2018,0,2,2,4
26.04.2018,0,2,2,4
27.04.2018,0,2,2,4
28.04.2018,0,2,2,4
29.04.2018,0,2,2,4
30.04.2018,0,2,2,4
01.05.2018,0,2,1,3
02.05.2018,0,2,1,3
03.05.2018,0,2,1,3
04.05.2018,0,2,1,3
05.05.2018,0,2,1,3
06.05.2018,0,2,1,3
07.05.2018,0,2,1,3
08.05.2018,0,2,1,3
09.05.2018,0,2,1,3
10.05.2018,0,2,1,3
11.05.2018,0,2,1,3
12.05.2018,0,2,1,3
13.05.2018,0,2,1,3
14.05.2018,0,2,1,3
15.05.2018,0,2,0,2
16.05.2018,0,2,0,2
17.05.2018,0,2,0,2
18.05.2018,0,2,0,2
19.05.2018,0,2,1,3
20.05.2018,0,3,0,3
21.05.2018,0,3,0,3
22.05.2018,0,3,3,6
23.05.2018,0,4,3,7
24.05.2018,0,4,3,7
25.05.2018,0,4,4,8
26.05.2018,0,5,3,8
27.05.2018,0,5,3,8
28.05.2018,0,5,3,8
29.05.2018,0,5,3,8
30.05.2018,0,5,3,8
31.05.2018,0,5,3,8
01.06.2018,0,5,3,8
02.06.2018,0,5,3,8
03.06.2018,0,5,3,8
04.06.2018,0,5,3,8
05.06.2018,0,5,4,9
06.06.2018,0,5,4,9
07.06.2018,0,6,4,10
08.06.2018,0,6,4,10
09.06.2018,0,6,4,10
10.06.2018,0,6,4,10
11.06.2018,0,6,4,10
12.06.2018,0,8,2,10
13.06.2018,0,8,2,10
14.06.2018,0,8,2,10
15.06.2018,0,8,2,10
16.06.2018,0,8,2,10
17.06.2018,0,8,2,10
18.06.2018,0,8,2,10
19.06.2018,0,8,0,8
20.06.2018,1,7,0,8
21.06.2018,1,7,1,9
22.06.2018,1,7,1,9
23.06.2018,2,6,1,9
24.06.2018,2,6,1,9
25.06.2018,2,6,2,10
26.06.2018,2,6,2,10
27.06.2018,2,6,2,10
28.06.2018,2,6,2,10
29.06.2018,4,4,2,10
30.06.2018,4,4,2,10
01.07.2018,4,4,2,10
02.07.2018,4,4,2,10
03.07.2018,4,4,2,10
04.07.2018,4,4,2,10
05.07.2018,5,3,2,10
06.07.2018,5,3,2,10
07.07.2018,5,3,2,10
08.07.2018,5,3,2,10
09.07.2018,5,3,2,10
10.07.2018,5,3,3,11
11.07.2018,5,3,3,11
12.07.2018,5,3,3,11
13.07.2018,5,3,3,11
14.07.2018,5,3,4,12
15.07.2018,5,3,4,12
16.07.2018,5,3,4,12
17.07.2018,5,3,4,12
18.07.2018,5,3,4,12
19.07.2018,5,3,3,11
20.07.2018,5,3,3,11
21.07.2018,5,3,3,11
22.07.2018,5,3,3,11
23.07.2018,5,3,2,10
24.07.2018,5,3,2,10
25.07.2018,5,3,2,10
26.07.2018,5,3,2,10
27.07.2018,5,3,2,10
28.07.2018,5,3,2,10
29.07.2018,5,3,2,10
30.07.2018,5,3,2,10
31.07.2018,6,2,3,11
01.08.2018,6,2,3,11
02.08.2018,6,2,3,11
03.08.2018,6,2,3,11
04.08.2018,6,2,3,11
05.08.2018,6,2,3,11
06.08.2018,6,2,4,12
07.08.2018,6,2,3,11
08.08.2018,6,2,3,11
09.08.2018,6,2,3,11
10.08.2018,6,2,3,11
11.08.2018,6,2,2,10
12.08.2018,6,2,2,10
13.08.2018,6,2,2,10
14.08.2018,5,0,3,8
15.08.2018,5,1,2,8
16.08.2018,5,1,2,8
17.08.2018,5,1,3,9
18.08.2018,5,3,3,11
19.08.2018,5,3,3,11
20.08.2018,5,3,3,11
21.08.2018,5,3,3,11
22.08.2018,4,5,2,11
23.08.2018,4,5,3,12
24.08.2018,4,6,2,12
25.08.2018,4,6,2,12
26.08.2018,4,6,2,12
27.08.2018,4,6,2,12
28.08.2018,5,5,1,11
29.08.2018,5,5,1,11
30.08.2018,5,5,1,11
31.08.2018,5,5,1,11
01.09.2018,5,5,1,11
02.09.2018,5,5,1,11
03.09.2018,5,5,0,10
04.09.2018,5,5,0,10
05.09.2018,5,5,0,10
06.09.2018,5,5,0,10
07.09.2018,5,5,0,10
08.09.2018,5,5,0,10
09.09.2018,5,5,0,10
10.09.2018,4,5,0,9
11.09.2018,4,5,0,9
12.09.2018,4,5,0,9
13.09.2018,4,5,1,10
14.09.2018,4,6,0,10
15.09.2018,4,6,0,10
16.09.2018,4,6,1,11
17.09.2018,4,6,1,11
18.09.2018,4,6,2,12
19.09.2018,5,5,1,11
20.09.2018,5,5,1,11
21.09.2018,6,4,1,11
22.09.2018,5,5,1,11
23.09.2018,5,5,1,11
24.09.2018,5,5,1,11
25.09.2018,5,5,1,11
26.09.2018,5,5,1,11
27.09.2018,5,5,1,11
28.09.2018,5,5,1,11
29.09.2018,5,5,1,11
30.09.2018,5,5,1,11
01.10.2018,5,5,1,11
02.10.2018,5,5,1,11
03.10.2018,5,5,1,11
04.10.2018,5,5,1,11
05.10.2018,6,4,1,11
06.10.2018,6,4,1,11
07.10.2018,6,4,1,11
08.10.2018,6,4,1,11
09.10.2018,5,5,1,11
10.10.2018,5,5,1,11
11.10.2018,5,5,1,11
12.10.2018,5,5,1,11
13.10.2018,5,4,1,10
14.10.2018,5,4,0,9
15.10.2018,5,3,0,8
16.10.2018,3,3,0,6
17.10.2018,2,1,0,3
18.10.2018,2,2,1,5
19.10.2018,2,2,1,5
20.10.2018,2,2,1,5
21.10.2018,2,2,1,5
22.10.2018,2,2,1,5
23.10.2018,2,2,1,5
24.10.2018,2,2,1,5
25.10.2018,2,1,1,4
26.10.2018,2,1,1,4
27.10.2018,2,1,1,4
28.10.2018,2,1,1,4
29.10.2018,2,1,1,4
30.10.2018,2,1,1,4
31.10.2018,3,1,1,5
01.11.2018,3,1,1,5
02.11.2018,3,1,1,5
03.11.2018,3,1,1,5
04.11.2018,3,1,1,5
05.11.2018,3,0,2,5
06.11.2018,3,2,2,7
07.11.2018,3,2,2,7
08.11.2018,4,2,2,8
09.11.2018,4,2,2,8
10.11.2018,5,2,2,9
11.11.2018,5,2,2,9
12.11.2018,5,2,2,9
13.11.2018,5,2,2,9
14.11.2018,5,2,2,9
15.11.2018,5,2,0,7
16.11.2018,5,2,0,7
17.11.2018,4,3,0,7
18.11.2018,4,3,0,7
19.11.2018,4,3,0,7
20.11.2018,4,3,0,7
21.11.2018,5,2,0,7
22.11.2018,5,2,0,7
23.11.2018,5,2,0,7
24.11.2018,5,3,0,8
25.11.2018,5,3,0,8
26.11.2018,5,4,1,10
27.11.2018,5,4,1,10
28.11.2018,5,5,0,10
29.11.2018,5,5,1,11
30.11.2018,5,5,1,11
01.12.2018,5,6,1,12
02.12.2018,5,6,1,12
03.12.2018,4,7,1,12
04.12.2018,4,7,1,12
05.12.2018,4,7,1,12
06.12.2018,4,8,0,12
07.12.2018,4,8,0,12
08.12.2018,4,7,1,12
09.12.2018,4,7,1,12
10.12.2018,4,7,1,12
11.12.2018,4,8,0,12
12.12.2018,4,8,0,12
13.12.2018,5,7,0,12
14.12.2018,5,7,0,12
15.12.2018,5,7,0,12
16.12.2018,4,8,0,12
17.12.2018,4,8,0,12
18.12.2018,4,7,0,11
19.12.2018,5,6,2,13
20.12.2018,5,7,1,13
21.12.2018,5,7,1,13
22.12.2018,5,7,1,13
23.12.2018,5,7,1,13
24.12.2018,5,6,1,12
25.12.2018,5,6,1,12
26.12.2018,5,5,1,11
27.12.2018,5,5,2,12
28.12.2018,5,5,2,12
29.12.2018,5,5,2,12
30.12.2018,5,5,2,12
31.12.2018,5,5,2,12
01.01.2019,5,5,2,12
02.01.2019,5,6,3,14
03.01.2019,6,5,3,14
04.01.2019,6,5,3,14
05.01.2019,6,6,3,15
06.01.2019,6,6,3,15
07.01.2019,6,6,3,15
08.01.2019,5,7,4,16
09.01.2019,5,8,4,17
10.01.2019,6,8,4,18
11.01.2019,6,8,4,18
12.01.2019,6,8,4,18
13.01.2019,5,9,4,18
14.01.2019,5,9,4,18
15.01.2019,4,10,4,18
16.01.2019,6,9,2,17
17.01.2019,6,8,3,17
18.01.2019,6,8,4,18
19.01.2019,6,8,4,18
20.01.2019,6,8,4,18
21.01.2019,6,8,4,18
22.01.2019,6,8,5,19
23.01.2019,6,8,5,19
24.01.2019,6,8,4,18
25.01.2019,6,8,4,18
26.01.2019,6,8,4,18
27.01.2019,6,8,4,18
28.01.2019,6,8,5,19
29.01.2019,6,9,4,19
30.01.2019,6,9,4,19
31.01.2019,6,9,4,19
01.02.2019,6,9,4,19
02.02.2019,6,9,5,20
03.02.2019,6,9,5,20
04.02.2019,6,9,5,20
05.02.2019,5,10,5,20
06.02.2019,5,9,5,19
07.02.2019,6,8,5,19
08.02.2019,6,8,5,19
09.02.2019,6,8,5,19
10.02.2019,5,8,5,18
11.02.2019,5,8,5,18
12.02.2019,4,9,5,18
13.02.2019,5,8,5,18
14.02.2019,6,7,4,17
15.02.2019,6,8,3,17
16.02.2019,6,9,2,17
17.02.2019,6,9,2,17
18.02.2019,6,9,2,17
19.02.2019,6,9,1,16
20.02.2019,6,9,1,16
21.02.2019,6,9,1,16
22.02.2019,6,9,1,16
23.02.2019,6,9,1,16
24.02.2019,6,9,2,17
25.02.2019,6,9,2,17
26.02.2019,6,9,3,18
27.02.2019,6,9,3,18
28.02.2019,6,10,3,19
01.03.2019,5,11,3,19
02.03.2019,5,11,2,18
03.03.2019,5,11,3,19
04.03.2019,5,12,3,20
05.03.2019,5,13,2,20
06.03.2019,5,13,2,20
07.03.2019,5,11,2,18
08.03.2019,5,11,2,18
09.03.2019,5,11,2,18
10.03.2019,5,12,1,18
11.03.2019,5,12,1,18
12.03.2019,5,12,3,20
13.03.2019,5,11,3,19
14.03.2019,6,10,3,19
15.03.2019,6,10,3,19
16.03.2019,6,10,4,20
17.03.2019,6,12,3,21
18.03.2019,6,12,3,21
19.03.2019,6,11,3,20
20.03.2019,6,11,3,20
21.03.2019,6,11,3,20
22.03.2019,7,12,3,22
23.03.2019,6,13,3,22
24.03.2019,7,12,3,22
25.03.2019,7,13,2,22
26.03.2019,7,14,4,25
27.03.2019,7,14,4,25
28.03.2019,7,14,4,25
29.03.2019,6,15,4,25
30.03.2019,6,15,4,25
31.03.2019,6,15,4,25
01.04.2019,5,16,3,24
02.04.2019,5,15,3,23
03.04.2019,5,15,3,23
04.04.2019,5,15,3,23
05.04.2019,5,16,2,23
06.04.2019,5,16,2,23
07.04.2019,5,15,3,23
08.04.2019,5,15,4,24
09.04.2019,5,14,3,22
10.04.2019,5,14,3,22
11.04.2019,6,13,4,23
12.04.2019,6,13,4,23
13.04.2019,6,12,4,22
14.04.2019,6,12,4,22
15.04.2019,6,12,5,23
16.04.2019,7,12,5,24
17.04.2019,6,14,5,25
18.04.2019,6,14,5,25
19.04.2019,7,11,5,23
20.04.2019,6,12,6,24
21.04.2019,7,12,5,24
22.04.2019,7,11,5,23
23.04.2019,7,12,3,22
24.04.2019,7,11,3,21
25.04.2019,7,12,4,23
26.04.2019,6,13,5,24
27.04.2019,6,13,5,24
28.04.2019,6,13,5,24
29.04.2019,5,14,6,25
30.04.2019,5,15,6,26
01.05.2019,5,14,8,27
02.05.2019,5,14,7,26
03.05.2019,6,12,8,26
04.05.2019,6,12,8,26
05.05.2019,6,12,7,25
06.05.2019,6,12,7,25
07.05.2019,6,12,7,25
08.05.2019,6,12,7,25
09.05.2019,6,12,6,24
10.05.2019,6,13,6,25
11.05.2019,6,13,6,25
12.05.2019,6,13,7,26
13.05.2019,6,17,5,28
14.05.2019,6,17,5,28
15.05.2019,5,18,5,28
16.05.2019,6,16,6,28
17.05.2019,7,16,6,29
18.05.2019,6,17,6,29
19.05.2019,8,16,5,29
20.05.2019,8,16,6,30
21.05.2019,8,16,9,33
22.05.2019,8,16,8,32
23.05.2019,8,15,8,31
24.05.2019,8,15,7,30
25.05.2019,8,16,6,30
26.05.2019,8,16,6,30
27.05.2019,7,18,6,31
28.05.2019,7,18,6,31
29.05.2019,7,18,4,29
30.05.2019,7,18,5,30
31.05.2019,7,18,5,30
01.06.2019,6,18,5,29
02.06.2019,6,18,5,29
03.06.2019,6,20,5,31
04.06.2019,7,19,5,31
05.06.2019,7,19,6,32
06.06.2019,8,19,5,32
07.06.2019,8,17,5,30
08.06.2019,8,17,5,30
09.06.2019,8,17,5,30
10.06.2019,8,14,6,28
11.06.2019,8,14,10,32
12.06.2019,8,15,9,32
13.06.2019,8,15,9,32
14.06.2019,9,13,9,31
15.06.2019,9,13,9,31
16.06.2019,9,13,10,32
17.06.2019,8,15,8,31
18.06.2019,8,14,7,29
19.06.2019,9,13,7,29
20.06.2019,9,12,7,28
21.06.2019,9,12,8,29
22.06.2019,9,12,8,29
23.06.2019,9,12,9,30
24.06.2019,8,14,7,29
25.06.2019,8,14,7,29
26.06.2019,8,13,8,29
27.06.2019,9,12,9,30
28.06.2019,9,14,7,30
29.06.2019,10,14,6,30
30.06.2019,10,13,6,29
01.07.2019,10,13,5,28
02.07.2019,10,13,6,29
03.07.2019,9,14,6,29
04.07.2019,9,13,5,27
05.07.2019,9,14,5,28
06.07.2019,9,14,5,28
07.07.2019,9,14,5,28
08.07.2019,9,14,4,27
09.07.2019,8,15,3,26
10.07.2019,9,13,3,25
11.07.2019,9,15,3,27
12.07.2019,9,14,3,26
13.07.2019,9,14,3,26
14.07.2019,9,14,3,26
15.07.2019,8,15,4,27
16.07.2019,8,15,4,27
17.07.2019,8,15,4,27
18.07.2019,8,17,2,27
19.07.2019,8,18,2,28
20.07.2019,8,18,3,29
21.07.2019,8,18,2,28
22.07.2019,9,17,2,28
23.07.2019,9,17,2,28
24.07.2019,9,17,3,29
25.07.2019,11,15,3,29
26.07.2019,11,15,3,29
27.07.2019,11,13,4,28
28.07.2019,11,14,3,28
29.07.2019,11,14,3,28
30.07.2019,11,14,3,28
31.07.2019,11,15,2,28
01.08.2019,11,13,4,28
02.08.2019,11,13,3,27
03.08.2019,11,14,2,27
04.08.2019,11,14,2,27
05.08.2019,11,14,2,27
06.08.2019,11,14,2,27
07.08.2019,11,14,2,27
08.08.2019,11,13,2,26
09.08.2019,11,14,1,26
10.08.2019,11,14,1,26
11.08.2019,11,14,1,26
12.08.2019,11,14,1,26
13.08.2019,11,15,2,28
14.08.2019,11,15,3,29
15.08.2019,11,16,4,31
16.08.2019,10,18,2,30
17.08.2019,10,18,2,30
18.08.2019,11,18,2,31
19.08.2019,11,18,2,31
20.08.2019,12,17,2,31
21.08.2019,11,18,2,31
22.08.2019,11,18,2,31
23.08.2019,11,17,2,30
24.08.2019,11,18,1,30
25.08.2019,12,17,1,30
26.08.2019,12,17,2,31
27.08.2019,13,15,2,30
28.08.2019,13,16,1,30
29.08.2019,14,15,1,30
30.08.2019,14,15,2,31
31.08.2019,14,14,2,30
01.09.2019,14,14,1,29
02.09.2019,14,14,2,30
03.09.2019,15,13,3,31
04.09.2019,15,14,4,33
05.09.2019,15,15,4,34
06.09.2019,13,17,4,34
07.09.2019,13,18,4,35
08.09.2019,13,18,5,36
09.09.2019,13,19,8,40
10.09.2019,13,23,5,41
11.09.2019,13,23,5,41
12.09.2019,13,23,7,43
13.09.2019,13,24,6,43
14.09.2019,13,25,5,43
15.09.2019,13,25,5,43
16.09.2019,13,24,5,42
17.09.2019,14,20,5,39
18.09.2019,13,21,5,39
19.09.2019,13,22,4,39
20.09.2019,12,23,4,39
21.09.2019,12,23,4,39
22.09.2019,12,23,5,40
23.09.2019,12,24,5,41
24.09.2019,13,23,5,41
25.09.2019,12,23,5,40
26.09.2019,14,21,8,43
27.09.2019,14,23,9,46
28.09.2019,14,26,7,47
29.09.2019,14,26,7,47
30.09.2019,14,25,6,45
01.10.2019,14,25,7,46
02.10.2019,13,24,7,44
03.10.2019,14,22,7,43
04.10.2019,13,22,7,42
05.10.2019,13,22,7,42
06.10.2019,13,22,7,42
07.10.2019,14,21,6,41
08.10.2019,15,21,6,42
09.10.2019,15,21,6,42
10.10.2019,15,21,5,41
11.10.2019,13,21,5,39
12.10.2019,13,21,5,39
13.10.2019,13,21,5,39
14.10.2019,13,21,5,39
15.10.2019,13,20,6,39
16.10.2019,12,22,4,38
17.10.2019,12,21,5,38
18.10.2019,14,19,5,38
19.10.2019,12,21,5,38
20.10.2019,12,21,4,37
21.10.2019,12,21,4,37
22.10.2019,13,20,4,37
23.10.2019,13,20,4,37
24.10.2019,14,20,3,37
25.10.2019,14,19,3,36
26.10.2019,15,16,2,33
27.10.2019,15,14,2,31
28.10.2019,15,14,2,31
29.10.2019,14,15,2,31
30.10.2019,13,15,2,30
31.10.2019,14,15,3,32
01.11.2019,14,14,3,31
02.11.2019,14,14,4,32
03.11.2019,14,13,4,31
04.11.2019,14,14,3,31
05.11.2019,14,14,2,30
06.11.2019,14,14,2,30
07.11.2019,14,14,2,30
08.11.2019,14,13,2,29
09.11.2019,14,13,3,30
10.11.2019,14,14,2,30
11.11.2019,14,14,3,31
12.11.2019,14,14,3,31
13.11.2019,15,14,4,33
14.11.2019,15,15,4,34
15.11.2019,16,15,3,34
16.11.2019,15,16,3,34
17.11.2019,15,16,3,34
18.11.2019,15,17,3,35
19.11.2019,16,16,5,37
20.11.2019,16,18,4,38
21.11.2019,17,16,5,38
22.11.2019,17,17,3,37
23.11.2019,18,16,3,37
24.11.2019,18,16,3,37
25.11.2019,19,16,2,37
26.11.2019,18,17,2,37
27.11.2019,18,17,2,37
28.11.2019,19,15,2,36
29.11.2019,18,16,3,37
30.11.2019,18,15,3,36
01.12.2019,18,15,3,36
02.12.2019,18,16,3,37
03.12.2019,18,15,4,37
04.12.2019,19,15,4,38
05.12.2019,18,16,5,39
06.12.2019,16,18,5,39
07.12.2019,16,19,4,39
08.12.2019,17,17,4,38
09.12.2019,16,18,6,40
10.12.2019,16,18,7,41
11.12.2019,16,17,5,38
12.12.2019,14,19,5,38
13.12.2019,17,15,5,37
14.12.2019,14,18,5,37
15.12.2019,14,18,5,37
16.12.2019,14,18,5,37
17.12.2019,15,17,5,37
18.12.2019,15,18,4,37
19.12.2019,15,18,4,37
20.12.2019,14,18,4,36
21.12.2019,14,18,5,37
22.12.2019,14,19,5,38
23.12.2019,14,19,5,38
24.12.2019,13,20,5,38
25.12.2019,14,19,5,38
26.12.2019,14,19,5,38
27.12.2019,13,18,4,35
28.12.2019,13,18,4,35
29.12.2019,13,18,4,35
30.12.2019,13,19,3,35
31.12.2019,13,19,3,35
01.01.2020,14,18,3,35
02.01.2020,13,18,3,34
03.01.2020,12,18,3,33
04.01.2020,12,18,3,33
05.01.2020,12,18,3,33
06.01.2020,12,17,1,30
07.01.2020,12,18,1,31
08.01.2020,12,18,1,31
09.01.2020,11,17,1,29
10.01.2020,10,14,1,25
11.01.2020,9,15,0,24
12.01.2020,8,14,0,22
13.01.2020,10,15,0,25
14.01.2020,10,16,2,28
15.01.2020,10,18,4,32
16.01.2020,10,23,2,35
17.01.2020,10,24,5,39
18.01.2020,10,24,5,39
19.01.2020,11,25,4,40
20.01.2020,11,26,5,42
21.01.2020,11,27,9,47
22.01.2020,12,27,8,47
23.01.2020,12,27,8,47
24.01.2020,13,26,8,47
25.01.2020,13,27,8,48
26.01.2020,13,27,8,48
27.01.2020,13,26,9,48
28.01.2020,14,26,9,49
29.01.2020,15,27,8,50
30.01.2020,16,26,8,50
31.01.2020,15,27,8,50
01.02.2020,14,28,8,50
02.02.2020,14,28,8,50
03.02.2020,15,27,8,50
04.02.2020,14,28,9,51
05.02.2020,15,28,9,52
06.02.2020,15,28,10,53
07.02.2020,15,28,9,52
08.02.2020,15,28,9,52
09.02.2020,15,28,9,52
10.02.2020,15,28,9,52
11.02.2020,15,29,9,53
12.02.2020,16,28,9,53
13.02.2020,16,29,8,53
14.02.2020,13,31,8,52
15.02.2020,13,30,8,51
16.02.2020,16,26,9,51
17.02.2020,15,27,8,50
18.02.2020,18,26,4,48
19.02.2020,17,26,4,47
20.02.2020,17,26,4,47
21.02.2020,16,27,5,48
22.02.2020,16,27,5,48
23.02.2020,16,27,5,48
24.02.2020,15,29,4,48
25.02.2020,17,27,4,48
26.02.2020,16,25,3,44
27.02.2020,16,26,3,45
28.02.2020,16,26,3,45
29.02.2020,17,25,3,45
01.03.2020,17,25,3,45
02.03.2020,16,25,3,44
03.03.2020,17,24,3,44
04.03.2020,16,23,2,41
05.03.2020,17,22,2,41
06.03.2020,18,21,4,43
07.03.2020,18,23,5,46
08.03.2020,18,24,7,49
09.03.2020,18,24,10,52
10.03.2020,18,25,9,52
11.03.2020,17,26,9,52
12.03.2020,17,25,11,53
13.03.2020,16,29,9,54
14.03.2020,16,30,10,56
15.03.2020,17,29,10,56
16.03.2020,17,28,10,55
17.03.2020,17,28,12,57
18.03.2020,17,28,12,57
19.03.2020,17,28,14,59
20.03.2020,16,30,16,62
21.03.2020,17,29,15,61
22.03.2020,17,30,17,64
23.03.2020,18,30,16,64
24.03.2020,19,30,16,65
25.03.2020,20,29,16,65
26.03.2020,19,31,16,66
27.03.2020,19,30,15,64
28.03.2020,20,29,16,65
29.03.2020,20,29,17,66
30.03.2020,20,31,15,66
31.03.2020,20,32,16,68
01.04.2020,19,35,19,73
02.04.2020,21,35,17,73
03.04.2020,21,36,14,71
04.04.2020,21,37,15,73
05.04.2020,21,36,16,73
06.04.2020,20,38,18,76
07.04.2020,20,37,19,76
08.04.2020,20,37,19,76
09.04.2020,21,37,17,75
10.04.2020,20,38,19,77
11.04.2020,20,38,21,79
12.04.2020,21,37,21,79
13.04.2020,22,36,22,80
14.04.2020,22,36,20,78
15.04.2020,22,36,19,77
16.04.2020,22,36,17,75
17.04.2020,21,37,19,77
18.04.2020,22,36,19,77
19.04.2020,23,33,19,75
20.04.2020,21,35,21,77
21.04.2020,22,35,20,77
22.04.2020,22,34,20,76
23.04.2020,22,34,23,79
24.04.2020,23,35,22,80
25.04.2020,23,35,23,81
26.04.2020,23,35,23,81
27.04.2020,23,33,23,79
28.04.2020,21,34,22,77
29.04.2020,20,35,22,77
30.04.2020,22,32,22,76
01.05.2020,21,30,21,72
02.05.2020,20,32,24,76
03.05.2020,21,30,24,75
04.05.2020,20,30,24,74
05.05.2020,21,29,22,72
06.05.2020,22,29,24,75
07.05.2020,22,29,24,75
08.05.2020,22,27,23,72
09.05.2020,22,26,20,68
10.05.2020,21,27,20,68
11.05.2020,21,26,20,67
12.05.2020,21,25,21,67
13.05.2020,21,24,21,66
14.05.2020,21,28,21,70
15.05.2020,20,41,27,88
16.05.2020,22,39,43,104
17.05.2020,21,41,45,107
18.05.2020,18,47,41,106
19.05.2020,19,47,42,108
20.05.2020,20,46,45,111
21.05.2020,19,46,46,111
22.05.2020,22,44,45,111
23.05.2020,21,45,44,110
24.05.2020,21,45,44,110
25.05.2020,21,45,44,110
26.05.2020,20,46,45,111
27.05.2020,20,47,44,111
28.05.2020,21,46,45,112
29.05.2020,20,48,46,114
30.05.2020,20,47,47,114
31.05.2020,20,47,45,112
01.06.2020,20,50,43,113
02.06.2020,20,48,45,113
03.06.2020,22,46,44,112
04.06.2020,19,48,46,113
05.06.2020,19,48,48,115
06.06.2020,21,46,48,115
07.06.2020,21,46,48,115
08.06.2020,21,46,48,115
09.06.2020,22,45,46,113
10.06.2020,23,45,46,114
11.06.2020,24,44,44,112
12.06.2020,22,32,32,86
13.06.2020,23,28,19,70
14.06.2020,23,28,17,68
15.06.2020,20,31,18,69
16.06.2020,22,27,19,68
17.06.2020,20,30,16,66
18.06.2020,20,28,14,62
19.06.2020,21,25,15,61
20.06.2020,20,26,15,61
21.06.2020,20,26,15,61
22.06.2020,21,25,15,61
23.06.2020,20,27,14,61
24.06.2020,19,26,14,59
25.06.2020,18,27,12,57
26.06.2020,17,27,11,55
27.06.2020,17,27,10,54
28.06.2020,15,30,10,55
29.06.2020,14,30,11,55
30.06.2020,15,27,10,52
01.07.2020,17,26,10,53
02.07.2020,17,29,9,55
03.07.2020,19,27,8,54
04.07.2020,19,27,8,54
05.07.2020,19,28,7,54
06.07.2020,19,29,7,55
07.07.2020,20,28,10,58
08.07.2020,20,28,10,58
09.07.2020,20,28,9,57
10.07.2020,19,28,10,57
11.07.2020,18,29,12,59
12.07.2020,18,28,12,58
13.07.2020,18,28,12,58
14.07.2020,16,27,12,55
15.07.2020,18,24,10,52
16.07.2020,17,24,12,53
17.07.2020,17,24,13,54
18.07.2020,17,23,13,53
19.07.2020,17,23,13,53
20.07.2020,17,23,13,53
21.07.2020,17,24,14,55
22.07.2020,18,23,15,56
23.07.2020,17,23,18,58
24.07.2020,16,25,17,58
25.07.2020,16,25,18,59
26.07.2020,17,25,18,60
27.07.2020,17,25,20,62
28.07.2020,17,25,22,64
29.07.2020,18,26,21,65
30.07.2020,17,28,22,67
31.07.2020,19,28,21,68
01.08.2020,18,29,21,68
02.08.2020,18,29,21,68
03.08.2020,18,29,21,68
04.08.2020,20,28,19,67
05.08.2020,20,28,20,68
06.08.2020,20,32,16,68
07.08.2020,18,33,17,68
08.08.2020,18,32,16,66
09.08.2020,17,35,15,67
10.08.2020,17,36,17,70
11.08.2020,16,38,15,69
12.08.2020,16,37,16,69
13.08.2020,16,38,13,67
14.08.2020,16,39,12,67
15.08.2020,16,39,12,67
16.08.2020,16,39,13,68
17.08.2020,16,39,14,69
18.08.2020,14,41,13,68
19.08.2020,14,40,12,66
20.08.2020,15,39,10,64
21.08.2020,15,38,10,63
22.08.2020,15,37,11,63
23.08.2020,13,39,11,63
24.08.2020,13,39,13,65
25.08.2020,13,41,13,67
26.08.2020,13,37,13,63
27.08.2020,12,36,11,59
28.08.2020,13,35,10,58
29.08.2020,13,35,11,59
30.08.2020,13,35,11,59
31.08.2020,13,34,10,57
01.09.2020,14,34,9,57
02.09.2020,13,37,6,56
03.09.2020,15,34,6,55
04.09.2020,15,35,5,55
05.09.2020,15,35,5,55
06.09.2020,15,35,7,57
07.09.2020,15,33,7,55
08.09.2020,14,34,6,54
09.09.2020,13,34,6,53
10.09.2020,14,32,7,53
11.09.2020,14,31,7,52
12.09.2020,14,30,7,51
13.09.2020,14,31,7,52
14.09.2020,13,32,7,52
15.09.2020,15,29,9,53
16.09.2020,15,30,9,54
17.09.2020,17,28,10,55
18.09.2020,18,28,11,57
19.09.2020,20,27,13,60
20.09.2020,19,30,11,60
21.09.2020,18,31,11,60
22.09.2020,18,33,7,58
23.09.2020,18,31,7,56
24.09.2020,17,30,8,55
25.09.2020,17,31,10,58
26.09.2020,17,32,9,58
27.09.2020,17,32,10,59
28.09.2020,17,32,11,60
29.09.2020,17,32,11,60
30.09.2020,16,34,10,60
01.10.2020,16,33,10,59
02.10.2020,17,31,10,58
03.10.2020,17,30,10,57
04.10.2020,17,29,10,56
05.10.2020,17,29,9,55
06.10.2020,16,29,9,54
07.10.2020,16,30,9,55
08.10.2020,17,29,8,54
09.10.2020,16,31,6,53
10.10.2020,16,30,8,54
11.10.2020,16,30,8,54
12.10.2020,14,32,8,54
13.10.2020,15,31,7,53
14.10.2020,16,30,10,56
15.10.2020,17,30,8,55
16.10.2020,16,29,8,53
17.10.2020,17,29,7,53
18.10.2020,20,25,7,52
19.10.2020,18,27,8,53
20.10.2020,17,28,7,52
21.10.2020,17,29,7,53
22.10.2020,17,30,8,55
23.10.2020,16,33,7,56
24.10.2020,16,32,7,55
25.10.2020,16,32,7,55
26.10.2020,15,34,5,54
27.10.2020,15,34,5,54
28.10.2020,16,32,6,54
29.10.2020,16,32,6,54
30.10.2020,16,32,6,54
31.10.2020,15,33,7,55
01.11.2020,16,33,6,55
02.11.2020,17,34,6,57
03.11.2020,16,36,6,58
04.11.2020,15,37,9,61
05.11.2020,16,39,9,64
06.11.2020,16,40,9,65
07.11.2020,16,41,7,64
08.11.2020,16,41,9,66
09.11.2020,17,42,8,67
10.11.2020,16,44,9,69
11.11.2020,15,46,8,69
12.11.2020,15,45,11,71
13.11.2020,16,43,11,70
14.11.2020,17,41,10,68
15.11.2020,17,41,10,68
16.11.2020,18,41,12,71
17.11.2020,17,46,8,71
18.11.2020,17,45,9,71
19.11.2020,17,45,8,70
20.11.2020,17,42,8,67
21.11.2020,16,42,8,66
22.11.2020,16,41,7,64
23.11.2020,17,38,7,62
24.11.2020,17,37,7,61
25.11.2020,17,38,5,60
26.11.2020,18,37,6,61
27.11.2020,18,37,6,61
28.11.2020,18,37,6,61
29.11.2020,17,38,6,61
30.11.2020,18,38,6,62
01.12.2020,18,36,10,64
02.12.2020,18,38,8,64
03.12.2020,20,35,8,63
04.12.2020,19,37,10,66
05.12.2020,19,38,11,68
06.12.2020,19,38,10,67
07.12.2020,19,39,9,67
08.12.2020,17,39,9,65
09.12.2020,17,38,11,66
10.12.2020,17,39,9,65
11.12.2020,17,39,10,66
12.12.2020,18,38,11,67
13.12.2020,18,38,11,67
14.12.2020,18,38,12,68
15.12.2020,17,38,11,66
16.12.2020,17,36,12,65
17.12.2020,18,38,12,68
18.12.2020,17,38,11,66
19.12.2020,17,36,12,65
20.12.2020,17,36,12,65
21.12.2020,18,34,12,64
22.12.2020,17,35,12,64
23.12.2020,17,35,11,63
24.12.2020,17,35,11,63
25.12.2020,17,34,13,64
26.12.2020,17,35,12,64
27.12.2020,15,36,12,63
28.12.2020,15,36,13,64
29.12.2020,14,37,12,63
30.12.2020,15,31,12,58
31.12.2020,15,31,12,58
01.01.2021,15,29,11,55
02.01.2021,15,29,9,53
03.01.2021,15,28,10,53
04.01.2021,14,28,9,51
05.01.2021,14,30,9,53
06.01.2021,14,32,7,53
07.01.2021,14,30,6,50
08.01.2021,13,30,6,49
09.01.2021,13,30,6,49
10.01.2021,13,30,7,50
11.01.2021,13,30,6,49
12.01.2021,13,32,6,51
13.01.2021,12,32,7,51
14.01.2021,14,31,5,50
15.01.2021,14,30,6,50
16.01.2021,13,31,6,50
17.01.2021,14,31,6,51
18.01.2021,15,30,6,51
19.01.2021,14,31,6,51
20.01.2021,14,31,7,52
21.01.2021,14,33,7,54
22.01.2021,14,34,7,55
23.01.2021,14,34,7,55
24.01.2021,13,35,7,55
25.01.2021,13,32,8,53
26.01.2021,12,34,8,54
27.01.2021,12,34,10,56
28.01.2021,12,37,9,58
29.01.2021,12,37,9,58
30.01.2021,13,36,9,58
31.01.2021,14,34,12,60
01.02.2021,14,35,12,61
02.02.2021,14,35,13,62
03.02.2021,16,33,16,65
04.02.2021,15,34,15,64
05.02.2021,14,36,15,65
06.02.2021,14,36,15,65
07.02.2021,15,34,15,64
08.02.2021,12,38,14,64
09.02.2021,11,40,14,65
10.02.2021,11,39,14,64
11.02.2021,12,39,14,65
12.02.2021,11,41,15,67
13.02.2021,12,39,16,67
14.02.2021,13,39,15,67
15.02.2021,13,41,15,69
16.02.2021,13,41,17,71
17.02.2021,14,41,15,70
18.02.2021,14,41,14,69
19.02.2021,14,42,13,69
20.02.2021,14,45,14,73
21.02.2021,14,45,14,73
22.02.2021,13,47,12,72
23.02.2021,13,45,14,72
24.02.2021,13,43,18,74
25.02.2021,13,43,17,73
26.02.2021,13,43,17,73
27.02.2021,13,44,16,73
28.02.2021,13,45,14,72
01.03.2021,13,44,13,70
02.03.2021,13,45,17,75
03.03.2021,13,49,13,75
04.03.2021,13,49,14,76
05.03.2021,12,52,14,78
06.03.2021,12,51,14,77
07.03.2021,12,51,14,77
08.03.2021,10,55,13,78
09.03.2021,11,54,15,80
10.03.2021,11,54,18,83
11.03.2021,12,54,16,82
12.03.2021,10,56,14,80
13.03.2021,10,56,12,78
14.03.2021,11,54,12,77
15.03.2021,10,55,10,75
16.03.2021,10,54,10,74
17.03.2021,12,53,9,74
18.03.2021,12,53,9,74
19.03.2021,12,51,9,72
20.03.2021,12,50,9,71
21.03.2021,12,50,9,71
22.03.2021,13,50,12,75
23.03.2021,12,53,10,75
24.03.2021,12,52,10,74
25.03.2021,13,50,10,73
26.03.2021,13,49,10,72
27.03.2021,14,48,11,73
28.03.2021,13,49,10,72
29.03.2021,13,48,11,72
30.03.2021,13,50,10,73
31.03.2021,13,49,13,75
01.04.2021,13,47,14,74
02.04.2021,13,47,16,76
03.04.2021,13,48,18,79
04.04.2021,12,48,18,78
05.04.2021,11,49,18,78
06.04.2021,11,47,18,76
07.04.2021,11,47,16,74
08.04.2021,11,46,16,73
09.04.2021,10,46,18,74
10.04.2021,10,47,20,77
11.04.2021,11,48,20,79
12.04.2021,12,47,21,80
13.04.2021,12,47,23,82
14.04.2021,12,48,24,84
15.04.2021,12,51,24,87
16.04.2021,12,52,25,89
17.04.2021,12,52,25,89
18.04.2021,12,52,25,89
19.04.2021,13,51,25,89
20.04.2021,12,51,26,89
21.04.2021,12,50,29,91
22.04.2021,15,51,27,93
23.04.2021,15,52,27,94
24.04.2021,16,50,27,93
25.04.2021,15,51,30,96
26.04.2021,14,53,30,97
27.04.2021,15,53,30,98
28.04.2021,17,54,26,97
29.04.2021,18,52,24,94
30.04.2021,18,52,22,92
01.05.2021,19,51,19,89
02.05.2021,19,51,20,90
03.05.2021,19,52,22,93
04.05.2021,19,53,23,95
05.05.2021,19,50,22,91
06.05.2021,18,54,23,95
07.05.2021,18,57,21,96
08.05.2021,17,58,21,96
09.05.2021,18,57,20,95
10.05.2021,18,58,19,95
11.05.2021,17,61,18,96
12.05.2021,20,56,20,96
13.05.2021,20,56,20,96
14.05.2021,20,59,17,96
15.05.2021,20,59,18,97
16.05.2021,20,60,17,97
17.05.2021,22,58,18,98
18.05.2021,19,61,18,98
19.05.2021,19,63,20,102
20.05.2021,20,59,21,100
21.05.2021,19,63,20,102
22.05.2021,18,64,20,102
23.05.2021,18,63,21,102
24.05.2021,19,64,19,102
25.05.2021,20,62,18,100
26.05.2021,20,63,17,100
27.05.2021,21,62,17,100
28.05.2021,21,64,19,104
29.05.2021,21,67,19,107
30.05.2021,21,68,17,106
31.05.2021,19,69,16,104
01.06.2021,19,68,18,105
02.06.2021,22,66,20,108
03.06.2021,22,66,21,109
04.06.2021,24,61,22,107
05.06.2021,24,60,22,106
06.06.2021,23,61,22,106
07.06.2021,22,61,23,106
08.06.2021,22,60,22,104
09.06.2021,23,63,20,106
10.06.2021,22,64,17,103
11.06.2021,22,62,21,105
12.06.2021,22,62,22,106
13.06.2021,23,62,22,107
14.06.2021,23,65,19,107
15.06.2021,22,69,19,110
16.06.2021,21,72,21,114
17.06.2021,23,69,22,114
18.06.2021,22,66,23,111
19.06.2021,21,70,21,112
20.06.2021,20,71,19,110
21.06.2021,22,69,19,110
22.06.2021,24,66,21,111
23.06.2021,24,66,20,110
24.06.2021,26,64,21,111
25.06.2021,25,68,17,110
26.06.2021,26,66,16,108
27.06.2021,27,64,18,109
28.06.2021,27,63,22,112
29.06.2021,26,66,20,112
30.06.2021,25,67,21,113
01.07.2021,24,64,19,107
02.07.2021,22,65,17,104
03.07.2021,22,63,18,103
04.07.2021,21,63,20,104
05.07.2021,22,67,17,106
06.07.2021,20,70,15,105
07.07.2021,21,66,14,101
08.07.2021,21,67,15,103
09.07.2021,23,67,14,104
10.07.2021,23,66,14,103
11.07.2021,23,66,14,103
12.07.2021,23,66,13,102
13.07.2021,22,67,14,103
14.07.2021,19,71,17,107
15.07.2021,20,71,18,109
16.07.2021,21,71,20,112
17.07.2021,22,70,20,112
18.07.2021,20,72,21,113
19.07.2021,22,72,19,113
20.07.2021,23,72,18,113
21.07.2021,22,73,19,114
22.07.2021,24,71,19,114
23.07.2021,22,73,23,118
24.07.2021,24,72,24,120
25.07.2021,24,74,24,122
26.07.2021,23,76,25,124
27.07.2021,23,75,24,122
28.07.2021,22,75,24,121
29.07.2021,23,74,24,121
30.07.2021,22,77,24,123
31.07.2021,22,80,25,127
01.08.2021,20,83,24,127
02.08.2021,26,80,23,129
03.08.2021,25,82,23,130
04.08.2021,27,82,23,132
05.08.2021,24,86,27,137
06.08.2021,25,86,23,134
07.08.2021,23,88,24,135
08.08.2021,24,87,25,136
09.08.2021,24,89,24,137
10.08.2021,25,89,22,136
11.08.2021,23,88,20,131
12.08.2021,23,88,24,135
13.08.2021,23,90,22,135
14.08.2021,23,90,25,138
15.08.2021,22,91,28,141
16.08.2021,23,89,28,140
17.08.2021,24,91,26,141
18.08.2021,23,92,27,142
19.08.2021,23,95,29,147
20.08.2021,21,97,29,147
21.08.2021,21,98,31,150
22.08.2021,22,100,27,149
23.08.2021,22,99,29,150
24.08.2021,21,101,29,151
25.08.2021,22,99,28,149
26.08.2021,23,94,27,144
27.08.2021,23,91,28,142
28.08.2021,22,91,28,141
29.08.2021,22,90,28,140
30.08.2021,25,86,32,143
31.08.2021,25,86,34,145
01.09.2021,31,80,31,142
02.09.2021,27,84,32,143
03.09.2021,28,80,31,139
04.09.2021,27,80,32,139
05.09.2021,29,79,32,140
06.09.2021,28,77,36,141
07.09.2021,28,77,36,141
08.09.2021,26,78,37,141
09.09.2021,25,78,38,141
10.09.2021,25,77,37,139
11.09.2021,23,83,34,140
12.09.2021,22,84,35,141
13.09.2021,25,80,40,145
14.09.2021,24,84,38,146
15.09.2021,26,80,36,142
16.09.2021,26,78,32,136
17.09.2021,25,78,30,133
18.09.2021,24,78,29,131
19.09.2021,24,79,28,131
20.09.2021,25,79,28,132
21.09.2021,24,77,27,128
22.09.2021,26,74,27,127
23.09.2021,24,74,26,124
24.09.2021,24,74,27,125
25.09.2021,23,76,27,126
26.09.2021,22,76,27,125
27.09.2021,22,76,26,124
28.09.2021,20,75,26,121
29.09.2021,23,71,29,123
30.09.2021,22,72,27,121
01.10.2021,24,71,27,122
02.10.2021,24,72,27,123
03.10.2021,26,68,27,121
04.10.2021,26,66,28,120
05.10.2021,25,65,29,119
06.10.2021,24,68,31,123
07.10.2021,25,69,31,125
08.10.2021,25,71,29,125
09.10.2021,23,70,29,122
10.10.2021,23,70,29,122
11.10.2021,24,70,26,120
12.10.2021,23,71,29,123
13.10.2021,24,71,29,124
14.10.2021,24,73,30,127
15.10.2021,25,70,34,129
16.10.2021,27,68,38,133
17.10.2021,27,68,42,137
18.10.2021,27,69,37,133
19.10.2021,26,74,39,139
20.10.2021,26,78,39,143
21.10.2021,27,79,39,145
22.10.2021,27,79,38,144
23.10.2021,26,80,39,145
24.10.2021,26,83,38,147
25.10.2021,24,85,38,147
26.10.2021,21,87,37,145
27.10.2021,23,88,35,146
28.10.2021,23,87,35,145
29.10.2021,23,89,35,147
30.10.2021,24,86,34,144
31.10.2021,24,86,35,145
01.11.2021,24,89,38,151
02.11.2021,25,92,44,161
03.11.2021,22,98,48,168
04.11.2021,22,100,51,173
05.11.2021,22,103,49,174
06.11.2021,21,107,50,178
07.11.2021,22,108,50,180
08.11.2021,24,106,51,181
09.11.2021,23,113,49,185
10.11.2021,23,111,51,185
11.11.2021,24,110,51,185
12.11.2021,27,115,46,188
13.11.2021,28,116,47,191
14.11.2021,28,117,46,191
15.11.2021,27,119,47,193
16.11.2021,27,118,45,190
17.11.2021,29,116,45,190
18.11.2021,27,118,48,193
19.11.2021,27,119,46,192
20.11.2021,29,117,44,190
21.11.2021,30,114,45,189
22.11.2021,30,114,44,188
23.11.2021,32,114,44,190
24.11.2021,31,116,47,194
25.11.2021,30,115,47,192
26.11.2021,29,117,45,191
27.11.2021,30,115,44,189
28.11.2021,29,117,45,191
29.11.2021,31,114,45,190
30.11.2021,32,112,44,188
01.12.2021,31,109,37,177
02.12.2021,32,107,39,178
03.12.2021,33,105,39,177
04.12.2021,33,106,36,175
05.12.2021,35,104,36,175
06.12.2021,35,103,35,173
07.12.2021,36,104,30,170
08.12.2021,35,103,29,167
09.12.2021,34,103,29,166
10.12.2021,39,96,31,166
11.12.2021,39,97,30,166
12.12.2021,39,99,31,169
13.12.2021,37,102,30,169
14.12.2021,38,103,32,173
15.12.2021,38,104,31,173
16.12.2021,35,105,30,170
17.12.2021,36,105,32,173
18.12.2021,37,103,33,173
19.12.2021,37,104,33,174
20.12.2021,37,104,37,178
21.12.2021,38,106,34,178
22.12.2021,34,108,29,171
23.12.2021,34,107,31,172
24.12.2021,31,108,32,171
25.12.2021,32,108,35,175
26.12.2021,32,109,32,173
27.12.2021,32,109,29,170
28.12.2021,33,108,29,170
29.12.2021,33,107,31,171
30.12.2021,34,107,28,169
31.12.2021,33,106,30,169
01.01.2022,34,106,30,170
02.01.2022,37,102,28,167
03.01.2022,36,99,31,166
04.01.2022,34,103,31,168
05.01.2022,35,103,33,171
06.01.2022,36,102,36,174
07.01.2022,35,100,37,172
08.01.2022,34,101,36,171
09.01.2022,34,101,31,166
10.01.2022,35,101,30,166
11.01.2022,34,101,34,169
12.01.2022,34,101,38,173
13.01.2022,32,108,41,181
14.01.2022,34,109,42,185
15.01.2022,31,112,40,183
16.01.2022,32,110,40,182
17.01.2022,34,110,34,178
18.01.2022,33,113,35,181
19.01.2022,32,115,38,185
20.01.2022,33,118,34,185
21.01.2022,32,120,34,186
22.01.2022,33,119,34,186
23.01.2022,33,120,36,189
24.01.2022,32,122,36,190
25.01.2022,38,119,38,195
26.01.2022,39,119,35,193
27.01.2022,39,119,36,194
28.01.2022,37,121,35,193
29.01.2022,37,121,35,193
30.01.2022,38,117,37,192
31.01.2022,37,117,36,190
01.02.2022,39,119,36,194
02.02.2022,40,121,34,195
03.02.2022,41,120,33,194
04.02.2022,40,123,34,197
05.02.2022,41,120,35,196
06.02.2022,40,120,35,195
07.02.2022,39,120,34,193
08.02.2022,42,120,32,194
09.02.2022,42,120,34,196
10.02.2022,40,120,36,196
11.02.2022,43,114,33,190
12.02.2022,41,116,35,192
13.02.2022,42,114,35,191
14.02.2022,44,111,39,194
15.02.2022,43,113,35,191
16.02.2022,40,120,34,194
17.02.2022,41,120,34,195
18.02.2022,37,122,33,192
19.02.2022,38,119,33,190
20.02.2022,39,117,31,187
21.02.2022,39,115,31,185
22.02.2022,40,112,33,185
23.02.2022,39,116,37,192
24.02.2022,39,116,44,199
25.02.2022,39,115,50,204
26.02.2022,39,118,50,207
27.02.2022,39,121,46,206
28.02.2022,39,121,53,213
01.03.2022,39,124,49,212
02.03.2022,39,127,49,215
03.03.2022,40,126,54,220
04.03.2022,42,123,56,221
05.03.2022,43,121,55,219
06.03.2022,42,122,55,219
07.03.2022,39,126,54,219
08.03.2022,41,121,54,216
09.03.2022,41,120,56,217
10.03.2022,41,123,56,220
11.03.2022,43,121,56,220
12.03.2022,40,125,55,220
13.03.2022,39,126,55,220
14.03.2022,39,124,56,219
15.03.2022,41,126,57,224
16.03.2022,39,126,56,221
17.03.2022,41,124,55,220
18.03.2022,42,128,54,224
19.03.2022,40,131,54,225
20.03.2022,42,128,55,225
21.03.2022,40,129,54,223
22.03.2022,40,128,53,221
23.03.2022,41,125,51,217
24.03.2022,42,126,41,209
25.03.2022,42,126,39,207
26.03.2022,41,128,36,205
27.03.2022,41,128,36,205
28.03.2022,40,128,35,203
29.03.2022,40,125,28,193
30.03.2022,42,112,25,179
31.03.2022,40,107,23,170
01.04.2022,41,104,27,172
02.04.2022,41,103,27,171
03.04.2022,41,102,28,171
04.04.2022,40,104,23,167
05.04.2022,42,105,25,172
06.04.2022,41,106,23,170
07.04.2022,42,107,27,176
08.04.2022,43,102,25,170
09.04.2022,43,102,25,170
10.04.2022,43,101,26,170
11.04.2022,43,104,23,170
12.04.2022,44,101,26,171
13.04.2022,45,104,26,175
14.04.2022,46,103,30,179
15.04.2022,45,104,31,180
16.04.2022,45,104,32,181
17.04.2022,47,100,32,179
18.04.2022,45,99,33,177
19.04.2022,44,97,33,174
20.04.2022,44,100,38,182
21.04.2022,44,99,40,183
22.04.2022,42,101,36,179
23.04.2022,41,105,36,182
24.04.2022,42,106,36,184
25.04.2022,42,101,38,181
26.04.2022,43,100,41,184
27.04.2022,44,102,39,185
28.04.2022,45,100,37,182
29.04.2022,44,99,36,179
30.04.2022,44,99,35,178
01.05.2022,42,101,35,178
02.05.2022,41,103,36,180
03.05.2022,40,107,36,183
04.05.2022,40,111,36,187
05.05.2022,39,114,30,183
06.05.2022,39,117,31,187
07.05.2022,42,114,29,185
08.05.2022,39,117,30,186
09.05.2022,41,115,30,186
10.05.2022,41,115,27,183
11.05.2022,42,113,32,187
12.05.2022,42,114,28,184
13.05.2022,43,111,26,180
14.05.2022,42,113,26,181
15.05.2022,42,115,24,181
16.05.2022,39,114,26,179
17.05.2022,38,115,27,180
18.05.2022,40,109,23,172
19.05.2022,40,106,21,167
20.05.2022,40,103,22,165
21.05.2022,38,103,23,164
22.05.2022,37,104,20,161
23.05.2022,36,104,20,160
24.05.2022,36,105,21,162
25.05.2022,37,105,20,162
26.05.2022,37,102,23,162
27.05.2022,39,97,22,158
28.05.2022,37,99,23,159
29.05.2022,37,99,24,160
30.05.2022,37,97,26,160
31.05.2022,37,90,23,150
01.06.2022,37,88,22,147
02.06.2022,36,85,20,141
03.06.2022,32,84,20,136
04.06.2022,32,83,20,135
05.06.2022,32,84,18,134
06.06.2022,32,85,19,136
07.06.2022,30,72,20,122
08.06.2022,30,76,16,122
09.06.2022,29,79,15,123
10.06.2022,30,81,14,125
11.06.2022,29,82,14,125
12.06.2022,30,80,15,125
13.06.2022,29,82,15,126
14.06.2022,29,81,18,128
15.06.2022,30,80,24,134
16.06.2022,33,77,26,136
17.06.2022,32,85,21,138
18.06.2022,31,87,18,136
19.06.2022,31,87,19,137
20.06.2022,31,89,24,144
21.06.2022,31,95,24,150
22.06.2022,31,101,25,157
23.06.2022,31,100,27,158
24.06.2022,31,99,29,159
25.06.2022,29,101,29,159
26.06.2022,28,102,29,159
27.06.2022,27,102,29,158
28.06.2022,28,101,29,158
29.06.2022,27,101,30,158
30.06.2022,28,99,34,161
01.07.2022,26,100,33,159
02.07.2022,26,100,33,159
03.07.2022,26,99,33,158
04.07.2022,24,98,32,154
05.07.2022,26,96,33,155
06.07.2022,26,94,35,155
07.07.2022,26,93,35,154
08.07.2022,28,91,34,153
09.07.2022,26,92,34,152
10.07.2022,25,96,34,155
11.07.2022,26,94,36,156
12.07.2022,27,97,34,158
13.07.2022,24,99,33,156
14.07.2022,24,98,32,154
15.07.2022,23,100,31,154
16.07.2022,22,100,31,153
17.07.2022,22,101,29,152
18.07.2022,23,99,28,150
19.07.2022,24,96,28,148
20.07.2022,25,86,21,132
21.07.2022,26,82,22,130
22.07.2022,28,78,19,125
23.07.2022,26,81,21,128
24.07.2022,25,84,19,128
25.07.2022,22,87,19,128
26.07.2022,21,87,18,126
27.07.2022,21,87,17,125
28.07.2022,20,86,16,122
29.07.2022,20,83,17,120
30.07.2022,20,84,17,121
31.07.2022,21,83,18,122
01.08.2022,21,84,16,121
02.08.2022,25,79,15,119
03.08.2022,25,79,16,120
04.08.2022,24,80,13,117
05.08.2022,24,79,15,118
06.08.2022,24,80,15,119
07.08.2022,24,80,15,119
08.08.2022,23,79,15,117
09.08.2022,23,76,14,113
10.08.2022,23,73,12,108
11.08.2022,25,72,12,109
12.08.2022,25,71,15,111
13.08.2022,25,71,17,113
14.08.2022,25,70,18,113
15.08.2022,23,72,19,114
16.08.2022,24,72,18,114
17.08.2022,22,71,17,110
18.08.2022,22,71,16,109
19.08.2022,22,70,18,110
20.08.2022,22,72,15,109
21.08.2022,22,69,14,105
22.08.2022,21,71,14,106
23.08.2022,22,74,11,107
24.08.2022,22,75,12,109
25.08.2022,21,79,12,112
26.08.2022,20,78,14,112
27.08.2022,20,78,14,112
28.08.2022,19,78,13,110
29.08.2022,19,77,15,111
30.08.2022,20,75,16,111
31.08.2022,20,75,18,113
01.09.2022,21,73,18,112
02.09.2022,20,72,19,111
03.09.2022,20,71,19,110
04.09.2022,20,73,21,114
05.09.2022,20,75,25,120
06.09.2022,20,74,28,122
07.09.2022,19,78,27,124
08.09.2022,20,80,25,125
09.09.2022,20,84,22,126
10.09.2022,19,84,22,125
11.09.2022,19,84,22,125
12.09.2022,19,84,20,123
13.09.2022,19,83,22,124
14.09.2022,20,84,21,125
15.09.2022,21,89,20,130
16.09.2022,21,90,20,131
17.09.2022,21,89,20,130
18.09.2022,21,90,21,132
19.09.2022,19,93,23,135
20.09.2022,21,88,20,129
21.09.2022,22,85,21,128
22.09.2022,21,82,22,125
23.09.2022,20,81,19,120
24.09.2022,20,80,19,119
25.09.2022,19,81,19,119
26.09.2022,19,79,16,114
27.09.2022,22,75,18,115
28.09.2022,21,77,15,113
29.09.2022,22,80,15,117
30.09.2022,20,80,17,117
01.10.2022,20,80,17,117
02.10.2022,20,78,17,115
03.10.2022,22,78,17,117
04.10.2022,21,77,17,115
05.10.2022,22,74,20,116
06.10.2022,25,70,17,112
07.10.2022,25,70,17,112
08.10.2022,25,70,18,113
09.10.2022,26,69,18,113
10.10.2022,26,69,20,115
11.10.2022,26,73,19,118
12.10.2022,27,73,19,119
13.10.2022,28,72,18,118
14.10.2022,27,71,19,117
15.10.2022,26,72,19,117
16.10.2022,26,73,20,119
17.10.2022,26,75,19,120
18.10.2022,29,73,18,120
19.10.2022,30,72,20,122
20.10.2022,28,79,17,124
21.10.2022,28,80,19,127
22.10.2022,28,79,22,129
23.10.2022,27,80,22,129
24.10.2022,26,80,22,128
25.10.2022,29,75,21,125
26.10.2022,31,73,20,124
27.10.2022,30,71,18,119
28.10.2022,30,70,17,117
29.10.2022,30,71,17,118
30.10.2022,30,69,17,116
31.10.2022,29,72,16,117
01.11.2022,29,75,15,119
02.11.2022,29,77,15,121
03.11.2022,31,73,17,121
04.11.2022,31,71,15,117
05.11.2022,31,72,15,118
06.11.2022,33,70,16,119
07.11.2022,33,72,14,119
08.11.2022,33,72,11,116
09.11.2022,34,72,12,118
10.11.2022,37,69,11,117
11.11.2022,38,66,15,119
12.11.2022,36,68,15,119
13.11.2022,36,68,16,120
14.11.2022,31,74,18,123
15.11.2022,33,71,18,122
16.11.2022,33,69,21,123
17.11.2022,33,68,18,119
18.11.2022,33,69,16,118
19.11.2022,33,67,13,113
20.11.2022,34,66,13,113
21.11.2022,33,65,15,113
22.11.2022,33,63,16,112
23.11.2022,34,65,16,115
24.11.2022,32,65,17,114
25.11.2022,31,64,17,112
26.11.2022,31,62,17,110
27.11.2022,31,62,17,110
28.11.2022,30,63,19,112
29.11.2022,28,61,20,109
30.11.2022,26,63,20,109
01.12.2022,26,66,21,113
02.12.2022,27,64,22,113
03.12.2022,28,62,22,112
04.12.2022,30,60,23,113
05.12.2022,29,64,22,115
06.12.2022,30,63,22,115
07.12.2022,29,66,20,115
08.12.2022,29,59,22,110
09.12.2022,31,59,15,105
10.12.2022,30,61,14,105
11.12.2022,31,61,14,106
12.12.2022,27,67,13,107
13.12.2022,28,66,16,110
14.12.2022,28,67,15,110
15.12.2022,29,66,15,110
16.12.2022,29,66,14,109
17.12.2022,30,65,14,109
18.12.2022,30,65,14,109
19.12.2022,28,67,15,110
20.12.2022,29,68,15,112
21.12.2022,30,70,9,109
22.12.2022,30,70,9,109
23.12.2022,30,70,9,109
24.12.2022,30,70,9,109
25.12.2022,31,71,11,113
26.12.2022,31,70,10,111
27.12.2022,30,69,10,109
28.12.2022,30,70,11,111
29.12.2022,28,73,10,111
30.12.2022,29,71,9,109
31.12.2022,29,73,7,109
01.01.2023,29,74,7,110
02.01.2023,28,77,9,114
03.01.2023,28,77,7,112
04.01.2023,28,76,7,111
05.01.2023,28,75,8,111
06.01.2023,28,74,7,109
07.01.2023,28,74,7,109
08.01.2023,29,72,8,109
09.01.2023,25,75,8,108
10.01.2023,25,73,8,106
11.01.2023,27,69,10,106
12.01.2023,25,70,10,105
13.01.2023,29,66,9,104
14.01.2023,30,65,9,104
15.01.2023,30,65,9,104
16.01.2023,28,67,8,103
17.01.2023,27,71,7,105
18.01.2023,26,72,7,105
19.01.2023,26,72,7,105
20.01.2023,25,73,6,104
21.01.2023,26,72,6,104
22.01.2023,27,71,7,105
23.01.2023,29,70,9,108
24.01.2023,28,73,8,109
25.01.2023,28,74,8,110
26.01.2023,29,75,8,112
27.01.2023,28,79,10,117
28.01.2023,27,81,9,117
29.01.2023,27,82,7,116
30.01.2023,28,80,8,116
31.01.2023,27,79,13,119
01.02.2023,28,78,12,118
02.02.2023,29,79,10,118
03.02.2023,29,80,9,118
04.02.2023,30,80,8,118
05.02.2023,30,81,7,118
06.02.2023,30,81,11,122
07.02.2023,29,85,9,123
08.02.2023,31,85,8,124
09.02.2023,30,86,9,125
10.02.2023,29,86,12,127
11.02.2023,28,88,12,128
12.02.2023,29,88,11,128
13.02.2023,28,89,13,130
14.02.2023,27,87,14,128
15.02.2023,27,86,14,127
16.02.2023,27,87,15,129
17.02.2023,27,88,14,129
18.02.2023,29,85,14,128
19.02.2023,30,83,16,129
20.02.2023,30,83,17,130
21.02.2023,27,83,18,128
22.02.2023,28,81,19,128
23.02.2023,27,83,21,131
24.02.2023,28,84,18,130
25.02.2023,27,85,19,131
26.02.2023,27,90,15,132
27.02.2023,28,85,14,127
28.02.2023,27,84,12,123
01.03.2023,26,84,14,124
02.03.2023,28,82,14,124
03.03.2023,29,83,14,126
04.03.2023,30,82,14,126
05.03.2023,30,80,14,124
06.03.2023,31,78,15,124
07.03.2023,32,77,18,127
08.03.2023,33,75,19,127
09.03.2023,32,77,18,127
10.03.2023,34,73,16,123
11.03.2023,33,73,16,122
12.03.2023,33,73,15,121
13.03.2023,33,73,13,119
14.03.2023,33,74,14,121
15.03.2023,33,72,15,120
16.03.2023,35,71,13,119
17.03.2023,33,71,14,118
18.03.2023,34,69,14,117
19.03.2023,33,70,14,117
20.03.2023,34,69,14,117
21.03.2023,36,66,14,116
22.03.2023,35,65,13,113
23.03.2023,33,65,12,110
24.03.2023,35,60,12,107
25.03.2023,36,59,12,107
26.03.2023,36,56,14,106
27.03.2023,36,59,13,108
28.03.2023,34,63,14,111
29.03.2023,35,62,12,109
30.03.2023,34,61,13,108
31.03.2023,36,60,13,109
01.04.2023,38,59,12,109
02.04.2023,38,59,12,109
03.04.2023,37,62,12,111
04.04.2023,35,65,10,110
05.04.2023,36,65,9,110
06.04.2023,35,64,8,107
07.04.2023,34,65,8,107
08.04.2023,34,66,8,108
09.04.2023,31,68,8,107
10.04.2023,31,69,8,108
11.04.2023,31,68,10,109
12.04.2023,32,66,11,109
13.04.2023,34,65,12,111
14.04.2023,35,64,15,114
15.04.2023,34,69,17,120
16.04.2023,34,72,15,121
17.04.2023,34,67,17,118
18.04.2023,36,68,17,121
19.04.2023,34,72,18,124
20.04.2023,34,72,19,125
21.04.2023,35,75,16,126
22.04.2023,35,75,16,126
23.04.2023,34,78,15,127
24.04.2023,34,75,17,126
25.04.2023,32,76,19,127
26.04.2023,33,73,20,126
27.04.2023,31,72,20,123
28.04.2023,32,70,21,123
29.04.2023,32,68,21,121
30.04.2023,32,69,21,122
01.05.2023,31,65,22,118
02.05.2023,29,66,21,116
03.05.2023,29,66,20,115
04.05.2023,28,67,20,115
05.05.2023,29,66,20,115
06.05.2023,29,63,20,112
07.05.2023,29,63,20,112
08.05.2023,28,66,19,113
09.05.2023,30,64,18,112
10.05.2023,30,67,19,116
11.05.2023,29,70,17,116
12.05.2023,31,69,20,120
13.05.2023,31,70,23,124
14.05.2023,32,65,20,117
15.05.2023,31,67,20,118
16.05.2023,31,65,20,116
17.05.2023,30,68,17,115
18.05.2023,30,67,20,117
19.05.2023,32,64,21,117
20.05.2023,32,64,21,117
21.05.2023,30,66,21,117
22.05.2023,28,71,19,118
23.05.2023,28,72,16,116
24.05.2023,29,73,14,116
25.05.2023,27,76,15,118
26.05.2023,27,77,14,118
27.05.2023,29,75,14,118
28.05.2023,30,75,14,119
29.05.2023,30,75,13,118
30.05.2023,29,75,14,118
31.05.2023,28,77,15,120
01.06.2023,29,76,17,122
02.06.2023,31,75,15,121
03.06.2023,31,75,15,121
04.06.2023,31,75,16,122
05.06.2023,30,77,16,123
06.06.2023,31,76,17,124
07.06.2023,31,76,18,125
08.06.2023,29,74,19,122
09.06.2023,29,73,16,118
10.06.2023,29,71,15,115
11.06.2023,29,64,15,108
12.06.2023,29,65,13,107
13.06.2023,30,68,14,112
14.06.2023,30,65,14,109
15.06.2023,31,63,14,108
16.06.2023,32,57,14,103
17.06.2023,32,57,14,103
18.06.2023,31,58,14,103
19.06.2023,31,58,13,102
20.06.2023,31,57,13,101
21.06.2023,32,56,12,100
22.06.2023,33,56,14,103
23.06.2023,33,55,14,102
24.06.2023,34,54,14,102
25.06.2023,34,53,14,101
26.06.2023,32,55,14,101
27.06.2023,31,55,13,99
28.06.2023,29,56,13,98
29.06.2023,29,54,11,94
30.06.2023,29,54,11,94
01.07.2023,29,52,13,94
02.07.2023,29,53,11,93
03.07.2023,30,51,12,93
04.07.2023,30,47,11,88
05.07.2023,30,44,11,85
06.07.2023,27,47,12,86
07.07.2023,27,49,11,87
08.07.2023,27,48,10,85
09.07.2023,27,48,10,85
10.07.2023,28,48,13,89
11.07.2023,28,47,12,87
12.07.2023,28,50,11,89
13.07.2023,30,48,11,89
14.07.2023,30,48,11,89
15.07.2023,30,48,12,90
16.07.2023,30,49,12,91
17.07.2023,28,50,13,91
18.07.2023,28,50,13,91
19.07.2023,27,48,12,87
20.07.2023,27,47,10,84
21.07.2023,27,50,9,86
22.07.2023,28,49,9,86
23.07.2023,28,49,9,86
24.07.2023,28,49,10,87
25.07.2023,28,47,10,85
26.07.2023,28,47,10,85
27.07.2023,28,48,14,90
28.07.2023,28,48,14,90
29.07.2023,28,48,14,90
30.07.2023,28,48,14,90
31.07.2023,28,45,12,85
01.08.2023,29,42,12,83
02.08.2023,28,43,11,82
03.08.2023,26,47,10,83
04.08.2023,28,49,9,86
05.08.2023,27,50,9,86
06.08.2023,27,50,9,86
07.08.2023,25,51,10,86
08.08.2023,27,51,11,89
09.08.2023,22,57,9,88
10.08.2023,25,54,10,89
11.08.2023,25,54,13,92
12.08.2023,25,54,13,92
13.08.2023,26,53,14,93
14.08.2023,25,53,11,89
15.08.2023,26,52,12,90
16.08.2023,27,50,13,90
17.08.2023,27,49,14,90
18.08.2023,27,51,13,91
19.08.2023,27,52,12,91
20.08.2023,27,51,12,90
21.08.2023,27,52,11,90
22.08.2023,29,50,10,89
23.08.2023,27,51,12,90
24.08.2023,26,53,11,90
25.08.2023,25,55,11,91
26.08.2023,25,56,11,92
27.08.2023,23,56,11,90
28.08.2023,22,57,11,90
29.08.2023,22,56,15,93
30.08.2023,20,57,16,93
31.08.2023,17,58,16,91
01.09.2023,18,54,17,89
02.09.2023,18,54,17,89
03.09.2023,18,55,19,92
04.09.2023,18,55,17,90
05.09.2023,18,54,17,89
06.09.2023,17,56,17,90
07.09.2023,19,55,16,90
08.09.2023,20,52,15,87
09.09.2023,20,52,15,87
10.09.2023,18,53,14,85
11.09.2023,20,51,15,86
12.09.2023,20,49,15,84
13.09.2023,21,49,15,85
14.09.2023,21,49,18,88
15.09.2023,22,45,18,85
16.09.2023,22,45,18,85
17.09.2023,22,45,18,85
18.09.2023,22,45,19,86
19.09.2023,24,47,21,92
20.09.2023,24,48,19,91
21.09.2023,26,46,18,90
22.09.2023,23,52,19,94
23.09.2023,23,52,19,94
24.09.2023,22,52,19,93
25.09.2023,21,54,18,93
26.09.2023,23,52,16,91
27.09.2023,23,51,16,90
28.09.2023,22,52,16,90
29.09.2023,23,50,15,88
30.09.2023,23,50,15,88
01.10.2023,24,48,13,85
