hedera,,,,
Date, Full Time, Part Time, One Time, Total
20.03.2017,0,0,1,1
21.03.2017,0,1,0,1
22.03.2017,0,1,0,1
23.03.2017,0,1,0,1
24.03.2017,0,1,0,1
25.03.2017,0,1,0,1
26.03.2017,0,1,0,1
27.03.2017,0,1,0,1
28.03.2017,0,1,0,1
29.03.2017,0,1,0,1
30.03.2017,0,1,1,2
31.03.2017,0,1,1,2
01.04.2017,0,1,1,2
02.04.2017,0,1,1,2
03.04.2017,0,1,1,2
04.04.2017,0,1,1,2
05.04.2017,0,1,1,2
06.04.2017,0,1,1,2
07.04.2017,0,1,1,2
08.04.2017,0,1,1,2
09.04.2017,0,1,1,2
10.04.2017,0,1,1,2
11.04.2017,0,1,1,2
12.04.2017,0,1,1,2
13.04.2017,0,1,1,2
14.04.2017,0,1,1,2
15.04.2017,0,1,1,2
16.04.2017,0,1,1,2
17.04.2017,0,1,1,2
18.04.2017,1,0,1,2
19.04.2017,1,0,1,2
20.04.2017,1,0,1,2
21.04.2017,1,0,2,3
22.04.2017,1,1,1,3
23.04.2017,1,1,1,3
24.04.2017,1,1,1,3
25.04.2017,1,1,1,3
26.04.2017,1,1,1,3
27.04.2017,1,1,0,2
28.04.2017,1,1,0,2
29.04.2017,1,1,0,2
30.04.2017,1,1,0,2
01.05.2017,1,1,0,2
02.05.2017,1,1,0,2
03.05.2017,1,1,0,2
04.05.2017,1,1,0,2
05.05.2017,1,1,0,2
06.05.2017,1,1,0,2
07.05.2017,1,1,0,2
08.05.2017,1,1,0,2
09.05.2017,1,1,0,2
10.05.2017,1,1,0,2
11.05.2017,1,1,0,2
12.05.2017,1,1,1,3
13.05.2017,1,2,0,3
14.05.2017,1,2,0,3
15.05.2017,1,2,0,3
16.05.2017,1,2,0,3
17.05.2017,1,2,0,3
18.05.2017,1,2,0,3
19.05.2017,1,2,0,3
20.05.2017,1,2,0,3
21.05.2017,1,2,0,3
22.05.2017,1,2,0,3
23.05.2017,1,2,0,3
24.05.2017,1,2,0,3
25.05.2017,1,2,0,3
26.05.2017,2,1,0,3
27.05.2017,1,2,0,3
28.05.2017,1,2,0,3
29.05.2017,2,1,0,3
30.05.2017,2,1,0,3
31.05.2017,1,2,0,3
01.06.2017,2,1,0,3
02.06.2017,2,1,0,3
03.06.2017,2,1,0,3
04.06.2017,2,1,0,3
05.06.2017,2,1,0,3
06.06.2017,2,1,0,3
07.06.2017,2,1,0,3
08.06.2017,2,1,0,3
09.06.2017,2,1,0,3
10.06.2017,2,1,0,3
11.06.2017,2,1,0,3
12.06.2017,2,1,0,3
13.06.2017,2,1,0,3
14.06.2017,2,1,0,3
15.06.2017,2,1,0,3
16.06.2017,2,1,0,3
17.06.2017,2,1,0,3
18.06.2017,2,1,0,3
19.06.2017,2,1,0,3
20.06.2017,2,1,0,3
21.06.2017,2,1,0,3
22.06.2017,2,1,0,3
23.06.2017,2,1,0,3
24.06.2017,2,1,0,3
25.06.2017,2,1,0,3
26.06.2017,2,1,0,3
27.06.2017,2,1,0,3
28.06.2017,2,1,0,3
29.06.2017,2,1,0,3
30.06.2017,2,1,0,3
01.07.2017,2,1,0,3
02.07.2017,3,0,0,3
03.07.2017,3,0,0,3
04.07.2017,3,0,0,3
05.07.2017,3,0,0,3
06.07.2017,3,0,0,3
07.07.2017,3,0,0,3
08.07.2017,2,1,0,3
09.07.2017,2,1,0,3
10.07.2017,2,1,0,3
11.07.2017,2,1,0,3
12.07.2017,2,1,0,3
13.07.2017,2,1,0,3
14.07.2017,2,1,0,3
15.07.2017,2,1,1,4
16.07.2017,2,1,1,4
17.07.2017,2,1,1,4
18.07.2017,2,1,1,4
19.07.2017,2,1,1,4
20.07.2017,2,1,1,4
21.07.2017,2,1,1,4
22.07.2017,2,1,1,4
23.07.2017,2,1,1,4
24.07.2017,2,1,1,4
25.07.2017,2,1,1,4
26.07.2017,2,1,1,4
27.07.2017,2,1,1,4
28.07.2017,2,1,1,4
29.07.2017,2,1,1,4
30.07.2017,3,0,1,4
31.07.2017,2,0,1,3
01.08.2017,2,0,1,3
02.08.2017,2,0,1,3
03.08.2017,2,0,1,3
04.08.2017,2,0,1,3
05.08.2017,2,0,1,3
06.08.2017,2,0,1,3
07.08.2017,2,0,1,3
08.08.2017,2,1,1,4
09.08.2017,2,1,1,4
10.08.2017,2,1,1,4
11.08.2017,2,1,1,4
12.08.2017,2,1,0,3
13.08.2017,2,1,0,3
14.08.2017,2,1,0,3
15.08.2017,2,1,0,3
16.08.2017,2,1,0,3
17.08.2017,2,1,1,4
18.08.2017,2,1,1,4
19.08.2017,2,1,1,4
20.08.2017,2,1,1,4
21.08.2017,2,1,1,4
22.08.2017,2,1,1,4
23.08.2017,2,1,1,4
24.08.2017,2,1,1,4
25.08.2017,2,1,2,5
26.08.2017,2,1,2,5
27.08.2017,2,1,2,5
28.08.2017,2,1,2,5
29.08.2017,2,1,2,5
30.08.2017,2,1,2,5
31.08.2017,2,1,2,5
01.09.2017,2,1,2,5
02.09.2017,1,1,2,4
03.09.2017,1,1,2,4
04.09.2017,1,1,2,4
05.09.2017,1,1,2,4
06.09.2017,1,1,2,4
07.09.2017,1,1,2,4
08.09.2017,1,1,2,4
09.09.2017,2,1,2,5
10.09.2017,2,1,3,6
11.09.2017,2,1,4,7
12.09.2017,2,1,4,7
13.09.2017,2,2,4,8
14.09.2017,2,2,3,7
15.09.2017,2,3,2,7
16.09.2017,2,3,2,7
17.09.2017,1,4,2,7
18.09.2017,0,5,2,7
19.09.2017,1,4,2,7
20.09.2017,1,4,2,7
21.09.2017,1,4,2,7
22.09.2017,1,4,1,6
23.09.2017,1,4,1,6
24.09.2017,1,4,1,6
25.09.2017,1,4,1,6
26.09.2017,1,4,2,7
27.09.2017,1,4,2,7
28.09.2017,2,3,2,7
29.09.2017,2,3,2,7
30.09.2017,2,3,2,7
01.10.2017,2,3,2,7
02.10.2017,2,3,2,7
03.10.2017,2,3,2,7
04.10.2017,2,3,2,7
05.10.2017,2,3,2,7
06.10.2017,2,3,2,7
07.10.2017,2,3,2,7
08.10.2017,2,3,2,7
09.10.2017,1,4,2,7
10.10.2017,1,4,3,8
11.10.2017,0,4,2,6
12.10.2017,0,4,2,6
13.10.2017,0,3,2,5
14.10.2017,0,3,2,5
15.10.2017,0,4,2,6
16.10.2017,0,4,2,6
17.10.2017,1,3,2,6
18.10.2017,1,3,2,6
19.10.2017,1,3,2,6
20.10.2017,1,3,2,6
21.10.2017,1,3,2,6
22.10.2017,1,3,2,6
23.10.2017,1,3,2,6
24.10.2017,1,3,1,5
25.10.2017,1,3,1,5
26.10.2017,1,3,1,5
27.10.2017,1,3,1,5
28.10.2017,1,3,1,5
29.10.2017,1,3,1,5
30.10.2017,1,3,1,5
31.10.2017,1,3,3,7
01.11.2017,1,3,3,7
02.11.2017,1,3,4,8
03.11.2017,1,3,4,8
04.11.2017,1,3,4,8
05.11.2017,1,3,4,8
06.11.2017,0,4,4,8
07.11.2017,0,4,3,7
08.11.2017,0,4,3,7
09.11.2017,0,4,3,7
10.11.2017,0,4,3,7
11.11.2017,0,4,3,7
12.11.2017,0,3,3,6
13.11.2017,0,3,3,6
14.11.2017,0,3,3,6
15.11.2017,0,3,3,6
16.11.2017,0,3,3,6
17.11.2017,0,3,3,6
18.11.2017,0,3,3,6
19.11.2017,0,3,3,6
20.11.2017,0,3,3,6
21.11.2017,0,3,3,6
22.11.2017,0,3,3,6
23.11.2017,0,3,3,6
24.11.2017,0,3,3,6
25.11.2017,0,3,3,6
26.11.2017,0,3,3,6
27.11.2017,0,3,3,6
28.11.2017,0,3,1,4
29.11.2017,0,3,1,4
30.11.2017,0,3,0,3
01.12.2017,0,3,0,3
02.12.2017,0,3,0,3
03.12.2017,0,3,0,3
04.12.2017,0,3,0,3
05.12.2017,0,3,0,3
06.12.2017,0,3,0,3
07.12.2017,0,3,0,3
08.12.2017,0,3,0,3
09.12.2017,0,3,0,3
10.12.2017,0,3,0,3
11.12.2017,0,3,0,3
12.12.2017,0,3,0,3
13.12.2017,0,3,0,3
14.12.2017,0,3,0,3
15.12.2017,0,3,0,3
16.12.2017,0,3,0,3
17.12.2017,0,3,0,3
18.12.2017,0,3,0,3
19.12.2017,0,3,0,3
20.12.2017,0,2,0,2
21.12.2017,0,3,0,3
22.12.2017,0,3,0,3
23.12.2017,0,3,0,3
24.12.2017,0,3,0,3
25.12.2017,0,3,0,3
26.12.2017,0,3,0,3
27.12.2017,0,3,0,3
28.12.2017,0,3,0,3
29.12.2017,0,3,0,3
30.12.2017,0,3,0,3
31.12.2017,0,3,0,3
01.01.2018,0,3,0,3
02.01.2018,0,3,0,3
03.01.2018,0,3,0,3
04.01.2018,0,3,0,3
05.01.2018,0,3,0,3
06.01.2018,0,3,0,3
07.01.2018,0,3,0,3
08.01.2018,0,3,0,3
09.01.2018,0,3,0,3
10.01.2018,0,3,0,3
11.01.2018,0,3,0,3
12.01.2018,0,3,0,3
13.01.2018,0,3,0,3
14.01.2018,0,3,0,3
15.01.2018,0,3,0,3
16.01.2018,0,3,0,3
17.01.2018,0,3,0,3
18.01.2018,0,3,0,3
19.01.2018,0,3,0,3
20.01.2018,0,3,0,3
21.01.2018,0,3,0,3
22.01.2018,0,3,0,3
23.01.2018,0,3,0,3
24.01.2018,0,3,0,3
25.01.2018,0,3,0,3
26.01.2018,0,3,0,3
27.01.2018,0,3,0,3
28.01.2018,0,3,0,3
29.01.2018,0,3,0,3
30.01.2018,0,3,0,3
31.01.2018,0,3,1,4
01.02.2018,0,3,1,4
02.02.2018,0,3,1,4
03.02.2018,0,3,1,4
04.02.2018,0,3,1,4
05.02.2018,0,3,1,4
06.02.2018,0,3,1,4
07.02.2018,0,3,1,4
08.02.2018,0,3,1,4
09.02.2018,0,4,0,4
10.02.2018,0,4,0,4
11.02.2018,0,4,0,4
12.02.2018,0,4,0,4
13.02.2018,0,4,0,4
14.02.2018,0,4,0,4
15.02.2018,0,4,0,4
16.02.2018,0,4,0,4
17.02.2018,0,4,0,4
18.02.2018,0,4,0,4
19.02.2018,0,4,0,4
20.02.2018,0,4,1,5
21.02.2018,0,5,0,5
22.02.2018,0,5,0,5
23.02.2018,0,5,1,6
24.02.2018,0,5,1,6
25.02.2018,0,5,1,6
26.02.2018,0,5,1,6
27.02.2018,0,5,1,6
28.02.2018,0,5,1,6
01.03.2018,0,5,1,6
02.03.2018,0,5,1,6
03.03.2018,0,5,1,6
04.03.2018,0,5,1,6
05.03.2018,0,5,1,6
06.03.2018,0,5,1,6
07.03.2018,0,5,2,7
08.03.2018,0,4,3,7
09.03.2018,0,5,2,7
10.03.2018,0,5,2,7
11.03.2018,0,5,3,8
12.03.2018,0,5,3,8
13.03.2018,0,5,3,8
14.03.2018,0,5,3,8
15.03.2018,0,6,3,9
16.03.2018,1,5,3,9
17.03.2018,1,5,3,9
18.03.2018,1,5,3,9
19.03.2018,1,5,3,9
20.03.2018,1,5,3,9
21.03.2018,1,5,3,9
22.03.2018,1,5,3,9
23.03.2018,1,5,2,8
24.03.2018,1,5,2,8
25.03.2018,1,5,2,8
26.03.2018,1,5,2,8
27.03.2018,1,5,2,8
28.03.2018,1,5,2,8
29.03.2018,1,5,2,8
30.03.2018,1,5,2,8
31.03.2018,1,5,2,8
01.04.2018,1,5,2,8
02.04.2018,1,5,2,8
03.04.2018,1,5,2,8
04.04.2018,0,6,1,7
05.04.2018,0,6,1,7
06.04.2018,0,6,1,7
07.04.2018,0,6,1,7
08.04.2018,0,6,0,6
09.04.2018,0,6,0,6
10.04.2018,0,6,0,6
11.04.2018,0,5,0,5
12.04.2018,0,4,0,4
13.04.2018,1,3,0,4
14.04.2018,1,3,0,4
15.04.2018,1,3,0,4
16.04.2018,1,2,0,3
17.04.2018,1,2,0,3
18.04.2018,1,2,0,3
19.04.2018,1,2,0,3
20.04.2018,1,2,0,3
21.04.2018,1,2,0,3
22.04.2018,1,2,0,3
23.04.2018,1,2,0,3
24.04.2018,1,2,0,3
25.04.2018,1,2,0,3
26.04.2018,1,2,0,3
27.04.2018,1,2,0,3
28.04.2018,1,2,0,3
29.04.2018,1,2,0,3
30.04.2018,1,2,0,3
01.05.2018,1,2,0,3
02.05.2018,0,3,0,3
03.05.2018,0,3,0,3
04.05.2018,0,3,0,3
05.05.2018,0,3,0,3
06.05.2018,0,3,0,3
07.05.2018,0,3,0,3
08.05.2018,0,3,0,3
09.05.2018,0,3,0,3
10.05.2018,0,3,0,3
11.05.2018,1,2,0,3
12.05.2018,1,2,0,3
13.05.2018,1,2,0,3
14.05.2018,1,3,0,4
15.05.2018,1,3,0,4
16.05.2018,1,3,0,4
17.05.2018,1,3,2,6
18.05.2018,1,3,2,6
19.05.2018,1,3,2,6
20.05.2018,1,3,2,6
21.05.2018,1,3,2,6
22.05.2018,1,3,3,7
23.05.2018,1,3,3,7
24.05.2018,1,3,3,7
25.05.2018,1,3,3,7
26.05.2018,1,4,2,7
27.05.2018,1,4,2,7
28.05.2018,0,4,2,6
29.05.2018,0,4,2,6
30.05.2018,0,4,4,8
31.05.2018,0,5,4,9
01.06.2018,0,5,4,9
02.06.2018,0,5,4,9
03.06.2018,0,5,4,9
04.06.2018,0,5,5,10
05.06.2018,0,6,6,12
06.06.2018,0,6,6,12
07.06.2018,0,6,7,13
08.06.2018,0,6,7,13
09.06.2018,0,6,7,13
10.06.2018,0,6,7,13
11.06.2018,0,6,7,13
12.06.2018,0,6,7,13
13.06.2018,0,6,7,13
14.06.2018,0,6,8,14
15.06.2018,0,6,8,14
16.06.2018,0,6,8,14
17.06.2018,0,6,8,14
18.06.2018,0,5,8,13
19.06.2018,0,5,7,12
20.06.2018,0,5,7,12
21.06.2018,0,6,7,13
22.06.2018,0,6,7,13
23.06.2018,0,5,7,12
24.06.2018,0,5,7,12
25.06.2018,0,6,7,13
26.06.2018,0,6,7,13
27.06.2018,0,6,5,11
28.06.2018,0,7,4,11
29.06.2018,0,7,4,11
30.06.2018,0,8,4,12
01.07.2018,0,8,4,12
02.07.2018,0,8,3,11
03.07.2018,0,7,2,9
04.07.2018,0,7,2,9
05.07.2018,0,7,1,8
06.07.2018,0,7,1,8
07.07.2018,0,7,1,8
08.07.2018,0,7,1,8
09.07.2018,0,7,1,8
10.07.2018,0,6,1,7
11.07.2018,0,7,1,8
12.07.2018,0,7,1,8
13.07.2018,0,6,1,7
14.07.2018,0,6,1,7
15.07.2018,0,6,1,7
16.07.2018,0,6,1,7
17.07.2018,0,6,1,7
18.07.2018,0,7,1,8
19.07.2018,0,6,0,6
20.07.2018,0,6,0,6
21.07.2018,0,6,0,6
22.07.2018,0,6,0,6
23.07.2018,0,5,0,5
24.07.2018,0,5,0,5
25.07.2018,0,5,0,5
26.07.2018,0,6,0,6
27.07.2018,0,6,0,6
28.07.2018,0,5,0,5
29.07.2018,0,5,0,5
30.07.2018,0,5,0,5
31.07.2018,0,5,0,5
01.08.2018,0,6,0,6
02.08.2018,0,6,0,6
03.08.2018,0,6,0,6
04.08.2018,0,6,0,6
05.08.2018,0,6,0,6
06.08.2018,0,6,0,6
07.08.2018,0,6,0,6
08.08.2018,0,6,0,6
09.08.2018,0,6,0,6
10.08.2018,0,7,0,7
11.08.2018,0,7,0,7
12.08.2018,0,7,0,7
13.08.2018,0,7,0,7
14.08.2018,0,7,1,8
15.08.2018,0,6,1,7
16.08.2018,0,7,0,7
17.08.2018,0,7,0,7
18.08.2018,0,7,0,7
19.08.2018,0,7,0,7
20.08.2018,0,7,0,7
21.08.2018,0,6,0,6
22.08.2018,0,6,0,6
23.08.2018,0,5,0,5
24.08.2018,0,5,0,5
25.08.2018,0,4,0,4
26.08.2018,0,4,0,4
27.08.2018,0,5,0,5
28.08.2018,0,5,0,5
29.08.2018,0,5,0,5
30.08.2018,0,5,0,5
31.08.2018,0,5,0,5
01.09.2018,0,5,0,5
02.09.2018,0,5,0,5
03.09.2018,0,4,0,4
04.09.2018,0,3,0,3
05.09.2018,0,3,0,3
06.09.2018,0,4,0,4
07.09.2018,0,3,0,3
08.09.2018,0,3,0,3
09.09.2018,0,3,0,3
10.09.2018,0,3,0,3
11.09.2018,0,4,0,4
12.09.2018,0,4,0,4
13.09.2018,0,5,0,5
14.09.2018,0,5,0,5
15.09.2018,0,5,0,5
16.09.2018,0,5,0,5
17.09.2018,0,5,0,5
18.09.2018,0,5,0,5
19.09.2018,0,5,0,5
20.09.2018,0,5,0,5
21.09.2018,0,5,0,5
22.09.2018,0,5,0,5
23.09.2018,0,5,0,5
24.09.2018,0,5,0,5
25.09.2018,0,5,0,5
26.09.2018,0,5,0,5
27.09.2018,0,5,0,5
28.09.2018,0,5,1,6
29.09.2018,0,5,1,6
30.09.2018,0,5,1,6
01.10.2018,0,5,1,6
02.10.2018,0,5,1,6
03.10.2018,0,5,1,6
04.10.2018,0,5,1,6
05.10.2018,0,5,1,6
06.10.2018,0,5,1,6
07.10.2018,0,5,1,6
08.10.2018,0,5,1,6
09.10.2018,0,3,1,4
10.10.2018,0,3,3,6
11.10.2018,0,4,3,7
12.10.2018,0,5,3,8
13.10.2018,0,6,3,9
14.10.2018,0,8,4,12
15.10.2018,0,9,6,15
16.10.2018,0,11,6,17
17.10.2018,0,11,7,18
18.10.2018,0,11,7,18
19.10.2018,0,11,7,18
20.10.2018,0,11,7,18
21.10.2018,0,11,7,18
22.10.2018,0,11,7,18
23.10.2018,0,11,7,18
24.10.2018,0,11,7,18
25.10.2018,0,11,7,18
26.10.2018,0,11,6,17
27.10.2018,0,11,6,17
28.10.2018,0,11,6,17
29.10.2018,0,11,6,17
30.10.2018,0,11,6,17
31.10.2018,0,11,7,18
01.11.2018,0,12,8,20
02.11.2018,0,12,8,20
03.11.2018,0,12,8,20
04.11.2018,0,12,8,20
05.11.2018,0,12,8,20
06.11.2018,0,12,8,20
07.11.2018,0,12,7,19
08.11.2018,0,12,7,19
09.11.2018,0,11,7,18
10.11.2018,0,11,7,18
11.11.2018,0,11,6,17
12.11.2018,0,10,5,15
13.11.2018,0,10,3,13
14.11.2018,0,9,2,11
15.11.2018,0,8,2,10
16.11.2018,0,7,2,9
17.11.2018,0,7,2,9
18.11.2018,0,6,2,8
19.11.2018,0,6,2,8
20.11.2018,0,5,3,8
21.11.2018,0,5,3,8
22.11.2018,1,5,3,9
23.11.2018,0,7,3,10
24.11.2018,0,7,3,10
25.11.2018,0,7,3,10
26.11.2018,0,7,3,10
27.11.2018,0,7,4,11
28.11.2018,0,9,4,13
29.11.2018,1,9,1,11
30.11.2018,1,9,2,12
01.12.2018,1,9,3,13
02.12.2018,1,9,3,13
03.12.2018,1,10,3,14
04.12.2018,1,11,2,14
05.12.2018,1,11,2,14
06.12.2018,1,11,2,14
07.12.2018,1,11,2,14
08.12.2018,1,11,2,14
09.12.2018,1,11,3,15
10.12.2018,1,11,3,15
11.12.2018,1,12,5,18
12.12.2018,1,14,4,19
13.12.2018,1,14,4,19
14.12.2018,1,14,4,19
15.12.2018,1,15,5,21
16.12.2018,1,15,5,21
17.12.2018,1,15,5,21
18.12.2018,1,15,4,20
19.12.2018,1,15,4,20
20.12.2018,2,14,4,20
21.12.2018,2,13,3,18
22.12.2018,2,13,3,18
23.12.2018,2,13,3,18
24.12.2018,2,13,4,19
25.12.2018,2,14,3,19
26.12.2018,2,14,3,19
27.12.2018,3,13,3,19
28.12.2018,3,12,3,18
29.12.2018,3,12,3,18
30.12.2018,3,12,3,18
31.12.2018,2,12,3,17
01.01.2019,2,12,3,17
02.01.2019,2,12,3,17
03.01.2019,2,11,3,16
04.01.2019,2,12,3,17
05.01.2019,3,11,3,17
06.01.2019,3,11,2,16
07.01.2019,4,10,2,16
08.01.2019,4,11,2,17
09.01.2019,4,8,1,13
10.01.2019,3,9,1,13
11.01.2019,2,10,3,15
12.01.2019,2,8,2,12
13.01.2019,2,8,2,12
14.01.2019,2,7,2,11
15.01.2019,2,7,2,11
16.01.2019,2,7,2,11
17.01.2019,3,6,3,12
18.01.2019,2,7,3,12
19.01.2019,2,8,3,13
20.01.2019,2,8,4,14
21.01.2019,2,8,4,14
22.01.2019,2,8,4,14
23.01.2019,3,6,5,14
24.01.2019,3,6,5,14
25.01.2019,3,6,5,14
26.01.2019,3,6,5,14
27.01.2019,3,5,5,13
28.01.2019,3,8,4,15
29.01.2019,3,8,4,15
30.01.2019,2,10,4,16
31.01.2019,2,10,4,16
01.02.2019,2,10,4,16
02.02.2019,3,9,4,16
03.02.2019,3,9,4,16
04.02.2019,3,9,4,16
05.02.2019,3,9,4,16
06.02.2019,3,9,4,16
07.02.2019,3,9,4,16
08.02.2019,3,9,3,15
09.02.2019,3,9,3,15
10.02.2019,3,9,3,15
11.02.2019,3,9,4,16
12.02.2019,3,9,4,16
13.02.2019,3,9,4,16
14.02.2019,3,9,3,15
15.02.2019,3,9,3,15
16.02.2019,4,8,3,15
17.02.2019,4,8,2,14
18.02.2019,4,8,2,14
19.02.2019,4,8,2,14
20.02.2019,4,7,1,12
21.02.2019,4,7,2,13
22.02.2019,4,7,2,13
23.02.2019,4,7,2,13
24.02.2019,4,7,2,13
25.02.2019,4,7,2,13
26.02.2019,4,7,2,13
27.02.2019,2,8,2,12
28.02.2019,1,9,2,12
01.03.2019,1,9,2,12
02.03.2019,1,9,2,12
03.03.2019,1,9,2,12
04.03.2019,1,9,2,12
05.03.2019,1,9,2,12
06.03.2019,1,9,2,12
07.03.2019,1,8,2,11
08.03.2019,1,7,2,10
09.03.2019,1,7,2,10
10.03.2019,1,7,2,10
11.03.2019,2,7,2,11
12.03.2019,1,8,2,11
13.03.2019,1,6,1,8
14.03.2019,1,8,1,10
15.03.2019,2,6,2,10
16.03.2019,2,7,1,10
17.03.2019,2,7,1,10
18.03.2019,2,7,1,10
19.03.2019,2,7,3,12
20.03.2019,3,7,5,15
21.03.2019,3,8,3,14
22.03.2019,3,9,3,15
23.03.2019,3,9,3,15
24.03.2019,3,9,3,15
25.03.2019,3,9,3,15
26.03.2019,3,10,3,16
27.03.2019,2,10,3,15
28.03.2019,2,11,3,16
29.03.2019,2,12,3,17
30.03.2019,2,12,3,17
31.03.2019,2,12,3,17
01.04.2019,2,13,3,18
02.04.2019,3,12,4,19
03.04.2019,3,12,5,20
04.04.2019,3,12,5,20
05.04.2019,4,11,5,20
06.04.2019,4,11,5,20
07.04.2019,4,11,5,20
08.04.2019,4,10,5,19
09.04.2019,4,10,5,19
10.04.2019,4,11,7,22
11.04.2019,4,11,8,23
12.04.2019,4,11,8,23
13.04.2019,6,9,8,23
14.04.2019,6,10,7,23
15.04.2019,6,11,7,24
16.04.2019,6,11,6,23
17.04.2019,6,11,6,23
18.04.2019,7,10,6,23
19.04.2019,7,10,6,23
20.04.2019,6,11,6,23
21.04.2019,6,11,6,23
22.04.2019,6,11,7,24
23.04.2019,6,15,5,26
24.04.2019,5,15,6,26
25.04.2019,5,15,4,24
26.04.2019,5,14,3,22
27.04.2019,5,14,3,22
28.04.2019,5,14,3,22
29.04.2019,5,14,3,22
30.04.2019,4,14,2,20
01.05.2019,4,14,1,19
02.05.2019,4,14,1,19
03.05.2019,5,13,1,19
04.05.2019,5,13,2,20
05.05.2019,5,13,2,20
06.05.2019,6,13,3,22
07.05.2019,6,14,2,22
08.05.2019,6,13,2,21
09.05.2019,6,12,3,21
10.05.2019,6,13,4,23
11.05.2019,5,14,5,24
12.05.2019,6,15,3,24
13.05.2019,6,16,4,26
14.05.2019,5,17,3,25
15.05.2019,5,16,3,24
16.05.2019,5,15,4,24
17.05.2019,5,17,4,26
18.05.2019,5,17,4,26
19.05.2019,5,17,4,26
20.05.2019,5,15,4,24
21.05.2019,6,13,4,23
22.05.2019,6,15,3,24
23.05.2019,6,14,3,23
24.05.2019,6,14,3,23
25.05.2019,6,14,3,23
26.05.2019,6,15,3,24
27.05.2019,6,15,3,24
28.05.2019,6,15,3,24
29.05.2019,6,15,3,24
30.05.2019,6,15,4,25
31.05.2019,6,15,4,25
01.06.2019,6,15,4,25
02.06.2019,6,15,4,25
03.06.2019,6,15,4,25
04.06.2019,8,14,4,26
05.06.2019,8,14,3,25
06.06.2019,8,14,3,25
07.06.2019,8,14,3,25
08.06.2019,8,14,2,24
09.06.2019,8,14,2,24
10.06.2019,8,14,2,24
11.06.2019,8,13,2,23
12.06.2019,8,13,2,23
13.06.2019,8,13,1,22
14.06.2019,8,12,1,21
15.06.2019,7,13,1,21
16.06.2019,7,13,1,21
17.06.2019,7,13,1,21
18.06.2019,7,13,1,21
19.06.2019,7,11,1,19
20.06.2019,7,9,2,18
21.06.2019,7,9,2,18
22.06.2019,7,9,2,18
23.06.2019,7,9,1,17
24.06.2019,7,9,1,17
25.06.2019,6,10,1,17
26.06.2019,6,10,1,17
27.06.2019,6,11,0,17
28.06.2019,5,12,0,17
29.06.2019,5,12,0,17
30.06.2019,5,12,0,17
01.07.2019,5,10,0,15
02.07.2019,5,10,0,15
03.07.2019,5,10,0,15
04.07.2019,6,9,1,16
05.07.2019,5,10,1,16
06.07.2019,5,10,3,18
07.07.2019,5,11,2,18
08.07.2019,5,11,2,18
09.07.2019,4,10,2,16
10.07.2019,4,11,1,16
11.07.2019,4,10,1,15
12.07.2019,5,9,1,15
13.07.2019,5,9,1,15
14.07.2019,5,9,1,15
15.07.2019,5,9,1,15
16.07.2019,5,9,2,16
17.07.2019,5,8,3,16
18.07.2019,5,9,2,16
19.07.2019,5,9,2,16
20.07.2019,5,9,3,17
21.07.2019,5,10,3,18
22.07.2019,4,12,3,19
23.07.2019,4,10,3,17
24.07.2019,5,12,3,20
25.07.2019,5,12,6,23
26.07.2019,4,13,8,25
27.07.2019,4,13,8,25
28.07.2019,4,13,8,25
29.07.2019,3,13,10,26
30.07.2019,4,14,10,28
31.07.2019,4,15,12,31
01.08.2019,4,20,9,33
02.08.2019,4,20,11,35
03.08.2019,4,20,11,35
04.08.2019,4,20,11,35
05.08.2019,5,19,11,35
06.08.2019,5,21,9,35
07.08.2019,5,20,9,34
08.08.2019,5,22,9,36
09.08.2019,6,21,10,37
10.08.2019,6,21,11,38
11.08.2019,6,21,11,38
12.08.2019,5,21,11,37
13.08.2019,5,22,13,40
14.08.2019,6,24,10,40
15.08.2019,6,25,9,40
16.08.2019,6,26,9,41
17.08.2019,6,26,9,41
18.08.2019,6,24,10,40
19.08.2019,6,25,10,41
20.08.2019,6,26,9,41
21.08.2019,6,25,11,42
22.08.2019,6,26,8,40
23.08.2019,6,26,8,40
24.08.2019,7,25,8,40
25.08.2019,7,25,8,40
26.08.2019,7,24,7,38
27.08.2019,8,23,8,39
28.08.2019,8,25,6,39
29.08.2019,11,23,5,39
30.08.2019,11,23,4,38
31.08.2019,11,23,4,38
01.09.2019,11,23,4,38
02.09.2019,11,23,4,38
03.09.2019,11,22,4,37
04.09.2019,10,22,4,36
05.09.2019,10,21,3,34
06.09.2019,10,21,4,35
07.09.2019,10,21,4,35
08.09.2019,10,21,4,35
09.09.2019,10,21,4,35
10.09.2019,10,20,3,33
11.09.2019,14,15,3,32
12.09.2019,14,15,3,32
13.09.2019,15,13,4,32
14.09.2019,15,13,4,32
15.09.2019,15,13,4,32
16.09.2019,15,13,3,31
17.09.2019,15,12,3,30
18.09.2019,15,13,2,30
19.09.2019,16,13,2,31
20.09.2019,16,13,1,30
21.09.2019,16,13,1,30
22.09.2019,15,15,1,31
23.09.2019,15,15,1,31
24.09.2019,15,15,1,31
25.09.2019,15,14,1,30
26.09.2019,16,14,1,31
27.09.2019,16,13,1,30
28.09.2019,16,14,1,31
29.09.2019,16,14,1,31
30.09.2019,17,13,1,31
01.10.2019,17,13,1,31
02.10.2019,18,12,1,31
03.10.2019,19,12,2,33
04.10.2019,19,12,1,32
05.10.2019,18,13,1,32
06.10.2019,17,14,1,32
07.10.2019,18,12,1,31
08.10.2019,18,12,1,31
09.10.2019,18,12,1,31
10.10.2019,18,12,2,32
11.10.2019,18,12,2,32
12.10.2019,18,12,2,32
13.10.2019,18,12,2,32
14.10.2019,18,12,2,32
15.10.2019,18,11,3,32
16.10.2019,18,12,3,33
17.10.2019,18,11,2,31
18.10.2019,18,11,3,32
19.10.2019,18,12,3,33
20.10.2019,18,12,5,35
21.10.2019,17,12,5,34
22.10.2019,17,12,7,36
23.10.2019,17,13,8,38
24.10.2019,18,12,7,37
25.10.2019,18,13,6,37
26.10.2019,18,13,6,37
27.10.2019,18,13,6,37
28.10.2019,18,12,7,37
29.10.2019,18,14,6,38
30.10.2019,18,14,6,38
31.10.2019,18,14,5,37
01.11.2019,18,14,7,39
02.11.2019,18,14,8,40
03.11.2019,18,14,8,40
04.11.2019,19,15,6,40
05.11.2019,19,15,7,41
06.11.2019,20,16,8,44
07.11.2019,20,18,7,45
08.11.2019,19,20,6,45
09.11.2019,19,22,5,46
10.11.2019,19,22,5,46
11.11.2019,18,23,5,46
12.11.2019,17,22,4,43
13.11.2019,16,21,6,43
14.11.2019,17,21,5,43
15.11.2019,17,22,4,43
16.11.2019,17,22,4,43
17.11.2019,17,22,3,42
18.11.2019,16,23,4,43
19.11.2019,16,22,5,43
20.11.2019,17,22,5,44
21.11.2019,18,21,6,45
22.11.2019,19,20,6,45
23.11.2019,19,20,6,45
24.11.2019,19,20,6,45
25.11.2019,19,21,5,45
26.11.2019,20,21,8,49
27.11.2019,21,19,8,48
28.11.2019,20,20,8,48
29.11.2019,20,20,8,48
30.11.2019,19,21,8,48
01.12.2019,19,21,8,48
02.12.2019,17,23,8,48
03.12.2019,18,23,7,48
04.12.2019,19,22,6,47
05.12.2019,19,23,7,49
06.12.2019,19,24,6,49
07.12.2019,19,24,6,49
08.12.2019,18,24,6,48
09.12.2019,17,26,5,48
10.12.2019,17,25,6,48
11.12.2019,17,26,6,49
12.12.2019,17,26,6,49
13.12.2019,17,27,6,50
14.12.2019,17,27,6,50
15.12.2019,18,25,6,49
16.12.2019,16,23,5,44
17.12.2019,16,22,5,43
18.12.2019,16,21,5,42
19.12.2019,16,22,6,44
20.12.2019,16,22,6,44
21.12.2019,16,22,6,44
22.12.2019,16,23,6,45
23.12.2019,15,21,6,42
24.12.2019,15,21,4,40
25.12.2019,15,22,3,40
26.12.2019,14,23,4,41
27.12.2019,15,22,4,41
28.12.2019,15,21,5,41
29.12.2019,15,21,5,41
30.12.2019,15,21,5,41
31.12.2019,16,20,5,41
01.01.2020,17,18,5,40
02.01.2020,17,16,4,37
03.01.2020,17,16,4,37
04.01.2020,18,16,4,38
05.01.2020,18,16,5,39
06.01.2020,18,15,5,38
07.01.2020,18,15,4,37
08.01.2020,18,16,2,36
09.01.2020,18,13,2,33
10.01.2020,18,12,2,32
11.01.2020,18,12,2,32
12.01.2020,18,13,2,33
13.01.2020,17,14,2,33
14.01.2020,18,14,2,34
15.01.2020,18,14,2,34
16.01.2020,17,14,1,32
17.01.2020,16,16,1,33
18.01.2020,16,16,2,34
19.01.2020,16,16,2,34
20.01.2020,17,15,2,34
21.01.2020,17,15,2,34
22.01.2020,17,16,2,35
23.01.2020,17,16,2,35
24.01.2020,17,15,2,34
25.01.2020,17,15,1,33
26.01.2020,17,15,1,33
27.01.2020,16,18,2,36
28.01.2020,16,19,2,37
29.01.2020,17,18,2,37
30.01.2020,18,18,4,40
31.01.2020,16,21,3,40
01.02.2020,16,21,4,41
02.02.2020,16,21,4,41
03.02.2020,17,20,4,41
04.02.2020,17,20,5,42
05.02.2020,17,19,5,41
06.02.2020,17,20,6,43
07.02.2020,17,22,5,44
08.02.2020,17,21,5,43
09.02.2020,17,20,5,42
10.02.2020,16,22,6,44
11.02.2020,16,22,6,44
12.02.2020,15,26,6,47
13.02.2020,14,27,7,48
14.02.2020,16,25,9,50
15.02.2020,16,27,6,49
16.02.2020,16,27,6,49
17.02.2020,16,27,6,49
18.02.2020,16,27,8,51
19.02.2020,17,24,8,49
20.02.2020,17,25,7,49
21.02.2020,17,24,8,49
22.02.2020,16,25,8,49
23.02.2020,15,26,7,48
24.02.2020,15,26,8,49
25.02.2020,14,27,8,49
26.02.2020,15,26,8,49
27.02.2020,15,26,6,47
28.02.2020,17,25,6,48
29.02.2020,17,25,5,47
01.03.2020,17,25,5,47
02.03.2020,17,24,6,47
03.03.2020,16,24,6,46
04.03.2020,17,23,6,46
05.03.2020,17,23,7,47
06.03.2020,17,25,5,47
07.03.2020,17,25,5,47
08.03.2020,18,24,5,47
09.03.2020,17,26,5,48
10.03.2020,17,26,5,48
11.03.2020,17,24,4,45
12.03.2020,16,26,4,46
13.03.2020,17,25,4,46
14.03.2020,17,26,4,47
15.03.2020,17,26,4,47
16.03.2020,17,26,6,49
17.03.2020,17,27,4,48
18.03.2020,17,27,7,51
19.03.2020,18,26,8,52
20.03.2020,18,27,8,53
21.03.2020,18,26,9,53
22.03.2020,17,26,11,54
23.03.2020,16,28,10,54
24.03.2020,14,30,9,53
25.03.2020,15,29,9,53
26.03.2020,16,28,9,53
27.03.2020,17,28,8,53
28.03.2020,16,28,8,52
29.03.2020,16,28,8,52
30.03.2020,17,27,9,53
31.03.2020,17,27,9,53
01.04.2020,18,27,9,54
02.04.2020,18,26,9,53
03.04.2020,18,26,10,54
04.04.2020,18,26,10,54
05.04.2020,19,24,11,54
06.04.2020,20,24,9,53
07.04.2020,19,27,8,54
08.04.2020,19,28,8,55
09.04.2020,18,27,8,53
10.04.2020,19,26,8,53
11.04.2020,18,27,7,52
12.04.2020,18,27,7,52
13.04.2020,18,27,6,51
14.04.2020,19,27,6,52
15.04.2020,20,28,3,51
16.04.2020,18,31,3,52
17.04.2020,19,26,3,48
18.04.2020,19,26,3,48
19.04.2020,18,27,2,47
20.04.2020,18,28,4,50
21.04.2020,16,31,5,52
22.04.2020,15,32,5,52
23.04.2020,17,30,6,53
24.04.2020,16,31,6,53
25.04.2020,15,32,7,54
26.04.2020,15,33,9,57
27.04.2020,16,31,10,57
28.04.2020,16,32,10,58
29.04.2020,16,30,10,56
30.04.2020,16,30,10,56
01.05.2020,16,30,10,56
02.05.2020,16,30,11,57
03.05.2020,16,31,10,57
04.05.2020,16,31,9,56
05.05.2020,16,30,9,55
06.05.2020,15,29,9,53
07.05.2020,16,29,12,57
08.05.2020,16,29,15,60
09.05.2020,15,32,14,61
10.05.2020,15,33,16,64
11.05.2020,15,33,17,65
12.05.2020,15,35,16,66
13.05.2020,14,38,16,68
14.05.2020,12,41,13,66
15.05.2020,13,39,13,65
16.05.2020,13,38,24,75
17.05.2020,13,49,18,80
18.05.2020,13,49,16,78
19.05.2020,12,49,15,76
20.05.2020,13,47,17,77
21.05.2020,15,46,15,76
22.05.2020,16,45,15,76
23.05.2020,16,45,15,76
24.05.2020,15,45,13,73
25.05.2020,15,45,12,72
26.05.2020,15,46,13,74
27.05.2020,15,47,14,76
28.05.2020,14,49,13,76
29.05.2020,14,49,16,79
30.05.2020,13,51,14,78
31.05.2020,13,51,14,78
01.06.2020,13,50,14,77
02.06.2020,14,48,15,77
03.06.2020,13,49,13,75
04.06.2020,14,47,11,72
05.06.2020,15,47,13,75
06.06.2020,16,46,13,75
07.06.2020,16,45,13,74
08.06.2020,15,46,13,74
09.06.2020,16,45,13,74
10.06.2020,17,44,13,74
11.06.2020,17,42,12,71
12.06.2020,17,43,17,77
13.06.2020,17,43,17,77
14.06.2020,17,37,12,66
15.06.2020,16,36,12,64
16.06.2020,16,36,13,65
17.06.2020,16,34,13,63
18.06.2020,16,32,13,61
19.06.2020,16,32,13,61
20.06.2020,16,33,13,62
21.06.2020,15,34,13,62
22.06.2020,15,32,11,58
23.06.2020,15,31,12,58
24.06.2020,16,30,11,57
25.06.2020,17,29,11,57
26.06.2020,16,30,10,56
27.06.2020,14,32,10,56
28.06.2020,14,32,10,56
29.06.2020,14,34,10,58
30.06.2020,16,34,11,61
01.07.2020,14,36,11,61
02.07.2020,14,35,13,62
03.07.2020,15,35,11,61
04.07.2020,15,34,11,60
05.07.2020,15,34,11,60
06.07.2020,14,36,10,60
07.07.2020,14,36,10,60
08.07.2020,15,36,11,62
09.07.2020,15,32,9,56
10.07.2020,15,27,5,47
11.07.2020,15,27,4,46
12.07.2020,16,26,5,47
13.07.2020,17,23,7,47
14.07.2020,18,22,6,46
15.07.2020,19,21,6,46
16.07.2020,19,22,5,46
17.07.2020,19,24,8,51
18.07.2020,19,24,7,50
19.07.2020,19,24,7,50
20.07.2020,19,23,9,51
21.07.2020,19,24,8,51
22.07.2020,20,23,8,51
23.07.2020,21,23,8,52
24.07.2020,21,22,8,51
25.07.2020,20,24,8,52
26.07.2020,20,24,8,52
27.07.2020,19,23,8,50
28.07.2020,19,21,8,48
29.07.2020,19,21,8,48
30.07.2020,20,21,7,48
31.07.2020,20,22,6,48
01.08.2020,20,22,6,48
02.08.2020,20,22,6,48
03.08.2020,18,24,7,49
04.08.2020,18,25,8,51
05.08.2020,18,28,8,54
06.08.2020,18,28,8,54
07.08.2020,18,27,8,53
08.08.2020,17,28,8,53
09.08.2020,17,28,7,52
10.08.2020,18,27,8,53
11.08.2020,18,28,9,55
12.08.2020,19,27,9,55
13.08.2020,19,25,12,56
14.08.2020,18,24,9,51
15.08.2020,18,25,10,53
16.08.2020,18,25,10,53
17.08.2020,18,25,11,54
18.08.2020,18,24,12,54
19.08.2020,17,24,12,53
20.08.2020,19,23,10,52
21.08.2020,18,23,10,51
22.08.2020,18,23,9,50
23.08.2020,18,23,11,52
24.08.2020,17,23,11,51
25.08.2020,17,25,10,52
26.08.2020,18,24,10,52
27.08.2020,18,23,10,51
28.08.2020,19,22,10,51
29.08.2020,19,23,9,51
30.08.2020,19,23,9,51
31.08.2020,18,25,9,52
01.09.2020,19,24,9,52
02.09.2020,20,23,8,51
03.09.2020,20,21,8,49
04.09.2020,19,23,9,51
05.09.2020,19,23,9,51
06.09.2020,20,23,9,52
07.09.2020,20,22,10,52
08.09.2020,18,25,10,53
09.09.2020,20,23,11,54
10.09.2020,19,22,10,51
11.09.2020,18,22,11,51
12.09.2020,18,21,11,50
13.09.2020,19,20,11,50
14.09.2020,18,24,13,55
15.09.2020,18,28,10,56
16.09.2020,17,30,10,57
17.09.2020,21,26,10,57
18.09.2020,21,26,10,57
19.09.2020,21,27,9,57
20.09.2020,21,28,6,55
21.09.2020,21,28,6,55
22.09.2020,22,24,8,54
23.09.2020,22,24,8,54
24.09.2020,23,25,8,56
25.09.2020,20,28,8,56
26.09.2020,21,26,8,55
27.09.2020,21,26,8,55
28.09.2020,21,25,7,53
29.09.2020,21,26,6,53
30.09.2020,21,25,9,55
01.10.2020,19,27,9,55
02.10.2020,20,26,8,54
03.10.2020,20,26,7,53
04.10.2020,21,24,7,52
05.10.2020,21,25,7,53
06.10.2020,19,26,8,53
07.10.2020,19,26,7,52
08.10.2020,19,26,7,52
09.10.2020,19,26,6,51
10.10.2020,19,25,6,50
11.10.2020,19,25,7,51
12.10.2020,18,26,7,51
13.10.2020,20,25,9,54
14.10.2020,20,24,7,51
15.10.2020,22,21,7,50
16.10.2020,22,22,7,51
17.10.2020,22,22,7,51
18.10.2020,22,22,7,51
19.10.2020,22,22,7,51
20.10.2020,22,22,6,50
21.10.2020,22,22,6,50
22.10.2020,22,22,6,50
23.10.2020,22,22,6,50
24.10.2020,23,21,6,50
25.10.2020,23,21,6,50
26.10.2020,24,20,6,50
27.10.2020,24,20,7,51
28.10.2020,23,22,5,50
29.10.2020,23,22,5,50
30.10.2020,23,22,5,50
31.10.2020,23,22,5,50
01.11.2020,24,22,5,51
02.11.2020,25,21,5,51
03.11.2020,23,22,4,49
04.11.2020,22,23,4,49
05.11.2020,22,23,4,49
06.11.2020,22,22,4,48
07.11.2020,22,21,4,47
08.11.2020,22,21,3,46
09.11.2020,22,21,3,46
10.11.2020,23,19,2,44
11.11.2020,24,18,2,44
12.11.2020,23,19,2,44
13.11.2020,22,17,2,41
14.11.2020,22,17,3,42
15.11.2020,22,16,4,42
16.11.2020,22,17,4,43
17.11.2020,22,16,5,43
18.11.2020,22,15,5,42
19.11.2020,22,14,5,41
20.11.2020,22,14,5,41
21.11.2020,22,14,5,41
22.11.2020,22,14,6,42
23.11.2020,22,12,7,41
24.11.2020,22,12,6,40
25.11.2020,22,12,6,40
26.11.2020,22,13,6,41
27.11.2020,21,14,6,41
28.11.2020,21,15,6,42
29.11.2020,21,15,5,41
30.11.2020,21,13,5,39
01.12.2020,21,13,5,39
02.12.2020,21,13,5,39
03.12.2020,20,13,6,39
04.12.2020,20,13,6,39
05.12.2020,19,14,7,40
06.12.2020,19,15,6,40
07.12.2020,21,15,5,41
08.12.2020,21,15,5,41
09.12.2020,22,15,5,42
10.12.2020,22,16,5,43
11.12.2020,22,15,7,44
12.12.2020,22,15,6,43
13.12.2020,21,15,7,43
14.12.2020,21,15,5,41
15.12.2020,21,15,6,42
16.12.2020,21,16,6,43
17.12.2020,21,17,6,44
18.12.2020,21,17,6,44
19.12.2020,21,17,6,44
20.12.2020,21,16,5,42
21.12.2020,19,19,6,44
22.12.2020,21,17,6,44
23.12.2020,19,19,6,44
24.12.2020,19,21,6,46
25.12.2020,19,21,6,46
26.12.2020,19,21,6,46
27.12.2020,19,21,6,46
28.12.2020,19,21,6,46
29.12.2020,18,22,5,45
30.12.2020,18,22,6,46
31.12.2020,17,23,5,45
01.01.2021,17,23,5,45
02.01.2021,16,24,6,46
03.01.2021,17,23,6,46
04.01.2021,18,22,5,45
05.01.2021,17,24,4,45
06.01.2021,17,24,3,44
07.01.2021,18,22,4,44
08.01.2021,19,21,5,45
09.01.2021,18,22,9,49
10.01.2021,18,27,5,50
11.01.2021,19,26,7,52
12.01.2021,19,27,8,54
13.01.2021,19,28,8,55
14.01.2021,19,29,8,56
15.01.2021,19,30,6,55
16.01.2021,19,30,6,55
17.01.2021,19,30,6,55
18.01.2021,19,30,6,55
19.01.2021,20,29,5,54
20.01.2021,20,30,5,55
21.01.2021,20,30,9,59
22.01.2021,20,30,10,60
23.01.2021,20,29,10,59
24.01.2021,20,28,10,58
25.01.2021,20,28,12,60
26.01.2021,19,30,12,61
27.01.2021,18,32,11,61
28.01.2021,18,33,12,63
29.01.2021,18,33,13,64
30.01.2021,17,34,14,65
31.01.2021,17,35,14,66
01.02.2021,16,37,14,67
02.02.2021,16,37,15,68
03.02.2021,16,36,15,67
04.02.2021,17,33,16,66
05.02.2021,17,35,14,66
06.02.2021,17,36,14,67
07.02.2021,17,32,16,65
08.02.2021,17,33,14,64
09.02.2021,17,34,15,66
10.02.2021,16,38,15,69
11.02.2021,16,41,20,77
12.02.2021,16,48,20,84
13.02.2021,16,49,21,86
14.02.2021,16,47,21,84
15.02.2021,16,47,21,84
16.02.2021,17,47,20,84
17.02.2021,18,45,20,83
18.02.2021,17,47,18,82
19.02.2021,16,47,18,81
20.02.2021,16,47,18,81
21.02.2021,16,47,19,82
22.02.2021,16,49,19,84
23.02.2021,16,48,20,84
24.02.2021,16,53,19,88
25.02.2021,15,53,19,87
26.02.2021,15,53,19,87
27.02.2021,15,53,19,87
28.02.2021,15,54,19,88
01.03.2021,15,55,18,88
02.03.2021,15,55,18,88
03.03.2021,15,54,19,88
04.03.2021,15,54,21,90
05.03.2021,16,52,22,90
06.03.2021,15,53,22,90
07.03.2021,15,53,22,90
08.03.2021,15,54,21,90
09.03.2021,16,52,20,88
10.03.2021,15,54,17,86
11.03.2021,16,51,17,84
12.03.2021,16,43,11,70
13.03.2021,17,38,10,65
14.03.2021,16,40,9,65
15.03.2021,15,40,11,66
16.03.2021,15,40,11,66
17.03.2021,17,36,11,64
18.03.2021,16,35,9,60
19.03.2021,16,34,10,60
20.03.2021,16,34,10,60
21.03.2021,16,33,10,59
22.03.2021,15,33,10,58
23.03.2021,15,32,9,56
24.03.2021,15,32,11,58
25.03.2021,16,31,12,59
26.03.2021,16,29,13,58
27.03.2021,16,29,13,58
28.03.2021,17,28,13,58
29.03.2021,17,29,14,60
30.03.2021,17,29,15,61
31.03.2021,17,29,16,62
01.04.2021,17,25,17,59
02.04.2021,17,27,16,60
03.04.2021,17,27,17,61
04.04.2021,17,30,16,63
05.04.2021,16,31,17,64
06.04.2021,17,29,18,64
07.04.2021,16,31,18,65
08.04.2021,17,28,16,61
09.04.2021,17,29,16,62
10.04.2021,17,29,16,62
11.04.2021,17,29,16,62
12.04.2021,17,29,17,63
13.04.2021,17,26,16,59
14.04.2021,19,23,17,59
15.04.2021,18,23,17,58
16.04.2021,18,22,16,56
17.04.2021,18,22,16,56
18.04.2021,18,22,17,57
19.04.2021,16,26,18,60
20.04.2021,15,27,20,62
21.04.2021,16,26,18,60
22.04.2021,15,29,16,60
23.04.2021,16,28,16,60
24.04.2021,16,29,15,60
25.04.2021,16,30,15,61
26.04.2021,16,30,14,60
27.04.2021,16,35,15,66
28.04.2021,16,36,15,67
29.04.2021,16,37,12,65
30.04.2021,16,37,11,64
01.05.2021,16,37,11,64
02.05.2021,16,34,10,60
03.05.2021,15,35,10,60
04.05.2021,16,35,8,59
05.05.2021,16,36,8,60
06.05.2021,17,35,8,60
07.05.2021,16,35,8,59
08.05.2021,16,36,7,59
09.05.2021,16,36,7,59
10.05.2021,16,35,5,56
11.05.2021,15,37,4,56
12.05.2021,16,37,5,58
13.05.2021,16,37,6,59
14.05.2021,16,37,9,62
15.05.2021,16,38,8,62
16.05.2021,16,38,7,61
17.05.2021,16,38,8,62
18.05.2021,16,39,7,62
19.05.2021,16,40,8,64
20.05.2021,16,40,6,62
21.05.2021,16,40,6,62
22.05.2021,16,40,6,62
23.05.2021,16,40,5,61
24.05.2021,16,39,7,62
25.05.2021,17,38,7,62
26.05.2021,17,39,5,61
27.05.2021,17,37,5,59
28.05.2021,17,34,7,58
29.05.2021,17,33,7,57
30.05.2021,17,33,7,57
31.05.2021,16,35,7,58
01.06.2021,16,34,9,59
02.06.2021,17,35,12,64
03.06.2021,17,39,14,70
04.06.2021,17,40,13,70
05.06.2021,17,40,13,70
06.06.2021,17,40,13,70
07.06.2021,18,39,14,71
08.06.2021,17,40,15,72
09.06.2021,18,38,17,73
10.06.2021,18,39,15,72
11.06.2021,18,39,13,70
12.06.2021,18,38,13,69
13.06.2021,18,38,13,69
14.06.2021,18,37,13,68
15.06.2021,18,35,14,67
16.06.2021,19,35,13,67
17.06.2021,20,35,12,67
18.06.2021,20,34,12,66
19.06.2021,20,34,12,66
20.06.2021,20,34,12,66
21.06.2021,20,34,12,66
22.06.2021,20,35,10,65
23.06.2021,20,33,12,65
24.06.2021,19,34,11,64
25.06.2021,19,34,9,62
26.06.2021,19,35,9,63
27.06.2021,19,34,10,63
28.06.2021,19,34,10,63
29.06.2021,19,35,8,62
30.06.2021,20,34,7,61
01.07.2021,20,32,5,57
02.07.2021,20,32,7,59
03.07.2021,19,33,7,59
04.07.2021,19,33,7,59
05.07.2021,19,33,6,58
06.07.2021,19,34,7,60
07.07.2021,19,33,7,59
08.07.2021,20,33,9,62
09.07.2021,20,34,10,64
10.07.2021,20,35,10,65
11.07.2021,20,36,10,66
12.07.2021,19,37,10,66
13.07.2021,20,36,11,67
14.07.2021,20,37,8,65
15.07.2021,20,36,10,66
16.07.2021,21,36,9,66
17.07.2021,21,36,9,66
18.07.2021,21,37,9,67
19.07.2021,21,39,7,67
20.07.2021,22,37,10,69
21.07.2021,22,40,8,70
22.07.2021,22,41,9,72
23.07.2021,23,41,10,74
24.07.2021,23,41,10,74
25.07.2021,23,41,10,74
26.07.2021,22,40,9,71
27.07.2021,22,41,10,73
28.07.2021,23,39,11,73
29.07.2021,24,40,13,77
30.07.2021,23,42,10,75
31.07.2021,23,42,11,76
01.08.2021,23,41,13,77
02.08.2021,23,41,13,77
03.08.2021,22,42,13,77
04.08.2021,23,42,13,78
05.08.2021,23,42,12,77
06.08.2021,22,43,13,78
07.08.2021,22,42,12,76
08.08.2021,22,42,13,77
09.08.2021,21,47,11,79
10.08.2021,21,47,12,80
11.08.2021,21,46,12,79
12.08.2021,21,46,14,81
13.08.2021,23,45,14,82
14.08.2021,23,45,14,82
15.08.2021,23,42,14,79
16.08.2021,23,40,14,77
17.08.2021,23,39,18,80
18.08.2021,23,39,17,79
19.08.2021,23,41,15,79
20.08.2021,24,39,17,80
21.08.2021,24,40,16,80
22.08.2021,24,41,18,83
23.08.2021,22,44,19,85
24.08.2021,21,47,18,86
25.08.2021,22,47,18,87
26.08.2021,21,49,17,87
27.08.2021,22,47,18,87
28.08.2021,23,47,17,87
29.08.2021,23,48,17,88
30.08.2021,24,48,17,89
31.08.2021,22,50,20,92
01.09.2021,23,52,18,93
02.09.2021,22,56,16,94
03.09.2021,24,57,13,94
04.09.2021,24,57,13,94
05.09.2021,24,58,12,94
06.09.2021,25,54,13,92
07.09.2021,25,55,12,92
08.09.2021,25,57,13,95
09.09.2021,24,59,12,95
10.09.2021,24,59,13,96
11.09.2021,24,59,15,98
12.09.2021,24,61,13,98
13.09.2021,23,62,13,98
14.09.2021,23,62,12,97
15.09.2021,23,63,13,99
16.09.2021,23,62,12,97
17.09.2021,23,64,11,98
18.09.2021,22,65,12,99
19.09.2021,22,65,12,99
20.09.2021,22,65,11,98
21.09.2021,21,66,14,101
22.09.2021,21,68,15,104
23.09.2021,21,69,14,104
24.09.2021,20,68,17,105
25.09.2021,21,67,17,105
26.09.2021,21,66,17,104
27.09.2021,24,64,15,103
28.09.2021,21,67,12,100
29.09.2021,22,66,13,101
30.09.2021,23,61,12,96
01.10.2021,25,57,12,94
02.10.2021,25,57,12,94
03.10.2021,24,58,14,96
04.10.2021,25,58,13,96
05.10.2021,26,55,14,95
06.10.2021,26,54,13,93
07.10.2021,25,56,12,93
08.10.2021,23,59,12,94
09.10.2021,23,59,12,94
10.10.2021,24,56,12,92
11.10.2021,24,55,13,92
12.10.2021,24,57,13,94
13.10.2021,25,58,11,94
14.10.2021,25,61,13,99
15.10.2021,25,60,13,98
16.10.2021,26,60,13,99
17.10.2021,26,59,13,98
18.10.2021,26,58,13,97
19.10.2021,26,58,14,98
20.10.2021,25,60,11,96
21.10.2021,24,56,10,90
22.10.2021,25,56,10,91
23.10.2021,24,58,10,92
24.10.2021,25,58,9,92
25.10.2021,25,59,12,96
26.10.2021,24,60,13,97
27.10.2021,24,61,13,98
28.10.2021,25,61,13,99
29.10.2021,26,60,13,99
30.10.2021,26,61,14,101
31.10.2021,25,64,11,100
01.11.2021,26,66,8,100
02.11.2021,27,66,7,100
03.11.2021,26,66,7,99
04.11.2021,25,67,7,99
05.11.2021,25,66,7,98
06.11.2021,25,67,7,99
07.11.2021,25,67,8,100
08.11.2021,26,68,8,102
09.11.2021,27,68,9,104
10.11.2021,27,67,8,102
11.11.2021,25,67,8,100
12.11.2021,25,65,7,97
13.11.2021,25,65,7,97
14.11.2021,24,66,7,97
15.11.2021,24,66,6,96
16.11.2021,25,63,7,95
17.11.2021,25,61,7,93
18.11.2021,25,60,13,98
19.11.2021,26,55,14,95
20.11.2021,25,57,15,97
21.11.2021,26,55,16,97
22.11.2021,26,53,17,96
23.11.2021,26,57,16,99
24.11.2021,25,58,16,99
25.11.2021,29,50,16,95
26.11.2021,28,45,17,90
27.11.2021,28,44,19,91
28.11.2021,27,45,18,90
29.11.2021,30,43,16,89
30.11.2021,31,41,16,88
01.12.2021,30,44,17,91
02.12.2021,30,46,17,93
03.12.2021,29,48,17,94
04.12.2021,29,49,17,95
05.12.2021,30,48,16,94
06.12.2021,32,44,20,96
07.12.2021,32,46,18,96
08.12.2021,31,47,19,97
09.12.2021,29,51,17,97
10.12.2021,29,50,18,97
11.12.2021,30,49,18,97
12.12.2021,30,50,19,99
13.12.2021,29,54,17,100
14.12.2021,28,54,17,99
15.12.2021,29,56,16,101
16.12.2021,28,58,13,99
17.12.2021,28,60,14,102
18.12.2021,29,58,15,102
19.12.2021,29,59,14,102
20.12.2021,29,61,13,103
21.12.2021,30,58,14,102
22.12.2021,30,60,15,105
23.12.2021,30,60,16,106
24.12.2021,30,62,15,107
25.12.2021,30,62,14,106
26.12.2021,30,62,16,108
27.12.2021,29,61,16,106
28.12.2021,31,58,16,105
29.12.2021,29,59,15,103
30.12.2021,28,59,15,102
31.12.2021,28,57,14,99
01.01.2022,28,57,14,99
02.01.2022,28,54,16,98
03.01.2022,29,52,14,95
04.01.2022,26,52,14,92
05.01.2022,25,53,17,95
06.01.2022,25,55,16,96
07.01.2022,28,51,16,95
08.01.2022,28,51,29,108
09.01.2022,29,60,19,108
10.01.2022,28,60,19,107
11.01.2022,26,62,23,111
12.01.2022,29,62,21,112
13.01.2022,28,63,21,112
14.01.2022,29,63,19,111
15.01.2022,29,63,23,115
16.01.2022,27,68,21,116
17.01.2022,28,67,21,116
18.01.2022,27,71,21,119
19.01.2022,26,74,18,118
20.01.2022,26,75,19,120
21.01.2022,26,75,19,120
22.01.2022,26,75,19,120
23.01.2022,26,75,19,120
24.01.2022,28,74,21,123
25.01.2022,30,72,21,123
26.01.2022,30,71,21,122
27.01.2022,29,70,23,122
28.01.2022,30,69,23,122
29.01.2022,30,69,23,122
30.01.2022,30,69,21,120
31.01.2022,29,68,20,117
01.02.2022,31,66,20,117
02.02.2022,29,68,19,116
03.02.2022,32,66,19,117
04.02.2022,33,67,19,119
05.02.2022,34,66,19,119
06.02.2022,34,59,17,110
07.02.2022,34,62,19,115
08.02.2022,34,61,18,113
09.02.2022,36,58,17,111
10.02.2022,36,58,17,111
11.02.2022,38,57,17,112
12.02.2022,37,57,23,117
13.02.2022,36,65,19,120
14.02.2022,37,64,23,124
15.02.2022,37,65,26,128
16.02.2022,38,65,27,130
17.02.2022,36,70,26,132
18.02.2022,35,71,26,132
19.02.2022,35,71,32,138
20.02.2022,36,76,30,142
21.02.2022,36,77,34,147
22.02.2022,35,80,33,148
23.02.2022,35,85,35,155
24.02.2022,37,83,38,158
25.02.2022,38,86,38,162
26.02.2022,39,87,47,173
27.02.2022,39,93,41,173
28.02.2022,38,95,42,175
01.03.2022,37,96,45,178
02.03.2022,36,98,47,181
03.03.2022,38,99,44,181
04.03.2022,39,101,40,180
05.03.2022,39,103,38,180
06.03.2022,38,103,40,181
07.03.2022,37,105,42,184
08.03.2022,37,105,40,182
09.03.2022,36,107,42,185
10.03.2022,35,108,43,186
11.03.2022,40,105,43,188
12.03.2022,38,108,40,186
13.03.2022,39,106,37,182
14.03.2022,38,107,33,178
15.03.2022,39,104,35,178
16.03.2022,40,103,37,180
17.03.2022,42,100,38,180
18.03.2022,41,99,38,178
19.03.2022,40,100,38,178
20.03.2022,41,93,34,168
21.03.2022,39,95,30,164
22.03.2022,38,98,27,163
23.03.2022,40,92,27,159
24.03.2022,41,92,26,159
25.03.2022,38,94,25,157
26.03.2022,39,91,24,154
27.03.2022,39,88,23,150
28.03.2022,39,90,20,149
29.03.2022,39,87,21,147
30.03.2022,39,88,27,154
31.03.2022,39,86,27,152
01.04.2022,40,83,30,153
02.04.2022,40,82,29,151
03.04.2022,41,82,31,154
04.04.2022,41,81,30,152
05.04.2022,42,84,29,155
06.04.2022,41,84,27,152
07.04.2022,40,87,26,153
08.04.2022,41,84,25,150
09.04.2022,40,84,25,149
10.04.2022,40,81,28,149
11.04.2022,42,80,31,153
12.04.2022,44,78,29,151
13.04.2022,43,77,31,151
14.04.2022,43,79,29,151
15.04.2022,43,77,31,151
16.04.2022,41,81,32,154
17.04.2022,42,79,30,151
18.04.2022,42,81,32,155
19.04.2022,44,80,31,155
20.04.2022,43,82,28,153
21.04.2022,44,82,32,158
22.04.2022,45,82,36,163
23.04.2022,46,81,37,164
24.04.2022,46,83,40,169
25.04.2022,44,88,37,169
26.04.2022,43,93,32,168
27.04.2022,44,90,32,166
28.04.2022,46,92,27,165
29.04.2022,48,89,27,164
30.04.2022,48,89,28,165
01.05.2022,50,87,28,165
02.05.2022,49,89,30,168
03.05.2022,49,87,34,170
04.05.2022,48,90,39,177
05.05.2022,44,90,39,173
06.05.2022,45,92,39,176
07.05.2022,44,94,41,179
08.05.2022,45,94,38,177
09.05.2022,43,97,40,180
10.05.2022,46,99,40,185
11.05.2022,44,105,40,189
12.05.2022,43,109,41,193
13.05.2022,44,110,41,195
14.05.2022,44,117,36,197
15.05.2022,45,122,39,206
16.05.2022,46,126,42,214
17.05.2022,49,122,48,219
18.05.2022,51,125,49,225
19.05.2022,50,126,49,225
20.05.2022,52,127,51,230
21.05.2022,51,130,56,237
22.05.2022,51,139,50,240
23.05.2022,52,139,52,243
24.05.2022,52,140,50,242
25.05.2022,53,136,47,236
26.05.2022,56,130,51,237
27.05.2022,54,130,51,235
28.05.2022,53,133,51,237
29.05.2022,53,134,50,237
30.05.2022,52,134,49,235
31.05.2022,50,133,49,232
01.06.2022,50,135,48,233
02.06.2022,51,138,47,236
03.06.2022,52,136,47,235
04.06.2022,52,138,45,235
05.06.2022,53,137,43,233
06.06.2022,50,140,44,234
07.06.2022,54,130,46,230
08.06.2022,51,135,42,228
09.06.2022,50,136,41,227
10.06.2022,52,133,44,229
11.06.2022,52,131,43,226
12.06.2022,52,124,43,219
13.06.2022,53,112,37,202
14.06.2022,50,100,34,184
15.06.2022,50,99,29,178
16.06.2022,52,96,26,174
17.06.2022,51,96,27,174
18.06.2022,50,97,25,172
19.06.2022,50,84,26,160
20.06.2022,50,83,24,157
21.06.2022,51,83,26,160
22.06.2022,51,85,25,161
23.06.2022,52,85,22,159
24.06.2022,53,86,22,161
25.06.2022,53,85,19,157
26.06.2022,53,86,18,157
27.06.2022,52,85,18,155
28.06.2022,51,83,18,152
29.06.2022,51,86,19,156
30.06.2022,52,86,17,155
01.07.2022,50,83,18,151
02.07.2022,51,84,19,154
03.07.2022,51,85,20,156
04.07.2022,52,84,21,157
05.07.2022,51,80,20,151
06.07.2022,50,84,22,156
07.07.2022,51,82,24,157
08.07.2022,51,85,23,159
09.07.2022,50,86,25,161
10.07.2022,50,84,26,160
11.07.2022,53,84,21,158
12.07.2022,52,84,22,158
13.07.2022,53,84,21,158
14.07.2022,49,86,21,156
15.07.2022,49,86,21,156
16.07.2022,49,86,25,160
17.07.2022,48,88,24,160
18.07.2022,47,88,28,163
19.07.2022,47,88,25,160
20.07.2022,47,87,25,159
21.07.2022,49,84,24,157
22.07.2022,48,85,24,157
23.07.2022,49,84,27,160
24.07.2022,49,85,25,159
25.07.2022,49,86,26,161
26.07.2022,47,90,26,163
27.07.2022,46,90,29,165
28.07.2022,47,86,29,162
29.07.2022,45,88,29,162
30.07.2022,45,88,27,160
31.07.2022,46,85,25,156
01.08.2022,47,84,26,157
02.08.2022,46,83,28,157
03.08.2022,46,82,28,156
04.08.2022,47,83,29,159
05.08.2022,47,81,28,156
06.08.2022,46,87,34,167
07.08.2022,46,89,33,168
08.08.2022,48,92,32,172
09.08.2022,47,97,50,194
10.08.2022,44,114,44,202
11.08.2022,42,118,45,205
12.08.2022,43,120,43,206
13.08.2022,43,123,38,204
14.08.2022,44,122,34,200
15.08.2022,43,122,33,198
16.08.2022,48,117,38,203
17.08.2022,47,119,35,201
18.08.2022,47,119,39,205
19.08.2022,46,125,43,214
20.08.2022,46,129,42,217
21.08.2022,46,129,42,217
22.08.2022,48,129,40,217
23.08.2022,47,129,42,218
24.08.2022,47,130,39,216
25.08.2022,48,128,38,214
26.08.2022,48,127,42,217
27.08.2022,47,129,44,220
28.08.2022,48,128,45,221
29.08.2022,45,132,44,221
30.08.2022,47,135,40,222
31.08.2022,47,138,38,223
01.09.2022,47,140,35,222
02.09.2022,49,134,38,221
03.09.2022,48,136,32,216
04.09.2022,48,131,38,217
05.09.2022,50,129,39,218
06.09.2022,49,131,37,217
07.09.2022,49,126,36,211
08.09.2022,52,129,33,214
09.09.2022,52,124,46,222
10.09.2022,53,126,52,231
11.09.2022,52,132,51,235
12.09.2022,53,131,54,238
13.09.2022,54,134,52,240
14.09.2022,53,137,52,242
15.09.2022,52,139,54,245
16.09.2022,52,141,52,245
17.09.2022,52,139,49,240
18.09.2022,52,134,49,235
19.09.2022,53,127,49,229
20.09.2022,54,131,49,234
21.09.2022,55,130,51,236
22.09.2022,51,131,51,233
23.09.2022,50,128,51,229
24.09.2022,51,125,57,233
25.09.2022,51,128,54,233
26.09.2022,51,125,54,230
27.09.2022,56,124,50,230
28.09.2022,58,125,54,237
29.09.2022,58,127,56,241
30.09.2022,57,132,53,242
01.10.2022,55,134,52,241
02.10.2022,55,131,49,235
03.10.2022,54,134,52,240
04.10.2022,54,137,59,250
05.10.2022,55,137,59,251
06.10.2022,57,137,57,251
07.10.2022,58,138,50,246
08.10.2022,59,133,50,242
09.10.2022,58,130,46,234
10.10.2022,59,128,45,232
11.10.2022,60,127,44,231
12.10.2022,60,132,41,233
13.10.2022,61,125,44,230
14.10.2022,62,127,46,235
15.10.2022,62,129,44,235
16.10.2022,62,130,43,235
17.10.2022,64,129,39,232
18.10.2022,61,129,41,231
19.10.2022,62,129,40,231
20.10.2022,62,130,41,233
21.10.2022,67,126,40,233
22.10.2022,66,129,37,232
23.10.2022,66,125,39,230
24.10.2022,63,131,37,231
25.10.2022,62,130,37,229
26.10.2022,62,130,39,231
27.10.2022,64,125,39,228
28.10.2022,65,126,40,231
29.10.2022,65,127,40,232
30.10.2022,64,129,37,230
31.10.2022,64,129,36,229
01.11.2022,62,130,31,223
02.11.2022,61,134,32,227
03.11.2022,62,131,35,228
04.11.2022,59,133,36,228
05.11.2022,59,134,32,225
06.11.2022,59,135,35,229
07.11.2022,59,141,34,234
08.11.2022,60,143,35,238
09.11.2022,58,145,38,241
10.11.2022,58,146,38,242
11.11.2022,61,142,39,242
12.11.2022,62,143,43,248
13.11.2022,62,146,38,246
14.11.2022,61,143,39,243
15.11.2022,59,148,37,244
16.11.2022,62,145,32,239
17.11.2022,63,143,34,240
18.11.2022,64,145,32,241
19.11.2022,65,142,35,242
20.11.2022,65,140,29,234
21.11.2022,61,143,27,231
22.11.2022,59,145,27,231
23.11.2022,59,146,27,232
24.11.2022,59,143,26,228
25.11.2022,61,143,22,226
26.11.2022,61,143,22,226
27.11.2022,62,142,22,226
28.11.2022,63,137,25,225
29.11.2022,60,141,21,222
30.11.2022,60,141,23,224
01.12.2022,61,134,26,221
02.12.2022,61,132,28,221
03.12.2022,62,126,28,216
04.12.2022,63,126,30,219
05.12.2022,63,128,28,219
06.12.2022,59,127,26,212
07.12.2022,57,129,27,213
08.12.2022,59,128,26,213
09.12.2022,63,125,26,214
10.12.2022,65,126,28,219
11.12.2022,64,128,32,224
12.12.2022,62,126,32,220
13.12.2022,62,125,33,220
14.12.2022,63,123,36,222
15.12.2022,63,123,37,223
16.12.2022,61,126,36,223
17.12.2022,60,129,36,225
18.12.2022,59,127,36,222
19.12.2022,58,128,37,223
20.12.2022,60,125,40,225
21.12.2022,59,122,39,220
22.12.2022,64,115,42,221
23.12.2022,67,113,42,222
24.12.2022,67,113,42,222
25.12.2022,68,111,43,222
26.12.2022,67,112,41,220
27.12.2022,62,115,42,219
28.12.2022,60,118,38,216
29.12.2022,61,116,33,210
30.12.2022,58,113,33,204
31.12.2022,58,110,35,203
01.01.2023,60,111,30,201
02.01.2023,60,112,27,199
03.01.2023,56,115,28,199
04.01.2023,54,117,25,196
05.01.2023,53,120,21,194
06.01.2023,52,116,20,188
07.01.2023,52,115,20,187
08.01.2023,52,109,22,183
09.01.2023,53,106,21,180
10.01.2023,51,113,20,184
11.01.2023,53,114,20,187
12.01.2023,55,110,21,186
13.01.2023,54,109,25,188
14.01.2023,52,110,25,187
15.01.2023,53,109,27,189
16.01.2023,56,107,22,185
17.01.2023,58,102,23,183
18.01.2023,60,99,26,185
19.01.2023,59,100,21,180
20.01.2023,62,100,23,185
21.01.2023,62,99,30,191
22.01.2023,61,104,27,192
23.01.2023,60,108,25,193
24.01.2023,58,113,25,196
25.01.2023,56,114,26,196
26.01.2023,58,113,27,198
27.01.2023,58,117,40,215
28.01.2023,59,120,40,219
29.01.2023,60,117,40,217
30.01.2023,61,119,40,220
31.01.2023,59,125,40,224
01.02.2023,53,133,45,231
02.02.2023,56,130,47,233
03.02.2023,60,129,50,239
04.02.2023,60,126,56,242
05.02.2023,60,131,52,243
06.02.2023,59,133,52,244
07.02.2023,59,131,52,242
08.02.2023,56,133,53,242
09.02.2023,59,131,52,242
10.02.2023,60,133,51,244
11.02.2023,58,135,52,245
12.02.2023,58,135,52,245
13.02.2023,60,130,53,243
14.02.2023,63,129,51,243
15.02.2023,60,132,54,246
16.02.2023,59,137,53,249
17.02.2023,59,134,62,255
18.02.2023,60,135,58,253
19.02.2023,59,132,57,248
20.02.2023,60,130,58,248
21.02.2023,59,131,58,248
22.02.2023,58,133,57,248
23.02.2023,59,129,58,246
24.02.2023,59,126,53,238
25.02.2023,59,126,54,239
26.02.2023,59,120,53,232
27.02.2023,60,118,65,243
28.02.2023,58,123,60,241
01.03.2023,57,127,53,237
02.03.2023,59,126,53,238
03.03.2023,61,127,48,236
04.03.2023,61,128,48,237
05.03.2023,62,125,44,231
06.03.2023,57,122,45,224
07.03.2023,57,122,45,224
08.03.2023,57,121,46,224
09.03.2023,57,123,50,230
10.03.2023,62,120,45,227
11.03.2023,61,121,45,227
12.03.2023,61,121,45,227
13.03.2023,65,119,43,227
14.03.2023,64,118,44,226
15.03.2023,62,116,44,222
16.03.2023,61,120,44,225
17.03.2023,62,117,39,218
18.03.2023,62,116,41,219
19.03.2023,62,116,40,218
20.03.2023,64,114,39,217
21.03.2023,64,115,39,218
22.03.2023,65,113,40,218
23.03.2023,65,117,51,233
24.03.2023,65,117,46,228
25.03.2023,64,119,46,229
26.03.2023,64,119,47,230
27.03.2023,66,114,45,225
28.03.2023,71,110,46,227
29.03.2023,67,111,48,226
30.03.2023,72,109,43,224
31.03.2023,73,108,45,226
01.04.2023,73,108,49,230
02.04.2023,74,108,44,226
03.04.2023,69,112,48,229
04.04.2023,70,107,49,226
05.04.2023,70,110,47,227
06.04.2023,69,113,45,227
07.04.2023,71,108,45,224
08.04.2023,71,107,52,230
09.04.2023,72,106,52,230
10.04.2023,74,107,56,237
11.04.2023,71,110,55,236
12.04.2023,70,113,58,241
13.04.2023,69,115,58,242
14.04.2023,68,119,63,250
15.04.2023,68,118,69,255
16.04.2023,68,124,67,259
17.04.2023,68,125,67,260
18.04.2023,66,127,66,259
19.04.2023,68,123,70,261
20.04.2023,68,122,63,253
21.04.2023,71,122,69,262
22.04.2023,72,122,70,264
23.04.2023,72,122,72,266
24.04.2023,72,125,69,266
25.04.2023,71,124,70,265
26.04.2023,70,123,69,262
27.04.2023,71,122,67,260
28.04.2023,69,120,65,254
29.04.2023,69,119,65,253
30.04.2023,68,119,65,252
01.05.2023,66,119,62,247
02.05.2023,68,109,64,241
03.05.2023,68,110,63,241
04.05.2023,67,110,65,242
05.05.2023,66,110,70,246
06.05.2023,66,109,65,240
07.05.2023,66,109,65,240
08.05.2023,66,108,58,232
09.05.2023,67,107,57,231
10.05.2023,68,104,51,223
11.05.2023,67,106,50,223
12.05.2023,63,106,45,214
13.05.2023,62,110,47,219
14.05.2023,62,107,48,217
15.05.2023,66,100,44,210
16.05.2023,64,104,46,214
17.05.2023,65,104,43,212
18.05.2023,63,103,41,207
19.05.2023,63,105,34,202
20.05.2023,65,99,29,193
21.05.2023,65,99,27,191
22.05.2023,64,102,25,191
23.05.2023,62,102,25,189
24.05.2023,61,99,22,182
25.05.2023,60,100,22,182
26.05.2023,62,96,22,180
27.05.2023,64,94,22,180
28.05.2023,62,97,22,181
29.05.2023,62,95,24,181
30.05.2023,63,92,22,177
31.05.2023,64,89,24,177
01.06.2023,63,89,22,174
02.06.2023,62,90,19,171
03.06.2023,62,90,18,170
04.06.2023,62,90,18,170
05.06.2023,63,90,19,172
06.06.2023,65,88,19,172
07.06.2023,66,86,19,171
08.06.2023,65,85,20,170
09.06.2023,65,86,20,171
10.06.2023,65,82,17,164
11.06.2023,65,82,15,162
12.06.2023,64,80,19,163
13.06.2023,65,80,18,163
14.06.2023,63,82,18,163
15.06.2023,65,81,18,164
16.06.2023,64,84,17,165
17.06.2023,65,83,17,165
18.06.2023,65,83,19,167
19.06.2023,67,80,24,171
20.06.2023,65,86,19,170
21.06.2023,66,87,18,171
22.06.2023,64,92,17,173
23.06.2023,64,91,18,173
24.06.2023,65,90,19,174
25.06.2023,63,93,19,175
26.06.2023,62,96,22,180
27.06.2023,64,93,23,180
28.06.2023,64,92,24,180
29.06.2023,62,97,23,182
30.06.2023,62,98,24,184
01.07.2023,62,98,25,185
02.07.2023,62,101,23,186
03.07.2023,58,106,21,185
04.07.2023,57,108,23,188
05.07.2023,59,109,23,191
06.07.2023,58,110,22,190
07.07.2023,57,107,23,187
08.07.2023,57,107,23,187
09.07.2023,57,107,24,188
10.07.2023,59,105,22,186
11.07.2023,60,106,23,189
12.07.2023,62,104,24,190
13.07.2023,63,104,23,190
14.07.2023,61,112,23,196
15.07.2023,61,112,23,196
16.07.2023,61,112,22,195
17.07.2023,62,109,22,193
18.07.2023,65,103,21,189
19.07.2023,63,104,24,191
20.07.2023,62,103,25,190
21.07.2023,66,98,24,188
22.07.2023,65,100,23,188
23.07.2023,65,94,22,181
24.07.2023,63,92,21,176
25.07.2023,63,94,21,178
26.07.2023,65,92,23,180
27.07.2023,65,92,23,180
28.07.2023,65,92,22,179
29.07.2023,65,91,24,180
30.07.2023,65,90,21,176
31.07.2023,65,89,21,175
01.08.2023,65,88,21,174
02.08.2023,64,91,21,176
03.08.2023,61,93,20,174
04.08.2023,60,95,19,174
05.08.2023,61,93,20,174
06.08.2023,61,93,19,173
07.08.2023,62,93,19,174
08.08.2023,66,89,18,173
09.08.2023,65,89,16,170
10.08.2023,64,91,18,173
11.08.2023,65,91,15,171
12.08.2023,65,91,15,171
13.08.2023,65,91,15,171
14.08.2023,67,87,15,169
15.08.2023,68,87,15,170
16.08.2023,68,86,14,168
17.08.2023,66,88,12,166
18.08.2023,68,87,12,167
19.08.2023,67,88,12,167
20.08.2023,67,88,12,167
21.08.2023,67,87,12,166
22.08.2023,66,89,11,166
23.08.2023,67,86,13,166
24.08.2023,70,83,14,167
25.08.2023,68,86,14,168
26.08.2023,68,86,15,169
27.08.2023,68,82,15,165
28.08.2023,68,82,16,166
29.08.2023,67,82,17,166
30.08.2023,64,88,16,168
31.08.2023,61,91,17,169
01.09.2023,62,90,16,168
02.09.2023,61,91,16,168
03.09.2023,62,90,16,168
04.09.2023,65,88,14,167
05.09.2023,63,88,13,164
06.09.2023,64,87,13,164
07.09.2023,64,85,12,161
08.09.2023,62,86,12,160
09.09.2023,62,86,12,160
10.09.2023,62,86,12,160
11.09.2023,67,80,13,160
12.09.2023,67,77,16,160
13.09.2023,70,77,15,162
14.09.2023,67,77,16,160
15.09.2023,66,74,16,156
16.09.2023,66,74,16,156
17.09.2023,66,73,16,155
18.09.2023,61,80,16,157
19.09.2023,63,75,16,154
20.09.2023,66,72,16,154
21.09.2023,68,65,18,151
22.09.2023,65,70,18,153
23.09.2023,64,72,17,153
24.09.2023,64,73,17,154
25.09.2023,70,69,20,159
26.09.2023,71,69,19,159
27.09.2023,69,69,18,156
28.09.2023,64,74,18,156
29.09.2023,63,76,17,156
30.09.2023,62,77,17,156
01.10.2023,62,77,17,156
