horizen,,,,
Date, Full Time, Part Time, One Time, Total
09.02.2016,0,0,1,1
10.02.2016,0,0,1,1
11.02.2016,0,0,1,1
12.02.2016,0,0,1,1
13.02.2016,0,0,1,1
14.02.2016,0,0,1,1
15.02.2016,0,0,1,1
16.02.2016,0,0,1,1
17.02.2016,0,0,1,1
18.02.2016,0,0,1,1
19.02.2016,0,0,1,1
20.02.2016,0,0,1,1
21.02.2016,0,0,1,1
22.02.2016,0,0,1,1
23.02.2016,0,0,1,1
24.02.2016,0,0,1,1
25.02.2016,0,0,1,1
26.02.2016,0,0,1,1
27.02.2016,0,0,1,1
28.02.2016,0,0,1,1
29.02.2016,0,0,1,1
01.03.2016,0,0,1,1
02.03.2016,0,0,1,1
03.03.2016,0,0,1,1
04.03.2016,0,0,1,1
05.03.2016,0,0,2,2
06.03.2016,0,0,2,2
07.03.2016,0,0,2,2
08.03.2016,0,1,0,1
09.03.2016,0,1,0,1
10.03.2016,0,1,0,1
11.03.2016,0,1,0,1
12.03.2016,0,1,0,1
13.03.2016,0,1,0,1
14.03.2016,0,1,0,1
15.03.2016,0,1,0,1
16.03.2016,0,1,0,1
17.03.2016,0,1,0,1
18.03.2016,0,1,0,1
19.03.2016,0,1,0,1
20.03.2016,0,1,0,1
21.03.2016,0,1,0,1
22.03.2016,0,1,0,1
23.03.2016,0,1,0,1
24.03.2016,0,1,0,1
25.03.2016,0,1,0,1
26.03.2016,0,1,0,1
27.03.2016,0,1,0,1
28.03.2016,0,1,0,1
29.03.2016,0,1,0,1
30.03.2016,0,1,0,1
31.03.2016,0,1,0,1
01.04.2016,0,1,0,1
02.04.2016,0,1,0,1
03.04.2016,0,1,0,1
04.04.2016,0,1,0,1
05.04.2016,1,0,0,1
06.04.2016,1,0,0,1
07.04.2016,1,0,0,1
08.04.2016,1,0,0,1
09.04.2016,1,0,0,1
10.04.2016,1,0,0,1
11.04.2016,1,0,0,1
12.04.2016,1,0,0,1
13.04.2016,1,0,0,1
14.04.2016,1,0,0,1
15.04.2016,1,0,0,1
16.04.2016,1,0,0,1
17.04.2016,1,0,0,1
18.04.2016,1,0,0,1
19.04.2016,1,0,0,1
20.04.2016,1,0,0,1
21.04.2016,1,0,0,1
22.04.2016,1,0,0,1
23.04.2016,1,0,0,1
24.04.2016,1,0,0,1
25.04.2016,1,0,0,1
26.04.2016,1,0,0,1
27.04.2016,1,0,0,1
28.04.2016,1,0,0,1
29.04.2016,1,0,0,1
30.04.2016,1,0,0,1
01.05.2016,1,0,0,1
02.05.2016,1,0,0,1
03.05.2016,1,0,0,1
04.05.2016,1,0,0,1
05.05.2016,1,0,0,1
06.05.2016,1,0,0,1
07.05.2016,1,0,0,1
08.05.2016,1,0,0,1
09.05.2016,1,0,0,1
10.05.2016,1,0,0,1
11.05.2016,1,0,0,1
12.05.2016,1,0,0,1
13.05.2016,1,0,0,1
14.05.2016,1,0,0,1
15.05.2016,1,0,0,1
16.05.2016,1,0,0,1
17.05.2016,1,0,0,1
18.05.2016,1,0,0,1
19.05.2016,1,0,0,1
20.05.2016,1,0,0,1
21.05.2016,1,0,0,1
22.05.2016,1,0,0,1
23.05.2016,1,0,0,1
24.05.2016,1,0,0,1
25.05.2016,1,0,1,2
26.05.2016,1,0,1,2
27.05.2016,1,0,1,2
28.05.2016,1,0,1,2
29.05.2016,1,0,1,2
30.05.2016,1,0,1,2
31.05.2016,1,1,0,2
01.06.2016,1,1,0,2
02.06.2016,1,1,0,2
03.06.2016,1,1,0,2
04.06.2016,1,1,0,2
05.06.2016,1,1,0,2
06.06.2016,1,1,0,2
07.06.2016,1,1,0,2
08.06.2016,1,1,0,2
09.06.2016,1,1,0,2
10.06.2016,1,1,0,2
11.06.2016,1,1,0,2
12.06.2016,1,1,0,2
13.06.2016,1,1,0,2
14.06.2016,1,1,0,2
15.06.2016,1,1,0,2
16.06.2016,1,1,0,2
17.06.2016,0,2,0,2
18.06.2016,0,2,0,2
19.06.2016,0,2,0,2
20.06.2016,0,2,0,2
21.06.2016,0,2,0,2
22.06.2016,0,2,0,2
23.06.2016,0,2,0,2
24.06.2016,0,2,0,2
25.06.2016,0,2,0,2
26.06.2016,0,2,0,2
27.06.2016,0,2,0,2
28.06.2016,1,1,1,3
29.06.2016,0,2,1,3
30.06.2016,0,2,2,4
01.07.2016,0,2,2,4
02.07.2016,0,2,2,4
03.07.2016,0,2,2,4
04.07.2016,0,2,2,4
05.07.2016,0,2,2,4
06.07.2016,0,2,2,4
07.07.2016,0,2,2,4
08.07.2016,0,2,2,4
09.07.2016,0,2,2,4
10.07.2016,0,2,2,4
11.07.2016,0,2,2,4
12.07.2016,0,2,2,4
13.07.2016,1,1,2,4
14.07.2016,1,1,2,4
15.07.2016,1,1,2,4
16.07.2016,1,1,2,4
17.07.2016,1,1,2,4
18.07.2016,1,2,1,4
19.07.2016,1,2,1,4
20.07.2016,1,2,1,4
21.07.2016,1,2,1,4
22.07.2016,1,2,1,4
23.07.2016,1,2,1,4
24.07.2016,1,2,1,4
25.07.2016,1,2,1,4
26.07.2016,1,2,0,3
27.07.2016,0,3,0,3
28.07.2016,0,3,0,3
29.07.2016,0,3,0,3
30.07.2016,0,3,0,3
31.07.2016,0,3,0,3
01.08.2016,0,3,0,3
02.08.2016,0,3,0,3
03.08.2016,0,3,0,3
04.08.2016,0,3,0,3
05.08.2016,0,3,0,3
06.08.2016,0,3,0,3
07.08.2016,0,3,0,3
08.08.2016,0,3,0,3
09.08.2016,0,3,0,3
10.08.2016,1,2,0,3
11.08.2016,1,2,0,3
12.08.2016,1,2,0,3
13.08.2016,1,2,0,3
14.08.2016,1,2,0,3
15.08.2016,1,2,0,3
16.08.2016,1,2,0,3
17.08.2016,1,2,0,3
18.08.2016,1,2,0,3
19.08.2016,1,2,0,3
20.08.2016,1,2,0,3
21.08.2016,1,2,0,3
22.08.2016,1,2,0,3
23.08.2016,1,2,0,3
24.08.2016,0,3,0,3
25.08.2016,0,3,0,3
26.08.2016,0,3,0,3
27.08.2016,0,3,0,3
28.08.2016,0,3,1,4
29.08.2016,0,3,1,4
30.08.2016,0,3,1,4
31.08.2016,0,3,1,4
01.09.2016,0,3,1,4
02.09.2016,0,3,1,4
03.09.2016,0,3,1,4
04.09.2016,0,3,1,4
05.09.2016,0,3,1,4
06.09.2016,0,3,1,4
07.09.2016,0,3,1,4
08.09.2016,0,3,1,4
09.09.2016,0,3,1,4
10.09.2016,0,3,1,4
11.09.2016,0,3,1,4
12.09.2016,0,3,1,4
13.09.2016,0,3,1,4
14.09.2016,0,2,1,3
15.09.2016,0,2,1,3
16.09.2016,0,2,1,3
17.09.2016,0,2,1,3
18.09.2016,0,2,1,3
19.09.2016,0,1,2,3
20.09.2016,0,1,2,3
21.09.2016,0,1,2,3
22.09.2016,0,1,2,3
23.09.2016,0,1,2,3
24.09.2016,0,1,2,3
25.09.2016,0,1,1,2
26.09.2016,0,1,1,2
27.09.2016,0,1,1,2
28.09.2016,0,1,1,2
29.09.2016,0,1,1,2
30.09.2016,0,1,1,2
01.10.2016,0,1,1,2
02.10.2016,0,1,1,2
03.10.2016,0,1,1,2
04.10.2016,0,1,1,2
05.10.2016,0,1,1,2
06.10.2016,0,1,1,2
07.10.2016,0,1,1,2
08.10.2016,0,1,1,2
09.10.2016,0,1,1,2
10.10.2016,0,1,1,2
11.10.2016,0,1,1,2
12.10.2016,0,1,1,2
13.10.2016,0,1,1,2
14.10.2016,0,1,1,2
15.10.2016,0,1,1,2
16.10.2016,0,1,1,2
17.10.2016,0,1,0,1
18.10.2016,0,1,0,1
19.10.2016,0,1,0,1
20.10.2016,0,1,0,1
21.10.2016,0,1,0,1
22.10.2016,0,1,0,1
23.10.2016,0,1,0,1
24.10.2016,0,1,0,1
25.10.2016,0,1,0,1
26.10.2016,0,1,0,1
27.10.2016,0,2,0,2
28.10.2016,0,2,0,2
29.10.2016,0,2,0,2
30.10.2016,0,2,0,2
31.10.2016,0,2,0,2
01.11.2016,0,2,0,2
02.11.2016,0,2,0,2
03.11.2016,0,2,0,2
04.11.2016,0,2,0,2
05.11.2016,0,2,0,2
06.11.2016,0,2,0,2
07.11.2016,0,2,0,2
08.11.2016,0,2,0,2
09.11.2016,0,2,0,2
10.11.2016,0,2,0,2
11.11.2016,0,2,0,2
12.11.2016,0,2,0,2
13.11.2016,0,2,1,3
14.11.2016,0,2,1,3
15.11.2016,0,2,1,3
16.11.2016,0,2,1,3
17.11.2016,0,2,2,4
18.11.2016,0,3,1,4
19.11.2016,0,3,1,4
20.11.2016,0,3,1,4
21.11.2016,0,3,1,4
22.11.2016,0,3,1,4
23.11.2016,0,2,1,3
24.11.2016,0,1,1,2
25.11.2016,0,1,1,2
26.11.2016,0,1,1,2
27.11.2016,0,1,1,2
28.11.2016,0,1,1,2
29.11.2016,0,1,1,2
30.11.2016,0,2,1,3
01.12.2016,0,2,1,3
02.12.2016,0,2,1,3
03.12.2016,0,2,1,3
04.12.2016,0,2,1,3
05.12.2016,0,2,1,3
06.12.2016,0,2,1,3
07.12.2016,0,2,1,3
08.12.2016,0,2,1,3
09.12.2016,0,2,1,3
10.12.2016,0,2,1,3
11.12.2016,0,2,0,2
12.12.2016,0,2,0,2
13.12.2016,0,2,0,2
14.12.2016,0,2,0,2
15.12.2016,0,2,0,2
16.12.2016,0,2,0,2
17.12.2016,0,2,0,2
18.12.2016,0,2,0,2
19.12.2016,0,2,0,2
20.12.2016,0,2,0,2
21.12.2016,0,2,0,2
22.12.2016,0,2,0,2
23.12.2016,0,2,0,2
24.12.2016,0,2,0,2
25.12.2016,0,1,0,1
26.12.2016,0,1,0,1
27.12.2016,0,1,0,1
05.03.2017,0,0,2,2
06.03.2017,0,0,2,2
07.03.2017,0,1,1,2
08.03.2017,0,1,1,2
09.03.2017,0,1,1,2
10.03.2017,0,1,1,2
11.03.2017,0,1,1,2
12.03.2017,0,1,1,2
13.03.2017,0,1,1,2
14.03.2017,0,1,1,2
15.03.2017,0,1,1,2
16.03.2017,0,1,1,2
17.03.2017,0,1,1,2
18.03.2017,0,1,1,2
19.03.2017,0,1,1,2
20.03.2017,0,1,1,2
21.03.2017,0,1,1,2
22.03.2017,0,1,1,2
23.03.2017,0,1,1,2
24.03.2017,0,1,1,2
25.03.2017,0,1,1,2
26.03.2017,0,1,1,2
27.03.2017,0,1,1,2
28.03.2017,0,1,1,2
29.03.2017,0,1,1,2
30.03.2017,0,1,1,2
31.03.2017,0,1,2,3
01.04.2017,0,1,2,3
02.04.2017,0,1,1,2
03.04.2017,0,1,1,2
04.04.2017,0,0,1,1
05.04.2017,0,0,1,1
06.04.2017,0,0,1,1
07.04.2017,0,0,1,1
08.04.2017,0,0,1,1
09.04.2017,0,0,1,1
10.04.2017,0,0,1,1
11.04.2017,0,0,1,1
12.04.2017,0,0,1,1
13.04.2017,0,0,1,1
14.04.2017,0,0,1,1
15.04.2017,0,0,1,1
16.04.2017,0,0,2,2
17.04.2017,0,0,2,2
18.04.2017,0,0,2,2
19.04.2017,0,0,2,2
20.04.2017,0,0,2,2
21.04.2017,0,0,2,2
22.04.2017,0,0,2,2
23.04.2017,0,0,3,3
24.04.2017,0,0,3,3
25.04.2017,0,1,3,4
26.04.2017,0,1,3,4
27.04.2017,0,1,3,4
28.04.2017,0,1,2,3
29.04.2017,0,1,2,3
30.04.2017,0,1,2,3
01.05.2017,0,1,2,3
02.05.2017,0,1,2,3
03.05.2017,0,1,3,4
04.05.2017,0,1,3,4
05.05.2017,0,2,2,4
06.05.2017,0,2,2,4
07.05.2017,0,3,3,6
08.05.2017,0,3,3,6
09.05.2017,0,3,3,6
10.05.2017,0,3,4,7
11.05.2017,0,3,4,7
12.05.2017,0,3,4,7
13.05.2017,0,3,4,7
14.05.2017,0,3,3,6
15.05.2017,0,4,3,7
16.05.2017,0,4,4,8
17.05.2017,0,4,4,8
18.05.2017,0,4,4,8
19.05.2017,0,4,4,8
20.05.2017,0,4,4,8
21.05.2017,0,4,3,7
22.05.2017,0,4,3,7
23.05.2017,0,4,4,8
24.05.2017,0,4,4,8
25.05.2017,0,4,4,8
26.05.2017,0,4,4,8
27.05.2017,0,4,4,8
28.05.2017,0,3,5,8
29.05.2017,0,3,5,8
30.05.2017,0,3,5,8
31.05.2017,0,3,5,8
01.06.2017,0,3,5,8
02.06.2017,0,3,5,8
03.06.2017,0,3,5,8
04.06.2017,0,3,3,6
05.06.2017,0,2,3,5
06.06.2017,0,2,3,5
07.06.2017,0,2,2,4
08.06.2017,0,2,2,4
09.06.2017,0,2,4,6
10.06.2017,0,3,4,7
11.06.2017,0,2,4,6
12.06.2017,0,4,2,6
13.06.2017,0,4,1,5
14.06.2017,0,4,1,5
15.06.2017,0,4,2,6
16.06.2017,0,4,2,6
17.06.2017,0,4,2,6
18.06.2017,0,4,2,6
19.06.2017,0,4,3,7
20.06.2017,0,5,1,6
21.06.2017,0,5,1,6
22.06.2017,0,5,1,6
23.06.2017,0,5,1,6
24.06.2017,0,5,1,6
25.06.2017,0,5,2,7
26.06.2017,0,5,2,7
27.06.2017,0,6,1,7
28.06.2017,0,7,1,8
29.06.2017,0,7,1,8
30.06.2017,0,7,1,8
01.07.2017,0,7,1,8
02.07.2017,0,8,1,9
03.07.2017,0,9,1,10
04.07.2017,0,9,1,10
05.07.2017,0,9,1,10
06.07.2017,0,9,2,11
07.07.2017,0,9,2,11
08.07.2017,0,9,2,11
09.07.2017,0,9,2,11
10.07.2017,0,9,2,11
11.07.2017,0,9,3,12
12.07.2017,0,9,4,13
13.07.2017,0,10,2,12
14.07.2017,0,10,2,12
15.07.2017,0,10,2,12
16.07.2017,0,9,3,12
17.07.2017,0,10,2,12
18.07.2017,1,10,1,12
19.07.2017,1,9,1,11
20.07.2017,2,9,2,13
21.07.2017,3,8,2,13
22.07.2017,3,8,2,13
23.07.2017,3,8,2,13
24.07.2017,3,8,3,14
25.07.2017,4,8,2,14
26.07.2017,4,8,2,14
27.07.2017,4,8,2,14
28.07.2017,4,8,3,15
29.07.2017,2,10,3,15
30.07.2017,2,10,3,15
31.07.2017,2,10,3,15
01.08.2017,2,11,2,15
02.08.2017,2,11,2,15
03.08.2017,2,11,2,15
04.08.2017,2,11,2,15
05.08.2017,2,11,2,15
06.08.2017,2,11,2,15
07.08.2017,2,10,4,16
08.08.2017,2,12,1,15
09.08.2017,3,11,1,15
10.08.2017,2,10,1,13
11.08.2017,3,9,1,13
12.08.2017,2,10,1,13
13.08.2017,3,9,1,13
14.08.2017,3,9,1,13
15.08.2017,2,10,1,13
16.08.2017,2,10,1,13
17.08.2017,4,7,0,11
18.08.2017,5,6,0,11
19.08.2017,5,6,0,11
20.08.2017,5,6,0,11
21.08.2017,5,6,0,11
22.08.2017,6,5,0,11
23.08.2017,6,5,0,11
24.08.2017,6,5,1,12
25.08.2017,6,5,1,12
26.08.2017,4,7,1,12
27.08.2017,4,7,1,12
28.08.2017,4,7,1,12
29.08.2017,4,8,0,12
30.08.2017,4,8,0,12
31.08.2017,4,8,0,12
01.09.2017,4,8,0,12
02.09.2017,4,8,0,12
03.09.2017,4,8,1,13
04.09.2017,4,8,2,14
05.09.2017,6,7,1,14
06.09.2017,6,8,0,14
07.09.2017,5,9,0,14
08.09.2017,6,8,0,14
09.09.2017,6,8,0,14
10.09.2017,6,9,1,16
11.09.2017,5,10,1,16
12.09.2017,5,10,2,17
13.09.2017,6,9,3,18
14.09.2017,7,8,3,18
15.09.2017,7,10,2,19
16.09.2017,7,10,2,19
17.09.2017,7,10,2,19
18.09.2017,7,10,2,19
19.09.2017,7,10,2,19
20.09.2017,8,9,2,19
21.09.2017,8,10,2,20
22.09.2017,8,10,2,20
23.09.2017,6,12,2,20
24.09.2017,6,13,1,20
25.09.2017,6,13,3,22
26.09.2017,6,13,3,22
27.09.2017,6,13,4,23
28.09.2017,6,13,4,23
29.09.2017,6,12,4,22
30.09.2017,6,12,4,22
01.10.2017,6,12,4,22
02.10.2017,6,12,4,22
03.10.2017,6,10,6,22
04.10.2017,6,10,8,24
05.10.2017,5,11,17,33
06.10.2017,5,12,16,33
07.10.2017,5,12,17,34
08.10.2017,5,12,15,32
09.10.2017,5,12,17,34
10.10.2017,4,13,16,33
11.10.2017,6,10,16,32
12.10.2017,6,8,18,32
13.10.2017,5,8,17,30
14.10.2017,5,8,17,30
15.10.2017,5,8,17,30
16.10.2017,5,8,17,30
17.10.2017,5,8,17,30
18.10.2017,5,8,17,30
19.10.2017,5,8,16,29
20.10.2017,5,8,16,29
21.10.2017,5,8,16,29
22.10.2017,5,9,18,32
23.10.2017,5,9,18,32
24.10.2017,5,9,18,32
25.10.2017,5,10,17,32
26.10.2017,5,10,17,32
27.10.2017,5,10,17,32
28.10.2017,5,10,18,33
29.10.2017,5,12,16,33
30.10.2017,5,12,16,33
31.10.2017,5,12,15,32
01.11.2017,5,13,13,31
02.11.2017,5,13,5,23
03.11.2017,5,13,5,23
04.11.2017,5,12,6,23
05.11.2017,5,12,5,22
06.11.2017,5,12,4,21
07.11.2017,5,12,4,21
08.11.2017,5,12,4,21
09.11.2017,5,12,4,21
10.11.2017,5,12,4,21
11.11.2017,5,12,4,21
12.11.2017,5,12,4,21
13.11.2017,5,12,4,21
14.11.2017,5,12,4,21
15.11.2017,5,12,4,21
16.11.2017,5,12,5,22
17.11.2017,5,13,4,22
18.11.2017,5,13,4,22
19.11.2017,5,13,3,21
20.11.2017,5,12,2,19
21.11.2017,5,11,2,18
22.11.2017,5,10,2,17
23.11.2017,5,10,2,17
24.11.2017,5,10,2,17
25.11.2017,5,10,1,16
26.11.2017,5,9,2,16
27.11.2017,5,10,1,16
28.11.2017,5,10,1,16
29.11.2017,4,9,1,14
30.11.2017,3,10,1,14
01.12.2017,3,9,1,13
02.12.2017,3,9,0,12
03.12.2017,3,8,2,13
04.12.2017,3,8,3,14
05.12.2017,3,8,3,14
06.12.2017,3,8,3,14
07.12.2017,3,9,3,15
08.12.2017,3,9,3,15
09.12.2017,3,9,3,15
10.12.2017,3,9,3,15
11.12.2017,3,9,4,16
12.12.2017,3,9,4,16
13.12.2017,2,9,4,15
14.12.2017,2,9,4,15
15.12.2017,2,9,5,16
16.12.2017,3,7,5,15
17.12.2017,4,7,5,16
18.12.2017,4,8,6,18
19.12.2017,4,10,3,17
20.12.2017,4,10,3,17
21.12.2017,4,10,4,18
22.12.2017,4,11,3,18
23.12.2017,4,11,3,18
24.12.2017,4,11,2,17
25.12.2017,4,10,2,16
26.12.2017,5,9,2,16
27.12.2017,4,10,3,17
28.12.2017,3,11,3,17
29.12.2017,3,11,4,18
30.12.2017,3,11,4,18
31.12.2017,3,11,4,18
01.01.2018,3,11,4,18
02.01.2018,2,12,4,18
03.01.2018,2,11,5,18
04.01.2018,3,9,5,17
05.01.2018,3,9,5,17
06.01.2018,3,9,5,17
07.01.2018,3,9,5,17
08.01.2018,3,9,4,16
09.01.2018,3,10,4,17
10.01.2018,3,10,6,19
11.01.2018,3,12,6,21
12.01.2018,3,12,6,21
13.01.2018,4,12,8,24
14.01.2018,4,12,8,24
15.01.2018,4,11,8,23
16.01.2018,5,12,8,25
17.01.2018,5,12,9,26
18.01.2018,5,13,12,30
19.01.2018,5,14,11,30
20.01.2018,5,14,12,31
21.01.2018,5,14,14,33
22.01.2018,5,15,13,33
23.01.2018,5,17,12,34
24.01.2018,4,18,11,33
25.01.2018,4,18,11,33
26.01.2018,4,18,11,33
27.01.2018,4,18,11,33
28.01.2018,4,19,10,33
29.01.2018,4,20,9,33
30.01.2018,4,20,9,33
31.01.2018,4,20,8,32
01.02.2018,5,19,8,32
02.02.2018,5,19,9,33
03.02.2018,5,19,9,33
04.02.2018,4,20,9,33
05.02.2018,4,20,9,33
06.02.2018,4,18,9,31
07.02.2018,4,17,8,29
08.02.2018,3,16,6,25
09.02.2018,3,16,5,24
10.02.2018,4,15,3,22
11.02.2018,3,16,4,23
12.02.2018,3,16,4,23
13.02.2018,3,14,4,21
14.02.2018,3,14,5,22
15.02.2018,3,14,4,21
16.02.2018,3,13,4,20
17.02.2018,3,12,5,20
18.02.2018,4,11,4,19
19.02.2018,4,10,5,19
20.02.2018,6,9,4,19
21.02.2018,3,12,4,19
22.02.2018,3,12,4,19
23.02.2018,3,12,4,19
24.02.2018,3,12,5,20
25.02.2018,3,11,5,19
26.02.2018,3,11,4,18
27.02.2018,3,11,5,19
28.02.2018,3,11,6,20
01.03.2018,3,11,7,21
02.03.2018,3,11,6,20
03.03.2018,3,10,6,19
04.03.2018,3,10,6,19
05.03.2018,3,10,6,19
06.03.2018,3,11,6,20
07.03.2018,3,11,7,21
08.03.2018,3,11,7,21
09.03.2018,4,9,8,21
10.03.2018,5,8,8,21
11.03.2018,5,8,7,20
12.03.2018,5,9,6,20
13.03.2018,5,9,6,20
14.03.2018,5,9,6,20
15.03.2018,5,9,7,21
16.03.2018,5,9,8,22
17.03.2018,5,9,7,21
18.03.2018,5,10,8,23
19.03.2018,5,10,7,22
20.03.2018,4,11,7,22
21.03.2018,4,10,7,21
22.03.2018,4,10,7,21
23.03.2018,4,10,7,21
24.03.2018,4,10,7,21
25.03.2018,3,12,6,21
26.03.2018,3,11,6,20
27.03.2018,3,12,4,19
28.03.2018,3,13,3,19
29.03.2018,3,13,3,19
30.03.2018,2,14,3,19
31.03.2018,3,13,3,19
01.04.2018,3,13,4,20
02.04.2018,2,14,4,20
03.04.2018,2,13,4,19
04.04.2018,2,13,4,19
05.04.2018,3,12,4,19
06.04.2018,3,13,5,21
07.04.2018,3,14,5,22
08.04.2018,3,14,5,22
09.04.2018,5,12,5,22
10.04.2018,5,12,6,23
11.04.2018,5,12,6,23
12.04.2018,5,13,4,22
13.04.2018,5,13,3,21
14.04.2018,5,14,3,22
15.04.2018,5,13,2,20
16.04.2018,5,12,3,20
17.04.2018,5,12,3,20
18.04.2018,5,12,3,20
19.04.2018,5,13,3,21
20.04.2018,5,12,4,21
21.04.2018,5,12,4,21
22.04.2018,5,11,4,20
23.04.2018,5,12,4,21
24.04.2018,5,12,4,21
25.04.2018,5,12,4,21
26.04.2018,5,12,4,21
27.04.2018,4,12,4,20
28.04.2018,5,10,4,19
29.04.2018,5,10,3,18
30.04.2018,4,11,3,18
01.05.2018,4,11,3,18
02.05.2018,4,11,3,18
03.05.2018,4,11,3,18
04.05.2018,4,10,3,17
05.05.2018,4,9,3,16
06.05.2018,4,9,3,16
07.05.2018,4,8,3,15
08.05.2018,4,10,3,17
09.05.2018,4,10,4,18
10.05.2018,5,8,6,19
11.05.2018,5,8,6,19
12.05.2018,5,9,5,19
13.05.2018,5,9,5,19
14.05.2018,5,9,5,19
15.05.2018,5,9,5,19
16.05.2018,4,9,6,19
17.05.2018,4,9,7,20
18.05.2018,4,10,5,19
19.05.2018,3,11,5,19
20.05.2018,4,10,5,19
21.05.2018,4,10,5,19
22.05.2018,4,10,4,18
23.05.2018,4,10,4,18
24.05.2018,4,9,4,17
25.05.2018,3,10,4,17
26.05.2018,4,10,4,18
27.05.2018,4,10,6,20
28.05.2018,3,12,5,20
29.05.2018,3,12,6,21
30.05.2018,3,12,8,23
31.05.2018,3,11,8,22
01.06.2018,3,11,8,22
02.06.2018,2,12,8,22
03.06.2018,3,11,8,22
04.06.2018,3,10,8,21
05.06.2018,3,11,7,21
06.06.2018,3,10,6,19
07.06.2018,3,11,8,22
08.06.2018,3,11,10,24
09.06.2018,3,10,10,23
10.06.2018,3,10,10,23
11.06.2018,3,12,8,23
12.06.2018,2,12,10,24
13.06.2018,3,11,12,26
14.06.2018,3,11,12,26
15.06.2018,3,11,13,27
16.06.2018,3,11,13,27
17.06.2018,3,11,13,27
18.06.2018,3,11,13,27
19.06.2018,3,10,13,26
20.06.2018,3,11,12,26
21.06.2018,3,11,13,27
22.06.2018,3,12,12,27
23.06.2018,3,11,13,27
24.06.2018,3,10,12,25
25.06.2018,3,11,11,25
26.06.2018,3,11,9,23
27.06.2018,2,12,7,21
28.06.2018,2,12,7,21
29.06.2018,3,11,7,21
30.06.2018,4,10,7,21
01.07.2018,5,9,7,21
02.07.2018,5,9,7,21
03.07.2018,5,9,7,21
04.07.2018,4,10,7,21
05.07.2018,4,10,6,20
06.07.2018,4,10,4,18
07.07.2018,3,10,4,17
08.07.2018,3,10,4,17
09.07.2018,3,8,3,14
10.07.2018,2,8,2,12
11.07.2018,2,7,1,10
12.07.2018,1,8,2,11
13.07.2018,1,8,1,10
14.07.2018,1,8,2,11
15.07.2018,1,8,2,11
16.07.2018,1,8,2,11
17.07.2018,1,9,2,12
18.07.2018,1,9,2,12
19.07.2018,1,10,3,14
20.07.2018,1,9,3,13
21.07.2018,2,8,3,13
22.07.2018,2,8,3,13
23.07.2018,3,7,3,13
24.07.2018,4,6,3,13
25.07.2018,2,8,3,13
26.07.2018,2,7,3,12
27.07.2018,2,7,3,12
28.07.2018,2,7,4,13
29.07.2018,3,6,5,14
30.07.2018,4,5,5,14
31.07.2018,3,6,5,14
01.08.2018,2,7,5,14
02.08.2018,2,7,5,14
03.08.2018,2,9,5,16
04.08.2018,2,9,5,16
05.08.2018,2,9,5,16
06.08.2018,2,9,5,16
07.08.2018,4,8,6,18
08.08.2018,4,8,6,18
09.08.2018,4,8,6,18
10.08.2018,3,9,6,18
11.08.2018,3,10,4,17
12.08.2018,3,10,4,17
13.08.2018,3,10,5,18
14.08.2018,2,11,6,19
15.08.2018,2,10,6,18
16.08.2018,2,10,5,17
17.08.2018,3,9,5,17
18.08.2018,3,9,5,17
19.08.2018,3,9,5,17
20.08.2018,2,10,5,17
21.08.2018,2,10,5,17
22.08.2018,2,9,5,16
23.08.2018,2,9,5,16
24.08.2018,2,9,6,17
25.08.2018,3,8,5,16
26.08.2018,3,8,4,15
27.08.2018,2,8,4,14
28.08.2018,2,8,4,14
29.08.2018,1,10,4,15
30.08.2018,1,11,4,16
31.08.2018,2,9,4,15
01.09.2018,2,9,4,15
02.09.2018,2,9,4,15
03.09.2018,2,8,5,15
04.09.2018,4,6,5,15
05.09.2018,2,9,6,17
06.09.2018,3,8,5,16
07.09.2018,3,8,5,16
08.09.2018,3,8,5,16
09.09.2018,3,9,5,17
10.09.2018,3,8,4,15
11.09.2018,2,9,5,16
12.09.2018,2,8,5,15
13.09.2018,2,8,5,15
14.09.2018,2,7,5,14
15.09.2018,2,7,5,14
16.09.2018,2,7,5,14
17.09.2018,1,8,5,14
18.09.2018,1,8,5,14
19.09.2018,1,8,5,14
20.09.2018,1,8,5,14
21.09.2018,1,8,4,13
22.09.2018,1,9,5,15
23.09.2018,1,9,5,15
24.09.2018,0,10,5,15
25.09.2018,0,9,5,14
26.09.2018,0,9,4,13
27.09.2018,0,8,4,12
28.09.2018,1,7,4,12
29.09.2018,1,7,4,12
30.09.2018,1,7,4,12
01.10.2018,1,7,4,12
02.10.2018,2,6,4,12
03.10.2018,2,6,3,11
04.10.2018,2,7,3,12
05.10.2018,2,7,3,12
06.10.2018,0,7,3,10
07.10.2018,0,7,3,10
08.10.2018,0,7,3,10
09.10.2018,0,7,1,8
10.10.2018,0,7,1,8
11.10.2018,0,7,1,8
12.10.2018,0,7,1,8
13.10.2018,0,6,1,7
14.10.2018,0,6,1,7
15.10.2018,0,6,1,7
16.10.2018,0,6,1,7
17.10.2018,0,6,1,7
18.10.2018,0,6,1,7
19.10.2018,0,6,2,8
20.10.2018,0,5,2,7
21.10.2018,0,5,2,7
22.10.2018,0,5,2,7
23.10.2018,0,5,3,8
24.10.2018,0,5,3,8
25.10.2018,0,5,3,8
26.10.2018,0,5,3,8
27.10.2018,0,5,4,9
28.10.2018,0,5,4,9
29.10.2018,0,8,4,12
30.10.2018,0,8,4,12
31.10.2018,0,7,4,11
01.11.2018,0,7,4,11
02.11.2018,0,7,4,11
03.11.2018,0,8,4,12
04.11.2018,0,8,4,12
05.11.2018,0,7,5,12
06.11.2018,0,5,5,10
07.11.2018,0,6,5,11
08.11.2018,0,6,5,11
09.11.2018,0,6,5,11
10.11.2018,0,6,5,11
11.11.2018,0,6,5,11
12.11.2018,0,6,5,11
13.11.2018,0,6,5,11
14.11.2018,0,6,5,11
15.11.2018,0,6,5,11
16.11.2018,0,7,4,11
17.11.2018,0,7,3,10
18.11.2018,0,7,3,10
19.11.2018,0,7,3,10
20.11.2018,0,6,2,8
21.11.2018,0,6,2,8
22.11.2018,0,7,1,8
23.11.2018,0,7,2,9
24.11.2018,0,7,1,8
25.11.2018,0,8,1,9
26.11.2018,0,8,2,10
27.11.2018,0,8,2,10
28.11.2018,0,8,2,10
29.11.2018,0,9,1,10
30.11.2018,0,9,1,10
01.12.2018,0,7,1,8
02.12.2018,0,7,1,8
03.12.2018,0,7,2,9
04.12.2018,0,6,2,8
05.12.2018,0,7,2,9
06.12.2018,0,8,2,10
07.12.2018,0,8,2,10
08.12.2018,0,9,2,11
09.12.2018,0,9,2,11
10.12.2018,0,9,2,11
11.12.2018,0,9,2,11
12.12.2018,0,9,2,11
13.12.2018,0,9,2,11
14.12.2018,0,9,2,11
15.12.2018,0,9,2,11
16.12.2018,0,9,2,11
17.12.2018,0,9,2,11
18.12.2018,0,9,3,12
19.12.2018,0,10,3,13
20.12.2018,0,10,4,14
21.12.2018,0,11,2,13
22.12.2018,0,11,2,13
23.12.2018,0,10,2,12
24.12.2018,0,10,3,13
25.12.2018,0,10,3,13
26.12.2018,0,10,3,13
27.12.2018,0,10,2,12
28.12.2018,0,10,2,12
29.12.2018,0,10,2,12
30.12.2018,0,10,2,12
31.12.2018,0,10,1,11
01.01.2019,0,9,1,10
02.01.2019,0,9,1,10
03.01.2019,0,9,1,10
04.01.2019,0,9,2,11
05.01.2019,0,8,2,10
06.01.2019,0,8,2,10
07.01.2019,0,9,2,11
08.01.2019,0,9,2,11
09.01.2019,0,9,4,13
10.01.2019,1,9,3,13
11.01.2019,0,11,3,14
12.01.2019,0,11,3,14
13.01.2019,0,11,3,14
14.01.2019,1,10,4,15
15.01.2019,1,10,4,15
16.01.2019,1,10,4,15
17.01.2019,1,11,3,15
18.01.2019,2,9,3,14
19.01.2019,2,8,3,13
20.01.2019,1,9,3,13
21.01.2019,1,9,2,12
22.01.2019,1,9,2,12
23.01.2019,1,9,3,13
24.01.2019,1,9,3,13
25.01.2019,1,9,3,13
26.01.2019,0,10,3,13
27.01.2019,0,10,3,13
28.01.2019,0,10,3,13
29.01.2019,1,9,4,14
30.01.2019,1,10,3,14
31.01.2019,1,10,3,14
01.02.2019,1,10,3,14
02.02.2019,1,10,3,14
03.02.2019,1,10,3,14
04.02.2019,1,11,2,14
05.02.2019,1,11,2,14
06.02.2019,1,11,1,13
07.02.2019,2,10,1,13
08.02.2019,2,9,2,13
09.02.2019,2,9,2,13
10.02.2019,2,9,2,13
11.02.2019,2,9,2,13
12.02.2019,2,9,2,13
13.02.2019,2,9,2,13
14.02.2019,2,9,1,12
15.02.2019,2,10,1,13
16.02.2019,2,10,1,13
17.02.2019,1,11,1,13
18.02.2019,2,10,2,14
19.02.2019,2,10,2,14
20.02.2019,2,9,2,13
21.02.2019,2,9,2,13
22.02.2019,2,9,2,13
23.02.2019,1,10,2,13
24.02.2019,1,10,2,13
25.02.2019,1,10,2,13
26.02.2019,1,11,2,14
27.02.2019,1,10,3,14
28.02.2019,1,10,3,14
01.03.2019,1,11,2,14
02.03.2019,1,11,2,14
03.03.2019,1,11,2,14
04.03.2019,2,9,2,13
05.03.2019,2,9,2,13
06.03.2019,2,8,2,12
07.03.2019,3,7,2,12
08.03.2019,3,7,1,11
09.03.2019,3,7,1,11
10.03.2019,3,7,1,11
11.03.2019,3,7,1,11
12.03.2019,3,7,1,11
13.03.2019,3,7,1,11
14.03.2019,3,7,1,11
15.03.2019,3,7,2,12
16.03.2019,3,7,2,12
17.03.2019,2,8,2,12
18.03.2019,3,7,1,11
19.03.2019,3,7,2,12
20.03.2019,3,8,1,12
21.03.2019,3,8,1,12
22.03.2019,4,6,1,11
23.03.2019,3,7,1,11
24.03.2019,3,6,1,10
25.03.2019,3,8,1,12
26.03.2019,3,8,3,14
27.03.2019,3,8,4,15
28.03.2019,3,8,4,15
29.03.2019,3,8,4,15
30.03.2019,3,8,4,15
31.03.2019,3,8,4,15
01.04.2019,3,8,4,15
02.04.2019,3,8,4,15
03.04.2019,3,8,4,15
04.04.2019,3,8,4,15
05.04.2019,3,8,4,15
06.04.2019,3,8,4,15
07.04.2019,4,7,4,15
08.04.2019,4,7,4,15
09.04.2019,4,8,3,15
10.04.2019,3,9,4,16
11.04.2019,3,10,3,16
12.04.2019,3,10,4,17
13.04.2019,3,10,4,17
14.04.2019,3,10,4,17
15.04.2019,3,10,4,17
16.04.2019,3,10,3,16
17.04.2019,3,9,3,15
18.04.2019,3,9,3,15
19.04.2019,4,8,3,15
20.04.2019,4,8,3,15
21.04.2019,4,8,3,15
22.04.2019,4,7,3,14
23.04.2019,4,7,1,12
24.04.2019,4,7,1,12
25.04.2019,4,7,1,12
26.04.2019,4,7,1,12
27.04.2019,4,7,1,12
28.04.2019,4,7,1,12
29.04.2019,3,8,2,13
30.04.2019,3,7,3,13
01.05.2019,3,7,3,13
02.05.2019,3,7,3,13
03.05.2019,3,7,3,13
04.05.2019,3,8,2,13
05.05.2019,4,7,2,13
06.05.2019,4,7,2,13
07.05.2019,4,7,2,13
08.05.2019,3,9,2,14
09.05.2019,2,10,2,14
10.05.2019,2,10,1,13
11.05.2019,2,10,1,13
12.05.2019,2,10,1,13
13.05.2019,2,10,1,13
14.05.2019,2,10,1,13
15.05.2019,2,10,1,13
16.05.2019,2,10,1,13
17.05.2019,3,9,1,13
18.05.2019,3,9,1,13
19.05.2019,3,9,1,13
20.05.2019,3,9,2,14
21.05.2019,3,9,2,14
22.05.2019,3,9,2,14
23.05.2019,3,9,2,14
24.05.2019,3,9,2,14
25.05.2019,3,9,2,14
26.05.2019,3,9,2,14
27.05.2019,2,10,2,14
28.05.2019,2,10,2,14
29.05.2019,2,11,1,14
30.05.2019,2,11,1,14
31.05.2019,2,11,1,14
01.06.2019,2,10,1,13
02.06.2019,3,9,1,13
03.06.2019,3,9,1,13
04.06.2019,3,9,1,13
05.06.2019,2,10,1,13
06.06.2019,2,9,1,12
07.06.2019,2,10,0,12
08.06.2019,2,10,1,13
09.06.2019,2,11,0,13
10.06.2019,2,11,0,13
11.06.2019,1,12,0,13
12.06.2019,1,11,0,12
13.06.2019,1,11,0,12
14.06.2019,1,11,0,12
15.06.2019,1,11,0,12
16.06.2019,1,11,0,12
17.06.2019,2,10,0,12
18.06.2019,1,11,0,12
19.06.2019,1,11,0,12
20.06.2019,1,11,0,12
21.06.2019,1,11,0,12
22.06.2019,1,11,0,12
23.06.2019,1,10,0,11
24.06.2019,0,11,0,11
25.06.2019,0,11,0,11
26.06.2019,0,10,0,10
27.06.2019,0,11,0,11
28.06.2019,0,11,0,11
29.06.2019,0,11,0,11
30.06.2019,0,11,0,11
01.07.2019,0,11,0,11
02.07.2019,0,10,0,10
03.07.2019,0,10,0,10
04.07.2019,0,10,0,10
05.07.2019,0,10,0,10
06.07.2019,0,10,0,10
07.07.2019,0,10,0,10
08.07.2019,0,11,0,11
09.07.2019,0,12,0,12
10.07.2019,0,12,0,12
11.07.2019,0,12,0,12
12.07.2019,0,11,0,11
13.07.2019,0,11,0,11
14.07.2019,1,10,0,11
15.07.2019,1,10,0,11
16.07.2019,1,10,0,11
17.07.2019,1,9,0,10
18.07.2019,2,8,1,11
19.07.2019,2,8,1,11
20.07.2019,2,8,1,11
21.07.2019,2,8,1,11
22.07.2019,2,9,1,12
23.07.2019,3,8,1,12
24.07.2019,3,8,1,12
25.07.2019,3,8,2,13
26.07.2019,3,8,2,13
27.07.2019,3,8,2,13
28.07.2019,3,8,2,13
29.07.2019,2,9,4,15
30.07.2019,2,9,4,15
31.07.2019,2,9,4,15
01.08.2019,2,10,3,15
02.08.2019,2,10,3,15
03.08.2019,2,10,3,15
04.08.2019,2,10,3,15
05.08.2019,2,10,3,15
06.08.2019,2,10,3,15
07.08.2019,2,10,3,15
08.08.2019,2,10,3,15
09.08.2019,2,10,3,15
10.08.2019,2,11,3,16
11.08.2019,3,10,3,16
12.08.2019,2,12,4,18
13.08.2019,2,12,4,18
14.08.2019,2,12,4,18
15.08.2019,3,12,2,17
16.08.2019,3,12,2,17
17.08.2019,3,12,2,17
18.08.2019,3,12,2,17
19.08.2019,3,12,2,17
20.08.2019,3,12,2,17
21.08.2019,3,12,2,17
22.08.2019,3,12,2,17
23.08.2019,3,12,2,17
24.08.2019,3,12,2,17
25.08.2019,3,12,2,17
26.08.2019,2,13,1,16
27.08.2019,2,13,1,16
28.08.2019,2,12,1,15
29.08.2019,2,11,2,15
30.08.2019,2,11,3,16
31.08.2019,2,11,3,16
01.09.2019,2,11,3,16
02.09.2019,2,11,3,16
03.09.2019,2,11,3,16
04.09.2019,2,12,3,17
05.09.2019,2,13,2,17
06.09.2019,2,13,2,17
07.09.2019,2,13,2,17
08.09.2019,2,12,2,16
09.09.2019,2,11,1,14
10.09.2019,2,11,1,14
11.09.2019,2,11,1,14
12.09.2019,3,10,1,14
13.09.2019,3,9,1,13
14.09.2019,3,9,1,13
15.09.2019,3,9,1,13
16.09.2019,3,9,1,13
17.09.2019,3,9,1,13
18.09.2019,3,10,1,14
19.09.2019,3,11,1,15
20.09.2019,3,10,1,14
21.09.2019,3,10,1,14
22.09.2019,3,9,1,13
23.09.2019,2,11,0,13
24.09.2019,2,11,1,14
25.09.2019,2,12,0,14
26.09.2019,2,12,0,14
27.09.2019,2,12,0,14
28.09.2019,2,12,0,14
29.09.2019,2,12,0,14
30.09.2019,2,12,0,14
01.10.2019,2,12,1,15
02.10.2019,2,11,2,15
03.10.2019,3,10,2,15
04.10.2019,4,9,2,15
05.10.2019,4,9,2,15
06.10.2019,4,9,2,15
07.10.2019,3,10,2,15
08.10.2019,3,10,2,15
09.10.2019,4,9,3,16
10.10.2019,5,8,3,16
11.10.2019,5,8,3,16
12.10.2019,5,8,3,16
13.10.2019,5,8,3,16
14.10.2019,5,8,3,16
15.10.2019,5,9,3,17
16.10.2019,5,7,3,15
17.10.2019,6,4,3,13
18.10.2019,6,6,2,14
19.10.2019,6,6,2,14
20.10.2019,6,6,2,14
21.10.2019,6,6,2,14
22.10.2019,6,6,2,14
23.10.2019,6,6,2,14
24.10.2019,5,7,3,15
25.10.2019,5,7,3,15
26.10.2019,5,7,3,15
27.10.2019,5,7,3,15
28.10.2019,5,7,3,15
29.10.2019,5,7,2,14
30.10.2019,3,9,2,14
31.10.2019,3,9,2,14
01.11.2019,4,8,2,14
02.11.2019,4,8,3,15
03.11.2019,5,7,3,15
04.11.2019,3,9,3,15
05.11.2019,3,10,2,15
06.11.2019,4,9,2,15
07.11.2019,4,9,2,15
08.11.2019,4,9,3,16
09.11.2019,4,9,3,16
10.11.2019,4,9,3,16
11.11.2019,4,9,4,17
12.11.2019,4,8,4,16
13.11.2019,4,8,4,16
14.11.2019,5,7,4,16
15.11.2019,5,6,4,15
16.11.2019,5,6,4,15
17.11.2019,5,6,4,15
18.11.2019,5,6,4,15
19.11.2019,5,6,4,15
20.11.2019,5,6,4,15
21.11.2019,5,5,3,13
22.11.2019,5,5,4,14
23.11.2019,5,5,4,14
24.11.2019,5,5,4,14
25.11.2019,5,6,5,16
26.11.2019,5,6,5,16
27.11.2019,2,9,6,17
28.11.2019,3,9,5,17
29.11.2019,4,8,5,17
30.11.2019,4,8,4,16
01.12.2019,4,8,4,16
02.12.2019,3,9,4,16
03.12.2019,3,9,4,16
04.12.2019,4,8,4,16
05.12.2019,4,8,4,16
06.12.2019,4,8,3,15
07.12.2019,4,8,3,15
08.12.2019,4,8,3,15
09.12.2019,4,7,2,13
10.12.2019,4,7,3,14
11.12.2019,4,7,2,13
12.12.2019,5,6,2,13
13.12.2019,4,7,3,14
14.12.2019,5,6,3,14
15.12.2019,5,6,3,14
16.12.2019,5,6,3,14
17.12.2019,5,6,3,14
18.12.2019,5,6,4,15
19.12.2019,4,6,4,14
20.12.2019,3,8,3,14
21.12.2019,3,8,3,14
22.12.2019,3,8,3,14
23.12.2019,4,7,1,12
24.12.2019,4,7,1,12
25.12.2019,2,9,1,12
26.12.2019,2,9,1,12
27.12.2019,1,10,1,12
28.12.2019,1,10,1,12
29.12.2019,1,10,1,12
30.12.2019,1,10,1,12
31.12.2019,1,10,1,12
01.01.2020,1,10,1,12
02.01.2020,2,8,1,11
03.01.2020,2,9,1,12
04.01.2020,2,8,1,11
05.01.2020,2,8,1,11
06.01.2020,2,7,1,10
07.01.2020,2,7,2,11
08.01.2020,1,8,2,11
09.01.2020,2,8,2,12
10.01.2020,2,9,0,11
11.01.2020,2,9,0,11
12.01.2020,2,9,0,11
13.01.2020,1,10,1,12
14.01.2020,1,10,1,12
15.01.2020,1,10,1,12
16.01.2020,1,10,2,13
17.01.2020,1,11,3,15
18.01.2020,1,12,3,16
19.01.2020,1,12,3,16
20.01.2020,1,12,3,16
21.01.2020,1,12,3,16
22.01.2020,1,12,3,16
23.01.2020,2,11,4,17
24.01.2020,1,12,4,17
25.01.2020,1,12,4,17
26.01.2020,1,12,4,17
27.01.2020,1,12,4,17
28.01.2020,2,11,4,17
29.01.2020,2,11,4,17
30.01.2020,3,10,4,17
31.01.2020,3,10,4,17
01.02.2020,3,10,4,17
02.02.2020,3,10,4,17
03.02.2020,3,11,3,17
04.02.2020,4,10,3,17
05.02.2020,5,10,3,18
06.02.2020,5,10,3,18
07.02.2020,5,10,3,18
08.02.2020,5,10,3,18
09.02.2020,5,10,3,18
10.02.2020,4,11,2,17
11.02.2020,3,11,2,16
12.02.2020,3,10,2,15
13.02.2020,4,10,2,16
14.02.2020,3,11,1,15
15.02.2020,4,9,1,14
16.02.2020,4,10,1,15
17.02.2020,4,10,2,16
18.02.2020,4,11,1,16
19.02.2020,4,11,3,18
20.02.2020,5,12,0,17
21.02.2020,3,14,0,17
22.02.2020,3,14,0,17
23.02.2020,3,14,0,17
24.02.2020,4,13,1,18
25.02.2020,4,12,1,17
26.02.2020,4,12,1,17
27.02.2020,4,12,1,17
28.02.2020,4,12,1,17
29.02.2020,4,12,1,17
01.03.2020,4,12,1,17
02.03.2020,4,12,1,17
03.03.2020,5,11,1,17
04.03.2020,5,11,1,17
05.03.2020,5,11,1,17
06.03.2020,5,11,1,17
07.03.2020,5,11,1,17
08.03.2020,5,11,1,17
09.03.2020,4,12,1,17
10.03.2020,5,11,1,17
11.03.2020,6,11,1,18
12.03.2020,6,11,3,20
13.03.2020,7,11,2,20
14.03.2020,7,12,1,20
15.03.2020,7,12,2,21
16.03.2020,7,12,2,21
17.03.2020,6,14,1,21
18.03.2020,6,14,1,21
19.03.2020,6,14,2,22
20.03.2020,7,13,1,21
21.03.2020,7,13,1,21
22.03.2020,7,13,1,21
23.03.2020,7,13,1,21
24.03.2020,7,13,1,21
25.03.2020,7,13,2,22
26.03.2020,7,13,2,22
27.03.2020,7,13,2,22
28.03.2020,7,13,2,22
29.03.2020,8,12,2,22
30.03.2020,8,12,6,26
31.03.2020,8,14,4,26
01.04.2020,8,14,4,26
02.04.2020,7,15,4,26
03.04.2020,8,15,3,26
04.04.2020,8,15,3,26
05.04.2020,8,15,3,26
06.04.2020,8,15,3,26
07.04.2020,8,16,3,27
08.04.2020,8,15,3,26
09.04.2020,8,14,3,25
10.04.2020,8,14,3,25
11.04.2020,7,15,3,25
12.04.2020,7,15,2,24
13.04.2020,7,15,2,24
14.04.2020,7,14,2,23
15.04.2020,7,14,2,23
16.04.2020,7,13,2,22
17.04.2020,8,12,2,22
18.04.2020,8,12,2,22
19.04.2020,8,12,2,22
20.04.2020,8,12,2,22
21.04.2020,8,13,1,22
22.04.2020,8,13,2,23
23.04.2020,8,15,1,24
24.04.2020,8,14,1,23
25.04.2020,8,14,1,23
26.04.2020,9,13,1,23
27.04.2020,9,14,0,23
28.04.2020,9,13,0,22
29.04.2020,9,13,0,22
30.04.2020,8,15,0,23
01.05.2020,8,15,0,23
02.05.2020,8,15,0,23
03.05.2020,8,15,0,23
04.05.2020,9,14,0,23
05.05.2020,9,12,2,23
06.05.2020,9,14,0,23
07.05.2020,9,14,0,23
08.05.2020,9,14,0,23
09.05.2020,9,14,0,23
10.05.2020,9,15,0,24
11.05.2020,9,15,0,24
12.05.2020,9,14,0,23
13.05.2020,9,14,0,23
14.05.2020,9,14,0,23
15.05.2020,9,13,1,23
16.05.2020,9,13,1,23
17.05.2020,9,13,1,23
18.05.2020,9,13,1,23
19.05.2020,9,13,1,23
20.05.2020,8,14,2,24
21.05.2020,8,11,2,21
22.05.2020,8,11,2,21
23.05.2020,8,11,2,21
24.05.2020,8,11,2,21
25.05.2020,8,11,2,21
26.05.2020,8,11,2,21
27.05.2020,8,11,2,21
28.05.2020,7,11,2,20
29.05.2020,7,11,3,21
30.05.2020,7,11,3,21
31.05.2020,7,11,3,21
01.06.2020,8,9,3,20
02.06.2020,8,9,3,20
03.06.2020,8,9,3,20
04.06.2020,8,10,3,21
05.06.2020,8,10,3,21
06.06.2020,8,10,3,21
07.06.2020,8,10,3,21
08.06.2020,7,11,3,21
09.06.2020,8,9,3,20
10.06.2020,8,10,3,21
11.06.2020,8,9,4,21
12.06.2020,8,9,3,20
13.06.2020,8,9,3,20
14.06.2020,8,9,3,20
15.06.2020,8,9,3,20
16.06.2020,8,10,3,21
17.06.2020,8,11,2,21
18.06.2020,8,11,2,21
19.06.2020,8,11,2,21
20.06.2020,8,11,2,21
21.06.2020,8,11,2,21
22.06.2020,7,12,2,21
23.06.2020,7,12,2,21
24.06.2020,7,12,2,21
25.06.2020,8,11,2,21
26.06.2020,7,11,1,19
27.06.2020,7,11,1,19
28.06.2020,7,11,1,19
29.06.2020,8,10,1,19
30.06.2020,8,10,1,19
01.07.2020,8,11,2,21
02.07.2020,8,10,3,21
03.07.2020,8,10,3,21
04.07.2020,8,11,2,21
05.07.2020,8,11,2,21
06.07.2020,8,11,2,21
07.07.2020,8,10,2,20
08.07.2020,8,9,1,18
09.07.2020,8,9,1,18
10.07.2020,8,9,1,18
11.07.2020,8,9,1,18
12.07.2020,8,8,1,17
13.07.2020,8,9,2,19
14.07.2020,8,8,2,18
15.07.2020,8,8,2,18
16.07.2020,8,5,3,16
17.07.2020,8,5,3,16
18.07.2020,8,5,3,16
19.07.2020,7,6,3,16
20.07.2020,6,8,2,16
21.07.2020,6,8,2,16
22.07.2020,6,8,2,16
23.07.2020,7,8,2,17
24.07.2020,6,11,1,18
25.07.2020,6,11,1,18
26.07.2020,6,11,1,18
27.07.2020,7,10,1,18
28.07.2020,6,10,1,17
29.07.2020,6,10,0,16
30.07.2020,6,10,1,17
31.07.2020,6,9,1,16
01.08.2020,6,9,1,16
02.08.2020,6,9,1,16
03.08.2020,6,9,1,16
04.08.2020,6,9,1,16
05.08.2020,6,9,1,16
06.08.2020,6,9,2,17
07.08.2020,6,10,1,17
08.08.2020,6,9,1,16
09.08.2020,6,9,1,16
10.08.2020,6,9,1,16
11.08.2020,6,9,1,16
12.08.2020,6,9,1,16
13.08.2020,6,9,1,16
14.08.2020,6,8,1,15
15.08.2020,6,8,1,15
16.08.2020,6,8,1,15
17.08.2020,6,8,1,15
18.08.2020,5,8,1,14
19.08.2020,6,8,1,15
20.08.2020,7,6,1,14
21.08.2020,6,5,1,12
22.08.2020,6,4,1,11
23.08.2020,6,4,1,11
24.08.2020,6,3,1,10
25.08.2020,6,3,1,10
26.08.2020,4,4,1,9
27.08.2020,4,3,0,7
28.08.2020,4,3,1,8
29.08.2020,4,3,1,8
30.08.2020,4,3,1,8
31.08.2020,4,4,0,8
01.09.2020,4,4,0,8
02.09.2020,4,4,0,8
03.09.2020,4,4,0,8
04.09.2020,3,4,0,7
05.09.2020,3,4,0,7
06.09.2020,3,4,0,7
07.09.2020,3,4,0,7
08.09.2020,3,4,0,7
09.09.2020,3,4,1,8
10.09.2020,3,4,2,9
11.09.2020,3,5,2,10
12.09.2020,3,5,2,10
13.09.2020,3,5,2,10
14.09.2020,4,5,2,11
15.09.2020,4,5,2,11
16.09.2020,4,5,2,11
17.09.2020,4,5,2,11
18.09.2020,2,7,2,11
19.09.2020,2,7,2,11
20.09.2020,2,7,2,11
21.09.2020,2,7,2,11
22.09.2020,1,8,2,11
23.09.2020,1,8,3,12
24.09.2020,1,8,3,12
25.09.2020,1,8,3,12
26.09.2020,1,8,3,12
27.09.2020,1,8,3,12
28.09.2020,2,7,3,12
29.09.2020,2,7,3,12
30.09.2020,3,6,3,12
01.10.2020,3,7,5,15
02.10.2020,3,7,4,14
03.10.2020,3,7,4,14
04.10.2020,3,7,4,14
05.10.2020,3,7,4,14
06.10.2020,2,8,4,14
07.10.2020,2,8,3,13
08.10.2020,2,8,4,14
09.10.2020,2,8,4,14
10.10.2020,2,8,4,14
11.10.2020,2,8,4,14
12.10.2020,2,8,4,14
13.10.2020,2,8,4,14
14.10.2020,2,8,4,14
15.10.2020,2,8,5,15
16.10.2020,2,8,5,15
17.10.2020,2,8,5,15
18.10.2020,2,8,5,15
19.10.2020,2,8,5,15
20.10.2020,2,8,5,15
21.10.2020,2,9,4,15
22.10.2020,3,9,3,15
23.10.2020,3,9,4,16
24.10.2020,3,9,4,16
25.10.2020,3,9,4,16
26.10.2020,4,8,4,16
27.10.2020,4,8,4,16
28.10.2020,4,9,3,16
29.10.2020,4,9,1,14
30.10.2020,3,10,1,14
31.10.2020,3,10,1,14
01.11.2020,3,10,1,14
02.11.2020,4,9,1,14
03.11.2020,3,9,1,13
04.11.2020,2,10,1,13
05.11.2020,3,9,0,12
06.11.2020,3,8,0,11
07.11.2020,3,8,0,11
08.11.2020,3,8,0,11
09.11.2020,2,9,0,11
10.11.2020,2,9,0,11
11.11.2020,2,9,0,11
12.11.2020,2,9,0,11
13.11.2020,2,8,0,10
14.11.2020,2,8,0,10
15.11.2020,2,8,0,10
16.11.2020,2,8,0,10
17.11.2020,2,8,0,10
18.11.2020,2,6,0,8
19.11.2020,3,4,0,7
20.11.2020,3,5,2,10
21.11.2020,3,5,2,10
22.11.2020,3,5,2,10
23.11.2020,4,4,2,10
24.11.2020,4,4,2,10
25.11.2020,4,4,2,10
26.11.2020,4,4,2,10
27.11.2020,4,4,2,10
28.11.2020,4,4,2,10
29.11.2020,4,4,2,10
30.11.2020,4,4,2,10
01.12.2020,4,4,2,10
02.12.2020,3,5,3,11
03.12.2020,5,4,3,12
04.12.2020,5,5,3,13
05.12.2020,5,5,3,13
06.12.2020,5,5,3,13
07.12.2020,4,6,4,14
08.12.2020,4,6,4,14
09.12.2020,4,6,4,14
10.12.2020,4,6,4,14
11.12.2020,4,6,4,14
12.12.2020,4,6,4,14
13.12.2020,4,6,4,14
14.12.2020,4,6,4,14
15.12.2020,4,6,4,14
16.12.2020,4,6,4,14
17.12.2020,5,5,4,14
18.12.2020,5,5,2,12
19.12.2020,5,5,2,12
20.12.2020,5,5,3,13
21.12.2020,5,5,3,13
22.12.2020,5,5,3,13
23.12.2020,4,6,3,13
24.12.2020,4,6,3,13
25.12.2020,4,6,3,13
26.12.2020,4,6,3,13
27.12.2020,4,7,2,13
28.12.2020,4,8,3,15
29.12.2020,4,9,3,16
30.12.2020,3,10,4,17
31.12.2020,5,7,4,16
01.01.2021,5,6,4,15
02.01.2021,5,6,4,15
03.01.2021,5,6,4,15
04.01.2021,4,7,4,15
05.01.2021,4,7,5,16
06.01.2021,4,7,5,16
07.01.2021,4,7,5,16
08.01.2021,4,7,5,16
09.01.2021,4,7,6,17
10.01.2021,4,7,6,17
11.01.2021,4,7,6,17
12.01.2021,4,8,5,17
13.01.2021,4,7,6,17
14.01.2021,4,7,6,17
15.01.2021,3,8,6,17
16.01.2021,3,8,6,17
17.01.2021,3,8,6,17
18.01.2021,3,8,6,17
19.01.2021,4,7,6,17
20.01.2021,4,6,7,17
21.01.2021,4,6,7,17
22.01.2021,4,6,7,17
23.01.2021,4,6,7,17
24.01.2021,4,6,7,17
25.01.2021,3,7,6,16
26.01.2021,3,7,5,15
27.01.2021,3,7,4,14
28.01.2021,4,8,3,15
29.01.2021,4,8,3,15
30.01.2021,4,8,3,15
31.01.2021,4,8,3,15
01.02.2021,3,9,2,14
02.02.2021,3,9,1,13
03.02.2021,3,9,1,13
04.02.2021,3,9,1,13
05.02.2021,4,7,1,12
06.02.2021,4,7,0,11
07.02.2021,4,7,0,11
08.02.2021,4,8,0,12
09.02.2021,4,9,0,13
10.02.2021,5,9,0,14
11.02.2021,5,9,0,14
12.02.2021,5,9,0,14
13.02.2021,5,9,0,14
14.02.2021,5,9,0,14
15.02.2021,5,9,0,14
16.02.2021,5,9,0,14
17.02.2021,4,10,0,14
18.02.2021,4,10,0,14
19.02.2021,4,10,0,14
20.02.2021,4,10,0,14
21.02.2021,4,10,0,14
22.02.2021,4,11,0,15
23.02.2021,4,11,0,15
24.02.2021,4,10,1,15
25.02.2021,3,10,0,13
26.02.2021,3,9,2,14
27.02.2021,3,9,2,14
28.02.2021,3,9,2,14
01.03.2021,2,11,1,14
02.03.2021,2,11,1,14
03.03.2021,2,11,1,14
04.03.2021,2,11,1,14
05.03.2021,4,9,1,14
06.03.2021,4,9,1,14
07.03.2021,4,9,1,14
08.03.2021,4,9,1,14
09.03.2021,3,9,1,13
10.03.2021,4,8,2,14
11.03.2021,4,8,2,14
12.03.2021,4,9,1,14
13.03.2021,4,9,1,14
14.03.2021,4,10,0,14
15.03.2021,4,10,0,14
16.03.2021,4,10,0,14
17.03.2021,4,10,0,14
18.03.2021,4,10,0,14
19.03.2021,4,10,0,14
20.03.2021,4,10,0,14
21.03.2021,4,10,0,14
22.03.2021,4,10,0,14
23.03.2021,4,10,0,14
24.03.2021,4,12,1,17
25.03.2021,4,12,1,17
26.03.2021,4,12,2,18
27.03.2021,4,12,2,18
28.03.2021,4,12,2,18
29.03.2021,4,13,1,18
30.03.2021,4,12,1,17
31.03.2021,3,13,1,17
01.04.2021,3,13,1,17
02.04.2021,5,11,1,17
03.04.2021,5,11,1,17
04.04.2021,5,11,1,17
05.04.2021,5,11,1,17
06.04.2021,6,10,1,17
07.04.2021,5,12,1,18
08.04.2021,6,11,1,18
09.04.2021,6,11,1,18
10.04.2021,6,11,1,18
11.04.2021,6,10,1,17
12.04.2021,6,11,0,17
13.04.2021,6,10,0,16
14.04.2021,6,10,0,16
15.04.2021,6,10,0,16
16.04.2021,6,10,0,16
17.04.2021,6,10,0,16
18.04.2021,6,10,0,16
19.04.2021,6,10,0,16
20.04.2021,6,10,0,16
21.04.2021,6,10,0,16
22.04.2021,6,10,0,16
23.04.2021,6,9,0,15
24.04.2021,6,9,0,15
25.04.2021,6,9,0,15
26.04.2021,6,9,0,15
27.04.2021,5,10,0,15
28.04.2021,4,11,0,15
29.04.2021,4,11,0,15
30.04.2021,5,10,0,15
01.05.2021,5,10,0,15
02.05.2021,5,10,0,15
03.05.2021,5,10,0,15
04.05.2021,6,9,0,15
05.05.2021,5,9,0,14
06.05.2021,6,8,0,14
07.05.2021,7,7,1,15
08.05.2021,7,7,1,15
09.05.2021,7,7,1,15
10.05.2021,7,7,2,16
11.05.2021,7,8,1,16
12.05.2021,7,8,1,16
13.05.2021,7,7,1,15
14.05.2021,6,8,1,15
15.05.2021,6,8,1,15
16.05.2021,6,8,1,15
17.05.2021,6,10,1,17
18.05.2021,6,10,1,17
19.05.2021,5,10,1,16
20.05.2021,5,10,1,16
21.05.2021,5,9,2,16
22.05.2021,5,9,2,16
23.05.2021,5,9,2,16
24.05.2021,5,9,1,15
25.05.2021,5,9,1,15
26.05.2021,4,10,1,15
27.05.2021,4,10,1,15
28.05.2021,5,9,1,15
29.05.2021,5,9,1,15
30.05.2021,5,9,1,15
31.05.2021,5,9,1,15
01.06.2021,6,8,1,15
02.06.2021,5,9,1,15
03.06.2021,6,8,1,15
04.06.2021,6,8,1,15
05.06.2021,6,8,1,15
06.06.2021,6,8,1,15
07.06.2021,6,8,0,14
08.06.2021,6,8,1,15
09.06.2021,6,7,1,14
10.06.2021,6,7,1,14
11.06.2021,6,7,1,14
12.06.2021,6,7,1,14
13.06.2021,6,7,1,14
14.06.2021,5,8,1,14
15.06.2021,5,8,1,14
16.06.2021,6,7,1,14
17.06.2021,6,7,1,14
18.06.2021,5,8,1,14
19.06.2021,5,8,1,14
20.06.2021,5,8,1,14
21.06.2021,4,8,1,13
22.06.2021,4,8,1,13
23.06.2021,4,9,0,13
24.06.2021,4,9,0,13
25.06.2021,4,9,0,13
26.06.2021,4,9,0,13
27.06.2021,4,9,0,13
28.06.2021,4,9,0,13
29.06.2021,4,9,0,13
30.06.2021,4,9,0,13
01.07.2021,4,8,0,12
02.07.2021,4,8,0,12
03.07.2021,4,8,0,12
04.07.2021,4,8,0,12
05.07.2021,4,9,0,13
06.07.2021,4,9,0,13
07.07.2021,4,9,0,13
08.07.2021,4,9,0,13
09.07.2021,4,9,0,13
10.07.2021,4,9,0,13
11.07.2021,4,9,0,13
12.07.2021,4,10,0,14
13.07.2021,4,10,0,14
14.07.2021,5,9,0,14
15.07.2021,5,9,0,14
16.07.2021,4,10,0,14
17.07.2021,4,10,0,14
18.07.2021,4,10,0,14
19.07.2021,4,10,0,14
20.07.2021,4,10,0,14
21.07.2021,4,9,0,13
22.07.2021,4,9,0,13
23.07.2021,4,9,0,13
24.07.2021,4,9,0,13
25.07.2021,4,9,0,13
26.07.2021,4,10,0,14
27.07.2021,4,10,0,14
28.07.2021,4,10,0,14
29.07.2021,4,10,0,14
30.07.2021,4,10,0,14
31.07.2021,4,10,0,14
01.08.2021,4,10,0,14
02.08.2021,4,10,0,14
03.08.2021,4,10,0,14
04.08.2021,4,10,0,14
05.08.2021,4,10,0,14
06.08.2021,4,10,0,14
07.08.2021,4,10,0,14
08.08.2021,4,10,0,14
09.08.2021,4,10,0,14
10.08.2021,4,10,0,14
11.08.2021,5,9,0,14
12.08.2021,5,9,1,15
13.08.2021,4,10,1,15
14.08.2021,4,10,1,15
15.08.2021,4,10,1,15
16.08.2021,4,10,1,15
17.08.2021,4,9,2,15
18.08.2021,4,9,3,16
19.08.2021,4,9,2,15
20.08.2021,4,9,2,15
21.08.2021,4,9,2,15
22.08.2021,4,9,2,15
23.08.2021,4,8,2,14
24.08.2021,4,7,2,13
25.08.2021,4,7,3,14
26.08.2021,4,6,3,13
27.08.2021,4,7,3,14
28.08.2021,4,7,3,14
29.08.2021,4,7,3,14
30.08.2021,4,7,3,14
31.08.2021,4,7,3,14
01.09.2021,4,8,4,16
02.09.2021,4,11,4,19
03.09.2021,4,11,4,19
04.09.2021,4,11,4,19
05.09.2021,4,11,4,19
06.09.2021,4,11,4,19
07.09.2021,3,13,4,20
08.09.2021,3,13,4,20
09.09.2021,3,14,3,20
10.09.2021,3,14,4,21
11.09.2021,3,14,4,21
12.09.2021,3,15,3,21
13.09.2021,3,15,3,21
14.09.2021,3,16,2,21
15.09.2021,3,16,2,21
16.09.2021,3,16,2,21
17.09.2021,3,16,4,23
18.09.2021,3,16,4,23
19.09.2021,3,16,4,23
20.09.2021,3,16,4,23
21.09.2021,3,16,4,23
22.09.2021,3,16,5,24
23.09.2021,3,18,3,24
24.09.2021,3,17,3,23
25.09.2021,3,17,3,23
26.09.2021,3,17,3,23
27.09.2021,3,18,3,24
28.09.2021,4,19,3,26
29.09.2021,4,19,3,26
30.09.2021,5,19,1,25
01.10.2021,4,20,1,25
02.10.2021,4,20,1,25
03.10.2021,4,20,1,25
04.10.2021,4,20,2,26
05.10.2021,4,20,2,26
06.10.2021,5,17,2,24
07.10.2021,5,17,2,24
08.10.2021,5,18,1,24
09.10.2021,5,18,1,24
10.10.2021,5,17,1,23
11.10.2021,5,17,1,23
12.10.2021,5,17,1,23
13.10.2021,5,19,2,26
14.10.2021,4,19,2,25
15.10.2021,4,18,1,23
16.10.2021,4,18,1,23
17.10.2021,4,18,1,23
18.10.2021,4,19,1,24
19.10.2021,4,19,1,24
20.10.2021,4,19,1,24
21.10.2021,4,19,2,25
22.10.2021,4,19,2,25
23.10.2021,4,19,2,25
24.10.2021,4,19,2,25
25.10.2021,3,21,1,25
26.10.2021,4,20,1,25
27.10.2021,4,20,1,25
28.10.2021,4,21,3,28
29.10.2021,4,21,3,28
30.10.2021,4,21,3,28
31.10.2021,4,21,3,28
01.11.2021,4,21,3,28
02.11.2021,4,21,3,28
03.11.2021,4,21,3,28
04.11.2021,4,20,3,27
05.11.2021,4,20,3,27
06.11.2021,4,20,3,27
07.11.2021,4,20,3,27
08.11.2021,4,20,3,27
09.11.2021,4,20,3,27
10.11.2021,4,19,3,26
11.11.2021,4,21,4,29
12.11.2021,4,21,4,29
13.11.2021,4,21,4,29
14.11.2021,4,21,4,29
15.11.2021,4,21,3,28
16.11.2021,4,21,3,28
17.11.2021,4,21,3,28
18.11.2021,4,21,3,28
19.11.2021,5,20,3,28
20.11.2021,5,20,3,28
21.11.2021,4,21,3,28
22.11.2021,3,22,3,28
23.11.2021,4,21,3,28
24.11.2021,4,21,3,28
25.11.2021,5,19,2,26
26.11.2021,4,19,2,25
27.11.2021,4,19,2,25
28.11.2021,4,19,2,25
29.11.2021,4,20,2,26
30.11.2021,4,20,2,26
01.12.2021,4,19,2,25
02.12.2021,5,19,2,26
03.12.2021,6,17,2,25
04.12.2021,6,17,2,25
05.12.2021,6,17,2,25
06.12.2021,6,15,2,23
07.12.2021,6,14,2,22
08.12.2021,6,14,2,22
09.12.2021,6,13,0,19
10.12.2021,6,13,0,19
11.12.2021,6,13,0,19
12.12.2021,6,13,0,19
13.12.2021,6,13,0,19
14.12.2021,6,12,0,18
15.12.2021,6,13,0,19
16.12.2021,7,11,0,18
17.12.2021,8,10,0,18
18.12.2021,8,10,0,18
19.12.2021,7,11,0,18
20.12.2021,6,11,0,17
21.12.2021,6,11,1,18
22.12.2021,6,11,1,18
23.12.2021,7,10,1,18
24.12.2021,6,11,1,18
25.12.2021,6,11,1,18
26.12.2021,5,12,1,18
27.12.2021,5,11,1,17
28.12.2021,5,11,2,18
29.12.2021,5,11,3,19
30.12.2021,5,10,2,17
31.12.2021,6,9,2,17
01.01.2022,6,9,2,17
02.01.2022,5,9,2,16
03.01.2022,5,9,2,16
04.01.2022,5,9,2,16
05.01.2022,5,9,2,16
06.01.2022,5,9,2,16
07.01.2022,5,10,2,17
08.01.2022,5,10,2,17
09.01.2022,5,10,2,17
10.01.2022,6,10,3,19
11.01.2022,7,10,2,19
12.01.2022,7,10,3,20
13.01.2022,6,10,3,19
14.01.2022,7,9,3,19
15.01.2022,7,9,3,19
16.01.2022,7,9,3,19
17.01.2022,7,9,3,19
18.01.2022,7,9,2,18
19.01.2022,7,9,2,18
20.01.2022,7,8,2,17
21.01.2022,7,8,2,17
22.01.2022,7,8,2,17
23.01.2022,6,9,2,17
24.01.2022,6,9,2,17
25.01.2022,6,9,1,16
26.01.2022,6,9,1,16
27.01.2022,7,9,1,17
28.01.2022,8,8,1,17
29.01.2022,8,8,1,17
30.01.2022,8,8,1,17
31.01.2022,8,8,1,17
01.02.2022,8,7,1,16
02.02.2022,8,7,1,16
03.02.2022,7,8,1,16
04.02.2022,8,7,2,17
05.02.2022,8,7,2,17
06.02.2022,8,7,2,17
07.02.2022,8,8,1,17
08.02.2022,7,7,1,15
09.02.2022,7,7,0,14
10.02.2022,7,7,0,14
11.02.2022,7,9,0,16
12.02.2022,7,9,0,16
13.02.2022,7,9,0,16
14.02.2022,7,9,0,16
15.02.2022,7,9,1,17
16.02.2022,6,10,2,18
17.02.2022,8,9,1,18
18.02.2022,7,10,1,18
19.02.2022,7,10,1,18
20.02.2022,6,10,1,17
21.02.2022,6,10,1,17
22.02.2022,6,9,1,16
23.02.2022,6,9,1,16
24.02.2022,6,10,1,17
25.02.2022,6,10,1,17
26.02.2022,6,10,1,17
27.02.2022,6,10,1,17
28.02.2022,6,10,1,17
01.03.2022,6,10,1,17
02.03.2022,5,11,1,17
03.03.2022,5,11,1,17
04.03.2022,6,10,1,17
05.03.2022,6,10,1,17
06.03.2022,6,10,1,17
07.03.2022,6,10,1,17
08.03.2022,6,10,1,17
09.03.2022,5,10,1,16
10.03.2022,5,9,1,15
11.03.2022,5,9,1,15
12.03.2022,5,9,1,15
13.03.2022,5,9,1,15
14.03.2022,5,9,1,15
15.03.2022,6,8,0,14
16.03.2022,6,6,0,12
17.03.2022,6,6,1,13
18.03.2022,6,6,1,13
19.03.2022,6,6,1,13
20.03.2022,6,6,1,13
21.03.2022,6,7,1,14
22.03.2022,6,6,1,13
23.03.2022,7,5,2,14
24.03.2022,7,5,2,14
25.03.2022,7,6,2,15
26.03.2022,7,6,2,15
27.03.2022,7,6,2,15
28.03.2022,8,6,1,15
29.03.2022,8,6,1,15
30.03.2022,8,6,1,15
31.03.2022,7,7,1,15
01.04.2022,9,5,1,15
02.04.2022,9,5,1,15
03.04.2022,9,5,1,15
04.04.2022,9,6,1,16
05.04.2022,8,7,1,16
06.04.2022,9,6,1,16
07.04.2022,8,7,1,16
08.04.2022,8,7,1,16
09.04.2022,8,7,1,16
10.04.2022,8,7,1,16
11.04.2022,7,8,1,16
12.04.2022,8,6,1,15
13.04.2022,8,6,1,15
14.04.2022,7,7,0,14
15.04.2022,7,7,0,14
16.04.2022,7,7,0,14
17.04.2022,6,8,0,14
18.04.2022,6,8,0,14
19.04.2022,6,7,1,14
20.04.2022,7,6,2,15
21.04.2022,6,6,3,15
22.04.2022,6,6,3,15
23.04.2022,6,6,3,15
24.04.2022,6,6,3,15
25.04.2022,8,4,3,15
26.04.2022,7,2,3,12
27.04.2022,6,3,3,12
28.04.2022,6,3,3,12
29.04.2022,8,3,3,14
30.04.2022,8,3,3,14
01.05.2022,8,3,3,14
02.05.2022,8,3,2,13
03.05.2022,8,4,2,14
04.05.2022,7,5,2,14
05.05.2022,6,6,2,14
06.05.2022,7,5,2,14
07.05.2022,7,5,2,14
08.05.2022,7,5,2,14
09.05.2022,7,4,2,13
10.05.2022,8,3,3,14
11.05.2022,9,2,4,15
12.05.2022,7,6,2,15
13.05.2022,8,5,2,15
14.05.2022,8,5,2,15
15.05.2022,7,6,2,15
16.05.2022,7,6,2,15
17.05.2022,6,7,2,15
18.05.2022,8,5,2,15
19.05.2022,8,6,1,15
20.05.2022,7,8,0,15
21.05.2022,7,8,0,15
22.05.2022,7,8,0,15
23.05.2022,7,7,0,14
24.05.2022,7,7,0,14
25.05.2022,6,8,0,14
26.05.2022,5,9,2,16
27.05.2022,8,8,2,18
28.05.2022,8,8,2,18
29.05.2022,8,8,2,18
30.05.2022,6,9,4,19
31.05.2022,6,9,4,19
01.06.2022,6,9,4,19
02.06.2022,6,10,4,20
03.06.2022,6,10,4,20
04.06.2022,6,10,4,20
05.06.2022,6,10,4,20
06.06.2022,6,10,5,21
07.06.2022,6,9,5,20
08.06.2022,5,10,5,20
09.06.2022,5,11,4,20
10.06.2022,5,11,4,20
11.06.2022,5,11,4,20
12.06.2022,4,12,4,20
13.06.2022,4,12,4,20
14.06.2022,4,12,4,20
15.06.2022,5,11,4,20
16.06.2022,5,11,4,20
17.06.2022,5,11,4,20
18.06.2022,5,11,4,20
19.06.2022,5,11,4,20
20.06.2022,5,11,4,20
21.06.2022,5,11,5,21
22.06.2022,5,11,6,22
23.06.2022,5,11,5,21
24.06.2022,5,11,5,21
25.06.2022,5,11,5,21
26.06.2022,5,11,5,21
27.06.2022,5,10,3,18
28.06.2022,5,11,2,18
29.06.2022,5,12,3,20
30.06.2022,5,12,3,20
01.07.2022,5,12,3,20
02.07.2022,5,12,3,20
03.07.2022,5,12,3,20
04.07.2022,5,13,4,22
05.07.2022,5,13,4,22
06.07.2022,5,13,4,22
07.07.2022,5,13,6,24
08.07.2022,5,14,5,24
09.07.2022,5,14,5,24
10.07.2022,5,14,5,24
11.07.2022,6,14,5,25
12.07.2022,6,14,5,25
13.07.2022,6,14,6,26
14.07.2022,7,13,7,27
15.07.2022,6,14,8,28
16.07.2022,6,14,8,28
17.07.2022,6,14,8,28
18.07.2022,6,15,8,29
19.07.2022,6,15,7,28
20.07.2022,6,15,6,27
21.07.2022,6,15,6,27
22.07.2022,7,14,7,28
23.07.2022,7,14,7,28
24.07.2022,7,14,7,28
25.07.2022,5,16,7,28
26.07.2022,6,15,7,28
27.07.2022,6,15,5,26
28.07.2022,6,16,4,26
29.07.2022,7,15,5,27
30.07.2022,7,15,5,27
31.07.2022,7,15,5,27
01.08.2022,6,15,5,26
02.08.2022,5,16,6,27
03.08.2022,5,17,6,28
04.08.2022,5,16,6,27
05.08.2022,5,16,6,27
06.08.2022,5,16,6,27
07.08.2022,5,16,6,27
08.08.2022,6,15,6,27
09.08.2022,6,15,7,28
10.08.2022,6,14,6,26
11.08.2022,7,13,5,25
12.08.2022,8,13,4,25
13.08.2022,8,13,4,25
14.08.2022,8,13,4,25
15.08.2022,8,13,4,25
16.08.2022,8,13,4,25
17.08.2022,8,13,4,25
18.08.2022,8,13,4,25
19.08.2022,9,13,3,25
20.08.2022,9,13,3,25
21.08.2022,9,13,3,25
22.08.2022,7,16,3,26
23.08.2022,8,14,3,25
24.08.2022,7,15,3,25
25.08.2022,6,16,4,26
26.08.2022,7,15,4,26
27.08.2022,7,15,4,26
28.08.2022,7,15,4,26
29.08.2022,6,18,2,26
30.08.2022,5,18,1,24
31.08.2022,5,18,2,25
01.09.2022,5,19,1,25
02.09.2022,5,19,1,25
03.09.2022,5,19,1,25
04.09.2022,5,19,1,25
05.09.2022,7,18,1,26
06.09.2022,7,17,3,27
07.09.2022,8,17,3,28
08.09.2022,9,15,3,27
09.09.2022,11,13,2,26
10.09.2022,11,13,2,26
11.09.2022,11,13,2,26
12.09.2022,10,14,2,26
13.09.2022,10,14,2,26
14.09.2022,10,13,2,25
15.09.2022,10,13,3,26
16.09.2022,11,13,2,26
17.09.2022,11,13,2,26
18.09.2022,11,13,2,26
19.09.2022,8,15,2,25
20.09.2022,8,15,5,28
21.09.2022,8,15,5,28
22.09.2022,8,17,6,31
23.09.2022,9,19,4,32
24.09.2022,9,19,4,32
25.09.2022,9,19,4,32
26.09.2022,10,18,4,32
27.09.2022,8,20,5,33
28.09.2022,8,20,4,32
29.09.2022,9,19,5,33
30.09.2022,9,18,5,32
01.10.2022,9,18,5,32
02.10.2022,8,19,5,32
03.10.2022,10,17,5,32
04.10.2022,11,16,4,31
05.10.2022,12,14,3,29
06.10.2022,12,15,3,30
07.10.2022,12,15,3,30
08.10.2022,12,15,3,30
09.10.2022,12,15,3,30
10.10.2022,13,14,3,30
11.10.2022,13,15,3,31
12.10.2022,13,15,3,31
13.10.2022,13,15,3,31
14.10.2022,13,15,3,31
15.10.2022,13,15,3,31
16.10.2022,13,15,3,31
17.10.2022,12,16,3,31
18.10.2022,13,15,1,29
19.10.2022,13,15,1,29
20.10.2022,12,16,1,29
21.10.2022,13,15,1,29
22.10.2022,13,15,1,29
23.10.2022,13,15,1,29
24.10.2022,14,14,1,29
25.10.2022,13,15,1,29
26.10.2022,13,14,2,29
27.10.2022,13,14,1,28
28.10.2022,13,14,1,28
29.10.2022,13,14,1,28
30.10.2022,12,15,1,28
31.10.2022,14,13,1,28
01.11.2022,14,13,1,28
02.11.2022,14,13,2,29
03.11.2022,13,11,3,27
04.11.2022,13,12,2,27
05.11.2022,13,12,2,27
06.11.2022,13,12,2,27
07.11.2022,12,13,2,27
08.11.2022,12,14,1,27
09.11.2022,12,14,2,28
10.11.2022,12,16,4,32
11.11.2022,13,15,4,32
12.11.2022,13,15,4,32
13.11.2022,13,15,4,32
14.11.2022,13,15,4,32
15.11.2022,12,17,5,34
16.11.2022,13,16,6,35
17.11.2022,12,17,6,35
18.11.2022,11,16,6,33
19.11.2022,11,16,6,33
20.11.2022,11,16,6,33
21.11.2022,11,16,7,34
22.11.2022,10,17,8,35
23.11.2022,10,16,8,34
24.11.2022,11,16,8,35
25.11.2022,11,17,8,36
26.11.2022,11,17,8,36
27.11.2022,10,18,8,36
28.11.2022,10,18,8,36
29.11.2022,10,19,8,37
30.11.2022,10,19,8,37
01.12.2022,10,19,8,37
02.12.2022,11,19,8,38
03.12.2022,11,19,8,38
04.12.2022,11,19,8,38
05.12.2022,11,20,9,40
06.12.2022,11,18,9,38
07.12.2022,10,18,8,36
08.12.2022,9,19,6,34
09.12.2022,10,18,6,34
10.12.2022,10,17,6,33
11.12.2022,10,18,7,35
12.12.2022,10,18,8,36
13.12.2022,11,16,7,34
14.12.2022,12,15,5,32
15.12.2022,13,13,7,33
16.12.2022,13,14,6,33
17.12.2022,13,14,6,33
18.12.2022,13,14,6,33
19.12.2022,13,15,5,33
20.12.2022,13,15,5,33
21.12.2022,13,15,5,33
22.12.2022,13,15,5,33
23.12.2022,12,16,5,33
24.12.2022,12,16,5,33
25.12.2022,12,16,5,33
26.12.2022,13,16,5,34
27.12.2022,13,16,5,34
28.12.2022,11,18,5,34
29.12.2022,10,18,5,33
30.12.2022,11,14,5,30
31.12.2022,11,14,5,30
01.01.2023,11,14,5,30
02.01.2023,9,15,3,27
03.01.2023,9,16,4,29
04.01.2023,9,17,6,32
05.01.2023,9,18,7,34
06.01.2023,9,18,7,34
07.01.2023,9,18,7,34
08.01.2023,10,16,6,32
09.01.2023,9,18,6,33
10.01.2023,9,18,6,33
11.01.2023,10,17,6,33
12.01.2023,12,16,5,33
13.01.2023,12,16,5,33
14.01.2023,12,15,5,32
15.01.2023,12,15,5,32
16.01.2023,12,15,5,32
17.01.2023,10,15,5,30
18.01.2023,11,14,4,29
19.01.2023,11,14,4,29
20.01.2023,8,17,5,30
21.01.2023,8,17,5,30
22.01.2023,8,17,5,30
23.01.2023,9,18,5,32
24.01.2023,9,20,6,35
25.01.2023,9,20,6,35
26.01.2023,9,20,6,35
27.01.2023,9,20,7,36
28.01.2023,9,20,7,36
29.01.2023,9,20,7,36
30.01.2023,8,21,7,36
31.01.2023,8,22,7,37
01.02.2023,8,24,3,35
02.02.2023,9,23,2,34
03.02.2023,9,23,2,34
04.02.2023,9,23,2,34
05.02.2023,10,22,2,34
06.02.2023,9,23,2,34
07.02.2023,11,22,3,36
08.02.2023,11,22,3,36
09.02.2023,12,21,3,36
10.02.2023,12,22,2,36
11.02.2023,12,22,2,36
12.02.2023,12,22,2,36
13.02.2023,12,22,2,36
14.02.2023,12,22,3,37
15.02.2023,12,21,3,36
16.02.2023,11,21,3,35
17.02.2023,11,21,4,36
18.02.2023,11,21,4,36
19.02.2023,11,21,4,36
20.02.2023,12,19,3,34
21.02.2023,13,17,4,34
22.02.2023,13,18,3,34
23.02.2023,14,17,4,35
24.02.2023,12,19,4,35
25.02.2023,12,19,4,35
26.02.2023,12,19,4,35
27.02.2023,11,21,4,36
28.02.2023,11,21,4,36
01.03.2023,11,21,4,36
02.03.2023,11,21,4,36
03.03.2023,11,21,4,36
04.03.2023,11,21,4,36
05.03.2023,12,20,4,36
06.03.2023,11,22,4,37
07.03.2023,11,24,4,39
08.03.2023,11,24,4,39
09.03.2023,12,23,4,39
10.03.2023,11,24,3,38
11.03.2023,11,24,3,38
12.03.2023,11,24,3,38
13.03.2023,10,23,4,37
14.03.2023,10,22,5,37
15.03.2023,11,19,7,37
16.03.2023,10,20,7,37
17.03.2023,11,19,6,36
18.03.2023,11,19,6,36
19.03.2023,11,19,6,36
20.03.2023,13,16,6,35
21.03.2023,14,15,6,35
22.03.2023,13,14,7,34
23.03.2023,14,13,5,32
24.03.2023,12,15,5,32
25.03.2023,12,15,6,33
26.03.2023,12,15,6,33
27.03.2023,12,15,6,33
28.03.2023,11,15,6,32
29.03.2023,10,15,6,31
30.03.2023,10,15,6,31
31.03.2023,11,14,6,31
01.04.2023,11,14,6,31
02.04.2023,11,14,6,31
03.04.2023,10,15,5,30
04.04.2023,10,15,5,30
05.04.2023,11,14,5,30
06.04.2023,12,13,4,29
07.04.2023,12,12,4,28
08.04.2023,12,12,4,28
09.04.2023,12,12,4,28
10.04.2023,12,12,3,27
11.04.2023,12,12,2,26
12.04.2023,12,12,1,25
13.04.2023,10,14,1,25
14.04.2023,10,14,1,25
15.04.2023,10,14,1,25
16.04.2023,10,14,1,25
17.04.2023,11,13,1,25
18.04.2023,11,11,1,23
19.04.2023,9,10,1,20
20.04.2023,12,7,1,20
21.04.2023,10,8,1,19
22.04.2023,10,8,0,18
23.04.2023,10,8,0,18
24.04.2023,10,8,0,18
25.04.2023,10,8,0,18
26.04.2023,9,9,1,19
27.04.2023,9,9,1,19
28.04.2023,10,8,1,19
29.04.2023,10,8,1,19
30.04.2023,10,8,1,19
01.05.2023,9,8,1,18
02.05.2023,8,9,1,18
03.05.2023,9,8,1,18
04.05.2023,9,7,2,18
05.05.2023,9,7,2,18
06.05.2023,9,7,2,18
07.05.2023,9,7,2,18
08.05.2023,9,7,2,18
09.05.2023,9,7,2,18
10.05.2023,9,7,2,18
11.05.2023,9,6,2,17
12.05.2023,9,7,2,18
13.05.2023,9,7,2,18
14.05.2023,9,7,2,18
15.05.2023,9,7,2,18
16.05.2023,10,7,3,20
17.05.2023,10,6,4,20
18.05.2023,10,6,5,21
19.05.2023,9,7,5,21
20.05.2023,9,7,5,21
21.05.2023,9,7,5,21
22.05.2023,9,7,5,21
23.05.2023,8,8,5,21
24.05.2023,7,11,4,22
25.05.2023,6,12,4,22
26.05.2023,6,12,4,22
27.05.2023,6,12,4,22
28.05.2023,6,12,4,22
29.05.2023,6,12,4,22
30.05.2023,6,12,4,22
31.05.2023,7,11,5,23
01.06.2023,7,11,4,22
02.06.2023,6,12,4,22
03.06.2023,6,12,4,22
04.06.2023,6,12,4,22
05.06.2023,6,13,3,22
06.06.2023,7,12,4,23
07.06.2023,7,13,4,24
08.06.2023,7,14,4,25
09.06.2023,7,14,5,26
10.06.2023,7,14,5,26
11.06.2023,7,14,5,26
12.06.2023,6,17,3,26
13.06.2023,5,18,2,25
14.06.2023,5,17,3,25
15.06.2023,5,18,2,25
16.06.2023,4,19,2,25
17.06.2023,4,19,2,25
18.06.2023,4,19,2,25
19.06.2023,4,20,1,25
20.06.2023,5,19,1,25
21.06.2023,6,18,0,24
22.06.2023,6,18,0,24
23.06.2023,6,17,0,23
24.06.2023,6,17,0,23
25.06.2023,6,17,0,23
26.06.2023,6,17,1,24
27.06.2023,6,17,1,24
28.06.2023,7,16,2,25
29.06.2023,7,16,1,24
30.06.2023,7,16,1,24
01.07.2023,7,16,1,24
02.07.2023,7,16,1,24
03.07.2023,7,17,1,25
04.07.2023,7,17,1,25
05.07.2023,8,16,1,25
06.07.2023,8,16,2,26
07.07.2023,8,15,5,28
08.07.2023,8,15,5,28
09.07.2023,8,15,5,28
10.07.2023,7,15,5,27
11.07.2023,6,15,5,26
12.07.2023,6,15,6,27
13.07.2023,6,14,5,25
14.07.2023,6,15,5,26
15.07.2023,6,15,5,26
16.07.2023,6,15,5,26
17.07.2023,6,15,5,26
18.07.2023,7,14,5,26
19.07.2023,7,14,5,26
20.07.2023,7,14,5,26
21.07.2023,7,14,6,27
22.07.2023,7,14,6,27
23.07.2023,7,14,6,27
24.07.2023,7,15,5,27
25.07.2023,7,15,5,27
26.07.2023,8,15,4,27
27.07.2023,7,15,5,27
28.07.2023,7,15,5,27
29.07.2023,7,15,5,27
30.07.2023,7,15,5,27
31.07.2023,7,14,5,26
01.08.2023,8,12,5,25
02.08.2023,7,12,5,24
03.08.2023,8,11,4,23
04.08.2023,7,12,1,20
05.08.2023,7,12,1,20
06.08.2023,7,12,1,20
07.08.2023,7,11,1,19
08.08.2023,7,11,1,19
09.08.2023,8,10,1,19
10.08.2023,8,10,1,19
11.08.2023,8,10,1,19
12.08.2023,8,10,2,20
13.08.2023,8,10,2,20
14.08.2023,8,10,2,20
15.08.2023,8,9,2,19
16.08.2023,7,10,2,19
17.08.2023,7,10,2,19
18.08.2023,6,11,2,19
19.08.2023,6,11,2,19
20.08.2023,6,11,2,19
21.08.2023,6,11,2,19
22.08.2023,7,10,2,19
23.08.2023,7,8,2,17
24.08.2023,7,8,2,17
25.08.2023,7,8,2,17
26.08.2023,7,8,2,17
27.08.2023,7,8,2,17
28.08.2023,7,8,2,17
29.08.2023,6,9,2,17
30.08.2023,6,9,2,17
31.08.2023,7,7,2,16
01.09.2023,6,9,2,17
02.09.2023,6,9,2,17
03.09.2023,6,9,2,17
04.09.2023,6,9,2,17
05.09.2023,5,10,3,18
06.09.2023,6,9,3,18
07.09.2023,5,11,4,20
08.09.2023,5,11,3,19
09.09.2023,5,11,2,18
10.09.2023,5,11,2,18
11.09.2023,5,12,2,19
12.09.2023,5,13,2,20
13.09.2023,5,13,2,20
14.09.2023,6,12,2,20
15.09.2023,5,13,2,20
16.09.2023,5,13,2,20
17.09.2023,5,13,2,20
18.09.2023,6,12,2,20
19.09.2023,6,12,2,20
20.09.2023,6,12,2,20
21.09.2023,6,12,3,21
22.09.2023,5,12,3,20
23.09.2023,5,12,3,20
24.09.2023,5,12,3,20
25.09.2023,3,14,3,20
26.09.2023,2,14,4,20
27.09.2023,1,14,4,19
28.09.2023,2,14,4,20
29.09.2023,3,13,5,21
30.09.2023,3,13,5,21
01.10.2023,3,13,5,21
