kusama,,,,
Date, Full Time, Part Time, One Time, Total
10.04.2015,0,0,1,1
11.04.2015,0,0,1,1
12.04.2015,0,0,1,1
13.04.2015,0,0,1,1
14.04.2015,0,0,1,1
15.04.2015,0,0,1,1
16.04.2015,0,0,1,1
17.04.2015,0,0,1,1
18.04.2015,0,0,1,1
19.04.2015,0,0,1,1
20.04.2015,0,0,1,1
21.04.2015,0,0,1,1
22.04.2015,0,0,1,1
23.04.2015,0,0,1,1
24.04.2015,0,0,1,1
25.04.2015,0,0,1,1
26.04.2015,0,0,1,1
27.04.2015,0,0,2,2
28.04.2015,0,0,2,2
29.04.2015,0,0,2,2
30.04.2015,0,0,2,2
01.05.2015,0,0,2,2
02.05.2015,0,0,2,2
03.05.2015,0,0,2,2
04.05.2015,0,0,3,3
05.05.2015,0,0,3,3
06.05.2015,0,0,3,3
07.05.2015,0,0,3,3
08.05.2015,0,0,2,2
09.05.2015,0,0,2,2
10.05.2015,0,0,2,2
11.05.2015,0,0,2,2
12.05.2015,0,0,2,2
13.05.2015,0,0,2,2
14.05.2015,0,0,2,2
15.05.2015,0,0,2,2
16.05.2015,0,0,2,2
17.05.2015,0,0,2,2
18.05.2015,0,0,2,2
19.05.2015,0,0,2,2
20.05.2015,0,0,2,2
21.05.2015,0,0,2,2
22.05.2015,0,0,2,2
23.05.2015,0,0,2,2
24.05.2015,0,0,2,2
25.05.2015,0,0,1,1
26.05.2015,0,0,1,1
27.05.2015,0,0,1,1
28.05.2015,0,0,1,1
29.05.2015,0,0,1,1
30.05.2015,0,0,1,1
31.05.2015,0,0,1,1
14.06.2015,0,1,1,2
15.06.2015,0,2,0,2
16.06.2015,0,2,0,2
17.06.2015,0,2,0,2
18.06.2015,0,2,0,2
19.06.2015,0,2,0,2
20.06.2015,0,2,0,2
21.06.2015,0,2,0,2
22.06.2015,0,2,0,2
23.06.2015,0,2,0,2
24.06.2015,0,2,0,2
25.06.2015,0,2,0,2
26.06.2015,0,2,0,2
27.06.2015,0,2,0,2
28.06.2015,0,2,0,2
29.06.2015,0,2,0,2
30.06.2015,0,2,0,2
01.07.2015,0,2,0,2
02.07.2015,0,2,0,2
03.07.2015,0,2,0,2
04.07.2015,0,2,0,2
05.07.2015,0,2,0,2
06.07.2015,0,2,1,3
07.07.2015,0,2,1,3
08.07.2015,0,2,1,3
09.07.2015,0,2,1,3
10.07.2015,0,2,1,3
11.07.2015,0,2,1,3
12.07.2015,0,1,1,2
13.07.2015,0,1,1,2
14.07.2015,0,1,1,2
15.07.2015,0,1,1,2
16.07.2015,0,1,1,2
17.07.2015,0,1,1,2
18.07.2015,0,1,1,2
19.07.2015,0,1,1,2
20.07.2015,0,1,1,2
21.07.2015,0,1,1,2
22.07.2015,0,1,1,2
23.07.2015,0,1,1,2
24.07.2015,0,1,1,2
25.07.2015,0,1,1,2
26.07.2015,0,1,1,2
27.07.2015,0,1,1,2
28.07.2015,0,1,1,2
29.07.2015,0,1,1,2
30.07.2015,0,1,1,2
31.07.2015,0,1,1,2
01.08.2015,0,1,1,2
02.08.2015,0,1,1,2
04.08.2015,0,0,1,1
05.08.2015,0,0,1,1
06.08.2015,0,0,1,1
07.08.2015,0,0,1,1
08.08.2015,0,0,1,1
09.08.2015,0,0,1,1
10.08.2015,0,0,1,1
11.08.2015,0,0,1,1
12.08.2015,0,1,2,3
13.08.2015,0,1,2,3
14.08.2015,0,1,2,3
15.08.2015,0,1,2,3
16.08.2015,0,1,2,3
17.08.2015,0,1,2,3
18.08.2015,0,1,2,3
19.08.2015,0,1,2,3
20.08.2015,0,1,2,3
21.08.2015,0,1,2,3
22.08.2015,0,1,2,3
23.08.2015,0,1,2,3
24.08.2015,0,1,2,3
25.08.2015,0,1,2,3
26.08.2015,0,1,2,3
27.08.2015,0,1,2,3
28.08.2015,0,1,2,3
29.08.2015,0,1,2,3
30.08.2015,0,1,2,3
31.08.2015,0,1,2,3
01.09.2015,0,1,1,2
02.09.2015,0,1,1,2
03.09.2015,0,1,1,2
04.09.2015,0,1,1,2
05.09.2015,0,1,1,2
06.09.2015,0,1,1,2
07.09.2015,0,1,1,2
08.09.2015,0,1,1,2
09.09.2015,0,1,0,1
10.09.2015,0,1,0,1
11.09.2015,0,1,0,1
12.09.2015,0,1,0,1
13.09.2015,0,1,0,1
21.11.2015,0,0,1,1
22.11.2015,0,1,0,1
23.11.2015,0,1,0,1
24.11.2015,0,1,1,2
25.11.2015,0,2,0,2
26.11.2015,0,2,1,3
27.11.2015,0,3,0,3
28.11.2015,0,3,0,3
29.11.2015,0,3,0,3
30.11.2015,0,3,0,3
01.12.2015,0,3,1,4
02.12.2015,0,3,1,4
03.12.2015,0,3,1,4
04.12.2015,0,3,1,4
05.12.2015,0,3,1,4
06.12.2015,0,3,1,4
07.12.2015,0,3,1,4
08.12.2015,0,3,1,4
09.12.2015,0,3,1,4
10.12.2015,0,3,1,4
11.12.2015,0,3,1,4
12.12.2015,0,3,1,4
13.12.2015,0,3,1,4
14.12.2015,0,3,1,4
15.12.2015,0,3,1,4
16.12.2015,0,3,1,4
17.12.2015,0,3,1,4
18.12.2015,0,3,1,4
19.12.2015,0,3,1,4
20.12.2015,0,3,1,4
21.12.2015,0,3,1,4
22.12.2015,0,3,1,4
23.12.2015,0,3,1,4
24.12.2015,0,3,1,4
25.12.2015,0,3,1,4
26.12.2015,0,3,1,4
27.12.2015,0,3,1,4
28.12.2015,0,3,1,4
29.12.2015,0,3,0,3
30.12.2015,0,3,0,3
31.12.2015,0,3,0,3
01.01.2016,0,3,0,3
02.01.2016,0,3,0,3
03.01.2016,0,3,0,3
04.01.2016,0,3,0,3
05.01.2016,0,3,0,3
06.01.2016,0,3,0,3
07.01.2016,0,3,0,3
08.01.2016,0,3,0,3
09.01.2016,0,3,0,3
10.01.2016,0,3,0,3
11.01.2016,0,2,1,3
12.01.2016,0,2,1,3
13.01.2016,0,2,1,3
14.01.2016,0,2,1,3
15.01.2016,0,3,1,4
16.01.2016,0,3,1,4
17.01.2016,0,3,1,4
18.01.2016,0,3,1,4
19.01.2016,1,2,1,4
20.01.2016,1,2,1,4
21.01.2016,1,2,1,4
22.01.2016,0,3,1,4
23.01.2016,0,3,1,4
24.01.2016,0,3,1,4
25.01.2016,0,3,1,4
26.01.2016,0,3,1,4
27.01.2016,0,3,1,4
28.01.2016,0,3,1,4
29.01.2016,0,2,1,3
30.01.2016,0,2,1,3
31.01.2016,0,2,1,3
01.02.2016,0,2,1,3
02.02.2016,0,2,1,3
03.02.2016,0,2,1,3
04.02.2016,0,2,1,3
05.02.2016,0,2,1,3
06.02.2016,0,2,1,3
07.02.2016,0,2,1,3
08.02.2016,0,2,0,2
09.02.2016,0,2,0,2
10.02.2016,0,2,0,2
11.02.2016,0,2,0,2
12.02.2016,0,2,0,2
13.02.2016,0,2,0,2
14.02.2016,0,2,0,2
15.02.2016,0,2,0,2
16.02.2016,0,1,0,1
17.02.2016,0,1,0,1
18.02.2016,0,1,0,1
19.02.2016,0,1,0,1
20.02.2016,0,1,0,1
21.02.2016,0,1,0,1
22.02.2016,0,1,0,1
24.02.2016,0,1,0,1
25.02.2016,0,1,0,1
26.02.2016,0,2,0,2
27.02.2016,0,2,0,2
28.02.2016,0,2,0,2
29.02.2016,0,2,0,2
01.03.2016,0,2,0,2
02.03.2016,0,2,0,2
03.03.2016,0,2,0,2
04.03.2016,0,2,0,2
05.03.2016,0,2,0,2
06.03.2016,0,2,0,2
07.03.2016,0,2,0,2
08.03.2016,0,2,0,2
09.03.2016,0,2,0,2
10.03.2016,0,2,0,2
11.03.2016,0,2,0,2
12.03.2016,0,2,0,2
13.03.2016,0,2,0,2
14.03.2016,0,2,0,2
15.03.2016,0,2,0,2
16.03.2016,0,2,0,2
17.03.2016,0,2,0,2
18.03.2016,0,2,0,2
19.03.2016,0,2,0,2
20.03.2016,0,2,0,2
21.03.2016,0,2,0,2
22.03.2016,0,2,0,2
23.03.2016,0,2,0,2
24.03.2016,0,2,0,2
25.03.2016,0,1,0,1
26.03.2016,0,1,0,1
27.03.2016,0,1,0,1
28.03.2016,0,1,1,2
29.03.2016,0,2,0,2
30.03.2016,0,2,0,2
31.03.2016,0,2,0,2
01.04.2016,0,2,1,3
02.04.2016,0,3,1,4
03.04.2016,0,3,1,4
04.04.2016,0,2,1,3
05.04.2016,0,2,1,3
06.04.2016,0,2,1,3
07.04.2016,0,2,1,3
08.04.2016,0,2,1,3
09.04.2016,0,2,1,3
10.04.2016,0,2,1,3
11.04.2016,0,2,1,3
12.04.2016,0,2,1,3
13.04.2016,0,2,1,3
14.04.2016,0,2,1,3
15.04.2016,0,2,1,3
16.04.2016,0,2,1,3
17.04.2016,0,2,1,3
18.04.2016,0,2,1,3
19.04.2016,0,2,1,3
20.04.2016,0,2,1,3
21.04.2016,0,2,1,3
22.04.2016,0,2,2,4
23.04.2016,0,2,2,4
24.04.2016,0,2,2,4
25.04.2016,0,2,2,4
26.04.2016,1,1,2,4
27.04.2016,1,1,2,4
28.04.2016,1,1,2,4
29.04.2016,1,1,1,3
30.04.2016,1,1,1,3
01.05.2016,1,1,1,3
02.05.2016,0,2,1,3
03.05.2016,0,2,1,3
04.05.2016,0,2,1,3
05.05.2016,0,2,1,3
06.05.2016,0,2,1,3
07.05.2016,0,2,1,3
08.05.2016,0,2,1,3
09.05.2016,0,2,1,3
10.05.2016,0,2,1,3
11.05.2016,0,2,2,4
12.05.2016,0,2,2,4
13.05.2016,0,2,2,4
14.05.2016,0,2,2,4
15.05.2016,0,2,2,4
16.05.2016,1,1,2,4
17.05.2016,1,1,2,4
18.05.2016,1,1,2,4
19.05.2016,1,2,2,5
20.05.2016,1,2,1,4
21.05.2016,1,2,1,4
22.05.2016,1,2,1,4
23.05.2016,1,2,1,4
24.05.2016,1,2,1,4
25.05.2016,1,2,1,4
26.05.2016,1,2,1,4
27.05.2016,1,2,1,4
28.05.2016,1,2,1,4
29.05.2016,1,2,1,4
30.05.2016,1,2,2,5
31.05.2016,1,2,2,5
01.06.2016,1,3,1,5
02.06.2016,1,3,2,6
03.06.2016,1,4,1,6
04.06.2016,1,4,1,6
05.06.2016,1,4,1,6
06.06.2016,1,4,1,6
07.06.2016,1,4,1,6
08.06.2016,1,4,0,5
09.06.2016,1,4,0,5
10.06.2016,1,4,1,6
11.06.2016,1,4,1,6
12.06.2016,1,4,1,6
13.06.2016,1,4,1,6
14.06.2016,1,4,0,5
15.06.2016,1,4,0,5
16.06.2016,1,3,0,4
17.06.2016,1,3,0,4
18.06.2016,1,3,0,4
19.06.2016,1,3,0,4
20.06.2016,1,3,0,4
21.06.2016,1,3,0,4
22.06.2016,1,3,0,4
23.06.2016,1,4,0,5
24.06.2016,1,4,0,5
25.06.2016,1,4,0,5
26.06.2016,1,4,0,5
27.06.2016,1,5,0,6
28.06.2016,1,5,0,6
29.06.2016,1,4,0,5
30.06.2016,1,4,0,5
01.07.2016,1,4,0,5
02.07.2016,1,4,0,5
03.07.2016,1,4,1,6
04.07.2016,1,6,1,8
05.07.2016,1,7,0,8
06.07.2016,2,6,0,8
07.07.2016,2,6,2,10
08.07.2016,2,6,2,10
09.07.2016,2,6,3,11
10.07.2016,2,6,3,11
11.07.2016,2,6,3,11
12.07.2016,2,6,3,11
13.07.2016,2,6,3,11
14.07.2016,2,6,3,11
15.07.2016,2,6,5,13
16.07.2016,2,6,6,14
17.07.2016,2,6,6,14
18.07.2016,2,6,6,14
19.07.2016,2,6,7,15
20.07.2016,2,7,7,16
21.07.2016,2,7,7,16
22.07.2016,3,6,7,16
23.07.2016,3,6,7,16
24.07.2016,3,6,7,16
25.07.2016,3,5,7,15
26.07.2016,3,5,7,15
27.07.2016,3,5,7,15
28.07.2016,3,5,7,15
29.07.2016,3,5,7,15
30.07.2016,3,5,7,15
31.07.2016,3,5,8,16
01.08.2016,3,5,8,16
02.08.2016,3,4,8,15
03.08.2016,3,4,8,15
04.08.2016,3,4,6,13
05.08.2016,3,4,6,13
06.08.2016,3,3,5,11
07.08.2016,3,3,5,11
08.08.2016,3,3,5,11
09.08.2016,3,4,5,12
10.08.2016,3,5,4,12
11.08.2016,3,5,4,12
12.08.2016,2,7,1,10
13.08.2016,2,7,0,9
14.08.2016,2,7,0,9
15.08.2016,2,7,0,9
16.08.2016,2,7,0,9
17.08.2016,2,7,0,9
18.08.2016,2,7,0,9
19.08.2016,3,5,0,8
20.08.2016,3,5,0,8
21.08.2016,3,5,0,8
22.08.2016,3,5,0,8
23.08.2016,3,5,0,8
24.08.2016,3,4,0,7
25.08.2016,3,4,0,7
26.08.2016,3,4,0,7
27.08.2016,3,4,0,7
28.08.2016,3,4,0,7
29.08.2016,3,4,0,7
30.08.2016,3,4,0,7
31.08.2016,3,4,0,7
01.09.2016,3,4,1,8
02.09.2016,3,4,1,8
03.09.2016,3,4,1,8
04.09.2016,3,4,1,8
05.09.2016,3,4,1,8
06.09.2016,3,4,1,8
07.09.2016,3,3,1,7
08.09.2016,3,3,2,8
09.09.2016,2,3,2,7
10.09.2016,2,3,2,7
11.09.2016,2,3,2,7
12.09.2016,2,3,2,7
13.09.2016,2,3,2,7
14.09.2016,2,3,4,9
15.09.2016,2,3,4,9
16.09.2016,3,2,4,9
17.09.2016,3,2,4,9
18.09.2016,3,2,4,9
19.09.2016,3,2,4,9
20.09.2016,3,2,4,9
21.09.2016,4,1,4,9
22.09.2016,4,1,4,9
23.09.2016,4,1,4,9
24.09.2016,4,1,4,9
25.09.2016,3,2,4,9
26.09.2016,3,3,4,10
27.09.2016,3,3,4,10
28.09.2016,3,3,4,10
29.09.2016,2,4,5,11
30.09.2016,2,4,5,11
01.10.2016,2,4,5,11
02.10.2016,2,4,5,11
03.10.2016,1,4,5,10
04.10.2016,2,4,5,11
05.10.2016,2,4,5,11
06.10.2016,2,4,4,10
07.10.2016,1,5,4,10
08.10.2016,1,5,5,11
09.10.2016,1,5,5,11
10.10.2016,1,5,5,11
11.10.2016,1,5,5,11
12.10.2016,1,5,3,9
13.10.2016,1,5,3,9
14.10.2016,1,6,3,10
15.10.2016,1,6,3,10
16.10.2016,2,5,3,10
17.10.2016,2,5,4,11
18.10.2016,2,5,5,12
19.10.2016,2,7,3,12
20.10.2016,2,7,3,12
21.10.2016,2,7,3,12
22.10.2016,2,7,3,12
23.10.2016,2,7,3,12
24.10.2016,2,7,3,12
25.10.2016,2,7,3,12
26.10.2016,2,6,3,11
27.10.2016,2,5,1,8
28.10.2016,2,5,1,8
29.10.2016,2,5,1,8
30.10.2016,2,6,1,9
31.10.2016,2,6,1,9
01.11.2016,2,5,1,8
02.11.2016,2,5,1,8
03.11.2016,2,5,1,8
04.11.2016,2,5,1,8
05.11.2016,2,5,0,7
06.11.2016,2,5,0,7
07.11.2016,2,5,0,7
08.11.2016,2,5,1,8
09.11.2016,2,5,1,8
10.11.2016,2,5,1,8
11.11.2016,2,5,1,8
12.11.2016,2,5,1,8
13.11.2016,2,5,1,8
14.11.2016,2,5,1,8
15.11.2016,2,5,1,8
16.11.2016,2,3,1,6
17.11.2016,2,3,1,6
18.11.2016,2,4,1,7
19.11.2016,2,4,1,7
20.11.2016,2,4,1,7
21.11.2016,2,5,0,7
22.11.2016,2,5,0,7
23.11.2016,2,5,0,7
24.11.2016,2,5,1,8
25.11.2016,2,5,1,8
26.11.2016,2,5,1,8
27.11.2016,2,4,1,7
28.11.2016,2,4,1,7
29.11.2016,2,4,1,7
30.11.2016,2,4,1,7
01.12.2016,2,4,1,7
02.12.2016,2,4,1,7
03.12.2016,2,4,1,7
04.12.2016,2,4,1,7
05.12.2016,2,4,1,7
06.12.2016,2,4,1,7
07.12.2016,2,4,1,7
08.12.2016,2,4,1,7
09.12.2016,2,5,1,8
10.12.2016,2,5,1,8
11.12.2016,2,5,1,8
12.12.2016,2,5,1,8
13.12.2016,2,5,1,8
14.12.2016,2,5,1,8
15.12.2016,2,5,1,8
16.12.2016,2,5,1,8
17.12.2016,2,5,1,8
18.12.2016,2,5,1,8
19.12.2016,2,4,1,7
20.12.2016,2,4,1,7
21.12.2016,2,4,1,7
22.12.2016,2,4,0,6
23.12.2016,2,4,0,6
24.12.2016,2,4,1,7
25.12.2016,2,4,1,7
26.12.2016,2,4,1,7
27.12.2016,2,4,1,7
28.12.2016,2,4,1,7
29.12.2016,2,4,1,7
30.12.2016,2,4,1,7
31.12.2016,2,4,1,7
01.01.2017,2,4,1,7
02.01.2017,2,4,1,7
03.01.2017,2,4,1,7
04.01.2017,2,4,1,7
05.01.2017,2,4,1,7
06.01.2017,2,3,2,7
07.01.2017,2,3,3,8
08.01.2017,2,3,3,8
09.01.2017,2,3,3,8
10.01.2017,2,2,3,7
11.01.2017,2,1,3,6
12.01.2017,2,1,3,6
13.01.2017,2,1,3,6
14.01.2017,2,1,3,6
15.01.2017,2,1,3,6
16.01.2017,2,1,3,6
17.01.2017,2,1,3,6
18.01.2017,2,1,3,6
19.01.2017,2,1,3,6
20.01.2017,2,2,3,7
21.01.2017,2,2,2,6
22.01.2017,2,2,2,6
23.01.2017,2,2,2,6
24.01.2017,2,2,2,6
25.01.2017,1,2,2,5
26.01.2017,1,2,2,5
27.01.2017,1,2,2,5
28.01.2017,1,2,2,5
29.01.2017,1,2,2,5
30.01.2017,1,2,3,6
31.01.2017,1,2,3,6
01.02.2017,1,2,3,6
02.02.2017,1,2,3,6
03.02.2017,1,2,2,5
04.02.2017,1,2,1,4
05.02.2017,1,2,1,4
06.02.2017,1,2,1,4
07.02.2017,1,2,1,4
08.02.2017,1,2,1,4
09.02.2017,1,2,1,4
10.02.2017,1,2,1,4
11.02.2017,1,3,1,5
12.02.2017,1,3,1,5
13.02.2017,1,2,2,5
14.02.2017,1,2,2,5
15.02.2017,1,2,2,5
16.02.2017,1,2,2,5
17.02.2017,1,2,2,5
18.02.2017,1,2,2,5
19.02.2017,1,2,2,5
20.02.2017,1,2,2,5
21.02.2017,1,2,2,5
22.02.2017,1,2,2,5
23.02.2017,1,2,2,5
24.02.2017,1,2,2,5
25.02.2017,1,2,2,5
26.02.2017,1,2,2,5
27.02.2017,1,2,1,4
28.02.2017,1,2,1,4
01.03.2017,1,2,1,4
02.03.2017,1,2,1,4
03.03.2017,1,2,1,4
04.03.2017,1,2,1,4
05.03.2017,1,2,1,4
06.03.2017,1,2,1,4
07.03.2017,1,2,1,4
08.03.2017,1,2,1,4
09.03.2017,1,2,1,4
10.03.2017,1,2,2,5
11.03.2017,1,2,1,4
12.03.2017,1,2,1,4
13.03.2017,1,3,4,8
14.03.2017,1,3,5,9
15.03.2017,1,2,7,10
16.03.2017,1,2,7,10
17.03.2017,1,3,6,10
18.03.2017,1,4,5,10
19.03.2017,1,4,5,10
20.03.2017,1,4,5,10
21.03.2017,1,6,3,10
22.03.2017,1,5,5,11
23.03.2017,1,5,6,12
24.03.2017,1,5,7,13
25.03.2017,1,6,6,13
26.03.2017,1,6,6,13
27.03.2017,1,6,7,14
28.03.2017,1,7,6,14
29.03.2017,1,7,6,14
30.03.2017,1,7,6,14
31.03.2017,1,7,6,14
01.04.2017,1,7,6,14
02.04.2017,1,7,6,14
03.04.2017,1,7,6,14
04.04.2017,1,7,6,14
05.04.2017,1,7,6,14
06.04.2017,1,7,6,14
07.04.2017,1,7,6,14
08.04.2017,1,7,6,14
09.04.2017,1,7,6,14
10.04.2017,1,8,4,13
11.04.2017,1,8,3,12
12.04.2017,1,8,2,11
13.04.2017,1,8,3,12
14.04.2017,1,8,3,12
15.04.2017,1,8,3,12
16.04.2017,1,8,4,13
17.04.2017,1,8,4,13
18.04.2017,1,6,4,11
19.04.2017,1,6,3,10
20.04.2017,1,6,4,11
21.04.2017,1,7,3,11
22.04.2017,1,7,3,11
23.04.2017,1,7,3,11
24.04.2017,1,7,3,11
25.04.2017,1,7,4,12
26.04.2017,1,8,3,12
27.04.2017,1,8,4,13
28.04.2017,1,8,4,13
29.04.2017,1,8,5,14
30.04.2017,1,8,5,14
01.05.2017,1,8,5,14
02.05.2017,1,8,8,17
03.05.2017,1,10,7,18
04.05.2017,1,10,7,18
05.05.2017,1,10,7,18
06.05.2017,1,9,8,18
07.05.2017,1,9,8,18
08.05.2017,1,10,7,18
09.05.2017,1,10,7,18
10.05.2017,1,9,7,17
11.05.2017,1,10,6,17
12.05.2017,1,11,6,18
13.05.2017,1,11,6,18
14.05.2017,1,11,6,18
15.05.2017,1,11,6,18
16.05.2017,1,11,6,18
17.05.2017,1,11,6,18
18.05.2017,1,12,6,19
19.05.2017,1,12,6,19
20.05.2017,1,11,6,18
21.05.2017,1,11,6,18
22.05.2017,1,11,6,18
23.05.2017,1,11,6,18
24.05.2017,1,10,6,17
25.05.2017,1,10,4,15
26.05.2017,1,10,4,15
27.05.2017,1,10,3,14
28.05.2017,1,9,3,13
29.05.2017,1,9,3,13
30.05.2017,1,9,3,13
31.05.2017,1,9,3,13
01.06.2017,1,9,3,13
02.06.2017,1,10,2,13
03.06.2017,1,10,2,13
04.06.2017,1,10,2,13
05.06.2017,1,9,2,12
06.06.2017,1,8,2,11
07.06.2017,1,8,2,11
08.06.2017,1,7,2,10
09.06.2017,1,6,1,8
10.06.2017,1,6,1,8
11.06.2017,1,6,1,8
12.06.2017,1,7,1,9
13.06.2017,1,7,2,10
14.06.2017,1,7,2,10
15.06.2017,1,7,2,10
16.06.2017,1,7,2,10
17.06.2017,1,7,2,10
18.06.2017,1,7,2,10
19.06.2017,1,8,4,13
20.06.2017,1,8,5,14
21.06.2017,1,9,4,14
22.06.2017,1,9,4,14
23.06.2017,1,9,4,14
24.06.2017,1,9,4,14
25.06.2017,1,9,4,14
26.06.2017,1,9,5,15
27.06.2017,1,11,4,16
28.06.2017,1,11,4,16
29.06.2017,1,11,4,16
30.06.2017,1,11,5,17
01.07.2017,1,11,5,17
02.07.2017,1,11,5,17
03.07.2017,1,11,5,17
04.07.2017,1,10,5,16
05.07.2017,1,10,5,16
06.07.2017,1,10,4,15
07.07.2017,1,11,3,15
08.07.2017,2,10,3,15
09.07.2017,2,10,3,15
10.07.2017,1,10,3,14
11.07.2017,1,10,3,14
12.07.2017,1,11,3,15
13.07.2017,1,12,4,17
14.07.2017,1,12,5,18
15.07.2017,1,12,5,18
16.07.2017,1,13,7,21
17.07.2017,1,15,6,22
18.07.2017,1,16,4,21
19.07.2017,0,17,4,21
20.07.2017,0,16,5,21
21.07.2017,1,15,5,21
22.07.2017,1,15,5,21
23.07.2017,1,15,6,22
24.07.2017,1,16,6,23
25.07.2017,1,16,5,22
26.07.2017,1,16,5,22
27.07.2017,1,16,5,22
28.07.2017,1,16,6,23
29.07.2017,1,16,6,23
30.07.2017,1,16,6,23
31.07.2017,1,16,8,25
01.08.2017,1,18,7,26
02.08.2017,1,20,5,26
03.08.2017,1,19,5,25
04.08.2017,1,19,6,26
05.08.2017,2,17,6,25
06.08.2017,2,17,6,25
07.08.2017,1,18,6,25
08.08.2017,1,18,11,30
09.08.2017,1,22,8,31
10.08.2017,1,23,7,31
11.08.2017,1,22,6,29
12.08.2017,1,22,6,29
13.08.2017,1,22,6,29
14.08.2017,3,20,6,29
15.08.2017,3,20,6,29
16.08.2017,2,21,8,31
17.08.2017,2,23,6,31
18.08.2017,3,22,7,32
19.08.2017,3,22,8,33
20.08.2017,3,22,8,33
21.08.2017,2,24,8,34
22.08.2017,2,24,11,37
23.08.2017,2,25,10,37
24.08.2017,4,23,10,37
25.08.2017,3,24,10,37
26.08.2017,3,23,10,36
27.08.2017,3,22,11,36
28.08.2017,4,21,11,36
29.08.2017,4,21,10,35
30.08.2017,3,22,10,35
31.08.2017,3,21,11,35
01.09.2017,3,20,10,33
02.09.2017,5,19,10,34
03.09.2017,5,19,10,34
04.09.2017,3,21,12,36
05.09.2017,3,20,11,34
06.09.2017,5,18,9,32
07.09.2017,5,17,8,30
08.09.2017,5,16,8,29
09.09.2017,5,17,7,29
10.09.2017,5,17,7,29
11.09.2017,5,18,7,30
12.09.2017,5,18,7,30
13.09.2017,5,19,6,30
14.09.2017,6,16,5,27
15.09.2017,7,16,6,29
16.09.2017,7,16,5,28
17.09.2017,7,16,5,28
18.09.2017,6,19,5,30
19.09.2017,6,18,3,27
20.09.2017,7,16,4,27
21.09.2017,8,15,5,28
22.09.2017,7,16,5,28
23.09.2017,7,16,5,28
24.09.2017,7,16,5,28
25.09.2017,8,15,5,28
26.09.2017,8,15,5,28
27.09.2017,8,15,6,29
28.09.2017,8,16,5,29
29.09.2017,9,15,5,29
30.09.2017,9,14,5,28
01.10.2017,9,14,5,28
02.10.2017,9,14,3,26
03.10.2017,9,14,3,26
04.10.2017,9,14,4,27
05.10.2017,7,17,3,27
06.10.2017,7,17,3,27
07.10.2017,7,17,4,28
08.10.2017,8,17,3,28
09.10.2017,8,16,4,28
10.10.2017,7,17,3,27
11.10.2017,7,16,4,27
12.10.2017,7,17,4,28
13.10.2017,7,17,4,28
14.10.2017,7,17,4,28
15.10.2017,7,17,4,28
16.10.2017,7,17,3,27
17.10.2017,7,17,4,28
18.10.2017,8,15,4,27
19.10.2017,8,15,3,26
20.10.2017,7,18,4,29
21.10.2017,8,18,3,29
22.10.2017,7,19,3,29
23.10.2017,8,18,3,29
24.10.2017,8,20,3,31
25.10.2017,7,22,2,31
26.10.2017,7,22,2,31
27.10.2017,9,20,4,33
28.10.2017,9,20,4,33
29.10.2017,9,20,5,34
30.10.2017,9,20,5,34
31.10.2017,9,20,5,34
01.11.2017,9,20,5,34
02.11.2017,8,20,5,33
03.11.2017,8,20,5,33
04.11.2017,8,20,5,33
05.11.2017,8,19,6,33
06.11.2017,7,20,7,34
07.11.2017,7,19,7,33
08.11.2017,7,19,7,33
09.11.2017,7,19,9,35
10.11.2017,7,16,8,31
11.11.2017,7,16,9,32
12.11.2017,8,15,9,32
13.11.2017,8,16,8,32
14.11.2017,8,16,8,32
15.11.2017,9,15,9,33
16.11.2017,8,16,9,33
17.11.2017,8,15,8,31
18.11.2017,10,13,8,31
19.11.2017,9,14,8,31
20.11.2017,9,13,8,30
21.11.2017,10,12,6,28
22.11.2017,9,13,6,28
23.11.2017,9,12,7,28
24.11.2017,10,12,6,28
25.11.2017,10,12,6,28
26.11.2017,10,12,5,27
27.11.2017,11,13,6,30
28.11.2017,11,16,3,30
29.11.2017,11,16,3,30
30.11.2017,11,16,4,31
01.12.2017,11,17,3,31
02.12.2017,11,18,5,34
03.12.2017,11,19,5,35
04.12.2017,11,19,6,36
05.12.2017,11,19,9,39
06.12.2017,11,19,10,40
07.12.2017,11,20,10,41
08.12.2017,11,21,9,41
09.12.2017,11,21,9,41
10.12.2017,11,21,9,41
11.12.2017,12,20,9,41
12.12.2017,12,19,10,41
13.12.2017,13,20,9,42
14.12.2017,14,19,9,42
15.12.2017,13,20,10,43
16.12.2017,13,19,11,43
17.12.2017,13,19,11,43
18.12.2017,13,20,12,45
19.12.2017,13,20,12,45
20.12.2017,12,21,11,44
21.12.2017,12,22,11,45
22.12.2017,12,22,12,46
23.12.2017,12,23,12,47
24.12.2017,14,21,13,48
25.12.2017,14,23,11,48
26.12.2017,14,21,12,47
27.12.2017,14,21,12,47
28.12.2017,14,22,11,47
29.12.2017,15,20,11,46
30.12.2017,15,20,9,44
31.12.2017,14,20,9,43
01.01.2018,13,21,10,44
02.01.2018,13,21,9,43
03.01.2018,11,24,8,43
04.01.2018,11,24,9,44
05.01.2018,11,24,11,46
06.01.2018,11,24,11,46
07.01.2018,11,24,13,48
08.01.2018,12,24,12,48
09.01.2018,12,25,11,48
10.01.2018,12,25,10,47
11.01.2018,13,24,10,47
12.01.2018,13,24,10,47
13.01.2018,14,21,9,44
14.01.2018,14,21,9,44
15.01.2018,13,25,7,45
16.01.2018,13,24,8,45
17.01.2018,13,22,9,44
18.01.2018,13,23,7,43
19.01.2018,14,20,6,40
20.01.2018,14,20,7,41
21.01.2018,15,19,8,42
22.01.2018,16,19,7,42
23.01.2018,16,19,7,42
24.01.2018,16,19,8,43
25.01.2018,16,20,9,45
26.01.2018,16,20,16,52
27.01.2018,16,20,16,52
28.01.2018,15,21,16,52
29.01.2018,16,21,15,52
30.01.2018,16,21,15,52
31.01.2018,17,20,16,53
01.02.2018,17,21,15,53
02.02.2018,17,21,16,54
03.02.2018,17,23,17,57
04.02.2018,17,23,16,56
05.02.2018,15,25,17,57
06.02.2018,16,26,16,58
07.02.2018,16,25,16,57
08.02.2018,15,25,19,59
09.02.2018,14,28,17,59
10.02.2018,14,28,17,59
11.02.2018,14,28,18,60
12.02.2018,13,29,20,62
13.02.2018,12,27,21,60
14.02.2018,11,24,21,56
15.02.2018,11,24,21,56
16.02.2018,12,24,20,56
17.02.2018,12,23,20,55
18.02.2018,13,22,19,54
19.02.2018,13,23,18,54
20.02.2018,12,24,18,54
21.02.2018,12,24,17,53
22.02.2018,12,23,16,51
23.02.2018,11,22,13,46
24.02.2018,11,22,13,46
25.02.2018,11,23,12,46
26.02.2018,13,20,12,45
27.02.2018,13,19,12,44
28.02.2018,11,19,11,41
01.03.2018,12,17,10,39
02.03.2018,12,16,10,38
03.03.2018,12,16,7,35
04.03.2018,12,16,7,35
05.03.2018,12,17,7,36
06.03.2018,12,15,9,36
07.03.2018,11,16,9,36
08.03.2018,11,16,9,36
09.03.2018,10,16,9,35
10.03.2018,10,16,10,36
11.03.2018,10,16,9,35
12.03.2018,10,16,8,34
13.03.2018,10,17,6,33
14.03.2018,9,18,7,34
15.03.2018,9,20,6,35
16.03.2018,9,20,8,37
17.03.2018,9,20,8,37
18.03.2018,8,22,7,37
19.03.2018,8,21,7,36
20.03.2018,9,21,7,37
21.03.2018,9,22,7,38
22.03.2018,9,23,7,39
23.03.2018,9,23,6,38
24.03.2018,8,24,6,38
25.03.2018,8,24,7,39
26.03.2018,9,22,7,38
27.03.2018,7,24,8,39
28.03.2018,8,22,9,39
29.03.2018,8,24,8,40
30.03.2018,8,27,8,43
31.03.2018,9,27,8,44
01.04.2018,9,28,8,45
02.04.2018,9,28,8,45
03.04.2018,9,27,7,43
04.04.2018,8,25,8,41
05.04.2018,10,25,7,42
06.04.2018,10,27,10,47
07.04.2018,10,27,10,47
08.04.2018,9,30,9,48
09.04.2018,9,29,8,46
10.04.2018,9,26,9,44
11.04.2018,8,27,11,46
12.04.2018,9,27,11,47
13.04.2018,9,29,8,46
14.04.2018,9,30,7,46
15.04.2018,9,30,7,46
16.04.2018,9,29,8,46
17.04.2018,9,30,9,48
18.04.2018,8,32,9,49
19.04.2018,8,33,8,49
20.04.2018,8,33,8,49
21.04.2018,8,33,8,49
22.04.2018,8,33,7,48
23.04.2018,8,34,7,49
24.04.2018,8,34,7,49
25.04.2018,8,35,7,50
26.04.2018,8,31,8,47
27.04.2018,8,30,8,46
28.04.2018,8,30,8,46
29.04.2018,8,30,7,45
30.04.2018,8,30,7,45
01.05.2018,8,28,8,44
02.05.2018,8,29,8,45
03.05.2018,8,29,8,45
04.05.2018,9,27,8,44
05.05.2018,9,26,8,43
06.05.2018,8,25,8,41
07.05.2018,10,25,9,44
08.05.2018,11,26,13,50
09.05.2018,11,24,13,48
10.05.2018,11,25,12,48
11.05.2018,11,25,12,48
12.05.2018,11,26,12,49
13.05.2018,11,26,12,49
14.05.2018,11,27,11,49
15.05.2018,12,26,11,49
16.05.2018,11,29,12,52
17.05.2018,12,28,13,53
18.05.2018,13,27,13,53
19.05.2018,12,28,13,53
20.05.2018,12,28,13,53
21.05.2018,12,27,16,55
22.05.2018,12,29,12,53
23.05.2018,12,30,11,53
24.05.2018,11,33,12,56
25.05.2018,11,36,12,59
26.05.2018,12,37,12,61
27.05.2018,12,37,12,61
28.05.2018,12,38,17,67
29.05.2018,13,38,18,69
30.05.2018,12,39,22,73
31.05.2018,15,40,23,78
01.06.2018,14,43,34,91
02.06.2018,14,45,45,104
03.06.2018,14,47,46,107
04.06.2018,15,51,50,116
05.06.2018,15,49,51,115
06.06.2018,16,51,51,118
07.06.2018,16,54,50,120
08.06.2018,16,55,52,123
09.06.2018,15,58,51,124
10.06.2018,14,60,55,129
11.06.2018,14,67,57,138
12.06.2018,13,83,86,182
13.06.2018,13,98,82,193
14.06.2018,13,97,88,198
15.06.2018,16,98,85,199
16.06.2018,15,99,86,200
17.06.2018,15,101,83,199
18.06.2018,15,101,85,201
19.06.2018,16,102,85,203
20.06.2018,16,104,87,207
21.06.2018,16,105,88,209
22.06.2018,16,106,88,210
23.06.2018,17,104,88,209
24.06.2018,17,104,89,210
25.06.2018,17,105,91,213
26.06.2018,17,106,90,213
27.06.2018,17,108,87,212
28.06.2018,16,109,88,213
29.06.2018,17,109,84,210
30.06.2018,17,108,80,205
01.07.2018,18,107,80,205
02.07.2018,18,107,77,202
03.07.2018,18,105,76,199
04.07.2018,18,104,76,198
05.07.2018,19,102,73,194
06.07.2018,19,104,71,194
07.07.2018,17,105,71,193
08.07.2018,17,103,67,187
09.07.2018,17,94,62,173
10.07.2018,17,83,32,132
11.07.2018,17,66,23,106
12.07.2018,18,58,20,96
13.07.2018,20,55,19,94
14.07.2018,20,56,17,93
15.07.2018,20,55,17,92
16.07.2018,19,55,17,91
17.07.2018,19,51,16,86
18.07.2018,18,51,13,82
19.07.2018,18,50,14,82
20.07.2018,17,47,13,77
21.07.2018,16,47,12,75
22.07.2018,16,47,11,74
23.07.2018,16,46,7,69
24.07.2018,17,43,9,69
25.07.2018,16,38,11,65
26.07.2018,16,39,8,63
27.07.2018,16,40,9,65
28.07.2018,16,40,9,65
29.07.2018,16,40,10,66
30.07.2018,16,39,10,65
31.07.2018,16,40,14,70
01.08.2018,16,42,13,71
02.08.2018,16,43,13,72
03.08.2018,16,44,14,74
04.08.2018,15,45,14,74
05.08.2018,15,45,14,74
06.08.2018,15,49,16,80
07.08.2018,16,51,13,80
08.08.2018,16,50,16,82
09.08.2018,16,49,15,80
10.08.2018,16,51,17,84
11.08.2018,16,52,17,85
12.08.2018,16,52,17,85
13.08.2018,16,51,17,84
14.08.2018,17,50,19,86
15.08.2018,17,51,19,87
16.08.2018,16,53,18,87
17.08.2018,16,52,17,85
18.08.2018,16,52,17,85
19.08.2018,16,53,17,86
20.08.2018,16,51,17,84
21.08.2018,16,51,14,81
22.08.2018,16,51,13,80
23.08.2018,17,47,13,77
24.08.2018,17,47,14,78
25.08.2018,17,46,14,77
26.08.2018,17,45,13,75
27.08.2018,16,46,12,74
28.08.2018,17,46,13,76
29.08.2018,17,44,15,76
30.08.2018,17,45,15,77
31.08.2018,16,48,14,78
01.09.2018,16,50,13,79
02.09.2018,16,51,15,82
03.09.2018,16,54,15,85
04.09.2018,16,55,15,86
05.09.2018,19,52,14,85
06.09.2018,19,52,14,85
07.09.2018,19,51,15,85
08.09.2018,19,50,14,83
09.09.2018,19,50,14,83
10.09.2018,18,52,14,84
11.09.2018,20,50,15,85
12.09.2018,20,49,14,83
13.09.2018,19,48,14,81
14.09.2018,19,51,13,83
15.09.2018,19,51,15,85
16.09.2018,19,51,14,84
17.09.2018,20,51,15,86
18.09.2018,22,49,14,85
19.09.2018,20,51,13,84
20.09.2018,21,52,12,85
21.09.2018,21,50,12,83
22.09.2018,20,51,12,83
23.09.2018,20,51,12,83
24.09.2018,21,51,12,84
25.09.2018,22,50,11,83
26.09.2018,21,52,12,85
27.09.2018,19,55,11,85
28.09.2018,19,52,12,83
29.09.2018,19,53,12,84
30.09.2018,19,52,11,82
01.10.2018,19,50,9,78
02.10.2018,18,49,11,78
03.10.2018,21,47,10,78
04.10.2018,20,48,12,80
05.10.2018,21,47,10,78
06.10.2018,21,46,11,78
07.10.2018,22,45,12,79
08.10.2018,21,47,11,79
09.10.2018,22,48,11,81
10.10.2018,23,46,10,79
11.10.2018,24,48,8,80
12.10.2018,24,45,10,79
13.10.2018,24,45,9,78
14.10.2018,24,45,8,77
15.10.2018,25,41,7,73
16.10.2018,25,39,7,71
17.10.2018,22,41,9,72
18.10.2018,23,39,10,72
19.10.2018,21,43,11,75
20.10.2018,21,44,10,75
21.10.2018,21,44,11,76
22.10.2018,22,42,11,75
23.10.2018,24,38,15,77
24.10.2018,24,40,15,79
25.10.2018,25,42,15,82
26.10.2018,25,41,17,83
27.10.2018,25,41,17,83
28.10.2018,25,41,17,83
29.10.2018,25,40,17,82
30.10.2018,25,39,17,81
31.10.2018,26,37,19,82
01.11.2018,23,40,18,81
02.11.2018,24,38,17,79
03.11.2018,24,38,17,79
04.11.2018,25,37,17,79
05.11.2018,23,39,17,79
06.11.2018,25,39,16,80
07.11.2018,24,41,17,82
08.11.2018,25,39,18,82
09.11.2018,25,38,21,84
10.11.2018,25,38,21,84
11.11.2018,25,38,21,84
12.11.2018,26,38,22,86
13.11.2018,27,39,22,88
14.11.2018,25,42,19,86
15.11.2018,27,40,20,87
16.11.2018,25,40,19,84
17.11.2018,25,39,20,84
18.11.2018,25,39,19,83
19.11.2018,24,39,21,84
20.11.2018,24,42,18,84
21.11.2018,25,40,17,82
22.11.2018,24,43,16,83
23.11.2018,23,44,13,80
24.11.2018,23,44,13,80
25.11.2018,23,45,13,81
26.11.2018,23,44,15,82
27.11.2018,24,44,14,82
28.11.2018,25,43,12,80
29.11.2018,24,47,13,84
30.11.2018,22,49,13,84
01.12.2018,22,49,13,84
02.12.2018,23,48,13,84
03.12.2018,23,50,13,86
04.12.2018,24,47,12,83
05.12.2018,25,46,16,87
06.12.2018,25,49,13,87
07.12.2018,26,52,14,92
08.12.2018,26,53,15,94
09.12.2018,26,53,15,94
10.12.2018,28,52,20,100
11.12.2018,27,56,18,101
12.12.2018,26,58,17,101
13.12.2018,26,57,17,100
14.12.2018,27,56,17,100
15.12.2018,26,57,17,100
16.12.2018,26,57,17,100
17.12.2018,26,59,18,103
18.12.2018,26,59,19,104
19.12.2018,26,60,22,108
20.12.2018,28,62,19,109
21.12.2018,28,63,20,111
22.12.2018,29,62,21,112
23.12.2018,29,62,21,112
24.12.2018,27,64,20,111
25.12.2018,27,64,20,111
26.12.2018,27,67,18,112
27.12.2018,27,66,17,110
28.12.2018,26,67,18,111
29.12.2018,28,66,17,111
30.12.2018,28,66,18,112
31.12.2018,29,65,18,112
01.01.2019,30,64,18,112
02.01.2019,29,64,15,108
03.01.2019,30,59,19,108
04.01.2019,31,61,14,106
05.01.2019,31,62,13,106
06.01.2019,31,61,13,105
07.01.2019,32,59,16,107
08.01.2019,31,62,14,107
09.01.2019,30,65,14,109
10.01.2019,29,66,16,111
11.01.2019,29,65,17,111
12.01.2019,29,65,17,111
13.01.2019,30,63,18,111
14.01.2019,30,63,17,110
15.01.2019,28,66,12,106
16.01.2019,29,65,14,108
17.01.2019,30,66,11,107
18.01.2019,29,66,9,104
19.01.2019,30,65,8,103
20.01.2019,30,65,8,103
21.01.2019,29,66,10,105
22.01.2019,28,70,9,107
23.01.2019,29,66,11,106
24.01.2019,30,65,12,107
25.01.2019,28,67,11,106
26.01.2019,29,65,11,105
27.01.2019,28,66,11,105
28.01.2019,27,68,11,106
29.01.2019,31,64,11,106
30.01.2019,32,62,11,105
31.01.2019,32,63,9,104
01.02.2019,32,60,11,103
02.02.2019,32,61,11,104
03.02.2019,32,61,11,104
04.02.2019,34,58,12,104
05.02.2019,34,57,11,102
06.02.2019,35,53,12,100
07.02.2019,33,53,12,98
08.02.2019,33,54,10,97
09.02.2019,33,55,9,97
10.02.2019,34,54,10,98
11.02.2019,36,52,10,98
12.02.2019,34,55,12,101
13.02.2019,33,57,11,101
14.02.2019,34,54,11,99
15.02.2019,34,53,11,98
16.02.2019,35,53,11,99
17.02.2019,36,52,12,100
18.02.2019,35,55,10,100
19.02.2019,33,57,11,101
20.02.2019,34,57,11,102
21.02.2019,33,58,10,101
22.02.2019,35,60,7,102
23.02.2019,36,59,7,102
24.02.2019,36,59,7,102
25.02.2019,32,61,8,101
26.02.2019,35,56,11,102
27.02.2019,34,54,14,102
28.02.2019,35,52,17,104
01.03.2019,36,51,16,103
02.03.2019,35,52,15,102
03.03.2019,35,52,15,102
04.03.2019,35,53,15,103
05.03.2019,35,53,16,104
06.03.2019,35,56,16,107
07.03.2019,32,58,16,106
08.03.2019,30,60,17,107
09.03.2019,31,60,17,108
10.03.2019,32,59,17,108
11.03.2019,35,55,18,108
12.03.2019,34,54,20,108
13.03.2019,34,51,20,105
14.03.2019,31,52,22,105
15.03.2019,31,53,21,105
16.03.2019,30,54,21,105
17.03.2019,30,52,21,103
18.03.2019,31,52,23,106
19.03.2019,33,50,23,106
20.03.2019,33,51,22,106
21.03.2019,35,50,21,106
22.03.2019,36,47,19,102
23.03.2019,36,47,19,102
24.03.2019,36,47,22,105
25.03.2019,34,52,19,105
26.03.2019,36,52,17,105
27.03.2019,37,50,16,103
28.03.2019,36,50,14,100
29.03.2019,35,51,16,102
30.03.2019,34,52,17,103
31.03.2019,34,55,17,106
01.04.2019,35,54,16,105
02.04.2019,39,50,18,107
03.04.2019,38,53,16,107
04.04.2019,39,52,15,106
05.04.2019,38,53,14,105
06.04.2019,38,53,14,105
07.04.2019,38,53,14,105
08.04.2019,39,53,14,106
09.04.2019,37,56,14,107
10.04.2019,35,56,15,106
11.04.2019,33,58,15,106
12.04.2019,35,55,16,106
13.04.2019,34,56,17,107
14.04.2019,34,56,17,107
15.04.2019,31,53,20,104
16.04.2019,33,53,17,103
17.04.2019,33,56,15,104
18.04.2019,34,55,18,107
19.04.2019,33,59,18,110
20.04.2019,32,60,19,111
21.04.2019,32,61,18,111
22.04.2019,33,60,18,111
23.04.2019,33,60,18,111
24.04.2019,33,61,18,112
25.04.2019,33,63,17,113
26.04.2019,32,64,16,112
27.04.2019,32,65,15,112
28.04.2019,33,63,13,109
29.04.2019,35,59,17,111
30.04.2019,35,62,14,111
01.05.2019,36,62,14,112
02.05.2019,36,62,14,112
03.05.2019,35,62,17,114
04.05.2019,35,63,16,114
05.05.2019,36,62,17,115
06.05.2019,34,63,17,114
07.05.2019,33,64,17,114
08.05.2019,35,67,15,117
09.05.2019,34,69,15,118
10.05.2019,37,65,16,118
11.05.2019,36,65,17,118
12.05.2019,36,64,18,118
13.05.2019,35,65,16,116
14.05.2019,36,67,20,123
15.05.2019,37,66,23,126
16.05.2019,38,63,21,122
17.05.2019,39,65,22,126
18.05.2019,38,68,21,127
19.05.2019,38,68,22,128
20.05.2019,37,71,20,128
21.05.2019,35,74,19,128
22.05.2019,37,72,18,127
23.05.2019,36,74,18,128
24.05.2019,37,73,21,131
25.05.2019,37,73,23,133
26.05.2019,37,74,22,133
27.05.2019,40,72,23,135
28.05.2019,40,71,22,133
29.05.2019,42,71,21,134
30.05.2019,41,73,23,137
31.05.2019,40,76,20,136
01.06.2019,39,75,22,136
02.06.2019,38,77,20,135
03.06.2019,39,75,21,135
04.06.2019,36,79,22,137
05.06.2019,37,75,22,134
06.06.2019,37,75,21,133
07.06.2019,39,75,21,135
08.06.2019,39,75,21,135
09.06.2019,38,76,21,135
10.06.2019,38,75,21,134
11.06.2019,36,71,19,126
12.06.2019,33,72,18,123
13.06.2019,36,67,18,121
14.06.2019,35,69,16,120
15.06.2019,34,69,18,121
16.06.2019,34,68,19,121
17.06.2019,35,69,19,123
18.06.2019,34,68,20,122
19.06.2019,36,68,19,123
20.06.2019,36,70,19,125
21.06.2019,35,72,17,124
22.06.2019,35,73,18,126
23.06.2019,34,74,18,126
24.06.2019,35,74,20,129
25.06.2019,34,77,21,132
26.06.2019,36,76,22,134
27.06.2019,34,73,22,129
28.06.2019,33,71,23,127
29.06.2019,33,70,22,125
30.06.2019,35,68,22,125
01.07.2019,34,68,21,123
02.07.2019,34,71,23,128
03.07.2019,35,72,23,130
04.07.2019,35,77,21,133
05.07.2019,39,76,22,137
06.07.2019,39,75,23,137
07.07.2019,38,78,22,138
08.07.2019,38,78,22,138
09.07.2019,36,80,23,139
10.07.2019,34,82,26,142
11.07.2019,37,79,31,147
12.07.2019,36,80,29,145
13.07.2019,36,80,27,143
14.07.2019,36,81,25,142
15.07.2019,34,85,25,144
16.07.2019,34,90,25,149
17.07.2019,36,90,24,150
18.07.2019,36,90,25,151
19.07.2019,39,88,25,152
20.07.2019,39,89,22,150
21.07.2019,40,88,21,149
22.07.2019,37,92,23,152
23.07.2019,41,86,22,149
24.07.2019,42,85,22,149
25.07.2019,42,83,24,149
26.07.2019,41,86,29,156
27.07.2019,41,86,29,156
28.07.2019,41,87,31,159
29.07.2019,43,89,35,167
30.07.2019,42,95,33,170
31.07.2019,43,98,29,170
01.08.2019,43,100,32,175
02.08.2019,42,102,35,179
03.08.2019,42,102,35,179
04.08.2019,43,101,35,179
05.08.2019,47,100,35,182
06.08.2019,42,108,35,185
07.08.2019,42,110,36,188
08.08.2019,44,109,36,189
09.08.2019,43,110,37,190
10.08.2019,43,109,38,190
11.08.2019,44,109,37,190
12.08.2019,44,115,33,192
13.08.2019,43,122,28,193
14.08.2019,42,122,31,195
15.08.2019,42,121,32,195
16.08.2019,44,114,31,189
17.08.2019,44,114,31,189
18.08.2019,44,114,32,190
19.08.2019,40,116,29,185
20.08.2019,45,110,30,185
21.08.2019,43,113,33,189
22.08.2019,41,120,29,190
23.08.2019,41,121,26,188
24.08.2019,42,120,26,188
25.08.2019,42,121,25,188
26.08.2019,46,117,24,187
27.08.2019,47,118,24,189
28.08.2019,48,116,25,189
29.08.2019,46,118,22,186
30.08.2019,49,120,21,190
31.08.2019,47,122,21,190
01.09.2019,47,122,21,190
02.09.2019,50,118,25,193
03.09.2019,49,115,24,188
04.09.2019,51,115,21,187
05.09.2019,46,116,22,184
06.09.2019,42,122,24,188
07.09.2019,42,122,25,189
08.09.2019,43,121,25,189
09.09.2019,40,120,26,186
10.09.2019,42,119,28,189
11.09.2019,42,119,25,186
12.09.2019,45,113,24,182
13.09.2019,47,112,24,183
14.09.2019,48,111,24,183
15.09.2019,49,108,24,181
16.09.2019,48,110,24,182
17.09.2019,49,108,27,184
18.09.2019,48,108,28,184
19.09.2019,47,110,26,183
20.09.2019,45,108,28,181
21.09.2019,44,112,27,183
22.09.2019,44,113,27,184
23.09.2019,46,110,27,183
24.09.2019,45,110,26,181
25.09.2019,44,110,25,179
26.09.2019,44,108,26,178
27.09.2019,47,109,27,183
28.09.2019,46,110,28,184
29.09.2019,46,112,27,185
30.09.2019,46,109,26,181
01.10.2019,46,108,28,182
02.10.2019,47,108,29,184
03.10.2019,45,109,31,185
04.10.2019,42,113,30,185
05.10.2019,42,114,29,185
06.10.2019,40,117,29,186
07.10.2019,38,121,28,187
08.10.2019,38,119,25,182
09.10.2019,37,115,25,177
10.10.2019,39,109,25,173
11.10.2019,37,109,24,170
12.10.2019,38,109,23,170
13.10.2019,39,108,25,172
14.10.2019,39,106,25,170
15.10.2019,37,113,24,174
16.10.2019,38,111,25,174
17.10.2019,36,113,24,173
18.10.2019,37,113,28,178
19.10.2019,35,116,29,180
20.10.2019,34,119,26,179
21.10.2019,34,117,30,181
22.10.2019,38,114,29,181
23.10.2019,37,112,33,182
24.10.2019,36,112,33,181
25.10.2019,39,104,34,177
26.10.2019,38,104,32,174
27.10.2019,39,101,30,170
28.10.2019,38,101,32,171
29.10.2019,38,100,30,168
30.10.2019,39,101,31,171
31.10.2019,39,101,29,169
01.11.2019,37,104,28,169
02.11.2019,39,101,27,167
03.11.2019,39,101,26,166
04.11.2019,35,104,24,163
05.11.2019,33,104,23,160
06.11.2019,34,104,23,161
07.11.2019,36,101,23,160
08.11.2019,36,103,24,163
09.11.2019,37,102,24,163
10.11.2019,39,100,23,162
11.11.2019,39,99,23,161
12.11.2019,40,96,23,159
13.11.2019,41,96,26,163
14.11.2019,41,96,26,163
15.11.2019,43,93,22,158
16.11.2019,41,99,20,160
17.11.2019,40,99,21,160
18.11.2019,39,99,21,159
19.11.2019,40,99,20,159
20.11.2019,42,99,16,157
21.11.2019,41,99,18,158
22.11.2019,41,98,20,159
23.11.2019,42,98,19,159
24.11.2019,43,99,19,161
25.11.2019,43,99,21,163
26.11.2019,44,101,22,167
27.11.2019,43,103,21,167
28.11.2019,43,102,22,167
29.11.2019,39,110,20,169
30.11.2019,41,109,20,170
01.12.2019,42,108,21,171
02.12.2019,41,111,21,173
03.12.2019,38,116,23,177
04.12.2019,38,119,25,182
05.12.2019,38,122,27,187
06.12.2019,39,122,29,190
07.12.2019,40,123,29,192
08.12.2019,41,120,29,190
09.12.2019,41,122,32,195
10.12.2019,43,120,32,195
11.12.2019,43,124,31,198
12.12.2019,44,122,34,200
13.12.2019,47,122,35,204
14.12.2019,47,122,35,204
15.12.2019,47,122,34,203
16.12.2019,45,125,38,208
17.12.2019,47,125,36,208
18.12.2019,47,126,36,209
19.12.2019,49,125,33,207
20.12.2019,49,122,37,208
21.12.2019,51,120,37,208
22.12.2019,50,120,36,206
23.12.2019,49,124,31,204
24.12.2019,50,125,28,203
25.12.2019,51,125,26,202
26.12.2019,50,125,27,202
27.12.2019,52,122,27,201
28.12.2019,53,122,25,200
29.12.2019,54,120,25,199
30.12.2019,52,122,25,199
31.12.2019,52,119,26,197
01.01.2020,52,120,22,194
02.01.2020,53,116,24,193
03.01.2020,53,118,19,190
04.01.2020,51,118,19,188
05.01.2020,51,118,19,188
06.01.2020,49,118,20,187
07.01.2020,51,115,21,187
08.01.2020,50,118,15,183
09.01.2020,47,120,17,184
10.01.2020,47,121,14,182
11.01.2020,46,122,15,183
12.01.2020,47,121,14,182
13.01.2020,50,118,16,184
14.01.2020,52,113,19,184
15.01.2020,47,116,21,184
16.01.2020,46,124,20,190
17.01.2020,45,130,15,190
18.01.2020,46,128,15,189
19.01.2020,47,126,16,189
20.01.2020,46,126,18,190
21.01.2020,46,128,18,192
22.01.2020,47,127,19,193
23.01.2020,45,131,19,195
24.01.2020,47,129,22,198
25.01.2020,48,129,22,199
26.01.2020,51,127,22,200
27.01.2020,50,127,22,199
28.01.2020,50,126,21,197
29.01.2020,50,126,23,199
30.01.2020,50,129,20,199
31.01.2020,50,129,19,198
01.02.2020,48,131,19,198
02.02.2020,47,132,19,198
03.02.2020,49,134,18,201
04.02.2020,53,133,18,204
05.02.2020,54,132,18,204
06.02.2020,55,126,19,200
07.02.2020,54,126,20,200
08.02.2020,53,128,20,201
09.02.2020,53,126,19,198
10.02.2020,52,126,20,198
11.02.2020,52,124,18,194
12.02.2020,50,126,15,191
13.02.2020,52,122,17,191
14.02.2020,50,115,20,185
15.02.2020,49,116,20,185
16.02.2020,47,117,20,184
17.02.2020,48,116,20,184
18.02.2020,47,118,22,187
19.02.2020,46,119,19,184
20.02.2020,47,114,20,181
21.02.2020,47,113,19,179
22.02.2020,48,112,20,180
23.02.2020,49,111,21,181
24.02.2020,49,111,23,183
25.02.2020,52,109,21,182
26.02.2020,55,107,23,185
27.02.2020,54,109,28,191
28.02.2020,56,107,27,190
29.02.2020,54,110,29,193
01.03.2020,54,112,28,194
02.03.2020,55,114,31,200
03.03.2020,54,114,30,198
04.03.2020,56,112,30,198
05.03.2020,58,110,30,198
06.03.2020,56,113,27,196
07.03.2020,56,114,26,196
08.03.2020,56,114,26,196
09.03.2020,52,115,31,198
10.03.2020,52,116,30,198
11.03.2020,55,114,29,198
12.03.2020,57,112,27,196
13.03.2020,55,114,29,198
14.03.2020,54,116,30,200
15.03.2020,53,118,29,200
16.03.2020,55,116,32,203
17.03.2020,55,115,35,205
18.03.2020,57,112,35,204
19.03.2020,56,116,36,208
20.03.2020,55,117,36,208
21.03.2020,56,116,36,208
22.03.2020,56,116,37,209
23.03.2020,57,114,38,209
24.03.2020,60,112,37,209
25.03.2020,60,111,35,206
26.03.2020,58,116,33,207
27.03.2020,59,116,32,207
28.03.2020,58,117,31,206
29.03.2020,58,118,32,208
30.03.2020,59,117,36,212
31.03.2020,57,121,33,211
01.04.2020,58,120,33,211
02.04.2020,58,118,34,210
03.04.2020,59,117,35,211
04.04.2020,58,116,36,210
05.04.2020,58,117,36,211
06.04.2020,57,121,35,213
07.04.2020,56,119,33,208
08.04.2020,56,122,31,209
09.04.2020,56,121,32,209
10.04.2020,56,123,28,207
11.04.2020,55,127,27,209
12.04.2020,55,128,27,210
13.04.2020,57,126,26,209
14.04.2020,61,123,26,210
15.04.2020,61,124,26,211
16.04.2020,60,125,24,209
17.04.2020,59,126,23,208
18.04.2020,59,127,21,207
19.04.2020,58,128,19,205
20.04.2020,60,127,24,211
21.04.2020,63,128,21,212
22.04.2020,62,124,24,210
23.04.2020,63,127,25,215
24.04.2020,65,126,23,214
25.04.2020,63,128,23,214
26.04.2020,63,128,23,214
27.04.2020,64,128,26,218
28.04.2020,64,129,27,220
29.04.2020,64,130,26,220
30.04.2020,65,131,28,224
01.05.2020,67,131,27,225
02.05.2020,67,131,28,226
03.05.2020,68,130,28,226
04.05.2020,65,132,29,226
05.05.2020,67,130,30,227
06.05.2020,65,135,30,230
07.05.2020,66,132,30,228
08.05.2020,66,132,29,227
09.05.2020,66,132,28,226
10.05.2020,67,131,28,226
11.05.2020,67,133,27,227
12.05.2020,68,128,28,224
13.05.2020,68,129,28,225
14.05.2020,68,132,31,231
15.05.2020,69,132,32,233
16.05.2020,67,134,31,232
17.05.2020,67,134,32,233
18.05.2020,70,132,31,233
19.05.2020,73,130,30,233
20.05.2020,73,131,32,236
21.05.2020,73,125,35,233
22.05.2020,73,122,35,230
23.05.2020,73,122,36,231
24.05.2020,75,120,36,231
25.05.2020,75,122,36,233
26.05.2020,75,119,36,230
27.05.2020,73,118,35,226
28.05.2020,75,115,37,227
29.05.2020,75,114,41,230
30.05.2020,75,115,39,229
31.05.2020,75,116,38,229
01.06.2020,73,118,37,228
02.06.2020,75,121,36,232
03.06.2020,72,126,37,235
04.06.2020,76,122,39,237
05.06.2020,76,123,40,239
06.06.2020,77,121,40,238
07.06.2020,80,120,38,238
08.06.2020,78,120,40,238
09.06.2020,75,124,42,241
10.06.2020,76,124,41,241
11.06.2020,74,124,47,245
12.06.2020,74,128,41,243
13.06.2020,75,128,41,244
14.06.2020,75,130,41,246
15.06.2020,77,130,40,247
16.06.2020,77,134,38,249
17.06.2020,74,133,34,241
18.06.2020,75,139,36,250
19.06.2020,68,146,33,247
20.06.2020,68,147,31,246
21.06.2020,69,144,33,246
22.06.2020,69,142,33,244
23.06.2020,72,141,30,243
24.06.2020,71,141,30,242
25.06.2020,71,143,31,245
26.06.2020,73,144,30,247
27.06.2020,74,145,27,246
28.06.2020,74,144,28,246
29.06.2020,73,143,30,246
30.06.2020,76,143,33,252
01.07.2020,73,150,32,255
02.07.2020,75,146,36,257
03.07.2020,74,146,36,256
04.07.2020,74,147,35,256
05.07.2020,77,145,35,257
06.07.2020,79,140,32,251
07.07.2020,76,143,29,248
08.07.2020,78,142,29,249
09.07.2020,79,143,31,253
10.07.2020,78,145,31,254
11.07.2020,77,147,30,254
12.07.2020,76,147,29,252
13.07.2020,77,147,32,256
14.07.2020,79,141,33,253
15.07.2020,80,138,36,254
16.07.2020,80,134,37,251
17.07.2020,76,137,36,249
18.07.2020,75,139,35,249
19.07.2020,75,138,35,248
20.07.2020,77,132,38,247
21.07.2020,75,131,42,248
22.07.2020,75,135,40,250
23.07.2020,76,136,37,249
24.07.2020,79,132,39,250
25.07.2020,80,131,39,250
26.07.2020,80,132,38,250
27.07.2020,80,133,40,253
28.07.2020,80,131,39,250
29.07.2020,77,137,34,248
30.07.2020,76,136,38,250
31.07.2020,75,139,35,249
01.08.2020,75,137,35,247
02.08.2020,76,134,36,246
03.08.2020,73,136,39,248
04.08.2020,76,134,36,246
05.08.2020,77,134,36,247
06.08.2020,75,134,35,244
07.08.2020,76,137,36,249
08.08.2020,77,134,37,248
09.08.2020,77,133,36,246
10.08.2020,75,138,37,250
11.08.2020,75,143,35,253
12.08.2020,75,143,35,253
13.08.2020,77,140,33,250
14.08.2020,74,143,33,250
15.08.2020,74,144,33,251
16.08.2020,76,141,34,251
17.08.2020,76,139,38,253
18.08.2020,72,138,36,246
19.08.2020,71,136,38,245
20.08.2020,72,134,39,245
21.08.2020,73,134,36,243
22.08.2020,73,134,36,243
23.08.2020,76,132,37,245
24.08.2020,77,135,38,250
25.08.2020,77,132,34,243
26.08.2020,79,133,34,246
27.08.2020,77,138,28,243
28.08.2020,76,140,30,246
29.08.2020,75,142,29,246
30.08.2020,74,144,31,249
31.08.2020,72,145,31,248
01.09.2020,71,148,31,250
02.09.2020,72,146,32,250
03.09.2020,73,148,30,251
04.09.2020,77,143,29,249
05.09.2020,77,143,30,250
06.09.2020,77,144,32,253
07.09.2020,79,142,26,247
08.09.2020,75,143,29,247
09.09.2020,76,142,36,254
10.09.2020,78,143,34,255
11.09.2020,74,147,35,256
12.09.2020,74,147,35,256
13.09.2020,76,145,35,256
14.09.2020,77,148,40,265
15.09.2020,79,148,45,272
16.09.2020,79,149,46,274
17.09.2020,80,144,46,270
18.09.2020,83,142,45,270
19.09.2020,82,142,46,270
20.09.2020,82,142,50,274
21.09.2020,84,140,56,280
22.09.2020,85,145,62,292
23.09.2020,86,149,61,296
24.09.2020,81,154,61,296
25.09.2020,82,160,52,294
26.09.2020,82,162,51,295
27.09.2020,82,163,49,294
28.09.2020,81,164,46,291
29.09.2020,87,159,46,292
30.09.2020,83,164,49,296
01.10.2020,83,165,45,293
02.10.2020,86,163,48,297
03.10.2020,84,166,48,298
04.10.2020,84,169,48,301
05.10.2020,80,172,46,298
06.10.2020,77,174,48,299
07.10.2020,78,172,48,298
08.10.2020,79,173,46,298
09.10.2020,77,175,45,297
10.10.2020,78,175,46,299
11.10.2020,79,174,47,300
12.10.2020,81,170,47,298
13.10.2020,82,172,44,298
14.10.2020,84,169,46,299
15.10.2020,83,173,46,302
16.10.2020,90,167,44,301
17.10.2020,92,167,45,304
18.10.2020,90,168,43,301
19.10.2020,91,166,38,295
20.10.2020,89,165,41,295
21.10.2020,92,157,43,292
22.10.2020,89,156,45,290
23.10.2020,88,158,46,292
24.10.2020,87,161,44,292
25.10.2020,83,165,44,292
26.10.2020,84,163,48,295
27.10.2020,84,168,48,300
28.10.2020,84,171,47,302
29.10.2020,82,173,45,300
30.10.2020,83,179,46,308
31.10.2020,84,179,45,308
01.11.2020,85,179,44,308
02.11.2020,86,178,49,313
03.11.2020,87,184,50,321
04.11.2020,89,186,49,324
05.11.2020,87,184,50,321
06.11.2020,88,185,48,321
07.11.2020,87,185,48,320
08.11.2020,88,185,47,320
09.11.2020,89,186,45,320
10.11.2020,90,188,43,321
11.11.2020,89,189,42,320
12.11.2020,88,184,45,317
13.11.2020,90,184,42,316
14.11.2020,91,181,42,314
15.11.2020,88,184,41,313
16.11.2020,91,185,43,319
17.11.2020,88,183,43,314
18.11.2020,88,188,42,318
19.11.2020,88,191,41,320
20.11.2020,88,193,39,320
21.11.2020,89,192,38,319
22.11.2020,88,195,38,321
23.11.2020,86,197,35,318
24.11.2020,88,194,37,319
25.11.2020,87,194,36,317
26.11.2020,85,191,37,313
27.11.2020,84,196,34,314
28.11.2020,84,198,34,316
29.11.2020,84,197,35,316
30.11.2020,81,200,40,321
01.12.2020,83,198,38,319
02.12.2020,84,193,40,317
03.12.2020,81,198,45,324
04.12.2020,82,197,50,329
05.12.2020,82,197,48,327
06.12.2020,82,197,47,326
07.12.2020,85,195,49,329
08.12.2020,83,193,46,322
09.12.2020,86,188,46,320
10.12.2020,83,190,49,322
11.12.2020,89,182,50,321
12.12.2020,88,183,49,320
13.12.2020,89,183,49,321
14.12.2020,90,177,51,318
15.12.2020,91,181,51,323
16.12.2020,90,182,52,324
17.12.2020,94,181,55,330
18.12.2020,94,184,53,331
19.12.2020,92,185,55,332
20.12.2020,91,182,55,328
21.12.2020,91,181,57,329
22.12.2020,90,185,61,336
23.12.2020,89,189,62,340
24.12.2020,88,191,62,341
25.12.2020,89,187,57,333
26.12.2020,89,188,58,335
27.12.2020,88,189,58,335
28.12.2020,90,187,52,329
29.12.2020,84,202,46,332
30.12.2020,84,200,43,327
31.12.2020,84,200,37,321
01.01.2021,86,198,33,317
02.01.2021,86,196,33,315
03.01.2021,86,195,33,314
04.01.2021,88,190,32,310
05.01.2021,85,193,32,310
06.01.2021,87,185,41,313
07.01.2021,83,188,39,310
08.01.2021,86,189,38,313
09.01.2021,85,189,41,315
10.01.2021,85,189,42,316
11.01.2021,84,188,44,316
12.01.2021,85,188,42,315
13.01.2021,85,188,38,311
14.01.2021,87,185,35,307
15.01.2021,91,180,37,308
16.01.2021,92,178,36,306
17.01.2021,92,182,36,310
18.01.2021,92,187,40,319
19.01.2021,93,187,42,322
20.01.2021,94,193,39,326
21.01.2021,94,197,48,339
22.01.2021,93,196,52,341
23.01.2021,95,195,50,340
24.01.2021,95,195,53,343
25.01.2021,94,201,55,350
26.01.2021,100,204,49,353
27.01.2021,99,202,52,353
28.01.2021,101,204,58,363
29.01.2021,100,209,56,365
30.01.2021,101,209,54,364
31.01.2021,100,209,55,364
01.02.2021,99,211,59,369
02.02.2021,99,212,60,371
03.02.2021,100,214,62,376
04.02.2021,101,217,55,373
05.02.2021,103,211,56,370
06.02.2021,106,208,55,369
07.02.2021,107,209,56,372
08.02.2021,103,215,59,377
09.02.2021,105,213,57,375
10.02.2021,106,214,56,376
11.02.2021,106,217,57,380
12.02.2021,107,210,60,377
13.02.2021,107,211,60,378
14.02.2021,105,210,62,377
15.02.2021,108,202,60,370
16.02.2021,108,207,58,373
17.02.2021,104,209,62,375
18.02.2021,103,212,67,382
19.02.2021,105,211,73,389
20.02.2021,107,211,72,390
21.02.2021,105,214,72,391
22.02.2021,106,214,73,393
23.02.2021,107,211,74,392
24.02.2021,104,212,75,391
25.02.2021,108,212,75,395
26.02.2021,107,221,69,397
27.02.2021,110,219,69,398
28.02.2021,109,220,69,398
01.03.2021,108,224,69,401
02.03.2021,109,221,80,410
03.03.2021,109,227,80,416
04.03.2021,107,229,86,422
05.03.2021,110,232,81,423
06.03.2021,110,231,82,423
07.03.2021,109,231,79,419
08.03.2021,105,238,76,419
09.03.2021,111,233,76,420
10.03.2021,106,236,80,422
11.03.2021,108,237,79,424
12.03.2021,112,236,79,427
13.03.2021,111,239,79,429
14.03.2021,110,240,81,431
15.03.2021,109,245,83,437
16.03.2021,109,252,78,439
17.03.2021,108,258,75,441
18.03.2021,109,256,67,432
19.03.2021,107,262,68,437
20.03.2021,109,265,64,438
21.03.2021,107,268,62,437
22.03.2021,113,257,63,433
23.03.2021,110,266,65,441
24.03.2021,111,273,63,447
25.03.2021,112,272,70,454
26.03.2021,119,262,74,455
27.03.2021,122,262,72,456
28.03.2021,122,262,72,456
29.03.2021,126,260,80,466
30.03.2021,131,263,78,472
31.03.2021,131,269,78,478
01.04.2021,129,272,76,477
02.04.2021,131,267,79,477
03.04.2021,136,261,82,479
04.04.2021,134,263,84,481
05.04.2021,134,264,86,484
06.04.2021,136,264,84,484
07.04.2021,137,268,83,488
08.04.2021,135,268,83,486
09.04.2021,142,260,84,486
10.04.2021,141,264,79,484
11.04.2021,139,264,82,485
12.04.2021,137,267,85,489
13.04.2021,144,263,84,491
14.04.2021,145,262,85,492
15.04.2021,145,259,85,489
16.04.2021,142,265,85,492
17.04.2021,142,267,84,493
18.04.2021,141,270,85,496
19.04.2021,146,267,78,491
20.04.2021,138,275,85,498
21.04.2021,141,268,87,496
22.04.2021,143,265,83,491
23.04.2021,149,258,81,488
24.04.2021,151,257,79,487
25.04.2021,147,259,79,485
26.04.2021,149,257,76,482
27.04.2021,159,250,71,480
28.04.2021,155,258,72,485
29.04.2021,152,267,69,488
30.04.2021,149,271,73,493
01.05.2021,155,267,70,492
02.05.2021,153,267,70,490
03.05.2021,149,272,70,491
04.05.2021,152,268,67,487
05.05.2021,152,261,71,484
06.05.2021,148,272,75,495
07.05.2021,157,257,72,486
08.05.2021,158,257,71,486
09.05.2021,157,259,69,485
10.05.2021,153,267,75,495
11.05.2021,157,264,73,494
12.05.2021,159,269,76,504
13.05.2021,167,265,76,508
14.05.2021,163,271,80,514
15.05.2021,163,269,82,514
16.05.2021,163,270,82,515
17.05.2021,162,269,80,511
18.05.2021,155,278,79,512
19.05.2021,155,284,79,518
20.05.2021,156,286,80,522
21.05.2021,155,293,75,523
22.05.2021,152,297,77,526
23.05.2021,150,297,79,526
24.05.2021,154,294,81,529
25.05.2021,153,291,79,523
26.05.2021,149,293,81,523
27.05.2021,146,301,78,525
28.05.2021,146,305,77,528
29.05.2021,148,304,80,532
30.05.2021,148,305,80,533
31.05.2021,148,309,80,537
01.06.2021,154,309,84,547
02.06.2021,154,306,85,545
03.06.2021,156,309,86,551
04.06.2021,164,304,87,555
05.06.2021,164,303,86,553
06.06.2021,160,307,85,552
07.06.2021,157,317,76,550
08.06.2021,163,304,80,547
09.06.2021,163,307,75,545
10.06.2021,168,303,79,550
11.06.2021,165,310,77,552
12.06.2021,167,309,77,553
13.06.2021,165,309,83,557
14.06.2021,166,304,84,554
15.06.2021,163,316,81,560
16.06.2021,163,320,84,567
17.06.2021,164,323,86,573
18.06.2021,164,321,86,571
19.06.2021,163,327,79,569
20.06.2021,162,327,76,565
21.06.2021,164,326,77,567
22.06.2021,164,330,82,576
23.06.2021,154,343,79,576
24.06.2021,165,335,85,585
25.06.2021,167,330,83,580
26.06.2021,165,332,84,581
27.06.2021,166,329,86,581
28.06.2021,167,332,84,583
29.06.2021,167,333,86,586
30.06.2021,162,345,90,597
01.07.2021,162,343,92,597
02.07.2021,163,344,92,599
03.07.2021,167,338,91,596
04.07.2021,164,341,91,596
05.07.2021,163,345,87,595
06.07.2021,164,342,94,600
07.07.2021,163,350,92,605
08.07.2021,164,355,92,611
09.07.2021,162,359,85,606
10.07.2021,165,351,88,604
11.07.2021,164,354,86,604
12.07.2021,165,352,92,609
13.07.2021,168,357,91,616
14.07.2021,166,362,90,618
15.07.2021,166,360,87,613
16.07.2021,164,364,81,609
17.07.2021,166,358,82,606
18.07.2021,164,365,80,609
19.07.2021,172,357,81,610
20.07.2021,173,351,80,604
21.07.2021,174,352,78,604
22.07.2021,175,347,76,598
23.07.2021,179,350,74,603
24.07.2021,178,354,72,604
25.07.2021,177,355,73,605
26.07.2021,177,354,71,602
27.07.2021,175,349,74,598
28.07.2021,178,343,74,595
29.07.2021,183,340,78,601
30.07.2021,184,330,74,588
31.07.2021,186,330,75,591
01.08.2021,182,332,79,593
02.08.2021,183,329,78,590
03.08.2021,181,331,74,586
04.08.2021,187,330,70,587
05.08.2021,185,326,67,578
06.08.2021,177,330,70,577
07.08.2021,178,328,70,576
08.08.2021,179,326,73,578
09.08.2021,182,329,75,586
10.08.2021,180,326,80,586
11.08.2021,179,328,81,588
12.08.2021,179,328,80,587
13.08.2021,178,326,82,586
14.08.2021,179,326,81,586
15.08.2021,175,330,80,585
16.08.2021,178,320,78,576
17.08.2021,180,314,81,575
18.08.2021,181,317,80,578
19.08.2021,179,322,86,587
20.08.2021,181,324,86,591
21.08.2021,185,323,87,595
22.08.2021,186,323,84,593
23.08.2021,184,329,82,595
24.08.2021,187,325,86,598
25.08.2021,188,325,84,597
26.08.2021,193,322,82,597
27.08.2021,195,324,90,609
28.08.2021,196,323,90,609
29.08.2021,196,327,90,613
30.08.2021,193,331,95,619
31.08.2021,194,334,96,624
01.09.2021,201,330,95,626
02.09.2021,198,329,91,618
03.09.2021,196,331,97,624
04.09.2021,194,334,100,628
05.09.2021,196,331,100,627
06.09.2021,199,329,101,629
07.09.2021,200,333,98,631
08.09.2021,200,340,97,637
09.09.2021,204,332,105,641
10.09.2021,205,333,108,646
11.09.2021,205,328,114,647
12.09.2021,204,332,114,650
13.09.2021,203,336,114,653
14.09.2021,206,335,110,651
15.09.2021,205,335,105,645
16.09.2021,210,332,104,646
17.09.2021,214,336,101,651
18.09.2021,215,335,103,653
19.09.2021,216,334,106,656
20.09.2021,215,332,110,657
21.09.2021,214,331,115,660
22.09.2021,214,329,116,659
23.09.2021,218,338,109,665
24.09.2021,216,336,104,656
25.09.2021,218,334,101,653
26.09.2021,217,336,101,654
27.09.2021,216,344,102,662
28.09.2021,217,344,99,660
29.09.2021,216,349,103,668
30.09.2021,217,350,103,670
01.10.2021,216,351,104,671
02.10.2021,215,352,104,671
03.10.2021,214,354,107,675
04.10.2021,213,361,107,681
05.10.2021,218,354,109,681
06.10.2021,218,355,108,681
07.10.2021,223,357,105,685
08.10.2021,219,359,105,683
09.10.2021,216,366,107,689
10.10.2021,213,371,105,689
11.10.2021,219,366,106,691
12.10.2021,222,367,108,697
13.10.2021,221,372,105,698
14.10.2021,227,367,116,710
15.10.2021,228,356,118,702
16.10.2021,227,360,117,704
17.10.2021,226,364,115,705
18.10.2021,224,372,118,714
19.10.2021,232,363,127,722
20.10.2021,230,379,116,725
21.10.2021,233,375,117,725
22.10.2021,235,379,113,727
23.10.2021,235,378,110,723
24.10.2021,235,371,111,717
25.10.2021,230,377,112,719
26.10.2021,235,370,113,718
27.10.2021,239,367,107,713
28.10.2021,236,370,110,716
29.10.2021,235,373,111,719
30.10.2021,234,376,112,722
31.10.2021,234,380,111,725
01.11.2021,232,387,110,729
02.11.2021,238,385,114,737
03.11.2021,237,388,107,732
04.11.2021,243,387,103,733
05.11.2021,239,386,97,722
06.11.2021,238,388,94,720
07.11.2021,239,386,96,721
08.11.2021,238,385,96,719
09.11.2021,243,380,101,724
10.11.2021,243,377,101,721
11.11.2021,240,379,103,722
12.11.2021,240,375,100,715
13.11.2021,240,380,96,716
14.11.2021,242,378,96,716
15.11.2021,242,378,93,713
16.11.2021,241,384,91,716
17.11.2021,250,368,98,716
18.11.2021,249,375,92,716
19.11.2021,253,372,93,718
20.11.2021,258,366,94,718
21.11.2021,259,362,96,717
22.11.2021,252,373,91,716
23.11.2021,255,376,90,721
24.11.2021,255,374,93,722
25.11.2021,253,377,90,720
26.11.2021,251,378,88,717
27.11.2021,251,382,85,718
28.11.2021,249,382,86,717
29.11.2021,246,386,90,722
30.11.2021,246,384,94,724
01.12.2021,247,384,96,727
02.12.2021,249,378,96,723
03.12.2021,255,380,102,737
04.12.2021,254,379,101,734
05.12.2021,254,382,102,738
06.12.2021,254,391,92,737
07.12.2021,263,392,90,745
08.12.2021,266,398,84,748
09.12.2021,264,403,86,753
10.12.2021,261,396,94,751
11.12.2021,262,398,94,754
12.12.2021,262,400,89,751
13.12.2021,266,396,93,755
14.12.2021,262,401,93,756
15.12.2021,266,400,92,758
16.12.2021,270,398,95,763
17.12.2021,270,404,100,774
18.12.2021,272,397,106,775
19.12.2021,272,404,102,778
20.12.2021,272,408,100,780
21.12.2021,274,406,100,780
22.12.2021,269,410,100,779
23.12.2021,265,415,103,783
24.12.2021,263,416,105,784
25.12.2021,265,412,103,780
26.12.2021,263,415,103,781
27.12.2021,257,421,97,775
28.12.2021,255,425,100,780
29.12.2021,255,418,101,774
30.12.2021,262,411,97,770
31.12.2021,265,406,95,766
01.01.2022,267,403,97,767
02.01.2022,265,402,99,766
03.01.2022,264,403,100,767
04.01.2022,264,399,105,768
05.01.2022,265,394,104,763
06.01.2022,262,401,101,764
07.01.2022,257,401,102,760
08.01.2022,256,400,97,753
09.01.2022,257,399,102,758
10.01.2022,257,398,110,765
11.01.2022,254,400,121,775
12.01.2022,261,396,121,778
13.01.2022,265,396,124,785
14.01.2022,264,398,116,778
15.01.2022,263,399,115,777
16.01.2022,265,403,113,781
17.01.2022,264,400,117,781
18.01.2022,271,403,106,780
19.01.2022,267,400,111,778
20.01.2022,262,416,112,790
21.01.2022,262,416,106,784
22.01.2022,262,415,112,789
23.01.2022,260,418,111,789
24.01.2022,259,428,113,800
25.01.2022,262,437,116,815
26.01.2022,263,439,118,820
27.01.2022,271,442,118,831
28.01.2022,274,435,121,830
29.01.2022,274,435,121,830
30.01.2022,277,434,121,832
31.01.2022,273,437,119,829
01.02.2022,273,430,117,820
02.02.2022,271,440,110,821
03.02.2022,272,431,116,819
04.02.2022,269,428,118,815
05.02.2022,269,427,122,818
06.02.2022,267,430,117,814
07.02.2022,269,430,111,810
08.02.2022,268,427,111,806
09.02.2022,275,430,106,811
10.02.2022,282,425,105,812
11.02.2022,283,433,109,825
12.02.2022,284,431,109,824
13.02.2022,284,432,110,826
14.02.2022,281,438,107,826
15.02.2022,279,434,106,819
16.02.2022,281,437,99,817
17.02.2022,281,433,101,815
18.02.2022,277,437,103,817
19.02.2022,278,433,104,815
20.02.2022,278,432,106,816
21.02.2022,281,431,100,812
22.02.2022,282,428,106,816
23.02.2022,276,436,106,818
24.02.2022,283,435,108,826
25.02.2022,282,446,101,829
26.02.2022,284,445,101,830
27.02.2022,281,447,104,832
28.02.2022,279,446,102,827
01.03.2022,280,450,109,839
02.03.2022,279,450,113,842
03.03.2022,282,454,116,852
04.03.2022,282,456,121,859
05.03.2022,282,454,121,857
06.03.2022,287,451,123,861
07.03.2022,284,459,124,867
08.03.2022,287,458,126,871
09.03.2022,284,458,126,868
10.03.2022,283,455,124,862
11.03.2022,287,454,128,869
12.03.2022,283,460,124,867
13.03.2022,286,454,125,865
14.03.2022,282,461,123,866
15.03.2022,283,465,125,873
16.03.2022,288,462,133,883
17.03.2022,279,473,130,882
18.03.2022,275,477,128,880
19.03.2022,279,469,129,877
20.03.2022,282,466,130,878
21.03.2022,284,459,134,877
22.03.2022,289,458,128,875
23.03.2022,287,461,134,882
24.03.2022,289,449,137,875
25.03.2022,289,454,136,879
26.03.2022,291,453,134,878
27.03.2022,289,455,134,878
28.03.2022,286,455,134,875
29.03.2022,290,450,135,875
30.03.2022,296,448,136,880
31.03.2022,298,447,130,875
01.04.2022,304,445,122,871
02.04.2022,305,450,118,873
03.04.2022,306,453,117,876
04.04.2022,303,452,124,879
05.04.2022,310,450,129,889
06.04.2022,305,460,139,904
07.04.2022,307,464,134,905
08.04.2022,304,469,128,901
09.04.2022,302,469,129,900
10.04.2022,304,466,128,898
11.04.2022,303,465,125,893
12.04.2022,305,461,123,889
13.04.2022,303,462,120,885
14.04.2022,291,479,126,896
15.04.2022,284,481,127,892
16.04.2022,288,477,123,888
17.04.2022,290,473,122,885
18.04.2022,289,481,116,886
19.04.2022,290,475,120,885
20.04.2022,289,476,109,874
21.04.2022,292,475,104,871
22.04.2022,290,474,102,866
23.04.2022,291,478,102,871
24.04.2022,289,475,107,871
25.04.2022,293,472,113,878
26.04.2022,294,476,113,883
27.04.2022,298,474,118,890
28.04.2022,301,471,119,891
29.04.2022,306,464,119,889
30.04.2022,302,466,118,886
01.05.2022,304,465,118,887
02.05.2022,298,473,120,891
03.05.2022,301,476,108,885
04.05.2022,294,486,101,881
05.05.2022,288,482,106,876
06.05.2022,289,477,114,880
07.05.2022,288,480,115,883
08.05.2022,288,482,116,886
09.05.2022,291,488,115,894
10.05.2022,286,488,119,893
11.05.2022,287,485,117,889
12.05.2022,285,480,121,886
13.05.2022,286,478,122,886
14.05.2022,291,478,119,888
15.05.2022,294,477,120,891
16.05.2022,297,478,127,902
17.05.2022,294,482,128,904
18.05.2022,296,483,131,910
19.05.2022,294,482,140,916
20.05.2022,295,486,136,917
21.05.2022,297,487,135,919
22.05.2022,298,488,129,915
23.05.2022,301,491,125,917
24.05.2022,300,492,131,923
25.05.2022,310,491,122,923
26.05.2022,311,486,132,929
27.05.2022,316,478,129,923
28.05.2022,315,477,129,921
29.05.2022,316,478,128,922
30.05.2022,312,490,127,929
31.05.2022,312,498,128,938
01.06.2022,305,500,130,935
02.06.2022,295,518,127,940
03.06.2022,294,520,123,937
04.06.2022,291,525,122,938
05.06.2022,292,526,119,937
06.06.2022,293,529,117,939
07.06.2022,295,528,121,944
08.06.2022,301,523,118,942
09.06.2022,300,511,122,933
10.06.2022,303,507,120,930
11.06.2022,310,499,120,929
12.06.2022,311,497,118,926
13.06.2022,306,499,119,924
14.06.2022,310,501,112,923
15.06.2022,311,507,109,927
16.06.2022,308,507,108,923
17.06.2022,309,500,117,926
18.06.2022,309,502,116,927
19.06.2022,308,503,115,926
20.06.2022,304,507,116,927
21.06.2022,310,504,109,923
22.06.2022,314,504,110,928
23.06.2022,315,506,113,934
24.06.2022,312,509,111,932
25.06.2022,312,511,110,933
26.06.2022,312,511,108,931
27.06.2022,311,511,103,925
28.06.2022,317,510,99,926
29.06.2022,318,509,99,926
30.06.2022,310,517,88,915
01.07.2022,311,512,93,916
02.07.2022,310,510,94,914
03.07.2022,310,507,93,910
04.07.2022,308,511,96,915
05.07.2022,305,519,90,914
06.07.2022,310,518,92,920
07.07.2022,314,518,86,918
08.07.2022,316,510,87,913
09.07.2022,320,505,86,911
10.07.2022,325,498,85,908
11.07.2022,322,502,91,915
12.07.2022,320,500,90,910
13.07.2022,323,496,90,909
14.07.2022,326,495,91,912
15.07.2022,329,493,85,907
16.07.2022,330,491,86,907
17.07.2022,327,491,89,907
18.07.2022,326,495,94,915
19.07.2022,327,480,93,900
20.07.2022,330,481,89,900
21.07.2022,332,476,86,894
22.07.2022,335,471,83,889
23.07.2022,335,470,85,890
24.07.2022,331,476,84,891
25.07.2022,336,475,84,895
26.07.2022,342,465,84,891
27.07.2022,338,467,84,889
28.07.2022,339,468,86,893
29.07.2022,341,461,86,888
30.07.2022,341,460,88,889
31.07.2022,340,462,88,890
01.08.2022,341,463,85,889
02.08.2022,343,466,85,894
03.08.2022,345,464,83,892
04.08.2022,338,461,88,887
05.08.2022,329,471,89,889
06.08.2022,330,470,88,888
07.08.2022,332,466,89,887
08.08.2022,337,454,85,876
09.08.2022,335,451,85,871
10.08.2022,338,452,82,872
11.08.2022,341,447,78,866
12.08.2022,341,442,83,866
13.08.2022,341,445,82,868
14.08.2022,340,448,85,873
15.08.2022,341,449,82,872
16.08.2022,344,448,89,881
17.08.2022,345,446,88,879
18.08.2022,342,450,93,885
19.08.2022,345,442,91,878
20.08.2022,343,445,92,880
21.08.2022,341,448,90,879
22.08.2022,344,447,87,878
23.08.2022,344,440,90,874
24.08.2022,348,439,88,875
25.08.2022,345,433,85,863
26.08.2022,347,427,86,860
27.08.2022,350,426,91,867
28.08.2022,349,427,93,869
29.08.2022,345,432,94,871
30.08.2022,347,424,94,865
31.08.2022,347,429,91,867
01.09.2022,350,433,87,870
02.09.2022,346,430,88,864
03.09.2022,346,432,88,866
04.09.2022,345,432,89,866
05.09.2022,346,432,92,870
06.09.2022,346,433,89,868
07.09.2022,342,432,87,861
08.09.2022,347,435,93,875
09.09.2022,339,436,92,867
10.09.2022,334,441,93,868
11.09.2022,336,438,91,865
12.09.2022,333,439,93,865
13.09.2022,335,436,94,865
14.09.2022,338,431,93,862
15.09.2022,336,429,94,859
16.09.2022,330,433,95,858
17.09.2022,332,430,94,856
18.09.2022,332,430,98,860
19.09.2022,337,430,96,863
20.09.2022,337,425,102,864
21.09.2022,338,418,109,865
22.09.2022,339,411,112,862
23.09.2022,335,413,115,863
24.09.2022,339,411,110,860
25.09.2022,338,413,109,860
26.09.2022,338,421,107,866
27.09.2022,338,414,114,866
28.09.2022,339,405,116,860
29.09.2022,337,404,121,862
30.09.2022,333,412,124,869
01.10.2022,333,415,125,873
02.10.2022,332,421,127,880
03.10.2022,333,427,120,880
04.10.2022,335,425,117,877
05.10.2022,334,424,114,872
06.10.2022,330,426,105,861
07.10.2022,328,425,100,853
08.10.2022,329,430,97,856
09.10.2022,333,423,97,853
10.10.2022,329,425,99,853
11.10.2022,326,427,106,859
12.10.2022,330,421,103,854
13.10.2022,331,425,103,859
14.10.2022,330,423,114,867
15.10.2022,331,422,115,868
16.10.2022,331,421,115,867
17.10.2022,333,416,115,864
18.10.2022,334,421,114,869
19.10.2022,330,422,120,872
20.10.2022,333,418,122,873
21.10.2022,331,424,123,878
22.10.2022,333,423,120,876
23.10.2022,329,426,120,875
24.10.2022,327,430,124,881
25.10.2022,323,437,124,884
26.10.2022,326,430,128,884
27.10.2022,330,433,119,882
28.10.2022,330,437,117,884
29.10.2022,332,437,116,885
30.10.2022,332,442,110,884
31.10.2022,334,439,110,883
01.11.2022,330,444,114,888
02.11.2022,330,444,111,885
03.11.2022,332,440,114,886
04.11.2022,335,439,112,886
05.11.2022,339,435,111,885
06.11.2022,341,429,110,880
07.11.2022,339,435,112,886
08.11.2022,334,436,111,881
09.11.2022,330,438,112,880
10.11.2022,333,430,116,879
11.11.2022,327,432,114,873
12.11.2022,330,432,116,878
13.11.2022,332,428,114,874
14.11.2022,337,423,113,873
15.11.2022,332,432,113,877
16.11.2022,333,433,112,878
17.11.2022,331,432,116,879
18.11.2022,330,428,110,868
19.11.2022,333,430,109,872
20.11.2022,332,430,111,873
21.11.2022,339,419,110,868
22.11.2022,337,425,102,864
23.11.2022,331,429,110,870
24.11.2022,334,428,110,872
25.11.2022,336,425,115,876
26.11.2022,336,426,112,874
27.11.2022,335,430,113,878
28.11.2022,336,421,118,875
29.11.2022,325,426,119,870
30.11.2022,324,430,123,877
01.12.2022,331,418,124,873
02.12.2022,334,425,124,883
03.12.2022,334,428,119,881
04.12.2022,335,427,119,881
05.12.2022,336,427,121,884
06.12.2022,332,431,122,885
07.12.2022,329,433,125,887
08.12.2022,334,434,124,892
09.12.2022,328,437,127,892
10.12.2022,327,440,126,893
11.12.2022,327,435,129,891
12.12.2022,328,440,130,898
13.12.2022,327,438,124,889
14.12.2022,330,431,126,887
15.12.2022,327,440,119,886
16.12.2022,325,439,121,885
17.12.2022,324,441,120,885
18.12.2022,325,442,118,885
19.12.2022,332,433,122,887
20.12.2022,331,432,120,883
21.12.2022,333,433,117,883
22.12.2022,337,427,119,883
23.12.2022,335,423,114,872
24.12.2022,334,427,115,876
25.12.2022,332,431,113,876
26.12.2022,327,433,108,868
27.12.2022,319,442,116,877
28.12.2022,315,441,112,868
29.12.2022,318,439,110,867
30.12.2022,319,429,106,854
31.12.2022,319,427,106,852
01.01.2023,317,429,105,851
02.01.2023,313,420,100,833
03.01.2023,307,430,98,835
04.01.2023,307,431,93,831
05.01.2023,311,413,91,815
06.01.2023,309,408,86,803
07.01.2023,309,407,83,799
08.01.2023,308,407,81,796
09.01.2023,308,404,80,792
10.01.2023,301,413,79,793
11.01.2023,302,407,71,780
12.01.2023,302,404,73,779
13.01.2023,296,396,68,760
14.01.2023,296,398,68,762
15.01.2023,298,394,69,761
16.01.2023,299,388,67,754
17.01.2023,292,394,70,756
18.01.2023,292,399,67,758
19.01.2023,295,388,66,749
20.01.2023,295,385,66,746
21.01.2023,292,387,65,744
22.01.2023,293,388,64,745
23.01.2023,292,386,63,741
24.01.2023,287,388,61,736
25.01.2023,287,396,58,741
26.01.2023,289,397,59,745
27.01.2023,292,393,63,748
28.01.2023,291,397,64,752
29.01.2023,289,403,66,758
30.01.2023,291,407,67,765
31.01.2023,289,412,68,769
01.02.2023,292,419,65,776
02.02.2023,294,414,67,775
03.02.2023,299,415,73,787
04.02.2023,298,411,71,780
05.02.2023,294,417,72,783
06.02.2023,288,428,69,785
07.02.2023,284,427,68,779
08.02.2023,288,415,70,773
09.02.2023,294,412,72,778
10.02.2023,292,419,71,782
11.02.2023,291,421,70,782
12.02.2023,290,424,70,784
13.02.2023,295,420,76,791
14.02.2023,289,425,74,788
15.02.2023,291,421,80,792
16.02.2023,293,423,72,788
17.02.2023,293,431,76,800
18.02.2023,294,431,76,801
19.02.2023,294,431,76,801
20.02.2023,288,441,82,811
21.02.2023,286,451,77,814
22.02.2023,287,448,84,819
23.02.2023,286,454,83,823
24.02.2023,286,452,84,822
25.02.2023,284,453,85,822
26.02.2023,282,452,82,816
27.02.2023,277,463,80,820
28.02.2023,271,469,84,824
01.03.2023,270,467,87,824
02.03.2023,270,462,97,829
03.03.2023,272,465,95,832
04.03.2023,271,465,95,831
05.03.2023,272,462,95,829
06.03.2023,266,465,96,827
07.03.2023,262,469,98,829
08.03.2023,267,460,97,824
09.03.2023,272,459,91,822
10.03.2023,276,446,100,822
11.03.2023,274,449,105,828
12.03.2023,272,453,105,830
13.03.2023,270,452,104,826
14.03.2023,271,461,98,830
15.03.2023,270,468,98,836
16.03.2023,271,464,97,832
17.03.2023,270,463,99,832
18.03.2023,269,465,101,835
19.03.2023,270,464,99,833
20.03.2023,271,457,97,825
21.03.2023,277,451,96,824
22.03.2023,273,459,99,831
23.03.2023,270,465,99,834
24.03.2023,277,461,96,834
25.03.2023,276,462,101,839
26.03.2023,272,469,101,842
27.03.2023,269,474,100,843
28.03.2023,272,471,102,845
29.03.2023,274,466,97,837
30.03.2023,278,459,104,841
31.03.2023,277,460,103,840
01.04.2023,278,458,104,840
02.04.2023,279,456,101,836
03.04.2023,280,448,109,837
04.04.2023,279,443,113,835
05.04.2023,278,440,115,833
06.04.2023,278,440,115,833
07.04.2023,280,434,113,827
08.04.2023,278,437,111,826
09.04.2023,283,430,108,821
10.04.2023,276,430,108,814
11.04.2023,273,419,114,806
12.04.2023,281,407,111,799
13.04.2023,280,407,112,799
14.04.2023,277,410,116,803
15.04.2023,274,413,111,798
16.04.2023,276,411,110,797
17.04.2023,280,403,114,797
18.04.2023,286,392,116,794
19.04.2023,291,396,109,796
20.04.2023,289,394,114,797
21.04.2023,293,392,105,790
22.04.2023,294,391,102,787
23.04.2023,292,394,100,786
24.04.2023,286,398,99,783
25.04.2023,285,397,87,769
26.04.2023,286,396,84,766
27.04.2023,289,390,83,762
28.04.2023,281,388,85,754
29.04.2023,280,387,82,749
30.04.2023,280,385,85,750
01.05.2023,274,386,85,745
02.05.2023,273,382,80,735
03.05.2023,269,383,82,734
04.05.2023,263,393,77,733
05.05.2023,260,394,78,732
06.05.2023,260,396,79,735
07.05.2023,261,399,79,739
08.05.2023,257,405,78,740
09.05.2023,255,403,75,733
10.05.2023,256,401,80,737
11.05.2023,256,406,76,738
12.05.2023,256,410,72,738
13.05.2023,255,411,81,747
14.05.2023,256,404,79,739
15.05.2023,251,402,80,733
16.05.2023,258,394,79,731
17.05.2023,257,399,80,736
18.05.2023,253,397,86,736
19.05.2023,257,393,100,750
20.05.2023,260,389,102,751
21.05.2023,259,389,100,748
22.05.2023,257,394,99,750
23.05.2023,254,406,101,761
24.05.2023,255,409,94,758
25.05.2023,257,412,92,761
26.05.2023,255,417,92,764
27.05.2023,255,417,94,766
28.05.2023,256,414,93,763
29.05.2023,254,415,97,766
30.05.2023,259,421,106,786
31.05.2023,257,428,102,787
01.06.2023,257,425,108,790
02.06.2023,261,420,113,794
03.06.2023,260,422,114,796
04.06.2023,261,420,115,796
05.06.2023,256,426,120,802
06.06.2023,249,435,124,808
07.06.2023,255,426,129,810
08.06.2023,254,425,128,807
09.06.2023,258,414,130,802
10.06.2023,259,418,126,803
11.06.2023,262,414,126,802
12.06.2023,257,424,129,810
13.06.2023,259,422,131,812
14.06.2023,258,424,138,820
15.06.2023,254,431,144,829
16.06.2023,253,427,145,825
17.06.2023,256,426,143,825
18.06.2023,255,425,151,831
19.06.2023,256,429,147,832
20.06.2023,251,438,145,834
21.06.2023,253,439,151,843
22.06.2023,253,428,150,831
23.06.2023,249,428,145,822
24.06.2023,249,429,144,822
25.06.2023,250,433,142,825
26.06.2023,251,437,135,823
27.06.2023,245,444,132,821
28.06.2023,246,442,127,815
29.06.2023,242,446,128,816
30.06.2023,246,443,124,813
01.07.2023,247,444,122,813
02.07.2023,247,446,125,818
03.07.2023,246,459,133,838
04.07.2023,240,473,131,844
05.07.2023,242,478,129,849
06.07.2023,246,473,123,842
07.07.2023,248,473,116,837
08.07.2023,247,474,117,838
09.07.2023,245,473,118,836
10.07.2023,242,470,119,831
11.07.2023,246,469,120,835
12.07.2023,249,461,125,835
13.07.2023,242,458,121,821
14.07.2023,247,451,124,822
15.07.2023,247,448,125,820
16.07.2023,245,451,122,818
17.07.2023,245,448,120,813
18.07.2023,246,437,121,804
19.07.2023,247,441,124,812
20.07.2023,248,448,126,822
21.07.2023,242,452,126,820
22.07.2023,243,451,127,821
23.07.2023,243,452,121,816
24.07.2023,243,449,124,816
25.07.2023,237,461,113,811
26.07.2023,239,456,109,804
27.07.2023,242,453,104,799
28.07.2023,244,449,108,801
29.07.2023,245,445,108,798
30.07.2023,245,444,107,796
31.07.2023,239,436,96,771
01.08.2023,236,399,87,722
02.08.2023,237,394,92,723
03.08.2023,240,383,94,717
04.08.2023,244,374,88,706
05.08.2023,243,374,88,705
06.08.2023,241,375,90,706
07.08.2023,240,368,93,701
08.08.2023,237,373,86,696
09.08.2023,230,376,80,686
10.08.2023,228,371,84,683
11.08.2023,230,376,80,686
12.08.2023,230,376,79,685
13.08.2023,229,376,79,684
14.08.2023,231,371,81,683
15.08.2023,231,373,83,687
16.08.2023,227,378,77,682
17.08.2023,224,372,72,668
18.08.2023,227,357,72,656
19.08.2023,227,359,73,659
20.08.2023,223,359,76,658
21.08.2023,223,359,74,656
22.08.2023,220,353,80,653
23.08.2023,220,359,78,657
24.08.2023,216,358,77,651
25.08.2023,219,349,78,646
26.08.2023,218,349,79,646
27.08.2023,218,349,77,644
28.08.2023,213,358,80,651
29.08.2023,208,354,86,648
30.08.2023,210,348,82,640
31.08.2023,209,351,83,643
01.09.2023,213,352,80,645
02.09.2023,213,351,79,643
03.09.2023,214,346,79,639
04.09.2023,218,341,79,638
05.09.2023,224,337,80,641
06.09.2023,224,333,84,641
07.09.2023,225,334,85,644
08.09.2023,224,337,81,642
09.09.2023,223,338,82,643
10.09.2023,224,338,80,642
11.09.2023,224,329,81,634
12.09.2023,226,322,78,626
13.09.2023,222,318,80,620
14.09.2023,224,314,78,616
15.09.2023,224,314,76,614
16.09.2023,223,310,75,608
17.09.2023,222,312,76,610
18.09.2023,223,305,76,604
19.09.2023,219,309,72,600
20.09.2023,221,311,69,601
21.09.2023,213,311,63,587
22.09.2023,216,304,62,582
23.09.2023,216,302,62,580
24.09.2023,216,301,64,581
25.09.2023,215,301,66,582
26.09.2023,212,305,60,577
27.09.2023,208,299,60,567
28.09.2023,203,303,57,563
29.09.2023,205,296,61,562
30.09.2023,206,297,60,563
01.10.2023,205,296,61,562
