lisk,,,,
Date, Full Time, Part Time, One Time, Total
10.04.2015,0,0,1,1
11.04.2015,0,1,0,1
12.04.2015,0,1,0,1
13.04.2015,0,1,0,1
14.04.2015,0,1,0,1
15.04.2015,0,1,0,1
16.04.2015,0,1,0,1
17.04.2015,0,1,0,1
18.04.2015,0,1,0,1
19.04.2015,0,1,0,1
20.04.2015,0,1,0,1
21.04.2015,0,1,0,1
22.04.2015,0,1,0,1
23.04.2015,0,1,0,1
24.04.2015,0,1,0,1
25.04.2015,0,1,0,1
26.04.2015,0,1,0,1
27.04.2015,0,1,0,1
28.04.2015,0,1,0,1
29.04.2015,0,1,0,1
30.04.2015,0,1,0,1
01.05.2015,0,1,0,1
02.05.2015,0,1,0,1
03.05.2015,0,1,0,1
04.05.2015,0,1,0,1
05.05.2015,0,1,0,1
06.05.2015,0,1,0,1
07.05.2015,0,1,0,1
08.05.2015,0,1,0,1
09.05.2015,1,0,0,1
10.05.2015,1,0,0,1
11.05.2015,1,0,0,1
12.05.2015,1,0,0,1
13.05.2015,1,0,0,1
14.05.2015,1,0,0,1
15.05.2015,1,0,0,1
16.05.2015,1,0,0,1
17.05.2015,1,0,0,1
18.05.2015,1,0,0,1
19.05.2015,1,0,0,1
20.05.2015,1,0,0,1
21.05.2015,1,0,0,1
22.05.2015,1,0,0,1
23.05.2015,1,0,0,1
24.05.2015,1,0,0,1
25.05.2015,1,0,0,1
26.05.2015,1,0,0,1
27.05.2015,1,0,0,1
28.05.2015,1,0,0,1
29.05.2015,1,0,0,1
30.05.2015,1,0,0,1
31.05.2015,1,0,0,1
01.06.2015,1,0,0,1
02.06.2015,1,0,0,1
03.06.2015,1,0,0,1
04.06.2015,0,1,0,1
05.06.2015,0,1,0,1
06.06.2015,1,0,0,1
07.06.2015,1,0,0,1
08.06.2015,1,0,0,1
09.06.2015,1,0,0,1
10.06.2015,1,0,0,1
11.06.2015,1,0,0,1
12.06.2015,1,0,0,1
13.06.2015,1,0,0,1
14.06.2015,1,0,0,1
15.06.2015,1,0,0,1
20.06.2015,1,0,0,1
21.06.2015,1,0,0,1
22.06.2015,1,0,0,1
23.06.2015,1,0,0,1
24.06.2015,1,0,0,1
25.06.2015,1,0,0,1
26.06.2015,1,0,0,1
27.06.2015,1,0,0,1
28.06.2015,1,0,0,1
29.06.2015,1,0,0,1
30.06.2015,1,0,0,1
01.07.2015,1,0,0,1
02.07.2015,1,0,0,1
03.07.2015,1,0,0,1
04.07.2015,1,0,0,1
05.07.2015,1,0,0,1
06.07.2015,1,0,0,1
07.07.2015,1,0,0,1
08.07.2015,1,0,0,1
09.07.2015,1,0,0,1
10.07.2015,1,0,0,1
11.07.2015,1,0,0,1
12.07.2015,1,0,0,1
13.07.2015,1,0,0,1
14.07.2015,1,0,0,1
15.07.2015,1,0,0,1
16.07.2015,1,0,0,1
17.07.2015,1,0,0,1
18.07.2015,1,0,0,1
19.07.2015,1,0,0,1
20.07.2015,1,0,0,1
21.07.2015,1,0,0,1
22.07.2015,1,0,0,1
23.07.2015,1,0,0,1
24.07.2015,1,0,0,1
25.07.2015,1,0,0,1
26.07.2015,1,0,0,1
27.07.2015,1,0,0,1
28.07.2015,1,0,0,1
29.07.2015,1,0,0,1
30.07.2015,1,0,0,1
31.07.2015,1,0,0,1
01.08.2015,1,0,0,1
02.08.2015,1,0,0,1
03.08.2015,1,0,0,1
04.08.2015,1,0,0,1
05.08.2015,1,0,0,1
06.08.2015,1,0,0,1
07.08.2015,1,0,0,1
08.08.2015,1,0,0,1
09.08.2015,1,0,0,1
10.08.2015,1,0,0,1
11.08.2015,1,0,0,1
12.08.2015,1,0,0,1
13.08.2015,1,0,0,1
14.08.2015,1,0,0,1
15.08.2015,1,0,0,1
16.08.2015,1,0,0,1
17.08.2015,1,0,0,1
18.08.2015,1,0,0,1
19.08.2015,1,0,0,1
20.08.2015,1,0,0,1
21.08.2015,1,0,0,1
22.08.2015,1,0,0,1
23.08.2015,1,0,0,1
24.08.2015,1,0,0,1
25.08.2015,1,0,0,1
26.08.2015,1,0,0,1
27.08.2015,1,0,0,1
28.08.2015,1,0,0,1
29.08.2015,1,0,0,1
30.08.2015,1,0,0,1
31.08.2015,1,0,0,1
01.09.2015,1,0,0,1
02.09.2015,1,0,0,1
03.09.2015,1,0,0,1
04.09.2015,1,0,0,1
05.09.2015,1,0,0,1
06.09.2015,1,0,0,1
07.09.2015,1,0,0,1
08.09.2015,1,0,0,1
09.09.2015,1,0,0,1
10.09.2015,1,0,0,1
11.09.2015,1,0,0,1
12.09.2015,1,0,0,1
13.09.2015,1,0,0,1
14.09.2015,1,0,0,1
15.09.2015,1,0,0,1
16.09.2015,1,0,0,1
17.09.2015,1,0,0,1
18.09.2015,1,0,0,1
19.09.2015,1,0,0,1
20.09.2015,1,0,0,1
21.09.2015,1,0,0,1
22.09.2015,1,0,0,1
23.09.2015,1,0,0,1
24.09.2015,1,0,0,1
25.09.2015,1,0,0,1
26.09.2015,1,0,0,1
27.09.2015,1,0,0,1
28.09.2015,1,0,0,1
29.09.2015,1,0,0,1
30.09.2015,1,0,0,1
01.10.2015,1,0,0,1
02.10.2015,1,0,0,1
03.10.2015,1,0,0,1
04.10.2015,1,0,0,1
05.10.2015,1,0,0,1
06.10.2015,1,0,0,1
07.10.2015,1,0,0,1
08.10.2015,1,0,0,1
09.10.2015,1,0,0,1
10.10.2015,1,0,0,1
11.10.2015,1,0,0,1
12.10.2015,1,0,0,1
13.10.2015,1,0,0,1
14.10.2015,1,0,0,1
15.10.2015,1,0,0,1
16.10.2015,1,0,0,1
17.10.2015,1,0,0,1
18.10.2015,1,0,0,1
19.10.2015,1,0,0,1
20.10.2015,1,0,0,1
21.10.2015,1,0,0,1
22.10.2015,1,0,0,1
23.10.2015,1,0,0,1
24.10.2015,1,0,0,1
25.10.2015,1,0,0,1
26.10.2015,1,0,0,1
27.10.2015,1,0,0,1
28.10.2015,1,0,0,1
29.10.2015,1,0,0,1
30.10.2015,1,0,0,1
31.10.2015,1,0,0,1
01.11.2015,1,0,0,1
02.11.2015,1,0,0,1
03.11.2015,1,0,0,1
04.11.2015,1,0,0,1
05.11.2015,1,0,0,1
06.11.2015,1,0,0,1
07.11.2015,1,0,0,1
08.11.2015,1,0,0,1
09.11.2015,1,0,0,1
10.11.2015,1,0,0,1
11.11.2015,1,0,0,1
12.11.2015,1,0,0,1
13.11.2015,1,0,0,1
14.11.2015,1,0,0,1
15.11.2015,1,0,0,1
16.11.2015,1,0,0,1
17.11.2015,1,0,0,1
18.11.2015,1,0,0,1
19.11.2015,1,0,0,1
20.11.2015,1,0,0,1
21.11.2015,1,0,0,1
22.11.2015,1,0,0,1
23.11.2015,1,0,0,1
24.11.2015,1,0,0,1
25.11.2015,1,0,0,1
26.11.2015,1,0,0,1
27.11.2015,1,0,0,1
28.11.2015,1,0,0,1
29.11.2015,1,0,0,1
30.11.2015,1,0,0,1
01.12.2015,0,1,0,1
02.12.2015,0,1,0,1
03.12.2015,0,1,0,1
04.12.2015,0,1,0,1
05.12.2015,0,1,0,1
06.12.2015,0,1,0,1
07.12.2015,0,1,0,1
08.12.2015,0,1,0,1
09.12.2015,0,1,0,1
10.12.2015,0,1,0,1
11.12.2015,0,1,0,1
12.12.2015,0,1,0,1
13.12.2015,0,1,0,1
14.12.2015,0,1,0,1
15.12.2015,0,1,0,1
16.12.2015,0,1,0,1
17.12.2015,0,1,0,1
18.12.2015,0,1,0,1
19.12.2015,0,1,0,1
20.12.2015,0,1,0,1
21.12.2015,0,1,0,1
22.12.2015,0,1,0,1
23.12.2015,0,1,0,1
24.12.2015,0,1,0,1
25.12.2015,0,1,0,1
26.12.2015,1,0,0,1
27.12.2015,1,0,0,1
28.12.2015,0,1,0,1
11.01.2016,0,1,0,1
12.01.2016,0,1,0,1
13.01.2016,0,1,1,2
14.01.2016,0,1,1,2
15.01.2016,0,1,1,2
16.01.2016,0,1,1,2
17.01.2016,0,1,1,2
18.01.2016,0,1,2,3
19.01.2016,0,1,2,3
20.01.2016,0,1,2,3
21.01.2016,0,1,2,3
22.01.2016,0,1,2,3
23.01.2016,1,1,2,4
24.01.2016,1,1,2,4
25.01.2016,0,2,2,4
26.01.2016,1,1,2,4
27.01.2016,1,1,2,4
28.01.2016,1,1,2,4
29.01.2016,1,1,2,4
30.01.2016,1,1,2,4
31.01.2016,1,1,2,4
01.02.2016,1,2,1,4
02.02.2016,1,2,1,4
03.02.2016,1,2,1,4
04.02.2016,1,2,1,4
05.02.2016,1,2,1,4
06.02.2016,1,2,1,4
07.02.2016,1,2,1,4
08.02.2016,1,2,1,4
09.02.2016,1,2,1,4
10.02.2016,1,2,0,3
11.02.2016,1,2,0,3
12.02.2016,1,2,0,3
13.02.2016,1,2,1,4
14.02.2016,1,2,1,4
15.02.2016,1,2,1,4
16.02.2016,1,2,1,4
17.02.2016,1,2,1,4
18.02.2016,1,2,1,4
19.02.2016,1,2,1,4
20.02.2016,1,2,1,4
21.02.2016,1,2,1,4
22.02.2016,1,2,1,4
23.02.2016,1,2,1,4
24.02.2016,1,1,1,3
25.02.2016,1,1,1,3
26.02.2016,1,1,1,3
27.02.2016,1,1,1,3
28.02.2016,1,1,1,3
29.02.2016,1,0,1,2
01.03.2016,1,0,1,2
02.03.2016,1,0,1,2
03.03.2016,1,1,1,3
04.03.2016,1,1,1,3
05.03.2016,1,1,1,3
06.03.2016,1,1,1,3
07.03.2016,1,1,1,3
08.03.2016,1,1,1,3
09.03.2016,1,1,1,3
10.03.2016,1,1,1,3
11.03.2016,1,2,1,4
12.03.2016,1,2,0,3
13.03.2016,1,2,0,3
14.03.2016,1,2,0,3
15.03.2016,1,2,0,3
16.03.2016,1,2,0,3
17.03.2016,1,2,0,3
18.03.2016,1,2,0,3
19.03.2016,1,2,0,3
20.03.2016,1,2,1,4
21.03.2016,1,2,1,4
22.03.2016,1,3,0,4
23.03.2016,1,3,0,4
24.03.2016,1,3,0,4
25.03.2016,1,3,0,4
26.03.2016,1,3,0,4
27.03.2016,1,3,0,4
28.03.2016,1,3,0,4
29.03.2016,2,2,1,5
30.03.2016,2,2,1,5
31.03.2016,1,3,1,5
01.04.2016,1,3,1,5
02.04.2016,1,3,1,5
03.04.2016,1,3,1,5
04.04.2016,1,3,1,5
05.04.2016,1,3,1,5
06.04.2016,1,3,1,5
07.04.2016,1,3,1,5
08.04.2016,1,3,1,5
09.04.2016,1,3,1,5
10.04.2016,1,3,1,5
11.04.2016,1,3,1,5
12.04.2016,1,3,1,5
13.04.2016,1,3,1,5
14.04.2016,1,3,1,5
15.04.2016,1,3,1,5
16.04.2016,1,3,1,5
17.04.2016,1,3,1,5
18.04.2016,1,3,1,5
19.04.2016,1,2,1,4
20.04.2016,1,2,1,4
21.04.2016,1,2,1,4
22.04.2016,1,2,1,4
23.04.2016,1,2,1,4
24.04.2016,1,2,1,4
25.04.2016,1,2,1,4
26.04.2016,2,1,0,3
27.04.2016,2,1,0,3
28.04.2016,1,2,0,3
29.04.2016,1,1,1,3
30.04.2016,1,1,1,3
01.05.2016,1,2,0,3
02.05.2016,1,3,1,5
03.05.2016,1,4,0,5
04.05.2016,2,3,0,5
05.05.2016,2,3,0,5
06.05.2016,2,3,0,5
07.05.2016,2,3,0,5
08.05.2016,2,3,0,5
09.05.2016,2,3,0,5
10.05.2016,2,3,1,6
11.05.2016,2,4,1,7
12.05.2016,2,4,2,8
13.05.2016,2,5,1,8
14.05.2016,2,5,1,8
15.05.2016,2,5,1,8
16.05.2016,2,5,1,8
17.05.2016,2,5,1,8
18.05.2016,2,6,1,9
19.05.2016,2,6,1,9
20.05.2016,2,6,1,9
21.05.2016,2,6,1,9
22.05.2016,2,6,1,9
23.05.2016,2,6,1,9
24.05.2016,2,6,1,9
25.05.2016,2,6,1,9
26.05.2016,2,6,1,9
27.05.2016,2,6,1,9
28.05.2016,2,6,1,9
29.05.2016,2,6,2,10
30.05.2016,2,7,1,10
31.05.2016,2,7,1,10
01.06.2016,2,7,1,10
02.06.2016,2,7,1,10
03.06.2016,2,6,1,9
04.06.2016,2,6,1,9
05.06.2016,2,6,1,9
06.06.2016,2,6,1,9
07.06.2016,2,6,0,8
08.06.2016,2,6,0,8
09.06.2016,2,6,1,9
10.06.2016,3,6,0,9
11.06.2016,3,6,0,9
12.06.2016,3,6,0,9
13.06.2016,3,6,0,9
14.06.2016,3,6,0,9
15.06.2016,3,5,0,8
16.06.2016,2,6,0,8
17.06.2016,2,6,0,8
18.06.2016,2,6,0,8
19.06.2016,2,6,0,8
20.06.2016,2,6,1,9
21.06.2016,3,6,0,9
22.06.2016,4,5,0,9
23.06.2016,4,5,0,9
24.06.2016,4,5,0,9
25.06.2016,4,5,0,9
26.06.2016,4,5,0,9
27.06.2016,5,4,0,9
28.06.2016,5,4,0,9
29.06.2016,5,4,0,9
30.06.2016,5,4,0,9
01.07.2016,5,4,0,9
02.07.2016,5,4,0,9
03.07.2016,5,4,1,10
04.07.2016,5,4,1,10
05.07.2016,5,4,1,10
06.07.2016,5,4,1,10
07.07.2016,4,4,1,9
08.07.2016,4,4,1,9
09.07.2016,4,4,1,9
10.07.2016,4,4,1,9
11.07.2016,4,4,1,9
12.07.2016,4,3,1,8
13.07.2016,4,3,2,9
14.07.2016,3,4,2,9
15.07.2016,3,4,2,9
16.07.2016,3,4,2,9
17.07.2016,3,4,2,9
18.07.2016,3,4,2,9
19.07.2016,4,1,2,7
20.07.2016,5,0,2,7
21.07.2016,5,0,2,7
22.07.2016,5,0,2,7
23.07.2016,5,0,2,7
24.07.2016,5,0,2,7
25.07.2016,5,0,2,7
26.07.2016,5,0,2,7
27.07.2016,5,0,2,7
28.07.2016,5,0,2,7
29.07.2016,5,0,2,7
30.07.2016,5,0,2,7
31.07.2016,5,0,1,6
01.08.2016,5,0,1,6
02.08.2016,4,0,1,5
03.08.2016,4,0,1,5
04.08.2016,4,0,1,5
05.08.2016,3,1,1,5
06.08.2016,3,1,1,5
07.08.2016,3,1,1,5
08.08.2016,3,1,1,5
09.08.2016,3,1,1,5
10.08.2016,3,1,0,4
11.08.2016,3,1,0,4
12.08.2016,3,1,0,4
13.08.2016,3,1,0,4
14.08.2016,3,1,0,4
15.08.2016,3,1,0,4
16.08.2016,2,3,0,5
17.08.2016,2,3,0,5
18.08.2016,2,3,0,5
19.08.2016,2,3,0,5
20.08.2016,2,3,0,5
21.08.2016,2,3,0,5
22.08.2016,2,3,0,5
23.08.2016,2,3,0,5
24.08.2016,2,3,0,5
25.08.2016,2,3,0,5
26.08.2016,2,3,0,5
27.08.2016,2,3,0,5
28.08.2016,2,3,0,5
29.08.2016,2,3,0,5
30.08.2016,2,3,0,5
31.08.2016,2,2,0,4
01.09.2016,2,2,0,4
02.09.2016,2,2,0,4
03.09.2016,2,2,0,4
04.09.2016,2,2,0,4
05.09.2016,2,2,0,4
06.09.2016,2,2,0,4
07.09.2016,2,2,0,4
08.09.2016,2,2,0,4
09.09.2016,2,2,0,4
10.09.2016,2,2,1,5
11.09.2016,2,2,2,6
12.09.2016,2,2,2,6
13.09.2016,2,1,2,5
14.09.2016,1,2,2,5
15.09.2016,1,2,2,5
16.09.2016,1,2,2,5
17.09.2016,1,2,3,6
18.09.2016,1,2,3,6
19.09.2016,1,2,3,6
20.09.2016,1,2,3,6
21.09.2016,1,2,3,6
22.09.2016,1,2,3,6
23.09.2016,1,2,3,6
24.09.2016,1,2,3,6
25.09.2016,1,2,3,6
26.09.2016,1,2,3,6
27.09.2016,1,2,3,6
28.09.2016,1,2,3,6
29.09.2016,1,1,3,5
30.09.2016,1,1,3,5
01.10.2016,1,1,3,5
02.10.2016,1,1,3,5
03.10.2016,1,1,3,5
04.10.2016,1,1,3,5
05.10.2016,1,1,3,5
06.10.2016,1,1,3,5
07.10.2016,1,1,3,5
08.10.2016,1,1,2,4
09.10.2016,1,1,1,3
10.10.2016,1,1,1,3
11.10.2016,1,1,1,3
12.10.2016,1,1,1,3
13.10.2016,1,2,1,4
14.10.2016,1,2,2,5
15.10.2016,1,2,1,4
16.10.2016,1,3,1,5
17.10.2016,1,3,1,5
18.10.2016,1,3,1,5
19.10.2016,1,3,1,5
20.10.2016,1,3,1,5
21.10.2016,1,3,1,5
22.10.2016,1,3,1,5
23.10.2016,1,3,1,5
24.10.2016,1,3,1,5
25.10.2016,1,3,1,5
26.10.2016,1,3,1,5
27.10.2016,1,3,1,5
28.10.2016,1,3,1,5
29.10.2016,1,3,1,5
30.10.2016,1,3,2,6
31.10.2016,1,3,2,6
01.11.2016,1,3,2,6
02.11.2016,1,3,2,6
03.11.2016,1,3,2,6
04.11.2016,1,3,2,6
05.11.2016,1,3,3,7
06.11.2016,1,4,3,8
07.11.2016,1,4,3,8
08.11.2016,1,4,3,8
09.11.2016,1,4,3,8
10.11.2016,1,4,3,8
11.11.2016,1,4,2,7
12.11.2016,1,4,2,7
13.11.2016,1,3,2,6
14.11.2016,1,3,2,6
15.11.2016,1,3,2,6
16.11.2016,1,3,2,6
17.11.2016,1,3,2,6
18.11.2016,1,3,3,7
19.11.2016,1,3,3,7
20.11.2016,1,3,3,7
21.11.2016,1,3,3,7
22.11.2016,1,3,3,7
23.11.2016,1,3,3,7
24.11.2016,1,3,3,7
25.11.2016,1,3,3,7
26.11.2016,1,3,3,7
27.11.2016,1,3,3,7
28.11.2016,1,3,2,6
29.11.2016,1,4,2,7
30.11.2016,1,4,2,7
01.12.2016,1,4,2,7
02.12.2016,1,4,3,8
03.12.2016,1,3,3,7
04.12.2016,2,2,2,6
05.12.2016,2,2,2,6
06.12.2016,2,2,2,6
07.12.2016,2,2,3,7
08.12.2016,2,3,2,7
09.12.2016,2,3,2,7
10.12.2016,2,3,3,8
11.12.2016,2,3,3,8
12.12.2016,2,4,2,8
13.12.2016,2,4,2,8
14.12.2016,2,5,2,9
15.12.2016,2,5,2,9
16.12.2016,2,5,1,8
17.12.2016,2,5,1,8
18.12.2016,2,5,1,8
19.12.2016,2,5,1,8
20.12.2016,2,5,1,8
21.12.2016,2,5,1,8
22.12.2016,2,5,1,8
23.12.2016,2,5,1,8
24.12.2016,2,5,1,8
25.12.2016,2,5,1,8
26.12.2016,3,4,1,8
27.12.2016,3,4,2,9
28.12.2016,3,5,1,9
29.12.2016,3,4,1,8
30.12.2016,2,5,0,7
31.12.2016,2,6,0,8
01.01.2017,3,5,0,8
02.01.2017,3,5,0,8
03.01.2017,3,5,1,9
04.01.2017,3,6,0,9
05.01.2017,3,6,0,9
06.01.2017,3,6,0,9
07.01.2017,3,6,0,9
08.01.2017,4,4,1,9
09.01.2017,4,4,1,9
10.01.2017,4,4,1,9
11.01.2017,4,4,1,9
12.01.2017,4,4,1,9
13.01.2017,4,4,1,9
14.01.2017,4,4,1,9
15.01.2017,4,4,1,9
16.01.2017,4,4,1,9
17.01.2017,4,4,1,9
18.01.2017,4,4,1,9
19.01.2017,4,4,1,9
20.01.2017,4,4,1,9
21.01.2017,4,4,1,9
22.01.2017,4,4,1,9
23.01.2017,4,4,1,9
24.01.2017,4,5,0,9
25.01.2017,5,4,0,9
26.01.2017,5,4,0,9
27.01.2017,5,4,0,9
28.01.2017,5,4,0,9
29.01.2017,5,4,0,9
30.01.2017,5,4,0,9
31.01.2017,5,4,0,9
01.02.2017,6,3,0,9
02.02.2017,6,3,1,10
03.02.2017,6,4,0,10
04.02.2017,6,4,0,10
05.02.2017,6,4,0,10
06.02.2017,6,4,0,10
07.02.2017,6,4,0,10
08.02.2017,6,4,0,10
09.02.2017,6,4,0,10
10.02.2017,6,4,0,10
11.02.2017,6,4,0,10
12.02.2017,6,3,0,9
13.02.2017,6,3,0,9
14.02.2017,6,3,0,9
15.02.2017,6,3,1,10
16.02.2017,6,3,1,10
17.02.2017,6,4,0,10
18.02.2017,6,4,0,10
19.02.2017,6,4,0,10
20.02.2017,5,5,1,11
21.02.2017,5,5,0,10
22.02.2017,4,5,0,9
23.02.2017,4,5,0,9
24.02.2017,4,5,0,9
25.02.2017,4,5,0,9
26.02.2017,4,5,0,9
27.02.2017,4,5,1,10
28.02.2017,4,5,1,10
01.03.2017,4,5,2,11
02.03.2017,4,6,1,11
03.03.2017,5,5,1,11
04.03.2017,5,5,1,11
05.03.2017,5,5,1,11
06.03.2017,5,5,1,11
07.03.2017,5,5,0,10
08.03.2017,5,5,0,10
09.03.2017,5,5,0,10
10.03.2017,5,5,0,10
11.03.2017,5,5,1,11
12.03.2017,5,6,0,11
13.03.2017,5,6,0,11
14.03.2017,5,6,1,12
15.03.2017,5,6,2,13
16.03.2017,5,6,2,13
17.03.2017,5,6,2,13
18.03.2017,5,6,2,13
19.03.2017,5,5,2,12
20.03.2017,5,5,2,12
21.03.2017,5,5,2,12
22.03.2017,5,5,2,12
23.03.2017,5,3,2,10
24.03.2017,5,3,2,10
25.03.2017,5,3,2,10
26.03.2017,5,3,2,10
27.03.2017,5,3,5,13
28.03.2017,5,4,4,13
29.03.2017,5,4,4,13
30.03.2017,6,3,5,14
31.03.2017,6,3,5,14
01.04.2017,6,3,5,14
02.04.2017,6,3,5,14
03.04.2017,6,3,6,15
04.04.2017,7,2,6,15
05.04.2017,7,3,5,15
06.04.2017,7,3,5,15
07.04.2017,6,4,5,15
08.04.2017,6,4,6,16
09.04.2017,7,3,6,16
10.04.2017,7,3,6,16
11.04.2017,7,4,4,15
12.04.2017,7,4,3,14
13.04.2017,6,5,3,14
14.04.2017,6,5,3,14
15.04.2017,6,5,3,14
16.04.2017,6,5,4,15
17.04.2017,6,5,4,15
18.04.2017,7,4,4,15
19.04.2017,7,5,4,16
20.04.2017,6,6,4,16
21.04.2017,6,7,3,16
22.04.2017,6,7,3,16
23.04.2017,6,7,3,16
24.04.2017,7,6,1,14
25.04.2017,8,5,1,14
26.04.2017,8,5,1,14
27.04.2017,7,5,0,12
28.04.2017,7,5,0,12
29.04.2017,7,5,0,12
30.04.2017,7,5,0,12
01.05.2017,7,5,0,12
02.05.2017,7,5,0,12
03.05.2017,7,5,0,12
04.05.2017,7,5,0,12
05.05.2017,7,5,0,12
06.05.2017,7,5,0,12
07.05.2017,7,5,0,12
08.05.2017,7,5,0,12
09.05.2017,8,4,0,12
10.05.2017,8,4,0,12
11.05.2017,7,5,0,12
12.05.2017,7,5,0,12
13.05.2017,7,5,1,13
14.05.2017,7,5,1,13
15.05.2017,8,6,0,14
16.05.2017,7,7,0,14
17.05.2017,8,5,0,13
18.05.2017,9,5,0,14
19.05.2017,10,4,0,14
20.05.2017,9,5,0,14
21.05.2017,9,5,0,14
22.05.2017,10,3,0,13
23.05.2017,11,2,0,13
24.05.2017,11,2,0,13
25.05.2017,11,2,0,13
26.05.2017,11,2,0,13
27.05.2017,11,2,0,13
28.05.2017,11,2,0,13
29.05.2017,11,2,0,13
30.05.2017,11,2,1,14
31.05.2017,11,3,0,14
01.06.2017,11,3,0,14
02.06.2017,10,4,0,14
03.06.2017,10,4,0,14
04.06.2017,10,4,0,14
05.06.2017,10,4,0,14
06.06.2017,10,4,0,14
07.06.2017,10,4,1,15
08.06.2017,10,5,0,15
09.06.2017,11,4,0,15
10.06.2017,11,4,1,16
11.06.2017,11,4,1,16
12.06.2017,12,3,1,16
13.06.2017,11,4,1,16
14.06.2017,12,3,1,16
15.06.2017,12,2,1,15
16.06.2017,12,2,1,15
17.06.2017,11,3,2,16
18.06.2017,11,4,1,16
19.06.2017,11,4,1,16
20.06.2017,11,4,1,16
21.06.2017,11,4,1,16
22.06.2017,11,4,1,16
23.06.2017,11,4,1,16
24.06.2017,11,4,1,16
25.06.2017,11,4,1,16
26.06.2017,12,3,1,16
27.06.2017,12,3,1,16
28.06.2017,12,3,1,16
29.06.2017,12,3,1,16
30.06.2017,12,3,2,17
01.07.2017,13,2,2,17
02.07.2017,13,2,2,17
03.07.2017,13,2,3,18
04.07.2017,13,3,2,18
05.07.2017,13,3,2,18
06.07.2017,14,2,2,18
07.07.2017,14,2,3,19
08.07.2017,14,2,2,18
09.07.2017,14,2,2,18
10.07.2017,14,2,2,18
11.07.2017,14,2,2,18
12.07.2017,14,2,2,18
13.07.2017,14,2,2,18
14.07.2017,14,2,2,18
15.07.2017,14,2,2,18
16.07.2017,14,2,2,18
17.07.2017,14,2,2,18
18.07.2017,14,3,1,18
19.07.2017,14,3,1,18
20.07.2017,14,3,2,19
21.07.2017,14,3,2,19
22.07.2017,14,3,2,19
23.07.2017,14,3,2,19
24.07.2017,13,4,2,19
25.07.2017,13,3,3,19
26.07.2017,13,3,3,19
27.07.2017,13,3,3,19
28.07.2017,13,3,2,18
29.07.2017,13,3,2,18
30.07.2017,13,3,2,18
31.07.2017,13,4,1,18
01.08.2017,14,3,1,18
02.08.2017,13,4,1,18
03.08.2017,13,4,2,19
04.08.2017,13,4,2,19
05.08.2017,13,4,2,19
06.08.2017,13,4,2,19
07.08.2017,13,4,2,19
08.08.2017,13,5,2,20
09.08.2017,13,6,1,20
10.08.2017,13,6,1,20
11.08.2017,14,5,1,20
12.08.2017,14,5,1,20
13.08.2017,13,7,0,20
14.08.2017,14,6,2,22
15.08.2017,14,7,1,22
16.08.2017,14,7,1,22
17.08.2017,14,7,1,22
18.08.2017,14,7,1,22
19.08.2017,14,7,1,22
20.08.2017,14,7,1,22
21.08.2017,13,8,1,22
22.08.2017,14,7,1,22
23.08.2017,14,7,1,22
24.08.2017,14,6,1,21
25.08.2017,14,6,1,21
26.08.2017,14,6,2,22
27.08.2017,14,6,3,23
28.08.2017,14,7,2,23
29.08.2017,14,7,3,24
30.08.2017,13,8,3,24
31.08.2017,13,8,3,24
01.09.2017,13,8,3,24
02.09.2017,13,8,3,24
03.09.2017,13,9,3,25
04.09.2017,12,9,3,24
05.09.2017,12,8,4,24
06.09.2017,13,7,4,24
07.09.2017,13,7,5,25
08.09.2017,13,7,5,25
09.09.2017,13,7,6,26
10.09.2017,13,6,6,25
11.09.2017,13,6,5,24
12.09.2017,13,6,6,25
13.09.2017,13,7,5,25
14.09.2017,13,7,6,26
15.09.2017,13,7,6,26
16.09.2017,13,8,6,27
17.09.2017,12,8,6,26
18.09.2017,11,9,6,26
19.09.2017,12,9,6,27
20.09.2017,13,8,6,27
21.09.2017,14,7,7,28
22.09.2017,13,9,6,28
23.09.2017,13,9,5,27
24.09.2017,13,9,5,27
25.09.2017,13,8,5,26
26.09.2017,13,7,5,25
27.09.2017,13,7,5,25
28.09.2017,13,7,6,26
29.09.2017,13,7,7,27
30.09.2017,13,7,8,28
01.10.2017,13,8,7,28
02.10.2017,13,8,9,30
03.10.2017,13,8,8,29
04.10.2017,13,8,11,32
05.10.2017,13,10,8,31
06.10.2017,13,10,10,33
07.10.2017,12,11,9,32
08.10.2017,12,10,9,31
09.10.2017,12,10,9,31
10.10.2017,12,12,7,31
11.10.2017,12,12,6,30
12.10.2017,12,13,5,30
13.10.2017,12,13,5,30
14.10.2017,13,12,6,31
15.10.2017,13,12,6,31
16.10.2017,13,12,6,31
17.10.2017,13,12,7,32
18.10.2017,12,14,6,32
19.10.2017,12,13,7,32
20.10.2017,13,13,7,33
21.10.2017,13,13,7,33
22.10.2017,13,13,7,33
23.10.2017,13,13,8,34
24.10.2017,13,14,7,34
25.10.2017,13,13,8,34
26.10.2017,13,15,6,34
27.10.2017,12,15,5,32
28.10.2017,12,15,5,32
29.10.2017,12,15,5,32
30.10.2017,12,15,5,32
31.10.2017,12,15,5,32
01.11.2017,12,14,5,31
02.11.2017,13,12,5,30
03.11.2017,13,11,4,28
04.11.2017,13,11,4,28
05.11.2017,13,11,4,28
06.11.2017,13,12,4,29
07.11.2017,13,13,4,30
08.11.2017,13,12,5,30
09.11.2017,13,13,4,30
10.11.2017,13,13,4,30
11.11.2017,13,13,3,29
12.11.2017,13,13,3,29
13.11.2017,13,12,3,28
14.11.2017,13,12,3,28
15.11.2017,13,12,3,28
16.11.2017,12,13,5,30
17.11.2017,13,12,3,28
18.11.2017,13,12,3,28
19.11.2017,13,12,3,28
20.11.2017,13,13,2,28
21.11.2017,14,12,2,28
22.11.2017,14,13,2,29
23.11.2017,15,11,2,28
24.11.2017,15,11,3,29
25.11.2017,15,11,3,29
26.11.2017,14,12,3,29
27.11.2017,14,11,2,27
28.11.2017,13,12,3,28
29.11.2017,13,12,2,27
30.11.2017,13,11,2,26
01.12.2017,13,10,2,25
02.12.2017,13,10,2,25
03.12.2017,13,10,2,25
04.12.2017,13,10,2,25
05.12.2017,13,10,2,25
06.12.2017,13,10,2,25
07.12.2017,13,8,2,23
08.12.2017,13,8,3,24
09.12.2017,13,8,3,24
10.12.2017,13,8,4,25
11.12.2017,13,10,4,27
12.12.2017,13,11,3,27
13.12.2017,13,10,3,26
14.12.2017,13,10,3,26
15.12.2017,13,10,3,26
16.12.2017,13,10,3,26
17.12.2017,13,9,3,25
18.12.2017,13,9,3,25
19.12.2017,13,9,4,26
20.12.2017,13,8,4,25
21.12.2017,13,8,4,25
22.12.2017,13,8,3,24
23.12.2017,13,8,3,24
24.12.2017,13,8,3,24
25.12.2017,13,8,3,24
26.12.2017,13,7,2,22
27.12.2017,13,8,1,22
28.12.2017,12,11,1,24
29.12.2017,12,11,1,24
30.12.2017,12,11,1,24
31.12.2017,12,11,1,24
01.01.2018,12,11,1,24
02.01.2018,12,11,2,25
03.01.2018,11,12,3,26
04.01.2018,12,11,2,25
05.01.2018,11,11,2,24
06.01.2018,12,10,2,24
07.01.2018,12,10,2,24
08.01.2018,12,11,4,27
09.01.2018,12,11,4,27
10.01.2018,12,11,3,26
11.01.2018,12,11,5,28
12.01.2018,12,11,5,28
13.01.2018,12,11,5,28
14.01.2018,12,11,5,28
15.01.2018,12,11,6,29
16.01.2018,12,14,3,29
17.01.2018,12,14,3,29
18.01.2018,12,14,3,29
19.01.2018,12,14,3,29
20.01.2018,12,14,4,30
21.01.2018,12,14,4,30
22.01.2018,12,14,4,30
23.01.2018,12,14,4,30
24.01.2018,13,13,7,33
25.01.2018,12,14,7,33
26.01.2018,13,12,7,32
27.01.2018,13,12,7,32
28.01.2018,13,12,7,32
29.01.2018,13,13,6,32
30.01.2018,13,13,6,32
31.01.2018,14,12,6,32
01.02.2018,16,10,6,32
02.02.2018,16,11,5,32
03.02.2018,16,11,5,32
04.02.2018,16,11,5,32
05.02.2018,16,12,4,32
06.02.2018,17,11,5,33
07.02.2018,16,12,6,34
08.02.2018,17,11,6,34
09.02.2018,17,12,7,36
10.02.2018,17,13,6,36
11.02.2018,17,12,6,35
12.02.2018,17,13,5,35
13.02.2018,18,11,5,34
14.02.2018,18,11,5,34
15.02.2018,18,11,5,34
16.02.2018,18,11,5,34
17.02.2018,18,12,4,34
18.02.2018,18,12,4,34
19.02.2018,18,12,4,34
20.02.2018,19,10,5,34
21.02.2018,18,11,3,32
22.02.2018,15,14,4,33
23.02.2018,16,12,4,32
24.02.2018,16,12,4,32
25.02.2018,16,12,4,32
26.02.2018,17,10,4,31
27.02.2018,19,8,4,31
28.02.2018,18,10,4,32
01.03.2018,18,10,4,32
02.03.2018,18,10,5,33
03.03.2018,18,10,5,33
04.03.2018,18,10,5,33
05.03.2018,18,10,5,33
06.03.2018,18,12,3,33
07.03.2018,17,13,2,32
08.03.2018,17,13,2,32
09.03.2018,18,12,3,33
10.03.2018,18,11,3,32
11.03.2018,18,11,3,32
12.03.2018,18,10,3,31
13.03.2018,18,10,3,31
14.03.2018,19,9,3,31
15.03.2018,19,9,3,31
16.03.2018,19,9,3,31
17.03.2018,19,9,2,30
18.03.2018,19,9,2,30
19.03.2018,19,9,2,30
20.03.2018,19,9,2,30
21.03.2018,18,10,3,31
22.03.2018,17,13,0,30
23.03.2018,17,13,0,30
24.03.2018,17,13,0,30
25.03.2018,17,13,0,30
26.03.2018,18,12,0,30
27.03.2018,20,10,1,31
28.03.2018,19,11,1,31
29.03.2018,19,10,3,32
30.03.2018,19,11,2,32
31.03.2018,19,11,2,32
01.04.2018,19,11,3,33
02.04.2018,20,11,2,33
03.04.2018,21,8,2,31
04.04.2018,21,9,2,32
05.04.2018,21,8,2,31
06.04.2018,21,8,3,32
07.04.2018,21,10,3,34
08.04.2018,21,10,3,34
09.04.2018,21,10,2,33
10.04.2018,20,12,2,34
11.04.2018,21,11,2,34
12.04.2018,20,11,2,33
13.04.2018,20,11,2,33
14.04.2018,20,11,2,33
15.04.2018,20,11,2,33
16.04.2018,19,11,2,32
17.04.2018,18,11,2,31
18.04.2018,18,11,2,31
19.04.2018,18,11,3,32
20.04.2018,18,11,3,32
21.04.2018,18,11,3,32
22.04.2018,18,11,3,32
23.04.2018,18,10,3,31
24.04.2018,18,10,3,31
25.04.2018,18,10,3,31
26.04.2018,18,11,2,31
27.04.2018,18,11,2,31
28.04.2018,18,11,2,31
29.04.2018,18,11,3,32
30.04.2018,19,11,2,32
01.05.2018,19,11,2,32
02.05.2018,19,11,2,32
03.05.2018,19,11,2,32
04.05.2018,19,11,2,32
05.05.2018,19,9,2,30
06.05.2018,19,8,2,29
07.05.2018,19,8,2,29
08.05.2018,19,8,2,29
09.05.2018,19,7,2,28
10.05.2018,19,7,2,28
11.05.2018,19,6,2,27
12.05.2018,19,5,3,27
13.05.2018,19,5,3,27
14.05.2018,19,6,3,28
15.05.2018,19,6,3,28
16.05.2018,19,6,3,28
17.05.2018,19,6,2,27
18.05.2018,19,6,2,27
19.05.2018,19,6,2,27
20.05.2018,19,6,2,27
21.05.2018,19,6,2,27
22.05.2018,19,7,2,28
23.05.2018,19,7,2,28
24.05.2018,19,8,2,29
25.05.2018,19,8,2,29
26.05.2018,19,8,2,29
27.05.2018,19,8,1,28
28.05.2018,19,8,1,28
29.05.2018,19,8,1,28
30.05.2018,19,8,1,28
31.05.2018,19,8,1,28
01.06.2018,19,8,1,28
02.06.2018,19,8,1,28
03.06.2018,19,8,1,28
04.06.2018,19,8,1,28
05.06.2018,20,7,1,28
06.06.2018,20,7,1,28
07.06.2018,20,7,1,28
08.06.2018,20,7,3,30
09.06.2018,20,7,4,31
10.06.2018,20,8,3,31
11.06.2018,20,8,4,32
12.06.2018,19,8,4,31
13.06.2018,19,8,5,32
14.06.2018,19,8,6,33
15.06.2018,19,8,6,33
16.06.2018,19,8,6,33
17.06.2018,19,8,6,33
18.06.2018,21,7,6,34
19.06.2018,21,7,6,34
20.06.2018,20,8,6,34
21.06.2018,20,8,5,33
22.06.2018,19,9,5,33
23.06.2018,19,9,5,33
24.06.2018,19,9,5,33
25.06.2018,19,9,5,33
26.06.2018,19,9,5,33
27.06.2018,19,9,5,33
28.06.2018,20,8,5,33
29.06.2018,21,7,5,33
30.06.2018,21,7,5,33
01.07.2018,21,6,5,32
02.07.2018,20,8,5,33
03.07.2018,21,7,5,33
04.07.2018,20,8,5,33
05.07.2018,20,8,6,34
06.07.2018,20,8,5,33
07.07.2018,20,8,5,33
08.07.2018,20,7,5,32
09.07.2018,20,7,4,31
10.07.2018,19,8,4,31
11.07.2018,18,9,4,31
12.07.2018,18,9,3,30
13.07.2018,18,9,3,30
14.07.2018,18,9,3,30
15.07.2018,18,9,3,30
16.07.2018,21,6,1,28
17.07.2018,19,8,1,28
18.07.2018,19,8,1,28
19.07.2018,18,9,2,29
20.07.2018,16,10,2,28
21.07.2018,16,10,2,28
22.07.2018,16,10,2,28
23.07.2018,16,10,2,28
24.07.2018,16,10,2,28
25.07.2018,16,10,2,28
26.07.2018,17,9,2,28
27.07.2018,17,9,2,28
28.07.2018,17,9,2,28
29.07.2018,17,9,2,28
30.07.2018,16,10,2,28
31.07.2018,17,9,2,28
01.08.2018,16,10,2,28
02.08.2018,16,10,1,27
03.08.2018,16,10,2,28
04.08.2018,16,10,2,28
05.08.2018,16,10,3,29
06.08.2018,17,11,3,31
07.08.2018,16,12,3,31
08.08.2018,16,11,3,30
09.08.2018,16,11,4,31
10.08.2018,17,10,4,31
11.08.2018,17,9,4,30
12.08.2018,17,9,4,30
13.08.2018,19,8,4,31
14.08.2018,18,9,3,30
15.08.2018,17,10,3,30
16.08.2018,16,11,3,30
17.08.2018,15,12,4,31
18.08.2018,15,12,4,31
19.08.2018,15,12,4,31
20.08.2018,15,12,4,31
21.08.2018,15,12,4,31
22.08.2018,15,12,5,32
23.08.2018,16,11,6,33
24.08.2018,16,11,7,34
25.08.2018,16,11,7,34
26.08.2018,16,11,7,34
27.08.2018,16,10,7,33
28.08.2018,15,12,6,33
29.08.2018,14,13,6,33
30.08.2018,15,12,6,33
31.08.2018,15,12,5,32
01.09.2018,15,12,5,32
02.09.2018,15,12,5,32
03.09.2018,16,12,4,32
04.09.2018,15,13,4,32
05.09.2018,15,13,4,32
06.09.2018,16,12,4,32
07.09.2018,17,12,3,32
08.09.2018,17,12,3,32
09.09.2018,17,12,3,32
10.09.2018,16,13,3,32
11.09.2018,16,13,3,32
12.09.2018,16,13,4,33
13.09.2018,15,14,3,32
14.09.2018,15,14,3,32
15.09.2018,15,14,3,32
16.09.2018,15,14,3,32
17.09.2018,14,15,3,32
18.09.2018,15,15,3,33
19.09.2018,13,17,2,32
20.09.2018,14,16,2,32
21.09.2018,14,17,1,32
22.09.2018,15,16,2,33
23.09.2018,15,16,2,33
24.09.2018,15,16,2,33
25.09.2018,15,15,2,32
26.09.2018,14,16,2,32
27.09.2018,15,15,2,32
28.09.2018,15,15,2,32
29.09.2018,15,15,2,32
30.09.2018,15,15,2,32
01.10.2018,16,14,2,32
02.10.2018,15,16,2,33
03.10.2018,14,16,2,32
04.10.2018,15,15,3,33
05.10.2018,15,14,3,32
06.10.2018,15,14,3,32
07.10.2018,15,14,3,32
08.10.2018,16,13,3,32
09.10.2018,16,13,4,33
10.10.2018,16,13,3,32
11.10.2018,15,13,2,30
12.10.2018,15,13,2,30
13.10.2018,15,14,3,32
14.10.2018,15,14,3,32
15.10.2018,15,15,4,34
16.10.2018,14,18,2,34
17.10.2018,14,18,2,34
18.10.2018,14,18,2,34
19.10.2018,15,18,2,35
20.10.2018,15,18,1,34
21.10.2018,15,18,1,34
22.10.2018,14,18,1,33
23.10.2018,14,18,1,33
24.10.2018,14,18,1,33
25.10.2018,16,16,1,33
26.10.2018,15,16,1,32
27.10.2018,15,16,1,32
28.10.2018,15,16,1,32
29.10.2018,15,16,1,32
30.10.2018,15,16,1,32
31.10.2018,15,16,1,32
01.11.2018,15,16,1,32
02.11.2018,16,15,1,32
03.11.2018,16,14,1,31
04.11.2018,16,14,1,31
05.11.2018,16,13,4,33
06.11.2018,17,14,3,34
07.11.2018,18,14,2,34
08.11.2018,18,14,2,34
09.11.2018,18,14,2,34
10.11.2018,18,14,0,32
11.11.2018,18,14,0,32
12.11.2018,18,15,0,33
13.11.2018,18,14,0,32
14.11.2018,19,14,0,33
15.11.2018,19,14,0,33
16.11.2018,18,15,2,35
17.11.2018,18,15,2,35
18.11.2018,18,15,2,35
19.11.2018,18,15,2,35
20.11.2018,18,15,3,36
21.11.2018,18,15,3,36
22.11.2018,18,15,4,37
23.11.2018,18,16,4,38
24.11.2018,18,16,4,38
25.11.2018,18,16,4,38
26.11.2018,19,15,4,38
27.11.2018,19,16,4,39
28.11.2018,19,14,4,37
29.11.2018,19,14,4,37
30.11.2018,21,11,5,37
01.12.2018,21,11,5,37
02.12.2018,21,11,5,37
03.12.2018,20,13,5,38
04.12.2018,21,12,5,38
05.12.2018,20,11,7,38
06.12.2018,20,13,5,38
07.12.2018,20,13,4,37
08.12.2018,20,13,4,37
09.12.2018,20,13,4,37
10.12.2018,21,12,4,37
11.12.2018,21,13,4,38
12.12.2018,21,12,5,38
13.12.2018,21,13,4,38
14.12.2018,21,13,2,36
15.12.2018,21,13,2,36
16.12.2018,21,13,2,36
17.12.2018,22,12,2,36
18.12.2018,23,11,2,36
19.12.2018,23,10,2,35
20.12.2018,23,10,3,36
21.12.2018,22,11,3,36
22.12.2018,22,11,3,36
23.12.2018,22,11,3,36
24.12.2018,22,11,4,37
25.12.2018,21,12,4,37
26.12.2018,21,12,4,37
27.12.2018,21,12,4,37
28.12.2018,22,11,4,37
29.12.2018,22,11,5,38
30.12.2018,22,11,5,38
31.12.2018,22,10,4,36
01.01.2019,22,10,4,36
02.01.2019,21,11,5,37
03.01.2019,21,10,5,36
04.01.2019,21,10,6,37
05.01.2019,21,10,6,37
06.01.2019,21,10,6,37
07.01.2019,23,8,7,38
08.01.2019,23,8,6,37
09.01.2019,23,8,7,38
10.01.2019,23,8,7,38
11.01.2019,23,8,7,38
12.01.2019,23,8,7,38
13.01.2019,23,8,7,38
14.01.2019,23,7,7,37
15.01.2019,24,8,6,38
16.01.2019,24,9,5,38
17.01.2019,24,9,4,37
18.01.2019,23,10,4,37
19.01.2019,23,10,4,37
20.01.2019,23,10,4,37
21.01.2019,23,10,3,36
22.01.2019,23,10,3,36
23.01.2019,24,10,4,38
24.01.2019,24,10,4,38
25.01.2019,25,9,4,38
26.01.2019,25,9,3,37
27.01.2019,25,9,3,37
28.01.2019,26,8,4,38
29.01.2019,26,8,3,37
30.01.2019,25,9,2,36
31.01.2019,25,9,2,36
01.02.2019,25,9,2,36
02.02.2019,25,9,2,36
03.02.2019,25,9,2,36
04.02.2019,25,9,2,36
05.02.2019,26,7,2,35
06.02.2019,26,7,1,34
07.02.2019,26,8,3,37
08.02.2019,26,8,3,37
09.02.2019,26,8,3,37
10.02.2019,26,8,3,37
11.02.2019,25,11,1,37
12.02.2019,25,11,2,38
13.02.2019,25,10,2,37
14.02.2019,25,9,2,36
15.02.2019,24,10,2,36
16.02.2019,24,10,2,36
17.02.2019,24,10,2,36
18.02.2019,24,11,2,37
19.02.2019,24,10,2,36
20.02.2019,24,10,2,36
21.02.2019,24,10,2,36
22.02.2019,24,10,2,36
23.02.2019,24,11,2,37
24.02.2019,25,10,2,37
25.02.2019,25,9,3,37
26.02.2019,26,8,3,37
27.02.2019,26,8,3,37
28.02.2019,26,8,3,37
01.03.2019,26,8,3,37
02.03.2019,26,8,3,37
03.03.2019,26,8,3,37
04.03.2019,26,8,3,37
05.03.2019,26,8,3,37
06.03.2019,26,8,3,37
07.03.2019,26,8,2,36
08.03.2019,25,9,2,36
09.03.2019,25,9,2,36
10.03.2019,25,9,2,36
11.03.2019,25,8,2,35
12.03.2019,25,7,1,33
13.03.2019,25,6,1,32
14.03.2019,25,5,1,31
15.03.2019,25,5,1,31
16.03.2019,25,5,1,31
17.03.2019,25,5,1,31
18.03.2019,25,5,1,31
19.03.2019,25,6,1,32
20.03.2019,25,6,2,33
21.03.2019,25,6,3,34
22.03.2019,25,6,3,34
23.03.2019,25,6,2,33
24.03.2019,25,6,2,33
25.03.2019,25,6,2,33
26.03.2019,25,7,2,34
27.03.2019,25,6,2,33
28.03.2019,25,6,2,33
29.03.2019,25,6,2,33
30.03.2019,25,6,2,33
31.03.2019,25,6,2,33
01.04.2019,25,6,2,33
02.04.2019,25,7,2,34
03.04.2019,25,8,2,35
04.04.2019,25,8,2,35
05.04.2019,25,8,3,36
06.04.2019,25,8,3,36
07.04.2019,25,8,3,36
08.04.2019,25,8,3,36
09.04.2019,24,9,3,36
10.04.2019,25,8,3,36
11.04.2019,25,8,3,36
12.04.2019,25,8,3,36
13.04.2019,25,8,3,36
14.04.2019,25,8,3,36
15.04.2019,25,8,3,36
16.04.2019,25,8,3,36
17.04.2019,25,8,2,35
18.04.2019,25,9,1,35
19.04.2019,25,9,1,35
20.04.2019,25,9,2,36
21.04.2019,25,10,2,37
22.04.2019,25,10,2,37
23.04.2019,25,9,4,38
24.04.2019,25,11,3,39
25.04.2019,25,11,3,39
26.04.2019,25,11,3,39
27.04.2019,25,11,3,39
28.04.2019,25,11,3,39
29.04.2019,25,12,3,40
30.04.2019,24,13,3,40
01.05.2019,24,12,3,39
02.05.2019,25,11,4,40
03.05.2019,25,11,4,40
04.05.2019,25,11,4,40
05.05.2019,25,11,4,40
06.05.2019,25,12,3,40
07.05.2019,25,13,2,40
08.05.2019,25,12,2,39
09.05.2019,24,13,4,41
10.05.2019,24,14,3,41
11.05.2019,24,14,3,41
12.05.2019,24,14,3,41
13.05.2019,25,13,4,42
14.05.2019,26,12,4,42
15.05.2019,25,14,3,42
16.05.2019,25,14,2,41
17.05.2019,25,14,2,41
18.05.2019,25,14,1,40
19.05.2019,25,13,1,39
20.05.2019,25,13,1,39
21.05.2019,25,13,1,39
22.05.2019,25,12,1,38
23.05.2019,24,13,1,38
24.05.2019,24,13,1,38
25.05.2019,24,13,1,38
26.05.2019,24,13,2,39
27.05.2019,24,12,2,38
28.05.2019,24,11,3,38
29.05.2019,25,11,3,39
30.05.2019,24,12,3,39
31.05.2019,23,13,3,39
01.06.2019,23,13,3,39
02.06.2019,23,13,3,39
03.06.2019,24,12,3,39
04.06.2019,24,12,4,40
05.06.2019,24,12,4,40
06.06.2019,24,12,3,39
07.06.2019,25,10,3,38
08.06.2019,25,10,3,38
09.06.2019,25,10,3,38
10.06.2019,26,9,3,38
11.06.2019,26,9,3,38
12.06.2019,24,11,3,38
13.06.2019,24,12,2,38
14.06.2019,24,12,2,38
15.06.2019,24,12,2,38
16.06.2019,24,12,2,38
17.06.2019,24,11,2,37
18.06.2019,23,11,2,36
19.06.2019,23,10,2,35
20.06.2019,21,12,2,35
21.06.2019,23,10,2,35
22.06.2019,23,10,2,35
23.06.2019,23,10,2,35
24.06.2019,22,11,2,35
25.06.2019,22,10,2,34
26.06.2019,23,9,2,34
27.06.2019,24,9,1,34
28.06.2019,23,10,1,34
29.06.2019,23,10,1,34
30.06.2019,23,10,1,34
01.07.2019,22,11,1,34
02.07.2019,24,10,1,35
03.07.2019,23,11,1,35
04.07.2019,23,11,0,34
05.07.2019,25,9,0,34
06.07.2019,25,9,0,34
07.07.2019,25,9,0,34
08.07.2019,26,8,0,34
09.07.2019,26,8,1,35
10.07.2019,24,10,1,35
11.07.2019,24,10,1,35
12.07.2019,24,10,1,35
13.07.2019,24,10,1,35
14.07.2019,24,10,1,35
15.07.2019,25,8,1,34
16.07.2019,24,9,1,34
17.07.2019,23,10,1,34
18.07.2019,23,10,1,34
19.07.2019,24,9,1,34
20.07.2019,24,9,1,34
21.07.2019,24,9,1,34
22.07.2019,23,10,1,34
23.07.2019,24,8,1,33
24.07.2019,25,6,1,32
25.07.2019,24,7,2,33
26.07.2019,23,7,2,32
27.07.2019,23,7,2,32
28.07.2019,23,7,2,32
29.07.2019,22,8,2,32
30.07.2019,23,8,2,33
31.07.2019,23,7,2,32
01.08.2019,23,6,2,31
02.08.2019,23,6,2,31
03.08.2019,23,6,2,31
04.08.2019,23,6,2,31
05.08.2019,23,5,2,30
06.08.2019,23,5,2,30
07.08.2019,23,5,1,29
08.08.2019,23,5,2,30
09.08.2019,23,5,2,30
10.08.2019,23,5,2,30
11.08.2019,23,5,2,30
12.08.2019,23,5,2,30
13.08.2019,23,5,2,30
14.08.2019,21,7,2,30
15.08.2019,21,7,2,30
16.08.2019,22,6,2,30
17.08.2019,22,6,2,30
18.08.2019,22,6,2,30
19.08.2019,23,6,2,31
20.08.2019,23,6,2,31
21.08.2019,23,6,2,31
22.08.2019,22,7,3,32
23.08.2019,21,7,3,31
24.08.2019,21,7,4,32
25.08.2019,21,7,4,32
26.08.2019,21,8,3,32
27.08.2019,21,8,3,32
28.08.2019,21,8,4,33
29.08.2019,20,9,4,33
30.08.2019,21,8,4,33
31.08.2019,21,8,4,33
01.09.2019,21,8,4,33
02.09.2019,21,8,5,34
03.09.2019,21,8,5,34
04.09.2019,21,8,5,34
05.09.2019,21,8,5,34
06.09.2019,21,9,3,33
07.09.2019,21,9,3,33
08.09.2019,21,9,4,34
09.09.2019,21,9,5,35
10.09.2019,21,9,5,35
11.09.2019,21,9,6,36
12.09.2019,21,10,5,36
13.09.2019,21,10,5,36
14.09.2019,21,10,5,36
15.09.2019,21,10,5,36
16.09.2019,22,9,5,36
17.09.2019,22,9,5,36
18.09.2019,22,9,5,36
19.09.2019,21,10,4,35
20.09.2019,21,10,4,35
21.09.2019,21,10,3,34
22.09.2019,21,10,3,34
23.09.2019,20,11,4,35
24.09.2019,19,12,5,36
25.09.2019,20,11,4,35
26.09.2019,18,11,4,33
27.09.2019,17,11,4,32
28.09.2019,17,11,4,32
29.09.2019,17,11,4,32
30.09.2019,16,13,5,34
01.10.2019,16,13,5,34
02.10.2019,16,12,7,35
03.10.2019,17,11,7,35
04.10.2019,17,11,7,35
05.10.2019,17,11,7,35
06.10.2019,17,11,7,35
07.10.2019,17,10,7,34
08.10.2019,18,10,6,34
09.10.2019,18,9,5,32
10.10.2019,18,10,5,33
11.10.2019,18,9,6,33
12.10.2019,18,9,6,33
13.10.2019,18,9,6,33
14.10.2019,17,9,7,33
15.10.2019,17,11,5,33
16.10.2019,17,11,5,33
17.10.2019,16,12,5,33
18.10.2019,16,12,6,34
19.10.2019,16,12,6,34
20.10.2019,16,12,6,34
21.10.2019,16,13,5,34
22.10.2019,15,13,4,32
23.10.2019,17,11,4,32
24.10.2019,16,12,5,33
25.10.2019,16,12,5,33
26.10.2019,16,12,5,33
27.10.2019,16,12,5,33
28.10.2019,15,14,3,32
29.10.2019,16,13,3,32
30.10.2019,16,13,2,31
31.10.2019,16,13,2,31
01.11.2019,15,14,2,31
02.11.2019,15,14,2,31
03.11.2019,15,14,2,31
04.11.2019,16,13,4,33
05.11.2019,17,13,3,33
06.11.2019,18,12,3,33
07.11.2019,18,12,3,33
08.11.2019,18,13,3,34
09.11.2019,18,13,3,34
10.11.2019,18,13,3,34
11.11.2019,17,14,3,34
12.11.2019,18,13,3,34
13.11.2019,19,12,4,35
14.11.2019,18,12,4,34
15.11.2019,18,12,4,34
16.11.2019,18,12,4,34
17.11.2019,18,12,4,34
18.11.2019,19,11,3,33
19.11.2019,20,10,3,33
20.11.2019,20,10,4,34
21.11.2019,20,10,3,33
22.11.2019,20,10,3,33
23.11.2019,20,10,3,33
24.11.2019,20,10,3,33
25.11.2019,20,10,3,33
26.11.2019,21,10,3,34
27.11.2019,21,10,3,34
28.11.2019,21,10,3,34
29.11.2019,20,11,3,34
30.11.2019,20,11,3,34
01.12.2019,20,11,3,34
02.12.2019,19,11,3,33
03.12.2019,19,11,4,34
04.12.2019,20,11,3,34
05.12.2019,20,11,3,34
06.12.2019,20,10,3,33
07.12.2019,20,10,3,33
08.12.2019,20,10,3,33
09.12.2019,19,11,3,33
10.12.2019,19,10,5,34
11.12.2019,20,10,3,33
12.12.2019,18,11,3,32
13.12.2019,18,9,4,31
14.12.2019,18,9,4,31
15.12.2019,18,9,4,31
16.12.2019,18,9,4,31
17.12.2019,18,10,3,31
18.12.2019,20,8,3,31
19.12.2019,20,12,3,35
20.12.2019,20,12,3,35
21.12.2019,20,12,3,35
22.12.2019,20,12,3,35
23.12.2019,19,12,4,35
24.12.2019,19,11,3,33
25.12.2019,19,11,3,33
26.12.2019,19,11,3,33
27.12.2019,15,12,3,30
28.12.2019,14,12,3,29
29.12.2019,14,12,3,29
30.12.2019,14,12,3,29
31.12.2019,15,11,3,29
01.01.2020,13,11,3,27
02.01.2020,13,11,3,27
03.01.2020,12,10,3,25
04.01.2020,12,10,3,25
05.01.2020,12,10,3,25
06.01.2020,11,10,4,25
07.01.2020,11,11,2,24
08.01.2020,11,11,2,24
09.01.2020,11,12,2,25
10.01.2020,11,11,1,23
11.01.2020,11,11,1,23
12.01.2020,11,11,1,23
13.01.2020,11,12,1,24
14.01.2020,10,14,1,25
15.01.2020,12,12,1,25
16.01.2020,12,12,1,25
17.01.2020,14,9,1,24
18.01.2020,14,9,1,24
19.01.2020,14,9,1,24
20.01.2020,15,9,1,25
21.01.2020,15,10,1,26
22.01.2020,14,12,1,27
23.01.2020,14,12,1,27
24.01.2020,14,13,1,28
25.01.2020,14,13,1,28
26.01.2020,14,13,1,28
27.01.2020,14,13,1,28
28.01.2020,14,13,1,28
29.01.2020,14,14,1,29
30.01.2020,14,14,3,31
31.01.2020,14,14,4,32
01.02.2020,14,14,4,32
02.02.2020,14,14,4,32
03.02.2020,13,15,4,32
04.02.2020,13,15,4,32
05.02.2020,13,15,4,32
06.02.2020,13,15,4,32
07.02.2020,16,11,4,31
08.02.2020,16,11,4,31
09.02.2020,16,11,4,31
10.02.2020,16,11,5,32
11.02.2020,16,11,5,32
12.02.2020,18,11,4,33
13.02.2020,17,12,4,33
14.02.2020,17,12,4,33
15.02.2020,17,12,4,33
16.02.2020,17,12,4,33
17.02.2020,17,12,3,32
18.02.2020,18,12,2,32
19.02.2020,17,13,2,32
20.02.2020,17,13,2,32
21.02.2020,17,12,2,31
22.02.2020,17,12,2,31
23.02.2020,17,12,2,31
24.02.2020,16,13,2,31
25.02.2020,16,13,2,31
26.02.2020,16,13,2,31
27.02.2020,16,13,2,31
28.02.2020,15,14,1,30
29.02.2020,15,14,1,30
01.03.2020,15,14,1,30
02.03.2020,15,14,1,30
03.03.2020,14,15,2,31
04.03.2020,14,15,2,31
05.03.2020,14,16,2,32
06.03.2020,17,13,2,32
07.03.2020,17,13,2,32
08.03.2020,17,13,3,33
09.03.2020,18,12,3,33
10.03.2020,18,12,2,32
11.03.2020,18,12,2,32
12.03.2020,18,12,2,32
13.03.2020,17,11,2,30
14.03.2020,17,11,2,30
15.03.2020,17,11,2,30
16.03.2020,16,12,2,30
17.03.2020,16,11,2,29
18.03.2020,16,9,3,28
19.03.2020,16,9,2,27
20.03.2020,16,8,2,26
21.03.2020,16,8,2,26
22.03.2020,16,8,2,26
23.03.2020,15,9,2,26
24.03.2020,15,9,2,26
25.03.2020,15,9,2,26
26.03.2020,15,9,2,26
27.03.2020,14,11,2,27
28.03.2020,14,11,2,27
29.03.2020,14,11,2,27
30.03.2020,14,11,2,27
31.03.2020,12,12,1,25
01.04.2020,12,11,1,24
02.04.2020,12,11,1,24
03.04.2020,15,8,1,24
04.04.2020,15,8,1,24
05.04.2020,15,8,0,23
06.04.2020,16,6,0,22
07.04.2020,14,8,0,22
08.04.2020,13,9,0,22
09.04.2020,14,8,0,22
10.04.2020,14,8,0,22
11.04.2020,14,8,0,22
12.04.2020,14,8,0,22
13.04.2020,13,9,0,22
14.04.2020,14,8,0,22
15.04.2020,13,9,0,22
16.04.2020,14,9,0,23
17.04.2020,14,8,1,23
18.04.2020,14,8,1,23
19.04.2020,14,8,1,23
20.04.2020,14,9,1,24
21.04.2020,14,8,1,23
22.04.2020,14,8,1,23
23.04.2020,14,8,1,23
24.04.2020,13,9,1,23
25.04.2020,13,9,1,23
26.04.2020,13,9,1,23
27.04.2020,13,9,1,23
28.04.2020,13,9,1,23
29.04.2020,15,8,1,24
30.04.2020,15,8,1,24
01.05.2020,14,8,1,23
02.05.2020,14,8,1,23
03.05.2020,14,8,1,23
04.05.2020,14,8,1,23
05.05.2020,13,9,1,23
06.05.2020,13,8,1,22
07.05.2020,12,9,1,22
08.05.2020,12,9,1,22
09.05.2020,12,9,1,22
10.05.2020,12,9,2,23
11.05.2020,12,9,2,23
12.05.2020,13,7,2,22
13.05.2020,13,6,3,22
14.05.2020,13,6,3,22
15.05.2020,14,5,3,22
16.05.2020,14,5,3,22
17.05.2020,14,5,3,22
18.05.2020,14,5,3,22
19.05.2020,14,5,3,22
20.05.2020,13,6,3,22
21.05.2020,13,6,3,22
22.05.2020,13,6,3,22
23.05.2020,13,6,3,22
24.05.2020,13,6,3,22
25.05.2020,13,6,3,22
26.05.2020,13,6,3,22
27.05.2020,14,5,3,22
28.05.2020,14,5,2,21
29.05.2020,14,5,2,21
30.05.2020,14,5,2,21
31.05.2020,14,5,3,22
01.06.2020,14,5,2,21
02.06.2020,13,6,2,21
03.06.2020,13,6,1,20
04.06.2020,13,4,1,18
05.06.2020,13,4,1,18
06.06.2020,13,4,1,18
07.06.2020,13,4,0,17
08.06.2020,13,4,0,17
09.06.2020,13,4,0,17
10.06.2020,13,3,0,16
11.06.2020,13,3,0,16
12.06.2020,11,4,0,15
13.06.2020,11,4,0,15
14.06.2020,11,4,0,15
15.06.2020,11,4,0,15
16.06.2020,12,3,0,15
17.06.2020,11,4,0,15
18.06.2020,11,4,0,15
19.06.2020,11,4,0,15
20.06.2020,11,4,0,15
21.06.2020,11,4,0,15
22.06.2020,11,4,0,15
23.06.2020,11,4,0,15
24.06.2020,12,3,0,15
25.06.2020,12,4,0,16
26.06.2020,12,4,0,16
27.06.2020,12,4,0,16
28.06.2020,12,4,0,16
29.06.2020,12,4,0,16
30.06.2020,12,4,0,16
01.07.2020,14,1,0,15
02.07.2020,14,2,0,16
03.07.2020,14,2,0,16
04.07.2020,14,2,0,16
05.07.2020,14,2,0,16
06.07.2020,14,2,1,17
07.07.2020,14,3,0,17
08.07.2020,14,3,0,17
09.07.2020,14,3,0,17
10.07.2020,13,4,0,17
11.07.2020,13,4,0,17
12.07.2020,13,4,0,17
13.07.2020,14,4,1,19
14.07.2020,13,4,1,18
15.07.2020,13,5,0,18
16.07.2020,13,5,0,18
17.07.2020,13,5,0,18
18.07.2020,12,5,0,17
19.07.2020,12,5,0,17
20.07.2020,12,5,1,18
21.07.2020,12,5,1,18
22.07.2020,12,5,1,18
23.07.2020,12,5,2,19
24.07.2020,12,5,2,19
25.07.2020,12,5,2,19
26.07.2020,12,5,2,19
27.07.2020,12,5,2,19
28.07.2020,12,5,2,19
29.07.2020,12,4,3,19
30.07.2020,12,4,3,19
31.07.2020,12,4,3,19
01.08.2020,12,4,3,19
02.08.2020,12,4,3,19
03.08.2020,12,4,3,19
04.08.2020,13,3,3,19
05.08.2020,13,3,4,20
06.08.2020,13,4,3,20
07.08.2020,13,5,3,21
08.08.2020,13,5,3,21
09.08.2020,13,5,3,21
10.08.2020,13,5,4,22
11.08.2020,13,6,3,22
12.08.2020,13,6,3,22
13.08.2020,13,6,4,23
14.08.2020,13,7,3,23
15.08.2020,13,7,3,23
16.08.2020,13,7,3,23
17.08.2020,13,7,2,22
18.08.2020,13,6,2,21
19.08.2020,13,6,2,21
20.08.2020,13,6,2,21
21.08.2020,13,6,2,21
22.08.2020,13,6,2,21
23.08.2020,13,6,2,21
24.08.2020,13,7,1,21
25.08.2020,13,7,2,22
26.08.2020,13,8,2,23
27.08.2020,13,8,3,24
28.08.2020,13,10,4,27
29.08.2020,13,12,2,27
30.08.2020,13,12,2,27
31.08.2020,13,12,3,28
01.09.2020,13,12,3,28
02.09.2020,13,12,3,28
03.09.2020,15,10,3,28
04.09.2020,14,12,3,29
05.09.2020,14,12,3,29
06.09.2020,14,12,3,29
07.09.2020,14,12,2,28
08.09.2020,16,10,2,28
09.09.2020,15,11,2,28
10.09.2020,15,11,2,28
11.09.2020,15,10,2,27
12.09.2020,15,10,2,27
13.09.2020,15,10,2,27
14.09.2020,15,9,2,26
15.09.2020,15,10,2,27
16.09.2020,15,11,2,28
17.09.2020,15,11,2,28
18.09.2020,15,11,2,28
19.09.2020,15,11,2,28
20.09.2020,15,11,2,28
21.09.2020,16,10,2,28
22.09.2020,16,10,1,27
23.09.2020,16,10,1,27
24.09.2020,16,10,1,27
25.09.2020,16,9,1,26
26.09.2020,16,9,1,26
27.09.2020,16,9,1,26
28.09.2020,16,9,0,25
29.09.2020,16,9,0,25
30.09.2020,16,8,0,24
01.10.2020,17,7,0,24
02.10.2020,16,7,0,23
03.10.2020,16,7,0,23
04.10.2020,16,7,0,23
05.10.2020,15,8,0,23
06.10.2020,16,7,0,23
07.10.2020,16,7,1,24
08.10.2020,15,8,2,25
09.10.2020,15,10,1,26
10.10.2020,15,10,1,26
11.10.2020,15,10,1,26
12.10.2020,16,9,1,26
13.10.2020,16,9,1,26
14.10.2020,16,8,1,25
15.10.2020,16,8,1,25
16.10.2020,15,8,1,24
17.10.2020,15,7,1,23
18.10.2020,15,6,1,22
19.10.2020,16,7,0,23
20.10.2020,15,8,0,23
21.10.2020,15,8,0,23
22.10.2020,15,7,0,22
23.10.2020,15,7,0,22
24.10.2020,15,7,0,22
25.10.2020,15,7,0,22
26.10.2020,15,7,1,23
27.10.2020,15,8,0,23
28.10.2020,15,9,0,24
29.10.2020,15,9,0,24
30.10.2020,14,10,0,24
31.10.2020,14,10,0,24
01.11.2020,14,10,0,24
02.11.2020,16,8,0,24
03.11.2020,16,8,0,24
04.11.2020,16,6,0,22
05.11.2020,16,6,0,22
06.11.2020,14,8,0,22
07.11.2020,14,8,0,22
08.11.2020,14,8,0,22
09.11.2020,14,9,0,23
10.11.2020,14,9,0,23
11.11.2020,14,9,0,23
12.11.2020,14,9,0,23
13.11.2020,16,7,0,23
14.11.2020,16,7,1,24
15.11.2020,16,7,1,24
16.11.2020,17,6,1,24
17.11.2020,15,8,1,24
18.11.2020,16,7,1,24
19.11.2020,16,7,1,24
20.11.2020,16,6,2,24
21.11.2020,16,6,2,24
22.11.2020,16,6,2,24
23.11.2020,15,9,1,25
24.11.2020,15,9,1,25
25.11.2020,15,8,2,25
26.11.2020,16,7,2,25
27.11.2020,15,7,2,24
28.11.2020,16,7,2,25
29.11.2020,16,7,2,25
30.11.2020,16,6,2,24
01.12.2020,16,6,2,24
02.12.2020,16,5,2,23
03.12.2020,16,5,2,23
04.12.2020,15,6,2,23
05.12.2020,15,6,2,23
06.12.2020,15,6,2,23
07.12.2020,15,6,2,23
08.12.2020,14,7,3,24
09.12.2020,14,7,3,24
10.12.2020,14,7,2,23
11.12.2020,15,6,2,23
12.12.2020,15,6,1,22
13.12.2020,15,6,1,22
14.12.2020,15,5,1,21
15.12.2020,14,6,1,21
16.12.2020,14,7,1,22
17.12.2020,14,7,1,22
18.12.2020,15,6,1,22
19.12.2020,15,6,1,22
20.12.2020,15,6,1,22
21.12.2020,15,6,1,22
22.12.2020,14,5,1,20
23.12.2020,14,5,1,20
24.12.2020,14,4,1,19
25.12.2020,13,3,1,17
26.12.2020,12,4,1,17
27.12.2020,12,4,1,17
28.12.2020,12,5,3,20
29.12.2020,13,5,3,21
30.12.2020,13,4,4,21
31.12.2020,13,4,4,21
01.01.2021,13,4,4,21
02.01.2021,13,4,4,21
03.01.2021,13,5,3,21
04.01.2021,13,6,2,21
05.01.2021,13,6,1,20
06.01.2021,13,7,1,21
07.01.2021,13,7,1,21
08.01.2021,14,6,2,22
09.01.2021,14,6,2,22
10.01.2021,14,6,3,23
11.01.2021,14,6,3,23
12.01.2021,13,7,3,23
13.01.2021,13,6,2,21
14.01.2021,13,6,2,21
15.01.2021,13,5,2,20
16.01.2021,13,5,2,20
17.01.2021,13,5,2,20
18.01.2021,13,5,3,21
19.01.2021,13,5,3,21
20.01.2021,13,6,2,21
21.01.2021,14,5,2,21
22.01.2021,13,6,3,22
23.01.2021,13,6,3,22
24.01.2021,13,6,3,22
25.01.2021,13,7,4,24
26.01.2021,14,7,4,25
27.01.2021,13,8,5,26
28.01.2021,13,8,5,26
29.01.2021,13,8,5,26
30.01.2021,13,8,5,26
31.01.2021,13,8,5,26
01.02.2021,13,7,5,25
02.02.2021,13,8,4,25
03.02.2021,13,8,4,25
04.02.2021,13,8,4,25
05.02.2021,13,9,3,25
06.02.2021,13,9,3,25
07.02.2021,13,9,2,24
08.02.2021,13,10,3,26
09.02.2021,13,11,2,26
10.02.2021,13,11,3,27
11.02.2021,13,11,3,27
12.02.2021,13,11,3,27
13.02.2021,13,11,3,27
14.02.2021,13,11,3,27
15.02.2021,13,11,3,27
16.02.2021,14,10,3,27
17.02.2021,15,9,2,26
18.02.2021,16,8,2,26
19.02.2021,15,9,2,26
20.02.2021,15,9,2,26
21.02.2021,16,8,3,27
22.02.2021,16,8,4,28
23.02.2021,15,10,3,28
24.02.2021,15,10,3,28
25.02.2021,15,11,2,28
26.02.2021,15,11,2,28
27.02.2021,15,11,2,28
28.02.2021,15,11,2,28
01.03.2021,16,10,2,28
02.03.2021,17,9,3,29
03.03.2021,15,12,3,30
04.03.2021,15,12,3,30
05.03.2021,15,11,3,29
06.03.2021,15,11,3,29
07.03.2021,15,11,3,29
08.03.2021,13,12,3,28
09.03.2021,13,12,4,29
10.03.2021,13,12,2,27
11.03.2021,13,11,3,27
12.03.2021,14,11,3,28
13.03.2021,14,11,3,28
14.03.2021,14,11,3,28
15.03.2021,14,11,3,28
16.03.2021,14,11,3,28
17.03.2021,15,10,3,28
18.03.2021,16,9,3,28
19.03.2021,15,10,3,28
20.03.2021,15,10,3,28
21.03.2021,16,9,3,28
22.03.2021,15,10,3,28
23.03.2021,16,9,3,28
24.03.2021,16,10,4,30
25.03.2021,17,9,4,30
26.03.2021,17,8,4,29
27.03.2021,17,8,5,30
28.03.2021,17,8,5,30
29.03.2021,17,9,4,30
30.03.2021,18,8,4,30
31.03.2021,17,8,3,28
01.04.2021,17,9,4,30
02.04.2021,17,9,4,30
03.04.2021,17,9,4,30
04.04.2021,17,9,4,30
05.04.2021,15,11,4,30
06.04.2021,15,12,3,30
07.04.2021,15,11,4,30
08.04.2021,15,11,5,31
09.04.2021,16,10,5,31
10.04.2021,16,9,5,30
11.04.2021,16,9,5,30
12.04.2021,17,8,5,30
13.04.2021,17,8,5,30
14.04.2021,17,7,5,29
15.04.2021,17,8,5,30
16.04.2021,17,8,5,30
17.04.2021,17,8,5,30
18.04.2021,17,8,5,30
19.04.2021,16,10,5,31
20.04.2021,17,9,5,31
21.04.2021,17,9,4,30
22.04.2021,17,9,4,30
23.04.2021,17,10,3,30
24.04.2021,17,10,2,29
25.04.2021,17,10,3,30
26.04.2021,17,10,5,32
27.04.2021,18,9,7,34
28.04.2021,17,12,5,34
29.04.2021,17,10,6,33
30.04.2021,18,11,6,35
01.05.2021,18,12,5,35
02.05.2021,18,12,5,35
03.05.2021,16,15,4,35
04.05.2021,15,16,5,36
05.05.2021,15,16,4,35
06.05.2021,16,16,2,34
07.05.2021,16,15,2,33
08.05.2021,16,15,2,33
09.05.2021,16,15,2,33
10.05.2021,16,15,2,33
11.05.2021,16,15,2,33
12.05.2021,17,14,2,33
13.05.2021,16,15,2,33
14.05.2021,14,17,2,33
15.05.2021,14,17,2,33
16.05.2021,14,17,2,33
17.05.2021,15,16,2,33
18.05.2021,15,16,3,34
19.05.2021,15,17,3,35
20.05.2021,15,17,5,37
21.05.2021,16,16,5,37
22.05.2021,16,16,5,37
23.05.2021,16,16,5,37
24.05.2021,14,18,5,37
25.05.2021,15,17,4,36
26.05.2021,15,18,3,36
27.05.2021,15,17,4,36
28.05.2021,16,16,5,37
29.05.2021,16,16,5,37
30.05.2021,17,14,5,36
31.05.2021,17,14,5,36
01.06.2021,17,15,4,36
02.06.2021,17,15,4,36
03.06.2021,16,16,4,36
04.06.2021,16,16,4,36
05.06.2021,16,17,3,36
06.06.2021,16,15,3,34
07.06.2021,17,12,3,32
08.06.2021,16,14,3,33
09.06.2021,16,13,3,32
10.06.2021,16,13,3,32
11.06.2021,17,10,3,30
12.06.2021,17,10,3,30
13.06.2021,17,10,3,30
14.06.2021,16,10,3,29
15.06.2021,17,8,2,27
16.06.2021,16,9,3,28
17.06.2021,17,8,3,28
18.06.2021,17,8,3,28
19.06.2021,17,8,3,28
20.06.2021,17,8,3,28
21.06.2021,16,9,2,27
22.06.2021,16,9,2,27
23.06.2021,15,9,3,27
24.06.2021,15,8,3,26
25.06.2021,16,7,3,26
26.06.2021,16,7,3,26
27.06.2021,17,6,4,27
28.06.2021,17,6,4,27
29.06.2021,17,5,4,26
30.06.2021,17,6,4,27
01.07.2021,17,7,3,27
02.07.2021,17,9,3,29
03.07.2021,17,8,3,28
04.07.2021,17,8,3,28
05.07.2021,16,9,3,28
06.07.2021,16,10,3,29
07.07.2021,16,11,3,30
08.07.2021,16,11,3,30
09.07.2021,17,10,3,30
10.07.2021,17,10,3,30
11.07.2021,17,10,3,30
12.07.2021,16,11,3,30
13.07.2021,17,10,5,32
14.07.2021,16,11,4,31
15.07.2021,17,11,4,32
16.07.2021,17,12,4,33
17.07.2021,17,12,4,33
18.07.2021,17,12,4,33
19.07.2021,16,13,6,35
20.07.2021,15,14,6,35
21.07.2021,14,15,5,34
22.07.2021,14,15,5,34
23.07.2021,14,15,5,34
24.07.2021,14,15,5,34
25.07.2021,14,15,4,33
26.07.2021,14,14,4,32
27.07.2021,14,14,4,32
28.07.2021,14,14,4,32
29.07.2021,14,15,4,33
30.07.2021,14,15,4,33
31.07.2021,14,15,3,32
01.08.2021,14,15,3,32
02.08.2021,14,14,3,31
03.08.2021,14,14,3,31
04.08.2021,14,14,3,31
05.08.2021,14,13,3,30
06.08.2021,15,11,4,30
07.08.2021,15,11,4,30
08.08.2021,15,11,4,30
09.08.2021,14,12,4,30
10.08.2021,15,11,3,29
11.08.2021,13,13,3,29
12.08.2021,15,11,2,28
13.08.2021,15,11,2,28
14.08.2021,15,11,2,28
15.08.2021,15,11,2,28
16.08.2021,15,12,0,27
17.08.2021,14,12,0,26
18.08.2021,14,12,0,26
19.08.2021,13,13,1,27
20.08.2021,14,13,2,29
21.08.2021,15,12,2,29
22.08.2021,15,12,2,29
23.08.2021,15,12,2,29
24.08.2021,14,13,4,31
25.08.2021,13,14,3,30
26.08.2021,13,13,3,29
27.08.2021,13,13,4,30
28.08.2021,13,13,5,31
29.08.2021,13,12,5,30
30.08.2021,14,12,6,32
31.08.2021,14,15,4,33
01.09.2021,14,15,5,34
02.09.2021,14,16,4,34
03.09.2021,14,16,4,34
04.09.2021,14,16,4,34
05.09.2021,14,16,4,34
06.09.2021,14,17,4,35
07.09.2021,13,18,4,35
08.09.2021,14,17,5,36
09.09.2021,15,16,5,36
10.09.2021,15,17,4,36
11.09.2021,15,17,4,36
12.09.2021,15,17,5,37
13.09.2021,15,17,5,37
14.09.2021,15,17,5,37
15.09.2021,15,17,5,37
16.09.2021,14,17,5,36
17.09.2021,14,16,4,34
18.09.2021,15,16,3,34
19.09.2021,15,16,3,34
20.09.2021,15,16,3,34
21.09.2021,14,18,2,34
22.09.2021,13,19,1,33
23.09.2021,12,19,2,33
24.09.2021,12,17,1,30
25.09.2021,12,17,0,29
26.09.2021,13,16,0,29
27.09.2021,14,15,0,29
28.09.2021,14,15,0,29
29.09.2021,13,16,0,29
30.09.2021,16,13,0,29
01.10.2021,15,14,1,30
02.10.2021,15,14,1,30
03.10.2021,15,14,1,30
04.10.2021,14,16,0,30
05.10.2021,16,14,0,30
06.10.2021,15,15,1,31
07.10.2021,15,14,1,30
08.10.2021,15,14,1,30
09.10.2021,15,13,1,29
10.10.2021,14,13,1,28
11.10.2021,16,11,1,28
12.10.2021,16,11,1,28
13.10.2021,16,12,1,29
14.10.2021,17,12,1,30
15.10.2021,17,12,1,30
16.10.2021,17,12,1,30
17.10.2021,17,12,1,30
18.10.2021,17,12,1,30
19.10.2021,16,13,1,30
20.10.2021,17,12,1,30
21.10.2021,17,11,1,29
22.10.2021,17,11,1,29
23.10.2021,18,10,1,29
24.10.2021,18,10,1,29
25.10.2021,18,9,1,28
26.10.2021,18,9,1,28
27.10.2021,18,9,1,28
28.10.2021,19,9,1,29
29.10.2021,18,10,1,29
30.10.2021,18,10,1,29
31.10.2021,17,11,1,29
01.11.2021,18,10,1,29
02.11.2021,20,7,2,29
03.11.2021,19,8,1,28
04.11.2021,21,7,1,29
05.11.2021,22,6,1,29
06.11.2021,22,6,1,29
07.11.2021,22,6,1,29
08.11.2021,23,5,1,29
09.11.2021,23,5,1,29
10.11.2021,23,5,1,29
11.11.2021,23,5,1,29
12.11.2021,23,5,1,29
13.11.2021,23,5,1,29
14.11.2021,23,5,1,29
15.11.2021,23,5,1,29
16.11.2021,22,6,2,30
17.11.2021,22,5,2,29
18.11.2021,22,5,2,29
19.11.2021,20,7,2,29
20.11.2021,20,7,2,29
21.11.2021,20,7,2,29
22.11.2021,20,7,2,29
23.11.2021,21,6,2,29
24.11.2021,21,6,2,29
25.11.2021,21,6,2,29
26.11.2021,20,7,2,29
27.11.2021,20,7,2,29
28.11.2021,20,7,2,29
29.11.2021,20,7,3,30
30.11.2021,20,6,3,29
01.12.2021,19,7,3,29
02.12.2021,20,6,3,29
03.12.2021,20,7,2,29
04.12.2021,20,7,2,29
05.12.2021,20,7,2,29
06.12.2021,20,7,2,29
07.12.2021,20,7,2,29
08.12.2021,20,7,2,29
09.12.2021,20,8,3,31
10.12.2021,21,8,2,31
11.12.2021,20,9,2,31
12.12.2021,20,9,2,31
13.12.2021,20,9,3,32
14.12.2021,19,10,2,31
15.12.2021,19,10,2,31
16.12.2021,18,11,3,32
17.12.2021,17,14,1,32
18.12.2021,17,14,1,32
19.12.2021,17,14,1,32
20.12.2021,18,13,1,32
21.12.2021,18,13,1,32
22.12.2021,19,12,1,32
23.12.2021,18,12,1,31
24.12.2021,18,12,1,31
25.12.2021,18,12,1,31
26.12.2021,18,11,1,30
27.12.2021,18,11,1,30
28.12.2021,18,11,1,30
29.12.2021,18,10,1,29
30.12.2021,19,9,1,29
31.12.2021,19,8,1,28
01.01.2022,19,8,1,28
02.01.2022,19,8,1,28
03.01.2022,19,8,1,28
04.01.2022,18,8,2,28
05.01.2022,17,7,2,26
06.01.2022,16,7,2,25
07.01.2022,16,7,2,25
08.01.2022,16,7,2,25
09.01.2022,16,7,2,25
10.01.2022,16,8,2,26
11.01.2022,16,8,2,26
12.01.2022,17,9,1,27
13.01.2022,16,10,1,27
14.01.2022,18,9,1,28
15.01.2022,18,9,1,28
16.01.2022,17,10,1,28
17.01.2022,17,11,1,29
18.01.2022,17,11,2,30
19.01.2022,18,10,2,30
20.01.2022,19,9,2,30
21.01.2022,19,10,2,31
22.01.2022,19,10,3,32
23.01.2022,19,10,3,32
24.01.2022,19,10,3,32
25.01.2022,17,12,3,32
26.01.2022,18,11,3,32
27.01.2022,18,11,3,32
28.01.2022,18,11,3,32
29.01.2022,18,12,2,32
30.01.2022,18,12,3,33
31.01.2022,18,12,4,34
01.02.2022,18,13,5,36
02.02.2022,18,14,3,35
03.02.2022,18,14,3,35
04.02.2022,19,13,3,35
05.02.2022,18,14,3,35
06.02.2022,17,15,3,35
07.02.2022,17,15,3,35
08.02.2022,17,15,3,35
09.02.2022,18,14,3,35
10.02.2022,18,14,3,35
11.02.2022,18,12,3,33
12.02.2022,18,12,3,33
13.02.2022,17,13,3,33
14.02.2022,16,14,3,33
15.02.2022,15,15,2,32
16.02.2022,14,15,2,31
17.02.2022,13,16,2,31
18.02.2022,12,17,3,32
19.02.2022,13,16,3,32
20.02.2022,13,16,3,32
21.02.2022,14,15,3,32
22.02.2022,13,18,2,33
23.02.2022,13,18,2,33
24.02.2022,14,17,2,33
25.02.2022,14,17,2,33
26.02.2022,14,17,2,33
27.02.2022,14,17,2,33
28.02.2022,13,17,1,31
01.03.2022,12,18,0,30
02.03.2022,13,17,0,30
03.03.2022,13,17,0,30
04.03.2022,14,16,0,30
05.03.2022,14,16,0,30
06.03.2022,13,16,0,29
07.03.2022,15,14,0,29
08.03.2022,14,15,0,29
09.03.2022,14,14,0,28
10.03.2022,15,13,0,28
11.03.2022,16,11,1,28
12.03.2022,16,11,1,28
13.03.2022,16,12,0,28
14.03.2022,16,12,0,28
15.03.2022,15,14,0,29
16.03.2022,15,14,0,29
17.03.2022,15,14,0,29
18.03.2022,15,14,0,29
19.03.2022,15,14,0,29
20.03.2022,15,14,0,29
21.03.2022,16,14,0,30
22.03.2022,14,16,0,30
23.03.2022,14,14,0,28
24.03.2022,15,13,0,28
25.03.2022,15,13,0,28
26.03.2022,15,13,0,28
27.03.2022,15,13,0,28
28.03.2022,15,14,0,29
29.03.2022,14,15,0,29
30.03.2022,13,16,0,29
31.03.2022,13,16,0,29
01.04.2022,14,15,0,29
02.04.2022,14,15,0,29
03.04.2022,14,15,0,29
04.04.2022,16,13,0,29
05.04.2022,16,13,0,29
06.04.2022,17,13,0,30
07.04.2022,18,12,0,30
08.04.2022,18,12,0,30
09.04.2022,18,12,0,30
10.04.2022,18,12,0,30
11.04.2022,18,11,1,30
12.04.2022,16,12,2,30
13.04.2022,15,13,2,30
14.04.2022,17,12,1,30
15.04.2022,16,13,1,30
16.04.2022,15,14,1,30
17.04.2022,15,14,1,30
18.04.2022,16,13,1,30
19.04.2022,16,13,1,30
20.04.2022,16,13,2,31
21.04.2022,16,14,1,31
22.04.2022,16,14,3,33
23.04.2022,16,14,3,33
24.04.2022,16,14,3,33
25.04.2022,16,14,3,33
26.04.2022,16,15,1,32
27.04.2022,16,15,0,31
28.04.2022,15,16,0,31
29.04.2022,16,15,0,31
30.04.2022,16,15,0,31
01.05.2022,15,16,0,31
02.05.2022,15,17,0,32
03.05.2022,16,15,0,31
04.05.2022,16,15,0,31
05.05.2022,16,16,0,32
06.05.2022,16,17,0,33
07.05.2022,16,17,0,33
08.05.2022,16,17,0,33
09.05.2022,15,18,0,33
10.05.2022,15,20,0,35
11.05.2022,13,22,0,35
12.05.2022,15,20,0,35
13.05.2022,14,20,0,34
14.05.2022,13,20,0,33
15.05.2022,13,20,0,33
16.05.2022,15,18,0,33
17.05.2022,14,18,0,32
18.05.2022,14,18,0,32
19.05.2022,14,18,0,32
20.05.2022,14,18,0,32
21.05.2022,14,18,0,32
22.05.2022,14,18,0,32
23.05.2022,13,19,0,32
24.05.2022,14,18,0,32
25.05.2022,15,17,0,32
26.05.2022,13,18,1,32
27.05.2022,13,18,1,32
28.05.2022,14,17,1,32
29.05.2022,12,19,1,32
30.05.2022,12,19,1,32
31.05.2022,13,18,1,32
01.06.2022,13,18,1,32
02.06.2022,13,18,1,32
03.06.2022,13,18,1,32
04.06.2022,13,18,1,32
05.06.2022,13,18,1,32
06.06.2022,13,18,1,32
07.06.2022,14,16,1,31
08.06.2022,13,18,0,31
09.06.2022,14,16,0,30
10.06.2022,14,16,0,30
11.06.2022,13,17,0,30
12.06.2022,13,17,0,30
13.06.2022,17,13,0,30
14.06.2022,15,13,0,28
15.06.2022,16,12,0,28
16.06.2022,15,13,0,28
17.06.2022,14,15,0,29
18.06.2022,14,15,0,29
19.06.2022,14,15,0,29
20.06.2022,14,16,1,31
21.06.2022,15,16,0,31
22.06.2022,16,15,0,31
23.06.2022,15,16,0,31
24.06.2022,15,16,0,31
25.06.2022,15,16,0,31
26.06.2022,14,17,0,31
27.06.2022,14,17,1,32
28.06.2022,15,16,1,32
29.06.2022,15,16,1,32
30.06.2022,15,15,1,31
01.07.2022,15,15,1,31
02.07.2022,15,15,1,31
03.07.2022,15,15,1,31
04.07.2022,15,16,1,32
05.07.2022,16,14,1,31
06.07.2022,18,11,2,31
07.07.2022,16,15,0,31
08.07.2022,16,15,0,31
09.07.2022,16,15,0,31
10.07.2022,16,15,0,31
11.07.2022,16,15,0,31
12.07.2022,16,15,0,31
13.07.2022,17,14,0,31
14.07.2022,16,15,0,31
15.07.2022,16,15,0,31
16.07.2022,16,15,0,31
17.07.2022,16,15,0,31
18.07.2022,17,14,0,31
19.07.2022,17,14,0,31
20.07.2022,17,14,1,32
21.07.2022,15,17,0,32
22.07.2022,14,17,0,31
23.07.2022,14,17,0,31
24.07.2022,14,17,0,31
25.07.2022,14,17,0,31
26.07.2022,15,16,0,31
27.07.2022,15,16,0,31
28.07.2022,15,16,1,32
29.07.2022,15,16,1,32
30.07.2022,15,16,1,32
31.07.2022,15,16,1,32
01.08.2022,16,15,2,33
02.08.2022,16,16,1,33
03.08.2022,17,15,1,33
04.08.2022,16,17,0,33
05.08.2022,16,17,0,33
06.08.2022,16,17,0,33
07.08.2022,16,17,0,33
08.08.2022,17,16,1,34
09.08.2022,17,16,1,34
10.08.2022,17,15,1,33
11.08.2022,16,16,1,33
12.08.2022,17,15,2,34
13.08.2022,17,15,2,34
14.08.2022,17,15,2,34
15.08.2022,17,15,2,34
16.08.2022,17,16,2,35
17.08.2022,19,15,1,35
18.08.2022,20,14,2,36
19.08.2022,19,15,2,36
20.08.2022,19,15,2,36
21.08.2022,19,15,2,36
22.08.2022,18,16,2,36
23.08.2022,20,14,2,36
24.08.2022,20,14,2,36
25.08.2022,20,14,5,39
26.08.2022,18,17,4,39
27.08.2022,18,17,4,39
28.08.2022,18,17,4,39
29.08.2022,18,17,5,40
30.08.2022,19,15,6,40
31.08.2022,20,16,4,40
01.09.2022,20,17,4,41
02.09.2022,19,18,5,42
03.09.2022,19,18,5,42
04.09.2022,19,18,5,42
05.09.2022,20,18,3,41
06.09.2022,21,18,2,41
07.09.2022,21,18,2,41
08.09.2022,21,18,2,41
09.09.2022,21,17,2,40
10.09.2022,21,17,2,40
11.09.2022,21,17,2,40
12.09.2022,22,16,2,40
13.09.2022,21,16,2,39
14.09.2022,22,15,2,39
15.09.2022,22,15,2,39
16.09.2022,20,17,2,39
17.09.2022,20,17,2,39
18.09.2022,20,17,2,39
19.09.2022,20,17,3,40
20.09.2022,21,16,4,41
21.09.2022,21,16,4,41
22.09.2022,22,15,3,40
23.09.2022,23,14,3,40
24.09.2022,23,14,3,40
25.09.2022,23,14,3,40
26.09.2022,23,14,2,39
27.09.2022,23,14,2,39
28.09.2022,24,13,3,40
29.09.2022,24,13,3,40
30.09.2022,23,14,3,40
01.10.2022,23,14,3,40
02.10.2022,23,14,3,40
03.10.2022,23,14,3,40
04.10.2022,25,13,3,41
05.10.2022,24,14,3,41
06.10.2022,24,15,2,41
07.10.2022,26,14,1,41
08.10.2022,26,14,2,42
09.10.2022,26,14,2,42
10.10.2022,26,14,2,42
11.10.2022,26,14,2,42
12.10.2022,27,13,3,43
13.10.2022,26,15,2,43
14.10.2022,25,16,2,43
15.10.2022,25,16,2,43
16.10.2022,25,16,2,43
17.10.2022,26,15,2,43
18.10.2022,26,15,1,42
19.10.2022,26,15,1,42
20.10.2022,25,15,2,42
21.10.2022,27,13,2,42
22.10.2022,27,13,2,42
23.10.2022,27,13,2,42
24.10.2022,27,14,1,42
25.10.2022,26,14,1,41
26.10.2022,26,14,1,41
27.10.2022,26,14,1,41
28.10.2022,25,15,1,41
29.10.2022,25,15,1,41
30.10.2022,25,15,1,41
31.10.2022,25,16,1,42
01.11.2022,26,14,1,41
02.11.2022,26,14,1,41
03.11.2022,28,12,1,41
04.11.2022,28,12,1,41
05.11.2022,28,12,1,41
06.11.2022,28,12,1,41
07.11.2022,29,11,3,43
08.11.2022,27,15,2,44
09.11.2022,28,14,2,44
10.11.2022,27,14,2,43
11.11.2022,27,14,2,43
12.11.2022,27,14,2,43
13.11.2022,27,14,2,43
14.11.2022,26,14,3,43
15.11.2022,26,14,3,43
16.11.2022,27,13,3,43
17.11.2022,26,15,2,43
18.11.2022,26,15,3,44
19.11.2022,26,15,3,44
20.11.2022,26,15,3,44
21.11.2022,26,15,2,43
22.11.2022,26,15,2,43
23.11.2022,27,14,3,44
24.11.2022,27,14,3,44
25.11.2022,24,15,3,42
26.11.2022,24,15,3,42
27.11.2022,24,15,3,42
28.11.2022,24,15,3,42
29.11.2022,24,14,3,41
30.11.2022,23,15,3,41
01.12.2022,24,16,3,43
02.12.2022,25,15,3,43
03.12.2022,25,15,4,44
04.12.2022,25,16,5,46
05.12.2022,26,16,3,45
06.12.2022,26,17,3,46
07.12.2022,26,17,3,46
08.12.2022,26,18,4,48
09.12.2022,26,18,5,49
10.12.2022,26,18,5,49
11.12.2022,26,18,5,49
12.12.2022,26,19,3,48
13.12.2022,25,19,3,47
14.12.2022,25,19,3,47
15.12.2022,25,18,3,46
16.12.2022,24,19,3,46
17.12.2022,24,19,3,46
18.12.2022,24,19,3,46
19.12.2022,23,18,3,44
20.12.2022,22,18,3,43
21.12.2022,22,17,2,41
22.12.2022,22,16,2,40
23.12.2022,22,15,2,39
24.12.2022,22,15,2,39
25.12.2022,22,15,2,39
26.12.2022,22,15,2,39
27.12.2022,23,14,3,40
28.12.2022,23,13,3,39
29.12.2022,21,14,3,38
30.12.2022,22,13,3,38
31.12.2022,22,13,3,38
01.01.2023,22,13,2,37
02.01.2023,21,14,2,37
03.01.2023,21,13,2,36
04.01.2023,21,13,2,36
05.01.2023,22,12,2,36
06.01.2023,21,13,1,35
07.01.2023,21,13,1,35
08.01.2023,21,12,1,34
09.01.2023,21,12,0,33
10.01.2023,21,12,0,33
11.01.2023,20,13,0,33
12.01.2023,20,14,1,35
13.01.2023,20,15,1,36
14.01.2023,20,15,1,36
15.01.2023,21,14,1,36
16.01.2023,21,14,1,36
17.01.2023,21,12,1,34
18.01.2023,22,12,1,35
19.01.2023,22,12,2,36
20.01.2023,22,13,3,38
21.01.2023,22,13,3,38
22.01.2023,22,13,3,38
23.01.2023,23,15,4,42
24.01.2023,24,16,3,43
25.01.2023,22,19,2,43
26.01.2023,20,21,2,43
27.01.2023,20,21,2,43
28.01.2023,20,21,2,43
29.01.2023,20,22,2,44
30.01.2023,19,23,2,44
31.01.2023,19,23,2,44
01.02.2023,20,22,2,44
02.02.2023,21,21,2,44
03.02.2023,20,23,2,45
04.02.2023,20,23,2,45
05.02.2023,20,23,2,45
06.02.2023,20,22,2,44
07.02.2023,19,24,2,45
08.02.2023,20,23,2,45
09.02.2023,20,23,1,44
10.02.2023,20,22,1,43
11.02.2023,21,22,1,44
12.02.2023,22,21,1,44
13.02.2023,23,20,1,44
14.02.2023,24,19,1,44
15.02.2023,25,18,1,44
16.02.2023,24,18,1,43
17.02.2023,23,17,2,42
18.02.2023,23,17,2,42
19.02.2023,23,18,1,42
20.02.2023,21,19,1,41
21.02.2023,23,19,1,43
22.02.2023,22,20,1,43
23.02.2023,22,20,1,43
24.02.2023,22,20,1,43
25.02.2023,22,20,1,43
26.02.2023,22,19,1,42
27.02.2023,21,19,1,41
28.02.2023,21,19,1,41
01.03.2023,22,18,1,41
02.03.2023,24,17,2,43
03.03.2023,23,20,1,44
04.03.2023,23,20,1,44
05.03.2023,23,20,1,44
06.03.2023,24,20,0,44
07.03.2023,21,23,0,44
08.03.2023,20,24,0,44
09.03.2023,18,26,0,44
10.03.2023,18,26,0,44
11.03.2023,18,26,0,44
12.03.2023,19,25,0,44
13.03.2023,19,25,0,44
14.03.2023,20,24,0,44
15.03.2023,21,22,0,43
16.03.2023,21,22,0,43
17.03.2023,21,22,0,43
18.03.2023,21,22,0,43
19.03.2023,21,22,0,43
20.03.2023,22,21,0,43
21.03.2023,21,21,1,43
22.03.2023,20,21,2,43
23.03.2023,21,20,0,41
24.03.2023,23,18,0,41
25.03.2023,23,18,0,41
26.03.2023,24,17,0,41
27.03.2023,23,17,0,40
28.03.2023,23,16,0,39
29.03.2023,21,18,0,39
30.03.2023,21,18,0,39
31.03.2023,21,18,0,39
01.04.2023,22,17,0,39
02.04.2023,22,17,0,39
03.04.2023,23,16,0,39
04.04.2023,21,18,1,40
05.04.2023,21,19,0,40
06.04.2023,20,21,0,41
07.04.2023,20,20,0,40
08.04.2023,21,19,0,40
09.04.2023,21,19,0,40
10.04.2023,22,17,0,39
11.04.2023,22,18,0,40
12.04.2023,22,18,0,40
13.04.2023,22,17,0,39
14.04.2023,22,17,0,39
15.04.2023,22,17,0,39
16.04.2023,22,17,0,39
17.04.2023,23,17,0,40
18.04.2023,21,18,0,39
19.04.2023,21,18,0,39
20.04.2023,22,17,0,39
21.04.2023,21,17,0,38
22.04.2023,21,17,0,38
23.04.2023,22,16,0,38
24.04.2023,22,15,0,37
25.04.2023,23,15,0,38
26.04.2023,22,16,0,38
27.04.2023,22,15,0,37
28.04.2023,22,15,0,37
29.04.2023,22,15,0,37
30.04.2023,22,15,0,37
01.05.2023,22,13,0,35
02.05.2023,20,15,0,35
03.05.2023,21,12,0,33
04.05.2023,20,12,1,33
05.05.2023,20,12,1,33
06.05.2023,21,11,1,33
07.05.2023,21,11,1,33
08.05.2023,21,11,1,33
09.05.2023,20,13,1,34
10.05.2023,20,12,2,34
11.05.2023,20,13,1,34
12.05.2023,20,14,1,35
13.05.2023,20,14,1,35
14.05.2023,20,14,1,35
15.05.2023,21,14,1,36
16.05.2023,19,16,1,36
17.05.2023,19,16,2,37
18.05.2023,19,16,2,37
19.05.2023,19,16,2,37
20.05.2023,19,16,2,37
21.05.2023,20,15,2,37
22.05.2023,20,16,2,38
23.05.2023,21,15,2,38
24.05.2023,20,16,2,38
25.05.2023,20,16,2,38
26.05.2023,19,17,2,38
27.05.2023,19,17,2,38
28.05.2023,19,17,2,38
29.05.2023,19,17,2,38
30.05.2023,18,18,2,38
31.05.2023,20,16,2,38
01.06.2023,19,17,1,37
02.06.2023,19,17,1,37
03.06.2023,19,17,1,37
04.06.2023,19,17,1,37
05.06.2023,20,16,2,38
06.06.2023,19,17,3,39
07.06.2023,19,17,4,40
08.06.2023,19,17,4,40
09.06.2023,20,16,4,40
10.06.2023,20,16,4,40
11.06.2023,20,16,4,40
12.06.2023,21,15,4,40
13.06.2023,21,15,4,40
14.06.2023,23,13,3,39
15.06.2023,24,12,3,39
16.06.2023,24,12,3,39
17.06.2023,24,12,3,39
18.06.2023,24,12,3,39
19.06.2023,24,12,3,39
20.06.2023,24,12,3,39
21.06.2023,23,12,3,38
22.06.2023,24,11,3,38
23.06.2023,23,12,3,38
24.06.2023,23,13,3,39
25.06.2023,23,13,3,39
26.06.2023,25,11,3,39
27.06.2023,23,13,3,39
28.06.2023,22,16,3,41
29.06.2023,21,16,3,40
30.06.2023,21,16,3,40
01.07.2023,21,16,3,40
02.07.2023,21,16,3,40
03.07.2023,20,17,3,40
04.07.2023,19,18,2,39
05.07.2023,18,19,2,39
06.07.2023,18,21,3,42
07.07.2023,18,22,3,43
08.07.2023,18,22,3,43
09.07.2023,18,22,3,43
10.07.2023,19,21,3,43
11.07.2023,19,21,3,43
12.07.2023,20,20,5,45
13.07.2023,21,20,4,45
14.07.2023,21,21,3,45
15.07.2023,21,21,3,45
16.07.2023,21,21,3,45
17.07.2023,21,21,3,45
18.07.2023,21,21,4,46
19.07.2023,21,20,3,44
20.07.2023,23,18,3,44
21.07.2023,22,19,3,44
22.07.2023,22,19,3,44
23.07.2023,22,19,3,44
24.07.2023,24,17,3,44
25.07.2023,25,17,3,45
26.07.2023,24,18,3,45
27.07.2023,23,18,3,44
28.07.2023,22,19,3,44
29.07.2023,22,19,3,44
30.07.2023,22,19,3,44
31.07.2023,22,20,2,44
01.08.2023,22,20,2,44
02.08.2023,21,21,2,44
03.08.2023,22,20,2,44
04.08.2023,21,21,2,44
05.08.2023,21,21,2,44
06.08.2023,21,21,2,44
07.08.2023,21,21,2,44
08.08.2023,21,21,2,44
09.08.2023,23,19,1,43
10.08.2023,22,19,1,42
11.08.2023,23,19,1,43
12.08.2023,23,19,1,43
13.08.2023,23,19,1,43
14.08.2023,23,19,1,43
15.08.2023,23,18,0,41
16.08.2023,22,19,0,41
17.08.2023,24,17,0,41
18.08.2023,23,18,0,41
19.08.2023,25,16,0,41
20.08.2023,25,16,0,41
21.08.2023,26,15,0,41
22.08.2023,25,16,0,41
23.08.2023,24,17,0,41
24.08.2023,23,18,0,41
25.08.2023,23,18,0,41
26.08.2023,23,18,0,41
27.08.2023,23,18,0,41
28.08.2023,22,19,0,41
29.08.2023,20,21,0,41
30.08.2023,19,22,0,41
31.08.2023,20,21,1,42
01.09.2023,19,22,1,42
02.09.2023,19,22,1,42
03.09.2023,20,21,1,42
04.09.2023,19,22,1,42
05.09.2023,19,22,1,42
06.09.2023,20,21,1,42
07.09.2023,19,21,1,41
08.09.2023,20,20,1,41
09.09.2023,20,20,1,41
10.09.2023,20,20,1,41
11.09.2023,20,20,1,41
12.09.2023,20,19,1,40
13.09.2023,20,18,1,39
14.09.2023,19,18,1,38
15.09.2023,18,19,1,38
16.09.2023,20,17,1,38
17.09.2023,20,17,1,38
18.09.2023,20,17,1,38
19.09.2023,19,18,1,38
20.09.2023,19,18,1,38
21.09.2023,19,18,1,38
22.09.2023,20,17,1,38
23.09.2023,20,17,1,38
24.09.2023,20,17,1,38
25.09.2023,20,17,1,38
26.09.2023,21,16,1,38
27.09.2023,22,16,1,39
28.09.2023,22,16,0,38
29.09.2023,22,16,0,38
30.09.2023,22,16,0,38
01.10.2023,22,16,0,38
