neo,,,,
Date, Full Time, Part Time, One Time, Total
01.01.2015,0,1,1,2
02.01.2015,0,1,1,2
03.01.2015,0,1,1,2
04.01.2015,0,1,1,2
05.01.2015,0,1,1,2
06.01.2015,0,1,1,2
07.01.2015,0,1,1,2
08.01.2015,0,1,1,2
09.01.2015,0,1,1,2
10.01.2015,0,1,1,2
11.01.2015,0,1,1,2
12.01.2015,0,1,1,2
13.01.2015,0,1,1,2
14.01.2015,0,1,1,2
15.01.2015,0,1,1,2
16.01.2015,0,1,1,2
17.01.2015,0,1,1,2
18.01.2015,0,1,1,2
19.01.2015,0,1,1,2
20.01.2015,0,1,1,2
21.01.2015,0,1,1,2
22.01.2015,0,1,1,2
23.01.2015,0,1,1,2
24.01.2015,0,1,1,2
25.01.2015,0,1,1,2
26.01.2015,0,1,1,2
27.01.2015,0,2,0,2
28.01.2015,0,2,0,2
29.01.2015,0,1,0,1
30.01.2015,0,1,0,1
31.01.2015,0,1,0,1
01.02.2015,0,1,0,1
02.02.2015,0,1,0,1
03.02.2015,0,1,0,1
04.02.2015,0,1,0,1
05.02.2015,0,1,0,1
06.02.2015,0,1,0,1
07.02.2015,0,1,0,1
08.02.2015,0,1,0,1
09.02.2015,0,1,0,1
10.02.2015,0,1,0,1
11.02.2015,0,1,0,1
12.02.2015,0,1,0,1
13.02.2015,0,1,0,1
14.02.2015,0,1,0,1
15.02.2015,0,1,0,1
16.02.2015,0,1,0,1
17.02.2015,0,1,0,1
18.02.2015,0,1,0,1
19.02.2015,0,1,0,1
20.02.2015,0,1,0,1
21.02.2015,0,1,0,1
22.02.2015,0,1,0,1
23.02.2015,0,1,0,1
27.02.2015,0,1,0,1
28.02.2015,0,1,0,1
01.03.2015,0,1,0,1
02.03.2015,0,1,0,1
03.03.2015,0,1,0,1
04.03.2015,0,1,0,1
05.03.2015,0,1,0,1
06.03.2015,0,1,0,1
07.03.2015,0,1,0,1
08.03.2015,0,1,0,1
09.03.2015,0,1,0,1
10.03.2015,0,1,0,1
11.03.2015,0,1,0,1
12.03.2015,0,1,0,1
13.03.2015,0,1,0,1
14.03.2015,0,1,0,1
15.03.2015,0,1,0,1
16.03.2015,0,1,0,1
17.03.2015,0,1,0,1
18.03.2015,0,1,0,1
19.03.2015,0,1,0,1
20.03.2015,0,1,0,1
21.03.2015,0,1,0,1
22.03.2015,0,1,0,1
23.03.2015,0,1,0,1
24.03.2015,0,1,0,1
25.03.2015,0,1,0,1
26.03.2015,0,1,0,1
27.03.2015,0,1,0,1
28.03.2015,0,1,0,1
29.03.2015,0,1,0,1
30.03.2015,0,1,0,1
31.03.2015,0,1,0,1
01.04.2015,0,1,0,1
02.04.2015,0,1,0,1
03.04.2015,0,1,0,1
04.04.2015,0,1,0,1
05.04.2015,0,1,0,1
06.04.2015,0,1,0,1
07.04.2015,0,1,0,1
23.04.2015,0,1,0,1
24.04.2015,0,1,0,1
25.04.2015,0,1,0,1
26.04.2015,0,1,0,1
27.04.2015,0,1,0,1
28.04.2015,0,1,0,1
29.04.2015,0,1,0,1
30.04.2015,0,1,0,1
01.05.2015,0,1,0,1
02.05.2015,0,1,0,1
03.05.2015,0,1,0,1
04.05.2015,0,1,0,1
05.05.2015,0,1,0,1
06.05.2015,0,1,0,1
07.05.2015,0,1,0,1
08.05.2015,0,1,0,1
09.05.2015,0,1,0,1
10.05.2015,0,1,0,1
11.05.2015,0,1,0,1
12.05.2015,0,1,0,1
13.05.2015,0,1,0,1
14.05.2015,0,1,0,1
15.05.2015,0,1,0,1
16.05.2015,0,1,0,1
17.05.2015,0,1,0,1
18.05.2015,0,1,0,1
19.05.2015,0,1,0,1
20.05.2015,0,1,0,1
31.05.2015,0,0,1,1
01.06.2015,0,0,1,1
02.06.2015,0,0,1,1
03.06.2015,0,1,0,1
04.06.2015,0,1,0,1
05.06.2015,0,1,0,1
06.06.2015,0,1,0,1
07.06.2015,0,1,0,1
08.06.2015,0,1,0,1
09.06.2015,0,1,0,1
10.06.2015,0,1,0,1
11.06.2015,0,1,0,1
12.06.2015,0,1,0,1
13.06.2015,0,1,0,1
14.06.2015,0,1,0,1
15.06.2015,0,1,0,1
16.06.2015,0,1,0,1
17.06.2015,0,1,0,1
18.06.2015,0,2,0,2
19.06.2015,0,2,0,2
20.06.2015,0,2,0,2
21.06.2015,0,2,0,2
22.06.2015,0,2,0,2
23.06.2015,0,2,0,2
24.06.2015,0,2,1,3
25.06.2015,0,2,1,3
26.06.2015,0,2,1,3
27.06.2015,0,2,1,3
28.06.2015,0,2,1,3
29.06.2015,0,2,1,3
30.06.2015,0,2,1,3
01.07.2015,0,2,1,3
02.07.2015,0,2,1,3
03.07.2015,0,2,1,3
04.07.2015,0,2,1,3
05.07.2015,0,2,1,3
06.07.2015,0,2,1,3
07.07.2015,0,2,1,3
08.07.2015,0,2,1,3
09.07.2015,0,2,1,3
10.07.2015,0,2,1,3
11.07.2015,0,2,1,3
12.07.2015,0,2,1,3
13.07.2015,0,2,1,3
14.07.2015,0,2,1,3
15.07.2015,0,2,1,3
16.07.2015,0,2,1,3
17.07.2015,0,2,1,3
18.07.2015,0,2,1,3
19.07.2015,1,1,1,3
20.07.2015,1,1,1,3
21.07.2015,1,1,1,3
22.07.2015,1,1,0,2
23.07.2015,1,1,0,2
24.07.2015,1,1,0,2
25.07.2015,1,1,0,2
26.07.2015,1,1,0,2
27.07.2015,1,1,0,2
28.07.2015,1,1,0,2
29.07.2015,1,1,0,2
30.07.2015,1,1,0,2
31.07.2015,1,1,0,2
01.08.2015,1,1,0,2
02.08.2015,1,1,0,2
03.08.2015,1,1,0,2
04.08.2015,1,1,0,2
05.08.2015,1,1,0,2
06.08.2015,1,1,0,2
07.08.2015,1,1,0,2
08.08.2015,1,0,0,1
09.08.2015,1,0,0,1
10.08.2015,1,0,0,1
11.08.2015,1,0,0,1
12.08.2015,1,0,0,1
13.08.2015,1,0,0,1
14.08.2015,1,0,0,1
15.08.2015,1,0,0,1
16.08.2015,1,0,0,1
17.08.2015,1,0,0,1
18.08.2015,1,0,0,1
19.08.2015,1,0,0,1
20.08.2015,1,0,0,1
21.08.2015,1,0,0,1
22.08.2015,1,0,0,1
23.08.2015,1,0,0,1
24.08.2015,1,0,0,1
25.08.2015,1,0,0,1
26.08.2015,1,0,0,1
27.08.2015,1,0,0,1
28.08.2015,1,0,0,1
29.08.2015,1,0,0,1
30.08.2015,1,0,0,1
31.08.2015,1,0,0,1
01.09.2015,1,0,0,1
02.09.2015,1,0,0,1
03.09.2015,1,0,0,1
04.09.2015,1,0,0,1
05.09.2015,1,0,0,1
06.09.2015,1,0,0,1
07.09.2015,1,0,0,1
08.09.2015,1,0,0,1
09.09.2015,1,1,0,2
10.09.2015,1,1,0,2
11.09.2015,1,1,0,2
12.09.2015,1,1,0,2
13.09.2015,1,1,0,2
14.09.2015,1,1,0,2
15.09.2015,1,1,0,2
16.09.2015,1,0,1,2
17.09.2015,1,0,1,2
18.09.2015,1,0,1,2
19.09.2015,1,0,1,2
20.09.2015,1,0,1,2
21.09.2015,1,0,1,2
22.09.2015,1,0,1,2
23.09.2015,1,0,1,2
24.09.2015,1,0,1,2
25.09.2015,1,0,1,2
26.09.2015,1,0,1,2
27.09.2015,1,0,1,2
28.09.2015,1,0,1,2
29.09.2015,1,0,1,2
30.09.2015,1,0,1,2
01.10.2015,1,0,1,2
02.10.2015,1,0,1,2
03.10.2015,1,0,1,2
04.10.2015,1,0,1,2
05.10.2015,1,0,1,2
06.10.2015,1,0,1,2
07.10.2015,1,0,0,1
08.10.2015,1,0,0,1
09.10.2015,1,0,0,1
10.10.2015,1,0,0,1
11.10.2015,1,0,0,1
12.10.2015,1,0,0,1
13.10.2015,1,0,0,1
14.10.2015,1,0,0,1
15.10.2015,1,0,0,1
16.10.2015,1,0,0,1
17.10.2015,1,0,0,1
18.10.2015,1,0,0,1
19.10.2015,1,0,0,1
20.10.2015,1,0,0,1
21.10.2015,1,0,0,1
22.10.2015,1,0,0,1
23.10.2015,1,0,0,1
24.10.2015,1,0,0,1
25.10.2015,1,0,0,1
26.10.2015,1,0,0,1
27.10.2015,1,0,0,1
28.10.2015,1,0,0,1
29.10.2015,1,0,0,1
30.10.2015,1,0,0,1
31.10.2015,1,0,0,1
01.11.2015,1,0,0,1
02.11.2015,1,0,0,1
03.11.2015,1,0,0,1
04.11.2015,1,0,0,1
05.11.2015,1,0,0,1
06.11.2015,1,0,0,1
07.11.2015,1,0,0,1
08.11.2015,1,0,0,1
09.11.2015,1,0,0,1
10.11.2015,1,0,0,1
11.11.2015,1,0,0,1
12.11.2015,1,0,0,1
13.11.2015,1,0,0,1
14.11.2015,1,0,0,1
15.11.2015,1,0,0,1
16.11.2015,1,0,0,1
17.11.2015,1,0,0,1
18.11.2015,1,0,0,1
19.11.2015,1,0,0,1
20.11.2015,1,0,0,1
21.11.2015,1,0,0,1
22.11.2015,1,0,0,1
23.11.2015,0,1,0,1
24.11.2015,0,1,0,1
25.11.2015,0,1,0,1
26.11.2015,0,1,0,1
27.11.2015,0,1,0,1
28.11.2015,0,1,0,1
29.11.2015,0,1,0,1
30.11.2015,0,1,0,1
01.12.2015,0,1,0,1
02.12.2015,0,1,0,1
03.12.2015,0,1,0,1
04.12.2015,0,1,0,1
05.12.2015,1,0,0,1
06.12.2015,1,0,0,1
07.12.2015,1,0,0,1
08.12.2015,1,0,0,1
09.12.2015,1,0,0,1
10.12.2015,1,0,0,1
11.12.2015,1,0,0,1
12.12.2015,1,0,0,1
13.12.2015,1,0,0,1
14.12.2015,1,0,0,1
15.12.2015,1,0,0,1
16.12.2015,1,0,0,1
17.12.2015,1,0,0,1
18.12.2015,1,0,0,1
19.12.2015,1,0,0,1
20.12.2015,1,0,0,1
21.12.2015,0,1,0,1
22.12.2015,0,1,0,1
23.12.2015,0,1,0,1
24.12.2015,0,1,0,1
25.12.2015,0,1,0,1
26.12.2015,0,1,0,1
27.12.2015,0,1,0,1
28.12.2015,0,1,0,1
29.12.2015,0,1,0,1
30.12.2015,0,1,0,1
31.12.2015,0,1,0,1
01.01.2016,0,1,0,1
02.01.2016,1,0,0,1
03.01.2016,1,0,0,1
04.01.2016,1,0,0,1
05.01.2016,1,0,0,1
06.01.2016,1,0,0,1
07.01.2016,1,0,0,1
08.01.2016,1,0,0,1
09.01.2016,1,0,0,1
10.01.2016,1,0,0,1
11.01.2016,1,0,0,1
12.01.2016,1,0,0,1
13.01.2016,1,0,0,1
14.01.2016,1,0,0,1
15.01.2016,1,0,0,1
16.01.2016,1,0,0,1
17.01.2016,1,0,0,1
18.01.2016,0,1,0,1
19.01.2016,0,1,0,1
20.01.2016,0,1,0,1
21.01.2016,0,1,0,1
22.01.2016,0,1,0,1
23.01.2016,0,1,0,1
24.01.2016,0,1,0,1
25.01.2016,0,1,0,1
26.01.2016,0,1,0,1
27.01.2016,0,1,0,1
28.01.2016,0,1,1,2
29.01.2016,0,1,1,2
30.01.2016,0,1,1,2
31.01.2016,0,1,1,2
01.02.2016,0,1,1,2
02.02.2016,0,1,1,2
03.02.2016,0,1,1,2
04.02.2016,0,1,1,2
05.02.2016,0,1,1,2
06.02.2016,0,1,1,2
07.02.2016,0,1,1,2
08.02.2016,0,1,1,2
09.02.2016,0,1,1,2
10.02.2016,0,1,1,2
11.02.2016,0,1,1,2
12.02.2016,0,1,1,2
13.02.2016,0,1,1,2
14.02.2016,0,1,1,2
15.02.2016,0,1,1,2
16.02.2016,0,1,1,2
17.02.2016,0,1,1,2
18.02.2016,0,1,1,2
19.02.2016,0,1,1,2
20.02.2016,0,1,1,2
21.02.2016,0,1,1,2
22.02.2016,0,1,1,2
23.02.2016,0,1,1,2
24.02.2016,0,1,1,2
25.02.2016,0,1,0,1
26.02.2016,0,1,0,1
27.02.2016,0,1,0,1
28.02.2016,0,1,0,1
29.02.2016,0,1,0,1
01.03.2016,0,1,0,1
02.03.2016,0,1,0,1
03.03.2016,0,1,1,2
04.03.2016,0,1,1,2
05.03.2016,0,1,1,2
06.03.2016,0,1,1,2
07.03.2016,0,1,1,2
08.03.2016,0,1,1,2
09.03.2016,0,1,1,2
10.03.2016,0,1,1,2
11.03.2016,0,1,1,2
12.03.2016,0,1,1,2
13.03.2016,0,1,1,2
14.03.2016,0,1,1,2
15.03.2016,0,1,1,2
16.03.2016,0,1,1,2
17.03.2016,0,1,1,2
18.03.2016,0,1,1,2
19.03.2016,0,1,1,2
20.03.2016,0,2,0,2
21.03.2016,0,2,0,2
22.03.2016,0,2,0,2
23.03.2016,0,2,0,2
24.03.2016,0,2,0,2
25.03.2016,0,2,0,2
26.03.2016,0,2,0,2
27.03.2016,0,2,0,2
28.03.2016,0,2,0,2
29.03.2016,0,2,0,2
30.03.2016,1,1,1,3
31.03.2016,1,2,0,3
01.04.2016,1,2,0,3
02.04.2016,1,2,0,3
03.04.2016,1,2,0,3
04.04.2016,1,2,0,3
05.04.2016,1,2,0,3
06.04.2016,1,2,0,3
07.04.2016,1,2,0,3
08.04.2016,1,2,0,3
09.04.2016,1,2,0,3
10.04.2016,1,2,1,4
11.04.2016,1,2,1,4
12.04.2016,1,2,1,4
13.04.2016,1,2,1,4
14.04.2016,1,2,1,4
15.04.2016,1,2,1,4
16.04.2016,1,2,1,4
17.04.2016,1,2,1,4
18.04.2016,1,2,1,4
19.04.2016,1,2,1,4
20.04.2016,1,2,1,4
21.04.2016,1,2,1,4
22.04.2016,1,2,1,4
23.04.2016,1,2,1,4
24.04.2016,1,2,1,4
25.04.2016,1,2,1,4
26.04.2016,1,2,1,4
27.04.2016,1,2,1,4
28.04.2016,1,1,1,3
29.04.2016,1,1,1,3
30.04.2016,1,1,1,3
01.05.2016,1,1,1,3
02.05.2016,1,1,1,3
03.05.2016,1,1,1,3
04.05.2016,1,1,1,3
05.05.2016,1,1,1,3
06.05.2016,1,1,1,3
07.05.2016,1,1,1,3
08.05.2016,1,0,0,1
09.05.2016,1,0,0,1
10.05.2016,1,0,0,1
11.05.2016,1,0,0,1
12.05.2016,1,1,0,2
13.05.2016,1,1,0,2
14.05.2016,1,1,0,2
15.05.2016,1,1,0,2
16.05.2016,1,1,0,2
17.05.2016,1,1,0,2
18.05.2016,1,1,0,2
19.05.2016,1,1,0,2
20.05.2016,1,1,0,2
21.05.2016,1,1,0,2
22.05.2016,1,1,0,2
23.05.2016,1,1,0,2
24.05.2016,1,1,0,2
25.05.2016,1,1,0,2
26.05.2016,1,1,0,2
27.05.2016,1,1,0,2
28.05.2016,1,1,0,2
29.05.2016,1,1,0,2
30.05.2016,1,1,0,2
31.05.2016,1,1,0,2
01.06.2016,1,1,0,2
02.06.2016,1,1,0,2
03.06.2016,1,1,0,2
04.06.2016,1,1,0,2
05.06.2016,1,1,0,2
06.06.2016,1,1,0,2
07.06.2016,1,1,0,2
08.06.2016,1,1,0,2
09.06.2016,1,0,0,1
10.06.2016,1,0,0,1
11.06.2016,1,0,0,1
12.06.2016,1,0,0,1
13.06.2016,1,0,0,1
14.06.2016,1,0,0,1
15.06.2016,1,0,0,1
16.06.2016,1,0,0,1
17.06.2016,1,0,0,1
18.06.2016,1,0,0,1
19.06.2016,1,0,0,1
20.06.2016,1,0,0,1
21.06.2016,1,0,0,1
22.06.2016,1,0,0,1
23.06.2016,1,0,0,1
24.06.2016,1,0,0,1
25.06.2016,1,0,0,1
26.06.2016,1,0,0,1
27.06.2016,1,0,0,1
28.06.2016,1,0,0,1
29.06.2016,1,0,0,1
30.06.2016,1,0,0,1
01.07.2016,1,0,0,1
02.07.2016,1,0,0,1
03.07.2016,1,0,0,1
04.07.2016,1,0,0,1
05.07.2016,1,0,0,1
06.07.2016,1,0,0,1
07.07.2016,1,0,0,1
08.07.2016,1,0,0,1
09.07.2016,1,0,0,1
10.07.2016,1,0,0,1
11.07.2016,1,0,0,1
12.07.2016,0,1,0,1
13.07.2016,0,1,1,2
14.07.2016,0,1,1,2
15.07.2016,1,0,1,2
16.07.2016,1,0,1,2
17.07.2016,1,0,1,2
18.07.2016,1,0,1,2
19.07.2016,1,0,1,2
20.07.2016,1,0,1,2
21.07.2016,1,1,1,3
22.07.2016,1,1,1,3
23.07.2016,1,1,1,3
24.07.2016,1,1,1,3
25.07.2016,1,1,1,3
26.07.2016,1,1,1,3
27.07.2016,1,1,1,3
28.07.2016,1,1,1,3
29.07.2016,1,1,1,3
30.07.2016,1,1,1,3
31.07.2016,1,1,1,3
01.08.2016,1,1,1,3
02.08.2016,1,1,1,3
03.08.2016,1,1,1,3
04.08.2016,0,2,1,3
05.08.2016,0,2,1,3
06.08.2016,0,2,1,3
07.08.2016,1,1,1,3
08.08.2016,1,1,1,3
09.08.2016,1,1,2,4
10.08.2016,1,1,2,4
11.08.2016,1,1,2,4
12.08.2016,1,1,2,4
13.08.2016,1,1,2,4
14.08.2016,1,1,2,4
15.08.2016,1,2,1,4
16.08.2016,1,2,1,4
17.08.2016,1,2,1,4
18.08.2016,1,2,1,4
19.08.2016,1,2,1,4
20.08.2016,1,2,1,4
21.08.2016,1,2,1,4
22.08.2016,1,2,1,4
23.08.2016,1,2,1,4
24.08.2016,2,1,1,4
25.08.2016,2,1,1,4
26.08.2016,2,1,1,4
27.08.2016,2,1,1,4
28.08.2016,2,1,1,4
29.08.2016,2,1,1,4
30.08.2016,2,1,1,4
31.08.2016,2,1,1,4
01.09.2016,2,1,1,4
02.09.2016,2,1,2,5
03.09.2016,2,1,2,5
04.09.2016,2,1,2,5
05.09.2016,2,1,2,5
06.09.2016,2,1,1,4
07.09.2016,2,1,1,4
08.09.2016,2,2,0,4
09.09.2016,2,2,0,4
10.09.2016,2,2,0,4
11.09.2016,2,2,0,4
12.09.2016,2,1,0,3
13.09.2016,2,1,1,4
14.09.2016,2,1,1,4
15.09.2016,2,1,1,4
16.09.2016,2,1,1,4
17.09.2016,2,1,1,4
18.09.2016,2,2,0,4
19.09.2016,2,2,0,4
20.09.2016,2,2,1,5
21.09.2016,2,2,1,5
22.09.2016,2,2,1,5
23.09.2016,2,2,1,5
24.09.2016,2,2,1,5
25.09.2016,2,2,1,5
26.09.2016,2,2,1,5
27.09.2016,2,2,1,5
28.09.2016,2,2,1,5
29.09.2016,2,2,1,5
30.09.2016,2,2,1,5
01.10.2016,2,2,1,5
02.10.2016,2,2,1,5
03.10.2016,2,2,1,5
04.10.2016,2,2,1,5
05.10.2016,2,2,1,5
06.10.2016,2,1,1,4
07.10.2016,2,1,1,4
08.10.2016,2,1,1,4
09.10.2016,2,1,1,4
10.10.2016,2,1,1,4
11.10.2016,2,1,1,4
12.10.2016,2,1,1,4
13.10.2016,2,1,1,4
14.10.2016,2,1,1,4
15.10.2016,2,1,1,4
16.10.2016,2,0,1,3
17.10.2016,2,0,1,3
18.10.2016,2,0,0,2
19.10.2016,2,0,0,2
20.10.2016,2,0,0,2
21.10.2016,2,0,0,2
22.10.2016,2,0,0,2
23.10.2016,2,0,0,2
24.10.2016,2,0,0,2
25.10.2016,2,0,2,4
26.10.2016,2,0,2,4
27.10.2016,2,0,2,4
28.10.2016,2,0,2,4
29.10.2016,2,0,2,4
30.10.2016,2,0,2,4
31.10.2016,2,0,2,4
01.11.2016,2,0,2,4
02.11.2016,2,0,2,4
03.11.2016,2,0,2,4
04.11.2016,2,0,2,4
05.11.2016,2,0,2,4
06.11.2016,2,0,2,4
07.11.2016,2,0,2,4
08.11.2016,2,0,2,4
09.11.2016,2,0,2,4
10.11.2016,2,0,2,4
11.11.2016,2,1,1,4
12.11.2016,2,1,1,4
13.11.2016,2,1,1,4
14.11.2016,2,1,1,4
15.11.2016,1,1,1,3
16.11.2016,1,1,1,3
17.11.2016,1,1,1,3
18.11.2016,1,1,1,3
19.11.2016,1,1,1,3
20.11.2016,1,1,1,3
21.11.2016,1,1,1,3
22.11.2016,1,1,0,2
23.11.2016,1,1,0,2
24.11.2016,1,1,0,2
25.11.2016,1,1,0,2
26.11.2016,1,1,0,2
27.11.2016,1,1,0,2
28.11.2016,1,1,0,2
29.11.2016,1,1,0,2
30.11.2016,1,1,0,2
01.12.2016,1,1,0,2
02.12.2016,1,1,0,2
03.12.2016,1,1,0,2
04.12.2016,1,1,0,2
05.12.2016,1,1,0,2
06.12.2016,1,1,0,2
07.12.2016,1,1,0,2
08.12.2016,1,1,0,2
09.12.2016,1,0,0,1
10.12.2016,1,0,0,1
11.12.2016,1,0,0,1
12.12.2016,1,0,0,1
13.12.2016,1,0,0,1
14.12.2016,1,0,0,1
15.12.2016,1,0,0,1
16.12.2016,1,0,0,1
17.12.2016,1,0,0,1
18.12.2016,1,0,0,1
19.12.2016,1,0,0,1
20.12.2016,1,0,0,1
21.12.2016,1,0,0,1
22.12.2016,1,0,0,1
23.12.2016,1,0,0,1
24.12.2016,1,0,0,1
25.12.2016,1,0,0,1
26.12.2016,1,0,0,1
27.12.2016,1,0,0,1
28.12.2016,1,0,0,1
29.12.2016,1,0,0,1
30.12.2016,1,0,0,1
31.12.2016,1,0,0,1
01.01.2017,1,0,0,1
02.01.2017,1,0,0,1
03.01.2017,1,0,0,1
04.01.2017,1,0,0,1
05.01.2017,1,0,0,1
06.01.2017,1,0,0,1
07.01.2017,1,0,1,2
08.01.2017,1,0,1,2
09.01.2017,1,0,2,3
10.01.2017,1,0,2,3
11.01.2017,1,0,2,3
12.01.2017,1,0,2,3
13.01.2017,1,0,2,3
14.01.2017,1,0,2,3
15.01.2017,1,0,2,3
16.01.2017,1,0,2,3
17.01.2017,1,0,2,3
18.01.2017,1,0,2,3
19.01.2017,1,0,2,3
20.01.2017,1,0,2,3
21.01.2017,1,0,2,3
22.01.2017,1,0,2,3
23.01.2017,1,0,2,3
24.01.2017,1,0,3,4
25.01.2017,1,0,3,4
26.01.2017,0,1,3,4
27.01.2017,0,1,3,4
28.01.2017,0,1,3,4
29.01.2017,0,1,3,4
30.01.2017,0,1,3,4
31.01.2017,0,1,3,4
01.02.2017,1,0,3,4
02.02.2017,1,0,3,4
03.02.2017,1,0,3,4
04.02.2017,1,0,2,3
05.02.2017,1,0,2,3
06.02.2017,1,0,1,2
07.02.2017,1,0,2,3
08.02.2017,1,0,2,3
09.02.2017,1,2,1,4
10.02.2017,1,2,1,4
11.02.2017,1,2,1,4
12.02.2017,1,2,1,4
13.02.2017,0,3,1,4
14.02.2017,0,3,1,4
15.02.2017,0,3,1,4
16.02.2017,0,3,1,4
17.02.2017,0,3,1,4
18.02.2017,0,3,1,4
19.02.2017,0,3,1,4
20.02.2017,0,3,1,4
21.02.2017,0,3,0,3
22.02.2017,0,3,0,3
23.02.2017,0,4,0,4
24.02.2017,0,4,0,4
25.02.2017,0,4,0,4
26.02.2017,0,4,0,4
27.02.2017,0,4,0,4
28.02.2017,0,4,0,4
01.03.2017,1,3,0,4
02.03.2017,1,3,0,4
03.03.2017,1,3,0,4
04.03.2017,1,3,0,4
05.03.2017,1,3,0,4
06.03.2017,1,3,0,4
07.03.2017,1,3,0,4
08.03.2017,1,3,1,5
09.03.2017,1,2,1,4
10.03.2017,1,1,1,3
11.03.2017,1,1,1,3
12.03.2017,1,1,1,3
13.03.2017,0,2,1,3
14.03.2017,0,2,1,3
15.03.2017,0,2,1,3
16.03.2017,0,2,1,3
17.03.2017,0,2,1,3
18.03.2017,0,2,1,3
19.03.2017,0,2,1,3
20.03.2017,0,2,1,3
21.03.2017,0,2,1,3
22.03.2017,0,2,2,4
23.03.2017,0,2,2,4
24.03.2017,0,2,2,4
25.03.2017,0,2,2,4
26.03.2017,0,2,2,4
27.03.2017,0,2,2,4
28.03.2017,0,2,2,4
29.03.2017,0,2,2,4
30.03.2017,0,2,2,4
31.03.2017,0,2,2,4
01.04.2017,0,2,2,4
02.04.2017,0,2,2,4
03.04.2017,0,2,2,4
04.04.2017,0,2,4,6
05.04.2017,0,4,1,5
06.04.2017,0,4,1,5
07.04.2017,0,4,1,5
08.04.2017,0,4,1,5
09.04.2017,0,4,1,5
10.04.2017,0,4,1,5
11.04.2017,0,4,1,5
12.04.2017,0,4,1,5
13.04.2017,0,4,1,5
14.04.2017,0,4,1,5
15.04.2017,0,4,1,5
16.04.2017,0,4,1,5
17.04.2017,0,4,1,5
18.04.2017,0,4,1,5
19.04.2017,0,4,0,4
20.04.2017,0,3,0,3
21.04.2017,0,3,0,3
22.04.2017,0,3,0,3
23.04.2017,0,3,0,3
24.04.2017,0,3,0,3
25.04.2017,0,3,0,3
26.04.2017,0,3,0,3
27.04.2017,0,3,0,3
28.04.2017,0,3,0,3
29.04.2017,0,3,0,3
30.04.2017,0,3,0,3
01.05.2017,0,3,0,3
02.05.2017,0,4,0,4
03.05.2017,0,4,0,4
04.05.2017,0,4,0,4
05.05.2017,0,4,0,4
06.05.2017,0,4,0,4
07.05.2017,0,4,0,4
08.05.2017,0,4,0,4
09.05.2017,0,4,2,6
10.05.2017,1,5,0,6
11.05.2017,1,5,0,6
12.05.2017,1,5,0,6
13.05.2017,1,5,0,6
14.05.2017,1,5,0,6
15.05.2017,1,5,0,6
16.05.2017,1,5,0,6
17.05.2017,1,5,0,6
18.05.2017,1,5,0,6
19.05.2017,0,6,0,6
20.05.2017,0,6,0,6
21.05.2017,1,5,0,6
22.05.2017,1,5,0,6
23.05.2017,1,5,0,6
24.05.2017,1,5,0,6
25.05.2017,1,5,0,6
26.05.2017,1,5,0,6
27.05.2017,1,5,0,6
28.05.2017,1,5,0,6
29.05.2017,1,5,0,6
30.05.2017,1,5,0,6
31.05.2017,1,4,0,5
01.06.2017,1,4,0,5
02.06.2017,1,3,0,4
03.06.2017,1,3,0,4
04.06.2017,1,3,0,4
05.06.2017,1,3,1,5
06.06.2017,1,4,0,5
07.06.2017,1,4,0,5
08.06.2017,1,3,0,4
09.06.2017,1,3,0,4
10.06.2017,1,3,0,4
11.06.2017,1,3,0,4
12.06.2017,1,3,0,4
13.06.2017,1,3,0,4
14.06.2017,1,3,0,4
15.06.2017,1,3,0,4
16.06.2017,0,4,0,4
17.06.2017,0,4,0,4
18.06.2017,1,3,0,4
19.06.2017,1,3,0,4
20.06.2017,1,3,0,4
21.06.2017,1,3,0,4
22.06.2017,1,3,0,4
23.06.2017,1,3,0,4
24.06.2017,1,3,0,4
25.06.2017,1,3,0,4
26.06.2017,1,3,0,4
27.06.2017,1,3,1,5
28.06.2017,1,3,6,10
29.06.2017,1,3,6,10
30.06.2017,1,5,4,10
01.07.2017,1,6,6,13
02.07.2017,1,6,8,15
03.07.2017,1,8,7,16
04.07.2017,1,8,8,17
05.07.2017,1,9,10,20
06.07.2017,1,9,11,21
07.07.2017,1,9,13,23
08.07.2017,1,10,12,23
09.07.2017,1,10,12,23
10.07.2017,1,11,12,24
11.07.2017,1,11,13,25
12.07.2017,1,12,13,26
13.07.2017,1,12,14,27
14.07.2017,0,13,15,28
15.07.2017,0,13,15,28
16.07.2017,1,12,15,28
17.07.2017,1,13,14,28
18.07.2017,1,13,14,28
19.07.2017,1,14,14,29
20.07.2017,1,14,14,29
21.07.2017,1,14,15,30
22.07.2017,1,14,15,30
23.07.2017,1,14,15,30
24.07.2017,1,14,16,31
25.07.2017,1,15,16,32
26.07.2017,1,16,14,31
27.07.2017,2,15,14,31
28.07.2017,2,15,14,31
29.07.2017,2,15,12,29
30.07.2017,2,15,11,28
31.07.2017,2,15,11,28
01.08.2017,2,15,11,28
02.08.2017,2,15,10,27
03.08.2017,2,15,8,25
04.08.2017,2,15,8,25
05.08.2017,2,14,8,24
06.08.2017,2,14,9,25
07.08.2017,3,14,9,26
08.08.2017,3,16,8,27
09.08.2017,4,16,10,30
10.08.2017,3,18,10,31
11.08.2017,3,18,12,33
12.08.2017,3,18,12,33
13.08.2017,5,17,13,35
14.08.2017,4,17,14,35
15.08.2017,4,19,17,40
16.08.2017,5,19,17,41
17.08.2017,5,19,17,41
18.08.2017,5,19,17,41
19.08.2017,5,21,16,42
20.08.2017,4,22,17,43
21.08.2017,3,23,17,43
22.08.2017,3,23,19,45
23.08.2017,3,24,18,45
24.08.2017,3,23,19,45
25.08.2017,3,23,20,46
26.08.2017,3,24,21,48
27.08.2017,3,25,21,49
28.08.2017,3,25,21,49
29.08.2017,3,25,22,50
30.08.2017,3,27,20,50
31.08.2017,3,27,20,50
01.09.2017,4,26,21,51
02.09.2017,4,26,21,51
03.09.2017,4,28,21,53
04.09.2017,4,27,20,51
05.09.2017,6,23,19,48
06.09.2017,6,23,18,47
07.09.2017,6,23,18,47
08.09.2017,6,23,18,47
09.09.2017,6,23,19,48
10.09.2017,7,21,18,46
11.09.2017,5,23,19,47
12.09.2017,6,22,17,45
13.09.2017,6,23,16,45
14.09.2017,6,21,19,46
15.09.2017,6,22,19,47
16.09.2017,6,23,18,47
17.09.2017,5,24,18,47
18.09.2017,4,27,17,48
19.09.2017,5,27,14,46
20.09.2017,5,27,13,45
21.09.2017,6,26,13,45
22.09.2017,4,27,14,45
23.09.2017,4,28,14,46
24.09.2017,4,27,13,44
25.09.2017,4,26,13,43
26.09.2017,5,26,14,45
27.09.2017,5,27,13,45
28.09.2017,5,30,14,49
29.09.2017,5,31,13,49
30.09.2017,5,30,14,49
01.10.2017,5,29,15,49
02.10.2017,7,25,15,47
03.10.2017,6,25,17,48
04.10.2017,6,26,16,48
05.10.2017,6,25,17,48
06.10.2017,6,25,17,48
07.10.2017,6,25,17,48
08.10.2017,7,25,16,48
09.10.2017,6,25,16,47
10.10.2017,6,27,14,47
11.10.2017,7,26,17,50
12.10.2017,7,27,15,49
13.10.2017,7,26,15,48
14.10.2017,8,27,15,50
15.10.2017,7,28,14,49
16.10.2017,5,29,16,50
17.10.2017,7,28,17,52
18.10.2017,7,29,19,55
19.10.2017,8,28,19,55
20.10.2017,6,30,20,56
21.10.2017,6,31,19,56
22.10.2017,6,31,19,56
23.10.2017,6,31,19,56
24.10.2017,7,32,18,57
25.10.2017,7,32,18,57
26.10.2017,8,31,16,55
27.10.2017,9,31,16,56
28.10.2017,9,32,16,57
29.10.2017,10,31,17,58
30.10.2017,9,34,17,60
31.10.2017,8,36,16,60
01.11.2017,8,37,14,59
02.11.2017,8,38,14,60
03.11.2017,9,38,15,62
04.11.2017,9,38,15,62
05.11.2017,10,37,15,62
06.11.2017,8,39,16,63
07.11.2017,8,39,17,64
08.11.2017,8,39,15,62
09.11.2017,8,37,16,61
10.11.2017,8,37,16,61
11.11.2017,10,35,16,61
12.11.2017,10,35,17,62
13.11.2017,9,36,15,60
14.11.2017,10,33,16,59
15.11.2017,10,33,16,59
16.11.2017,11,33,17,61
17.11.2017,10,35,16,61
18.11.2017,10,35,16,61
19.11.2017,10,35,16,61
20.11.2017,10,34,16,60
21.11.2017,10,38,15,63
22.11.2017,10,39,15,64
23.11.2017,10,38,15,63
24.11.2017,10,38,13,61
25.11.2017,9,37,12,58
26.11.2017,9,36,13,58
27.11.2017,10,34,15,59
28.11.2017,9,33,14,56
29.11.2017,10,32,15,57
30.11.2017,10,32,14,56
01.12.2017,11,32,12,55
02.12.2017,10,33,13,56
03.12.2017,10,34,14,58
04.12.2017,10,36,16,62
05.12.2017,9,37,15,61
06.12.2017,8,38,15,61
07.12.2017,9,36,15,60
08.12.2017,9,35,16,60
09.12.2017,9,34,16,59
10.12.2017,8,34,16,58
11.12.2017,8,34,16,58
12.12.2017,8,34,16,58
13.12.2017,8,33,16,57
14.12.2017,9,32,16,57
15.12.2017,10,31,18,59
16.12.2017,9,32,19,60
17.12.2017,9,31,20,60
18.12.2017,9,30,21,60
19.12.2017,9,31,18,58
20.12.2017,10,30,18,58
21.12.2017,9,31,17,57
22.12.2017,9,29,17,55
23.12.2017,7,31,17,55
24.12.2017,7,30,17,54
25.12.2017,7,29,14,50
26.12.2017,7,28,18,53
27.12.2017,8,31,16,55
28.12.2017,8,29,17,54
29.12.2017,8,31,14,53
30.12.2017,8,31,12,51
31.12.2017,8,30,11,49
01.01.2018,8,28,10,46
02.01.2018,8,27,10,45
03.01.2018,7,29,10,46
04.01.2018,8,28,10,46
05.01.2018,8,29,11,48
06.01.2018,9,28,12,49
07.01.2018,9,30,11,50
08.01.2018,10,30,14,54
09.01.2018,10,30,17,57
10.01.2018,10,31,18,59
11.01.2018,11,31,17,59
12.01.2018,12,28,16,56
13.01.2018,12,30,16,58
14.01.2018,12,30,16,58
15.01.2018,12,33,17,62
16.01.2018,12,34,16,62
17.01.2018,10,36,15,61
18.01.2018,12,36,15,63
19.01.2018,11,38,17,66
20.01.2018,11,39,19,69
21.01.2018,11,39,20,70
22.01.2018,10,41,20,71
23.01.2018,10,44,21,75
24.01.2018,11,44,20,75
25.01.2018,11,43,21,75
26.01.2018,12,43,20,75
27.01.2018,12,44,18,74
28.01.2018,12,44,20,76
29.01.2018,13,43,21,77
30.01.2018,12,44,21,77
31.01.2018,12,42,20,74
01.02.2018,13,42,20,75
02.02.2018,13,43,22,78
03.02.2018,13,44,22,79
04.02.2018,14,43,22,79
05.02.2018,14,45,19,78
06.02.2018,14,46,21,81
07.02.2018,14,46,23,83
08.02.2018,16,46,23,85
09.02.2018,16,46,24,86
10.02.2018,15,47,23,85
11.02.2018,16,46,24,86
12.02.2018,15,46,31,92
13.02.2018,15,51,29,95
14.02.2018,14,51,29,94
15.02.2018,14,53,27,94
16.02.2018,13,54,28,95
17.02.2018,14,53,28,95
18.02.2018,14,53,27,94
19.02.2018,12,54,27,93
20.02.2018,12,52,27,91
21.02.2018,12,51,28,91
22.02.2018,14,50,27,91
23.02.2018,14,52,31,97
24.02.2018,15,50,33,98
25.02.2018,14,53,32,99
26.02.2018,14,57,29,100
27.02.2018,16,55,31,102
28.02.2018,16,55,32,103
01.03.2018,18,53,34,105
02.03.2018,18,58,31,107
03.03.2018,18,59,34,111
04.03.2018,19,60,32,111
05.03.2018,20,59,31,110
06.03.2018,20,58,31,109
07.03.2018,18,62,29,109
08.03.2018,20,64,25,109
09.03.2018,19,65,26,110
10.03.2018,19,65,27,111
11.03.2018,20,65,25,110
12.03.2018,19,65,22,106
13.03.2018,21,63,20,104
14.03.2018,21,67,23,111
15.03.2018,22,67,24,113
16.03.2018,20,69,28,117
17.03.2018,19,71,28,118
18.03.2018,21,68,28,117
19.03.2018,20,72,27,119
20.03.2018,20,76,28,124
21.03.2018,20,75,28,123
22.03.2018,20,76,27,123
23.03.2018,20,73,25,118
24.03.2018,20,72,27,119
25.03.2018,20,72,24,116
26.03.2018,21,67,26,114
27.03.2018,22,66,24,112
28.03.2018,22,64,25,111
29.03.2018,23,63,26,112
30.03.2018,22,64,23,109
31.03.2018,22,63,22,107
01.04.2018,21,62,22,105
02.04.2018,21,63,23,107
03.04.2018,21,64,24,109
04.04.2018,20,67,24,111
05.04.2018,19,67,24,110
06.04.2018,18,66,22,106
07.04.2018,18,68,20,106
08.04.2018,20,64,20,104
09.04.2018,18,65,20,103
10.04.2018,19,63,21,103
11.04.2018,19,63,19,101
12.04.2018,19,63,21,103
13.04.2018,20,60,19,99
14.04.2018,20,59,19,98
15.04.2018,20,60,20,100
16.04.2018,19,58,19,96
17.04.2018,19,57,16,92
18.04.2018,20,58,16,94
19.04.2018,19,58,19,96
20.04.2018,21,56,18,95
21.04.2018,21,55,18,94
22.04.2018,22,54,18,94
23.04.2018,22,55,16,93
24.04.2018,24,51,15,90
25.04.2018,25,48,15,88
26.04.2018,26,46,18,90
27.04.2018,25,45,19,89
28.04.2018,25,46,19,90
29.04.2018,25,46,19,90
30.04.2018,26,42,17,85
01.05.2018,24,43,17,84
02.05.2018,21,45,15,81
03.05.2018,21,45,17,83
04.05.2018,20,47,16,83
05.05.2018,20,46,16,82
06.05.2018,20,44,16,80
07.05.2018,20,43,17,80
08.05.2018,20,42,18,80
09.05.2018,20,44,20,84
10.05.2018,21,43,18,82
11.05.2018,21,44,19,84
12.05.2018,21,45,18,84
13.05.2018,22,43,18,83
14.05.2018,22,44,19,85
15.05.2018,23,43,20,86
16.05.2018,24,40,21,85
17.05.2018,24,40,21,85
18.05.2018,25,39,21,85
19.05.2018,24,41,21,86
20.05.2018,24,42,21,87
21.05.2018,24,42,21,87
22.05.2018,24,42,23,89
23.05.2018,23,43,23,89
24.05.2018,22,44,23,89
25.05.2018,22,46,21,89
26.05.2018,22,47,21,90
27.05.2018,21,50,20,91
28.05.2018,23,49,23,95
29.05.2018,23,51,20,94
30.05.2018,23,51,22,96
31.05.2018,23,52,23,98
01.06.2018,22,55,24,101
02.06.2018,22,54,25,101
03.06.2018,22,54,25,101
04.06.2018,22,56,23,101
05.06.2018,22,56,22,100
06.06.2018,22,57,21,100
07.06.2018,22,58,22,102
08.06.2018,22,59,20,101
09.06.2018,22,59,20,101
10.06.2018,22,58,20,100
11.06.2018,22,57,22,101
12.06.2018,22,58,24,104
13.06.2018,22,58,25,105
14.06.2018,22,58,25,105
15.06.2018,23,57,24,104
16.06.2018,22,59,24,105
17.06.2018,22,57,23,102
18.06.2018,22,56,21,99
19.06.2018,22,57,18,97
20.06.2018,22,55,15,92
21.06.2018,21,57,14,92
22.06.2018,21,56,15,92
23.06.2018,21,56,13,90
24.06.2018,21,55,13,89
25.06.2018,21,55,15,91
26.06.2018,21,57,17,95
27.06.2018,22,59,12,93
28.06.2018,22,58,11,91
29.06.2018,22,55,10,87
30.06.2018,21,56,9,86
01.07.2018,21,56,8,85
02.07.2018,21,58,8,87
03.07.2018,21,56,9,86
04.07.2018,20,56,9,85
05.07.2018,20,56,10,86
06.07.2018,20,56,11,87
07.07.2018,20,55,13,88
08.07.2018,20,55,12,87
09.07.2018,21,57,9,87
10.07.2018,20,58,7,85
11.07.2018,20,53,7,80
12.07.2018,19,56,9,84
13.07.2018,20,55,10,85
14.07.2018,20,55,10,85
15.07.2018,20,55,10,85
16.07.2018,20,54,12,86
17.07.2018,20,54,12,86
18.07.2018,20,53,12,85
19.07.2018,19,51,13,83
20.07.2018,19,52,13,84
21.07.2018,19,52,13,84
22.07.2018,18,54,15,87
23.07.2018,18,53,16,87
24.07.2018,18,51,14,83
25.07.2018,19,48,18,85
26.07.2018,18,51,18,87
27.07.2018,20,52,17,89
28.07.2018,20,52,17,89
29.07.2018,20,51,18,89
30.07.2018,21,50,19,90
31.07.2018,21,51,20,92
01.08.2018,21,52,19,92
02.08.2018,21,51,18,90
03.08.2018,20,51,21,92
04.08.2018,18,54,20,92
05.08.2018,18,53,19,90
06.08.2018,16,54,19,89
07.08.2018,17,54,19,90
08.08.2018,18,53,20,91
09.08.2018,18,52,18,88
10.08.2018,19,52,18,89
11.08.2018,20,52,18,90
12.08.2018,20,52,20,92
13.08.2018,21,53,20,94
14.08.2018,21,54,18,93
15.08.2018,22,54,19,95
16.08.2018,21,55,17,93
17.08.2018,19,59,17,95
18.08.2018,19,57,17,93
19.08.2018,19,57,15,91
20.08.2018,19,58,20,97
21.08.2018,19,57,18,94
22.08.2018,19,56,16,91
23.08.2018,19,54,12,85
24.08.2018,21,52,12,85
25.08.2018,20,53,17,90
26.08.2018,20,57,13,90
27.08.2018,20,57,10,87
28.08.2018,20,56,11,87
29.08.2018,20,56,11,87
30.08.2018,20,55,11,86
31.08.2018,21,53,11,85
01.09.2018,21,52,12,85
02.09.2018,21,50,13,84
03.09.2018,20,50,13,83
04.09.2018,21,49,16,86
05.09.2018,21,50,15,86
06.09.2018,21,46,15,82
07.09.2018,21,48,13,82
08.09.2018,21,46,13,80
09.09.2018,23,43,11,77
10.09.2018,23,42,10,75
11.09.2018,22,42,10,74
12.09.2018,21,42,10,73
13.09.2018,21,41,10,72
14.09.2018,21,40,10,71
15.09.2018,21,40,11,72
16.09.2018,20,39,11,70
17.09.2018,20,40,9,69
18.09.2018,21,40,8,69
19.09.2018,20,40,13,73
20.09.2018,19,41,16,76
21.09.2018,21,42,16,79
22.09.2018,23,41,17,81
23.09.2018,23,37,17,77
24.09.2018,22,37,16,75
25.09.2018,23,37,14,74
26.09.2018,22,36,15,73
27.09.2018,21,36,14,71
28.09.2018,22,34,14,70
29.09.2018,22,34,14,70
30.09.2018,21,35,14,70
01.10.2018,22,35,15,72
02.10.2018,22,35,16,73
03.10.2018,22,36,16,74
04.10.2018,22,37,15,74
05.10.2018,22,36,15,73
06.10.2018,21,38,16,75
07.10.2018,22,38,15,75
08.10.2018,22,38,18,78
09.10.2018,21,40,17,78
10.10.2018,21,41,18,80
11.10.2018,19,42,18,79
12.10.2018,19,42,21,82
13.10.2018,19,41,21,81
14.10.2018,19,41,22,82
15.10.2018,18,41,22,81
16.10.2018,18,42,21,81
17.10.2018,18,44,18,80
18.10.2018,17,42,17,76
19.10.2018,18,39,13,70
20.10.2018,17,39,13,69
21.10.2018,17,38,13,68
22.10.2018,16,37,15,68
23.10.2018,16,37,14,67
24.10.2018,17,36,12,65
25.10.2018,16,37,12,65
26.10.2018,18,38,12,68
27.10.2018,19,36,13,68
28.10.2018,18,37,15,70
29.10.2018,19,36,16,71
30.10.2018,18,38,16,72
31.10.2018,18,38,17,73
01.11.2018,18,39,19,76
02.11.2018,18,39,19,76
03.11.2018,18,41,19,78
04.11.2018,18,42,18,78
05.11.2018,18,42,17,77
06.11.2018,16,43,20,79
07.11.2018,17,43,19,79
08.11.2018,15,47,20,82
09.11.2018,15,47,17,79
10.11.2018,15,48,16,79
11.11.2018,14,50,16,80
12.11.2018,13,53,16,82
13.11.2018,13,52,16,81
14.11.2018,14,52,18,84
15.11.2018,13,53,17,83
16.11.2018,14,52,17,83
17.11.2018,13,53,18,84
18.11.2018,12,54,19,85
19.11.2018,12,53,19,84
20.11.2018,13,50,21,84
21.11.2018,12,51,21,84
22.11.2018,13,50,21,84
23.11.2018,14,49,18,81
24.11.2018,14,49,18,81
25.11.2018,14,49,16,79
26.11.2018,14,52,14,80
27.11.2018,11,54,10,75
28.11.2018,13,51,12,76
29.11.2018,12,52,11,75
30.11.2018,11,53,11,75
01.12.2018,11,53,11,75
02.12.2018,11,52,12,75
03.12.2018,11,52,13,76
04.12.2018,11,51,12,74
05.12.2018,13,49,13,75
06.12.2018,13,50,14,77
07.12.2018,15,50,13,78
08.12.2018,14,49,15,78
09.12.2018,15,48,14,77
10.12.2018,16,44,14,74
11.12.2018,16,43,14,73
12.12.2018,15,40,12,67
13.12.2018,14,40,12,66
14.12.2018,14,37,12,63
15.12.2018,13,37,12,62
16.12.2018,10,42,9,61
17.12.2018,9,41,9,59
18.12.2018,11,39,10,60
19.12.2018,10,40,11,61
20.12.2018,12,36,11,59
21.12.2018,14,33,14,61
22.12.2018,13,34,14,61
23.12.2018,14,33,14,61
24.12.2018,11,35,15,61
25.12.2018,10,35,15,60
26.12.2018,13,34,12,59
27.12.2018,13,33,12,58
28.12.2018,12,34,12,58
29.12.2018,14,32,12,58
30.12.2018,14,33,11,58
31.12.2018,13,33,10,56
01.01.2019,13,33,12,58
02.01.2019,12,34,10,56
03.01.2019,10,33,10,53
04.01.2019,9,34,11,54
05.01.2019,8,34,11,53
06.01.2019,8,37,9,54
07.01.2019,11,34,9,54
08.01.2019,11,33,9,53
09.01.2019,11,32,9,52
10.01.2019,10,35,9,54
11.01.2019,10,37,9,56
12.01.2019,9,38,9,56
13.01.2019,7,40,9,56
14.01.2019,7,41,9,57
15.01.2019,9,39,9,57
16.01.2019,9,39,8,56
17.01.2019,11,36,8,55
18.01.2019,11,36,6,53
19.01.2019,10,37,6,53
20.01.2019,11,34,7,52
21.01.2019,9,35,9,53
22.01.2019,8,37,10,55
23.01.2019,10,35,9,54
24.01.2019,12,35,11,58
25.01.2019,10,39,11,60
26.01.2019,10,37,11,58
27.01.2019,10,37,11,58
28.01.2019,11,37,11,59
29.01.2019,9,38,10,57
30.01.2019,9,38,10,57
31.01.2019,10,37,10,57
01.02.2019,11,36,9,56
02.02.2019,11,37,9,57
03.02.2019,12,34,9,55
04.02.2019,12,34,9,55
05.02.2019,12,34,9,55
06.02.2019,11,33,9,53
07.02.2019,11,33,8,52
08.02.2019,11,31,8,50
09.02.2019,10,30,9,49
10.02.2019,10,30,10,50
11.02.2019,10,30,9,49
12.02.2019,10,29,9,48
13.02.2019,11,27,9,47
14.02.2019,11,28,10,49
15.02.2019,11,30,8,49
16.02.2019,11,29,9,49
17.02.2019,11,31,8,50
18.02.2019,10,32,8,50
19.02.2019,10,34,6,50
20.02.2019,11,33,9,53
21.02.2019,10,34,7,51
22.02.2019,11,31,7,49
23.02.2019,12,30,7,49
24.02.2019,12,32,7,51
25.02.2019,12,33,7,52
26.02.2019,12,32,7,51
27.02.2019,11,34,8,53
28.02.2019,10,35,8,53
01.03.2019,10,34,11,55
02.03.2019,10,34,11,55
03.03.2019,10,34,11,55
04.03.2019,10,34,11,55
05.03.2019,10,34,11,55
06.03.2019,10,33,11,54
07.03.2019,10,33,11,54
08.03.2019,11,33,11,55
09.03.2019,11,33,11,55
10.03.2019,10,34,10,54
11.03.2019,10,32,10,52
12.03.2019,11,31,10,52
13.03.2019,12,31,11,54
14.03.2019,12,34,9,55
15.03.2019,12,34,9,55
16.03.2019,11,36,10,57
17.03.2019,12,34,11,57
18.03.2019,11,39,8,58
19.03.2019,12,37,8,57
20.03.2019,13,36,5,54
21.03.2019,12,37,6,55
22.03.2019,13,36,5,54
23.03.2019,13,36,5,54
24.03.2019,12,36,5,53
25.03.2019,12,36,4,52
26.03.2019,12,37,6,55
27.03.2019,12,35,5,52
28.03.2019,13,37,4,54
29.03.2019,13,37,8,58
30.03.2019,12,38,7,57
31.03.2019,12,39,7,58
01.04.2019,12,40,4,56
02.04.2019,12,42,3,57
03.04.2019,13,39,4,56
04.04.2019,13,39,4,56
05.04.2019,13,39,4,56
06.04.2019,13,39,5,57
07.04.2019,13,38,6,57
08.04.2019,13,37,6,56
09.04.2019,12,38,6,56
10.04.2019,11,39,6,56
11.04.2019,11,39,6,56
12.04.2019,12,37,6,55
13.04.2019,12,37,6,55
14.04.2019,12,37,6,55
15.04.2019,13,37,5,55
16.04.2019,11,38,5,54
17.04.2019,12,37,7,56
18.04.2019,10,40,6,56
19.04.2019,10,39,7,56
20.04.2019,11,38,7,56
21.04.2019,11,38,7,56
22.04.2019,11,37,7,55
23.04.2019,11,38,7,56
24.04.2019,10,40,7,57
25.04.2019,10,38,7,55
26.04.2019,10,38,7,55
27.04.2019,11,36,7,54
28.04.2019,12,34,8,54
29.04.2019,13,34,9,56
30.04.2019,16,30,9,55
01.05.2019,16,29,9,54
02.05.2019,16,30,7,53
03.05.2019,16,29,7,52
04.05.2019,16,29,7,52
05.05.2019,16,29,6,51
06.05.2019,15,30,6,51
07.05.2019,14,31,7,52
08.05.2019,14,31,9,54
09.05.2019,15,30,10,55
10.05.2019,14,31,11,56
11.05.2019,14,31,11,56
12.05.2019,14,32,10,56
13.05.2019,15,30,11,56
14.05.2019,13,32,12,57
15.05.2019,12,35,10,57
16.05.2019,12,35,10,57
17.05.2019,12,35,10,57
18.05.2019,12,36,10,58
19.05.2019,12,36,11,59
20.05.2019,12,35,10,57
21.05.2019,11,35,9,55
22.05.2019,11,33,8,52
23.05.2019,11,32,9,52
24.05.2019,11,31,9,51
25.05.2019,11,31,10,52
26.05.2019,12,30,10,52
27.05.2019,12,29,9,50
28.05.2019,13,29,8,50
29.05.2019,13,29,10,52
30.05.2019,13,30,11,54
31.05.2019,13,31,12,56
01.06.2019,14,30,12,56
02.06.2019,14,30,12,56
03.06.2019,15,29,14,58
04.06.2019,15,29,14,58
05.06.2019,15,29,15,59
06.06.2019,15,28,14,57
07.06.2019,12,29,13,54
08.06.2019,13,28,13,54
09.06.2019,13,28,13,54
10.06.2019,14,29,12,55
11.06.2019,13,34,12,59
12.06.2019,12,34,14,60
13.06.2019,12,36,12,60
14.06.2019,13,34,13,60
15.06.2019,14,34,13,61
16.06.2019,14,33,13,60
17.06.2019,14,32,15,61
18.06.2019,12,36,14,62
19.06.2019,12,37,13,62
20.06.2019,12,36,13,61
21.06.2019,10,39,13,62
22.06.2019,10,39,12,61
23.06.2019,10,40,12,62
24.06.2019,10,41,11,62
25.06.2019,10,41,11,62
26.06.2019,10,41,10,61
27.06.2019,10,41,10,61
28.06.2019,10,40,9,59
29.06.2019,10,39,9,58
30.06.2019,10,40,8,58
01.07.2019,11,39,5,55
02.07.2019,12,38,6,56
03.07.2019,12,39,4,55
04.07.2019,12,38,4,54
05.07.2019,13,37,4,54
06.07.2019,13,37,4,54
07.07.2019,13,37,4,54
08.07.2019,12,38,5,55
09.07.2019,11,38,5,54
10.07.2019,11,38,4,53
11.07.2019,11,38,4,53
12.07.2019,13,36,5,54
13.07.2019,13,36,5,54
14.07.2019,13,36,5,54
15.07.2019,13,37,3,53
16.07.2019,12,38,3,53
17.07.2019,14,37,3,54
18.07.2019,13,38,4,55
19.07.2019,14,36,4,54
20.07.2019,14,36,4,54
21.07.2019,14,35,4,53
22.07.2019,16,36,2,54
23.07.2019,16,36,3,55
24.07.2019,16,35,4,55
25.07.2019,16,38,4,58
26.07.2019,16,38,6,60
27.07.2019,16,39,6,61
28.07.2019,16,39,6,61
29.07.2019,17,39,5,61
30.07.2019,19,37,5,61
31.07.2019,18,39,4,61
01.08.2019,19,39,5,63
02.08.2019,18,40,6,64
03.08.2019,18,40,6,64
04.08.2019,18,41,6,65
05.08.2019,18,38,6,62
06.08.2019,17,40,6,63
07.08.2019,17,40,7,64
08.08.2019,17,40,7,64
09.08.2019,18,41,4,63
10.08.2019,17,41,5,63
11.08.2019,17,41,5,63
12.08.2019,18,39,6,63
13.08.2019,16,42,5,63
14.08.2019,17,40,6,63
15.08.2019,16,41,8,65
16.08.2019,17,40,9,66
17.08.2019,17,40,9,66
18.08.2019,17,40,9,66
19.08.2019,18,38,9,65
20.08.2019,18,38,8,64
21.08.2019,18,38,10,66
22.08.2019,18,38,8,64
23.08.2019,18,36,10,64
24.08.2019,18,36,10,64
25.08.2019,18,35,10,63
26.08.2019,17,37,9,63
27.08.2019,19,37,7,63
28.08.2019,20,36,9,65
29.08.2019,22,33,7,62
30.08.2019,21,31,6,58
31.08.2019,21,31,6,58
01.09.2019,21,31,5,57
02.09.2019,17,30,5,52
03.09.2019,16,29,5,50
04.09.2019,17,30,4,51
05.09.2019,17,30,4,51
06.09.2019,18,29,3,50
07.09.2019,17,30,3,50
08.09.2019,17,30,3,50
09.09.2019,17,30,4,51
10.09.2019,16,33,3,52
11.09.2019,17,32,3,52
12.09.2019,15,36,3,54
13.09.2019,17,33,2,52
14.09.2019,18,32,2,52
15.09.2019,18,32,2,52
16.09.2019,17,29,2,48
17.09.2019,17,29,3,49
18.09.2019,17,29,3,49
19.09.2019,18,28,4,50
20.09.2019,19,27,4,50
21.09.2019,17,29,4,50
22.09.2019,17,31,4,52
23.09.2019,15,34,4,53
24.09.2019,16,32,5,53
25.09.2019,15,34,2,51
26.09.2019,16,34,3,53
27.09.2019,15,35,3,53
28.09.2019,15,35,3,53
29.09.2019,16,34,3,53
30.09.2019,15,34,4,53
01.10.2019,14,35,5,54
02.10.2019,14,34,5,53
03.10.2019,13,36,5,54
04.10.2019,12,36,5,53
05.10.2019,12,36,5,53
06.10.2019,12,36,5,53
07.10.2019,12,35,5,52
08.10.2019,11,31,6,48
09.10.2019,11,31,6,48
10.10.2019,12,27,6,45
11.10.2019,15,24,6,45
12.10.2019,15,24,6,45
13.10.2019,15,24,6,45
14.10.2019,15,24,6,45
15.10.2019,14,25,5,44
16.10.2019,14,25,5,44
17.10.2019,14,24,5,43
18.10.2019,15,23,5,43
19.10.2019,14,24,5,43
20.10.2019,15,21,5,41
21.10.2019,14,21,5,40
22.10.2019,13,23,4,40
23.10.2019,13,25,4,42
24.10.2019,12,25,3,40
25.10.2019,12,25,3,40
26.10.2019,12,25,3,40
27.10.2019,13,25,3,41
28.10.2019,12,24,3,39
29.10.2019,12,28,3,43
30.10.2019,12,30,3,45
31.10.2019,12,31,2,45
01.11.2019,12,31,2,45
02.11.2019,12,32,2,46
03.11.2019,12,33,2,47
04.11.2019,12,34,3,49
05.11.2019,12,33,5,50
06.11.2019,12,33,6,51
07.11.2019,11,35,7,53
08.11.2019,12,34,7,53
09.11.2019,12,34,7,53
10.11.2019,12,35,6,53
11.11.2019,12,34,6,52
12.11.2019,12,34,6,52
13.11.2019,12,34,6,52
14.11.2019,12,35,6,53
15.11.2019,12,35,6,53
16.11.2019,11,36,6,53
17.11.2019,11,36,6,53
18.11.2019,11,35,6,52
19.11.2019,12,34,6,52
20.11.2019,12,34,8,54
21.11.2019,14,34,7,55
22.11.2019,14,36,7,57
23.11.2019,14,36,7,57
24.11.2019,14,36,6,56
25.11.2019,14,36,6,56
26.11.2019,14,38,5,57
27.11.2019,14,36,5,55
28.11.2019,14,36,5,55
29.11.2019,14,37,4,55
30.11.2019,14,37,5,56
01.12.2019,14,38,5,57
02.12.2019,14,36,5,55
03.12.2019,14,36,4,54
04.12.2019,14,34,4,52
05.12.2019,14,35,2,51
06.12.2019,14,35,2,51
07.12.2019,14,35,2,51
08.12.2019,14,35,2,51
09.12.2019,14,36,2,52
10.12.2019,14,36,3,53
11.12.2019,13,38,2,53
12.12.2019,13,36,2,51
13.12.2019,14,36,2,52
14.12.2019,13,36,2,51
15.12.2019,13,36,2,51
16.12.2019,12,37,2,51
17.12.2019,13,39,1,53
18.12.2019,13,38,1,52
19.12.2019,13,35,2,50
20.12.2019,12,36,1,49
21.12.2019,13,35,1,49
22.12.2019,13,35,2,50
23.12.2019,12,35,2,49
24.12.2019,12,36,1,49
25.12.2019,12,36,1,49
26.12.2019,12,36,1,49
27.12.2019,12,36,1,49
28.12.2019,12,36,1,49
29.12.2019,12,35,1,48
30.12.2019,13,33,2,48
31.12.2019,13,34,2,49
01.01.2020,13,34,2,49
02.01.2020,13,31,2,46
03.01.2020,13,31,2,46
04.01.2020,13,31,2,46
05.01.2020,13,31,2,46
06.01.2020,13,33,3,49
07.01.2020,13,32,4,49
08.01.2020,12,33,5,50
09.01.2020,12,32,5,49
10.01.2020,12,33,4,49
11.01.2020,12,33,4,49
12.01.2020,12,33,4,49
13.01.2020,11,34,4,49
14.01.2020,12,32,4,48
15.01.2020,13,32,7,52
16.01.2020,11,31,7,49
17.01.2020,11,32,7,50
18.01.2020,12,31,7,50
19.01.2020,12,31,6,49
20.01.2020,11,32,6,49
21.01.2020,11,30,6,47
22.01.2020,11,30,7,48
23.01.2020,11,28,7,46
24.01.2020,10,28,7,45
25.01.2020,10,28,7,45
26.01.2020,10,28,7,45
27.01.2020,11,27,6,44
28.01.2020,11,28,6,45
29.01.2020,11,28,6,45
30.01.2020,10,28,7,45
31.01.2020,10,28,7,45
01.02.2020,10,29,7,46
02.02.2020,11,28,8,47
03.02.2020,11,28,7,46
04.02.2020,11,28,6,45
05.02.2020,10,29,6,45
06.02.2020,10,28,6,44
07.02.2020,10,28,4,42
08.02.2020,10,28,4,42
09.02.2020,10,28,4,42
10.02.2020,10,27,5,42
11.02.2020,10,28,5,43
12.02.2020,10,27,3,40
13.02.2020,11,28,2,41
14.02.2020,8,30,1,39
15.02.2020,8,30,1,39
16.02.2020,8,31,1,40
17.02.2020,8,29,0,37
18.02.2020,8,29,0,37
19.02.2020,8,28,0,36
20.02.2020,8,28,0,36
21.02.2020,8,28,1,37
22.02.2020,8,28,1,37
23.02.2020,8,27,1,36
24.02.2020,8,27,1,36
25.02.2020,8,27,1,36
26.02.2020,8,28,1,37
27.02.2020,8,28,1,37
28.02.2020,7,29,2,38
29.02.2020,7,30,2,39
01.03.2020,8,28,2,38
02.03.2020,8,29,3,40
03.03.2020,9,27,4,40
04.03.2020,9,28,3,40
05.03.2020,9,28,4,41
06.03.2020,9,26,4,39
07.03.2020,10,25,4,39
08.03.2020,10,25,4,39
09.03.2020,9,27,4,40
10.03.2020,9,26,4,39
11.03.2020,8,27,7,42
12.03.2020,8,28,7,43
13.03.2020,7,30,6,43
14.03.2020,7,30,6,43
15.03.2020,7,30,7,44
16.03.2020,7,29,8,44
17.03.2020,8,27,9,44
18.03.2020,9,27,10,46
19.03.2020,9,27,10,46
20.03.2020,9,26,10,45
21.03.2020,9,27,10,46
22.03.2020,10,27,10,47
23.03.2020,10,27,11,48
24.03.2020,11,27,11,49
25.03.2020,11,28,11,50
26.03.2020,11,30,12,53
27.03.2020,10,34,11,55
28.03.2020,10,34,11,55
29.03.2020,10,34,11,55
30.03.2020,10,35,9,54
31.03.2020,10,34,10,54
01.04.2020,9,35,10,54
02.04.2020,9,36,9,54
03.04.2020,9,36,9,54
04.04.2020,10,36,8,54
05.04.2020,10,36,8,54
06.04.2020,9,37,9,55
07.04.2020,11,34,9,54
08.04.2020,11,34,9,54
09.04.2020,10,36,8,54
10.04.2020,10,36,7,53
11.04.2020,10,36,7,53
12.04.2020,10,36,7,53
13.04.2020,9,35,8,52
14.04.2020,11,32,9,52
15.04.2020,11,32,8,51
16.04.2020,11,31,8,50
17.04.2020,10,34,5,49
18.04.2020,10,34,4,48
19.04.2020,10,33,4,47
20.04.2020,10,33,5,48
21.04.2020,11,33,5,49
22.04.2020,10,36,5,51
23.04.2020,10,36,6,52
24.04.2020,11,34,5,50
25.04.2020,11,35,5,51
26.04.2020,11,35,5,51
27.04.2020,12,34,5,51
28.04.2020,12,34,5,51
29.04.2020,10,37,4,51
30.04.2020,10,35,4,49
01.05.2020,9,34,5,48
02.05.2020,10,32,5,47
03.05.2020,10,32,5,47
04.05.2020,9,31,5,45
05.05.2020,10,30,6,46
06.05.2020,11,29,9,49
07.05.2020,9,30,8,47
08.05.2020,9,31,8,48
09.05.2020,9,32,8,49
10.05.2020,9,32,8,49
11.05.2020,9,33,7,49
12.05.2020,10,33,7,50
13.05.2020,11,34,7,52
14.05.2020,11,35,7,53
15.05.2020,11,34,8,53
16.05.2020,12,32,8,52
17.05.2020,12,32,8,52
18.05.2020,12,33,7,52
19.05.2020,13,37,5,55
20.05.2020,11,40,5,56
21.05.2020,12,39,5,56
22.05.2020,12,38,8,58
23.05.2020,12,38,9,59
24.05.2020,12,38,9,59
25.05.2020,14,35,10,59
26.05.2020,13,36,9,58
27.05.2020,12,35,10,57
28.05.2020,12,35,9,56
29.05.2020,15,32,9,56
30.05.2020,15,32,9,56
31.05.2020,15,32,9,56
01.06.2020,16,31,9,56
02.06.2020,17,30,8,55
03.06.2020,17,29,6,52
04.06.2020,16,29,7,52
05.06.2020,14,31,7,52
06.06.2020,15,30,7,52
07.06.2020,14,31,8,53
08.06.2020,16,30,7,53
09.06.2020,15,33,6,54
10.06.2020,14,34,6,54
11.06.2020,14,35,6,55
12.06.2020,14,34,8,56
13.06.2020,15,32,9,56
14.06.2020,14,33,9,56
15.06.2020,14,32,9,55
16.06.2020,14,30,6,50
17.06.2020,14,31,6,51
18.06.2020,15,30,6,51
19.06.2020,15,28,5,48
20.06.2020,14,29,4,47
21.06.2020,14,29,4,47
22.06.2020,15,28,3,46
23.06.2020,15,32,2,49
24.06.2020,14,33,1,48
25.06.2020,14,33,1,48
26.06.2020,15,31,2,48
27.06.2020,15,31,2,48
28.06.2020,15,31,2,48
29.06.2020,16,31,2,49
30.06.2020,16,32,2,50
01.07.2020,16,32,2,50
02.07.2020,17,31,4,52
03.07.2020,15,37,2,54
04.07.2020,16,36,2,54
05.07.2020,16,36,2,54
06.07.2020,17,35,2,54
07.07.2020,16,35,3,54
08.07.2020,15,36,3,54
09.07.2020,16,33,3,52
10.07.2020,16,33,2,51
11.07.2020,17,31,2,50
12.07.2020,16,32,2,50
13.07.2020,15,32,2,49
14.07.2020,15,30,2,47
15.07.2020,15,29,2,46
16.07.2020,14,31,3,48
17.07.2020,14,31,3,48
18.07.2020,14,31,3,48
19.07.2020,14,31,3,48
20.07.2020,15,30,3,48
21.07.2020,14,30,3,47
22.07.2020,14,30,3,47
23.07.2020,14,29,4,47
24.07.2020,16,27,4,47
25.07.2020,16,27,5,48
26.07.2020,16,27,5,48
27.07.2020,17,26,5,48
28.07.2020,18,25,5,48
29.07.2020,17,27,5,49
30.07.2020,18,26,5,49
31.07.2020,16,27,4,47
01.08.2020,17,26,4,47
02.08.2020,16,27,4,47
03.08.2020,19,25,3,47
04.08.2020,19,25,2,46
05.08.2020,17,27,2,46
06.08.2020,16,28,2,46
07.08.2020,18,26,2,46
08.08.2020,17,26,1,44
09.08.2020,16,27,1,44
10.08.2020,16,27,2,45
11.08.2020,17,27,2,46
12.08.2020,18,26,2,46
13.08.2020,16,28,2,46
14.08.2020,15,29,4,48
15.08.2020,15,29,4,48
16.08.2020,15,29,4,48
17.08.2020,17,26,4,47
18.08.2020,15,28,4,47
19.08.2020,17,26,4,47
20.08.2020,18,25,5,48
21.08.2020,18,25,6,49
22.08.2020,18,25,5,48
23.08.2020,18,25,5,48
24.08.2020,18,24,5,47
25.08.2020,19,25,5,49
26.08.2020,18,25,5,48
27.08.2020,17,26,5,48
28.08.2020,17,26,5,48
29.08.2020,17,26,5,48
30.08.2020,18,25,5,48
31.08.2020,19,24,5,48
01.09.2020,18,26,7,51
02.09.2020,18,26,7,51
03.09.2020,18,26,7,51
04.09.2020,18,26,7,51
05.09.2020,18,25,8,51
06.09.2020,19,24,8,51
07.09.2020,20,22,7,49
08.09.2020,20,20,9,49
09.09.2020,20,21,8,49
10.09.2020,18,24,8,50
11.09.2020,18,24,6,48
12.09.2020,18,24,6,48
13.09.2020,18,24,6,48
14.09.2020,19,23,6,48
15.09.2020,18,25,5,48
16.09.2020,18,25,4,47
17.09.2020,20,23,3,46
18.09.2020,20,23,3,46
19.09.2020,20,23,3,46
20.09.2020,20,25,6,51
21.09.2020,20,26,6,52
22.09.2020,21,24,7,52
23.09.2020,20,23,7,50
24.09.2020,18,25,6,49
25.09.2020,19,24,6,49
26.09.2020,19,24,6,49
27.09.2020,20,23,6,49
28.09.2020,21,21,6,48
29.09.2020,21,21,5,47
30.09.2020,21,21,7,49
01.10.2020,20,23,8,51
02.10.2020,21,22,8,51
03.10.2020,21,21,9,51
04.10.2020,21,21,9,51
05.10.2020,20,22,9,51
06.10.2020,20,22,8,50
07.10.2020,19,21,8,48
08.10.2020,19,20,8,47
09.10.2020,19,18,9,46
10.10.2020,20,17,8,45
11.10.2020,20,17,8,45
12.10.2020,20,17,9,46
13.10.2020,19,17,9,45
14.10.2020,18,16,10,44
15.10.2020,19,14,10,43
16.10.2020,18,16,10,44
17.10.2020,18,16,10,44
18.10.2020,18,16,6,40
19.10.2020,18,15,5,38
20.10.2020,19,15,5,39
21.10.2020,19,15,5,39
22.10.2020,17,18,5,40
23.10.2020,18,17,5,40
24.10.2020,18,17,5,40
25.10.2020,19,15,5,39
26.10.2020,20,14,5,39
27.10.2020,19,15,6,40
28.10.2020,18,16,4,38
29.10.2020,18,17,2,37
30.10.2020,18,17,3,38
31.10.2020,18,17,3,38
01.11.2020,17,18,3,38
02.11.2020,17,19,3,39
03.11.2020,17,20,3,40
04.11.2020,14,23,3,40
05.11.2020,16,22,4,42
06.11.2020,17,21,4,42
07.11.2020,18,20,4,42
08.11.2020,19,19,4,42
09.11.2020,17,22,3,42
10.11.2020,17,22,3,42
11.11.2020,16,24,2,42
12.11.2020,16,24,2,42
13.11.2020,15,24,2,41
14.11.2020,15,24,2,41
15.11.2020,15,24,2,41
16.11.2020,14,24,2,40
17.11.2020,14,23,2,39
18.11.2020,14,22,4,40
19.11.2020,15,22,4,41
20.11.2020,17,20,5,42
21.11.2020,17,20,5,42
22.11.2020,18,19,5,42
23.11.2020,18,19,5,42
24.11.2020,18,18,5,41
25.11.2020,19,17,5,41
26.11.2020,20,16,5,41
27.11.2020,20,19,5,44
28.11.2020,20,21,6,47
29.11.2020,20,21,6,47
30.11.2020,20,21,5,46
01.12.2020,19,23,4,46
02.12.2020,19,23,4,46
03.12.2020,18,23,3,44
04.12.2020,18,23,3,44
05.12.2020,19,22,3,44
06.12.2020,20,21,3,44
07.12.2020,17,24,3,44
08.12.2020,18,23,3,44
09.12.2020,18,24,3,45
10.12.2020,17,26,2,45
11.12.2020,15,28,3,46
12.12.2020,15,29,2,46
13.12.2020,15,29,2,46
14.12.2020,15,29,3,47
15.12.2020,15,30,3,48
16.12.2020,15,31,3,49
17.12.2020,14,30,4,48
18.12.2020,15,30,3,48
19.12.2020,15,30,4,49
20.12.2020,15,30,4,49
21.12.2020,16,29,5,50
22.12.2020,18,29,4,51
23.12.2020,17,30,4,51
24.12.2020,17,30,4,51
25.12.2020,17,30,5,52
26.12.2020,18,29,3,50
27.12.2020,18,29,3,50
28.12.2020,18,29,3,50
29.12.2020,18,29,4,51
30.12.2020,17,31,3,51
31.12.2020,16,31,3,50
01.01.2021,16,30,3,49
02.01.2021,16,29,3,48
03.01.2021,17,28,5,50
04.01.2021,15,29,5,49
05.01.2021,16,28,6,50
06.01.2021,15,29,5,49
07.01.2021,15,29,5,49
08.01.2021,15,28,6,49
09.01.2021,15,28,6,49
10.01.2021,15,28,6,49
11.01.2021,14,28,6,48
12.01.2021,15,27,5,47
13.01.2021,16,26,4,46
14.01.2021,15,28,4,47
15.01.2021,16,26,4,46
16.01.2021,16,26,4,46
17.01.2021,16,26,5,47
18.01.2021,17,24,6,47
19.01.2021,19,22,5,46
20.01.2021,18,23,5,46
21.01.2021,17,24,5,46
22.01.2021,17,24,5,46
23.01.2021,19,22,5,46
24.01.2021,19,22,6,47
25.01.2021,19,21,6,46
26.01.2021,18,23,5,46
27.01.2021,18,21,5,44
28.01.2021,18,20,5,43
29.01.2021,18,22,6,46
30.01.2021,20,20,6,46
31.01.2021,20,20,4,44
01.02.2021,20,21,5,46
02.02.2021,21,20,5,46
03.02.2021,21,21,4,46
04.02.2021,21,21,4,46
05.02.2021,20,22,4,46
06.02.2021,19,23,4,46
07.02.2021,19,23,4,46
08.02.2021,19,23,4,46
09.02.2021,19,23,6,48
10.02.2021,19,21,7,47
11.02.2021,19,21,9,49
12.02.2021,19,23,7,49
13.02.2021,19,23,7,49
14.02.2021,20,22,6,48
15.02.2021,20,22,5,47
16.02.2021,19,22,5,46
17.02.2021,18,22,5,45
18.02.2021,18,23,4,45
19.02.2021,17,24,5,46
20.02.2021,18,23,5,46
21.02.2021,19,22,4,45
22.02.2021,19,22,5,46
23.02.2021,18,22,5,45
24.02.2021,19,21,5,45
25.02.2021,19,21,5,45
26.02.2021,19,22,3,44
27.02.2021,18,23,3,44
28.02.2021,18,23,3,44
01.03.2021,19,23,3,45
02.03.2021,20,23,3,46
03.03.2021,20,23,3,46
04.03.2021,21,23,3,47
05.03.2021,20,24,3,47
06.03.2021,19,25,3,47
07.03.2021,19,23,3,45
08.03.2021,19,23,3,45
09.03.2021,19,23,3,45
10.03.2021,19,24,3,46
11.03.2021,19,23,3,45
12.03.2021,19,24,4,47
13.03.2021,19,24,4,47
14.03.2021,19,24,4,47
15.03.2021,18,25,4,47
16.03.2021,17,27,3,47
17.03.2021,17,27,5,49
18.03.2021,17,28,5,50
19.03.2021,17,28,4,49
20.03.2021,17,28,4,49
21.03.2021,18,26,4,48
22.03.2021,18,25,4,47
23.03.2021,18,25,5,48
24.03.2021,19,24,5,48
25.03.2021,19,24,6,49
26.03.2021,20,23,6,49
27.03.2021,19,24,8,51
28.03.2021,19,24,9,52
29.03.2021,19,24,10,53
30.03.2021,20,24,9,53
31.03.2021,20,24,9,53
01.04.2021,20,24,10,54
02.04.2021,20,24,11,55
03.04.2021,20,24,11,55
04.04.2021,20,25,11,56
05.04.2021,20,25,11,56
06.04.2021,20,23,11,54
07.04.2021,20,22,11,53
08.04.2021,19,23,11,53
09.04.2021,19,23,10,52
10.04.2021,19,23,10,52
11.04.2021,18,24,10,52
12.04.2021,19,23,10,52
13.04.2021,18,27,11,56
14.04.2021,19,25,9,53
15.04.2021,19,26,7,52
16.04.2021,18,27,7,52
17.04.2021,19,26,7,52
18.04.2021,20,24,8,52
19.04.2021,20,24,8,52
20.04.2021,20,25,7,52
21.04.2021,19,23,7,49
22.04.2021,19,23,6,48
23.04.2021,19,22,6,47
24.04.2021,19,22,5,46
25.04.2021,19,22,4,45
26.04.2021,19,22,3,44
27.04.2021,19,22,3,44
28.04.2021,19,21,3,43
29.04.2021,19,21,3,43
30.04.2021,18,23,2,43
01.05.2021,18,23,2,43
02.05.2021,17,24,1,42
03.05.2021,18,23,1,42
04.05.2021,18,23,2,43
05.05.2021,18,24,2,44
06.05.2021,17,25,3,45
07.05.2021,15,26,4,45
08.05.2021,16,25,4,45
09.05.2021,16,26,3,45
10.05.2021,16,26,3,45
11.05.2021,16,26,3,45
12.05.2021,15,29,3,47
13.05.2021,15,29,2,46
14.05.2021,16,28,3,47
15.05.2021,16,28,3,47
16.05.2021,16,27,5,48
17.05.2021,16,28,6,50
18.05.2021,14,31,7,52
19.05.2021,15,30,7,52
20.05.2021,16,30,8,54
21.05.2021,16,30,9,55
22.05.2021,16,30,9,55
23.05.2021,17,29,9,55
24.05.2021,17,26,9,52
25.05.2021,17,28,8,53
26.05.2021,17,28,8,53
27.05.2021,19,27,6,52
28.05.2021,21,24,6,51
29.05.2021,20,25,6,51
30.05.2021,20,25,6,51
31.05.2021,21,24,6,51
01.06.2021,21,24,6,51
02.06.2021,21,24,6,51
03.06.2021,21,22,5,48
04.06.2021,21,22,5,48
05.06.2021,20,23,5,48
06.06.2021,20,22,5,47
07.06.2021,20,21,5,46
08.06.2021,20,22,4,46
09.06.2021,20,21,4,45
10.06.2021,19,22,5,46
11.06.2021,20,21,4,45
12.06.2021,20,21,4,45
13.06.2021,20,21,3,44
14.06.2021,20,21,3,44
15.06.2021,19,23,2,44
16.06.2021,20,22,3,45
17.06.2021,20,21,3,44
18.06.2021,19,21,2,42
19.06.2021,19,20,2,41
20.06.2021,20,19,2,41
21.06.2021,20,18,3,41
22.06.2021,19,19,4,42
23.06.2021,18,20,4,42
24.06.2021,20,18,4,42
25.06.2021,20,19,4,43
26.06.2021,20,19,3,42
27.06.2021,20,20,3,43
28.06.2021,20,21,4,45
29.06.2021,20,22,5,47
30.06.2021,20,21,6,47
01.07.2021,20,22,7,49
02.07.2021,20,24,7,51
03.07.2021,19,25,7,51
04.07.2021,20,24,7,51
05.07.2021,20,24,7,51
06.07.2021,20,25,6,51
07.07.2021,19,26,6,51
08.07.2021,18,26,6,50
09.07.2021,19,25,6,50
10.07.2021,19,26,6,51
11.07.2021,19,26,6,51
12.07.2021,19,27,6,52
13.07.2021,17,29,7,53
14.07.2021,18,27,7,52
15.07.2021,20,26,9,55
16.07.2021,18,29,8,55
17.07.2021,19,28,10,57
18.07.2021,19,28,10,57
19.07.2021,19,27,10,56
20.07.2021,17,27,10,54
21.07.2021,17,28,11,56
22.07.2021,18,27,10,55
23.07.2021,17,28,9,54
24.07.2021,17,28,9,54
25.07.2021,18,27,9,54
26.07.2021,19,28,8,55
27.07.2021,18,28,9,55
28.07.2021,18,29,10,57
29.07.2021,18,29,11,58
30.07.2021,18,29,11,58
31.07.2021,17,30,11,58
01.08.2021,17,31,11,59
02.08.2021,17,32,11,60
03.08.2021,17,32,12,61
04.08.2021,19,30,11,60
05.08.2021,18,29,10,57
06.08.2021,18,28,10,56
07.08.2021,18,28,10,56
08.08.2021,18,28,10,56
09.08.2021,17,29,10,56
10.08.2021,16,29,9,54
11.08.2021,17,29,9,55
12.08.2021,18,29,7,54
13.08.2021,17,28,7,52
14.08.2021,17,28,5,50
15.08.2021,17,27,5,49
16.08.2021,18,26,4,48
17.08.2021,17,26,3,46
18.08.2021,16,28,2,46
19.08.2021,15,28,3,46
20.08.2021,15,27,4,46
21.08.2021,15,27,4,46
22.08.2021,15,26,4,45
23.08.2021,15,25,4,44
24.08.2021,17,25,3,45
25.08.2021,17,25,4,46
26.08.2021,15,26,2,43
27.08.2021,14,26,1,41
28.08.2021,14,26,1,41
29.08.2021,14,27,1,42
30.08.2021,14,26,0,40
31.08.2021,14,27,0,41
01.09.2021,15,26,0,41
02.09.2021,14,27,1,42
03.09.2021,14,27,1,42
04.09.2021,14,27,2,43
05.09.2021,14,27,2,43
06.09.2021,14,26,2,42
07.09.2021,13,28,2,43
08.09.2021,15,25,2,42
09.09.2021,15,25,2,42
10.09.2021,15,25,2,42
11.09.2021,15,25,2,42
12.09.2021,15,25,2,42
13.09.2021,16,22,3,41
14.09.2021,15,23,3,41
15.09.2021,15,22,4,41
16.09.2021,15,22,4,41
17.09.2021,14,23,4,41
18.09.2021,14,23,4,41
19.09.2021,14,23,4,41
20.09.2021,14,23,4,41
21.09.2021,14,23,4,41
22.09.2021,14,21,5,40
23.09.2021,13,22,5,40
24.09.2021,13,23,5,41
25.09.2021,13,23,5,41
26.09.2021,13,23,5,41
27.09.2021,13,23,5,41
28.09.2021,13,23,6,42
29.09.2021,14,23,6,43
30.09.2021,14,23,6,43
01.10.2021,13,24,6,43
02.10.2021,14,23,6,43
03.10.2021,14,23,6,43
04.10.2021,13,23,8,44
05.10.2021,13,22,7,42
06.10.2021,13,22,7,42
07.10.2021,13,22,7,42
08.10.2021,13,21,7,41
09.10.2021,13,21,7,41
10.10.2021,13,20,7,40
11.10.2021,16,19,6,41
12.10.2021,14,24,6,44
13.10.2021,15,22,4,41
14.10.2021,14,24,4,42
15.10.2021,12,27,4,43
16.10.2021,12,27,4,43
17.10.2021,12,27,4,43
18.10.2021,11,28,4,43
19.10.2021,10,30,5,45
20.10.2021,10,32,4,46
21.10.2021,10,32,4,46
22.10.2021,11,30,4,45
23.10.2021,10,31,4,45
24.10.2021,10,31,4,45
25.10.2021,10,31,5,46
26.10.2021,10,31,5,46
27.10.2021,11,30,3,44
28.10.2021,11,29,5,45
29.10.2021,11,29,5,45
30.10.2021,12,29,5,46
31.10.2021,12,29,5,46
01.11.2021,11,32,4,47
02.11.2021,11,32,5,48
03.11.2021,10,33,5,48
04.11.2021,9,34,6,49
05.11.2021,9,34,5,48
06.11.2021,9,35,5,49
07.11.2021,10,34,5,49
08.11.2021,13,30,5,48
09.11.2021,12,30,5,47
10.11.2021,13,29,5,47
11.11.2021,11,31,5,47
12.11.2021,11,31,5,47
13.11.2021,11,31,5,47
14.11.2021,11,30,5,46
15.11.2021,10,31,6,47
16.11.2021,10,31,5,46
17.11.2021,10,30,4,44
18.11.2021,10,30,4,44
19.11.2021,12,28,4,44
20.11.2021,12,28,4,44
21.11.2021,12,28,4,44
22.11.2021,12,28,4,44
23.11.2021,12,29,4,45
24.11.2021,12,28,4,44
25.11.2021,12,28,2,42
26.11.2021,12,28,2,42
27.11.2021,13,27,2,42
28.11.2021,13,27,2,42
29.11.2021,12,28,3,43
30.11.2021,12,26,2,40
01.12.2021,10,25,2,37
02.12.2021,10,26,3,39
03.12.2021,10,27,3,40
04.12.2021,10,27,3,40
05.12.2021,10,27,3,40
06.12.2021,11,26,3,40
07.12.2021,12,27,3,42
08.12.2021,12,26,3,41
09.12.2021,11,26,3,40
10.12.2021,12,24,3,39
11.12.2021,12,24,3,39
12.12.2021,12,24,3,39
13.12.2021,10,27,2,39
14.12.2021,10,27,2,39
15.12.2021,10,27,2,39
16.12.2021,10,27,2,39
17.12.2021,11,27,2,40
18.12.2021,11,27,2,40
19.12.2021,11,28,2,41
20.12.2021,11,28,2,41
21.12.2021,11,28,2,41
22.12.2021,11,27,3,41
23.12.2021,11,27,3,41
24.12.2021,12,26,3,41
25.12.2021,12,26,3,41
26.12.2021,12,26,3,41
27.12.2021,12,25,3,40
28.12.2021,11,25,2,38
29.12.2021,11,25,2,38
30.12.2021,11,25,0,36
31.12.2021,10,25,0,35
01.01.2022,10,25,0,35
02.01.2022,10,25,0,35
03.01.2022,10,25,0,35
04.01.2022,11,23,0,34
05.01.2022,11,26,0,37
06.01.2022,10,26,0,36
07.01.2022,10,25,0,35
08.01.2022,10,25,0,35
09.01.2022,10,25,0,35
10.01.2022,10,25,0,35
11.01.2022,9,23,0,32
12.01.2022,10,21,1,32
13.01.2022,10,20,1,31
14.01.2022,11,18,1,30
15.01.2022,11,18,1,30
16.01.2022,11,18,0,29
17.01.2022,11,18,0,29
18.01.2022,11,17,0,28
19.01.2022,11,17,0,28
20.01.2022,11,17,0,28
21.01.2022,11,17,0,28
22.01.2022,11,17,0,28
23.01.2022,11,17,0,28
24.01.2022,11,18,2,31
25.01.2022,11,19,1,31
26.01.2022,11,20,1,32
27.01.2022,11,20,1,32
28.01.2022,10,21,1,32
29.01.2022,10,21,1,32
30.01.2022,10,21,1,32
31.01.2022,10,21,1,32
01.02.2022,11,20,1,32
02.02.2022,11,17,1,29
03.02.2022,10,18,1,29
04.02.2022,10,17,1,28
05.02.2022,10,17,1,28
06.02.2022,10,17,1,28
07.02.2022,9,19,2,30
08.02.2022,9,22,3,34
09.02.2022,11,20,2,33
10.02.2022,10,21,2,33
11.02.2022,9,22,2,33
12.02.2022,9,22,2,33
13.02.2022,9,22,3,34
14.02.2022,10,21,2,33
15.02.2022,9,21,2,32
16.02.2022,9,20,2,31
17.02.2022,10,19,4,33
18.02.2022,9,20,6,35
19.02.2022,9,20,6,35
20.02.2022,9,20,6,35
21.02.2022,11,19,5,35
22.02.2022,12,15,5,32
23.02.2022,12,15,5,32
24.02.2022,12,15,5,32
25.02.2022,11,15,5,31
26.02.2022,11,15,5,31
27.02.2022,11,15,5,31
28.02.2022,12,14,5,31
01.03.2022,11,15,5,31
02.03.2022,10,17,5,32
03.03.2022,10,18,5,33
04.03.2022,11,16,5,32
05.03.2022,11,17,5,33
06.03.2022,11,17,5,33
07.03.2022,11,17,4,32
08.03.2022,10,16,4,30
09.03.2022,10,16,5,31
10.03.2022,10,16,6,32
11.03.2022,10,18,6,34
12.03.2022,10,18,6,34
13.03.2022,10,18,6,34
14.03.2022,10,17,6,33
15.03.2022,9,19,7,35
16.03.2022,10,17,8,35
17.03.2022,10,18,6,34
18.03.2022,8,19,4,31
19.03.2022,8,19,4,31
20.03.2022,9,18,4,31
21.03.2022,11,16,3,30
22.03.2022,12,15,3,30
23.03.2022,13,15,3,31
24.03.2022,12,16,3,31
25.03.2022,11,18,4,33
26.03.2022,11,18,4,33
27.03.2022,11,18,4,33
28.03.2022,12,18,4,34
29.03.2022,11,20,4,35
30.03.2022,12,18,6,36
31.03.2022,12,18,7,37
01.04.2022,13,17,7,37
02.04.2022,13,17,7,37
03.04.2022,13,17,7,37
04.04.2022,13,17,8,38
05.04.2022,11,19,9,39
06.04.2022,11,18,8,37
07.04.2022,11,20,6,37
08.04.2022,11,19,6,36
09.04.2022,11,21,6,38
10.04.2022,12,21,5,38
11.04.2022,11,21,5,37
12.04.2022,11,22,5,38
13.04.2022,12,21,5,38
14.04.2022,12,21,5,38
15.04.2022,10,24,4,38
16.04.2022,11,22,4,37
17.04.2022,12,21,4,37
18.04.2022,14,19,4,37
19.04.2022,13,20,4,37
20.04.2022,14,18,4,36
21.04.2022,13,19,5,37
22.04.2022,12,19,4,35
23.04.2022,12,19,4,35
24.04.2022,12,19,7,38
25.04.2022,12,19,7,38
26.04.2022,12,20,6,38
27.04.2022,12,19,5,36
28.04.2022,14,17,5,36
29.04.2022,14,18,5,37
30.04.2022,14,18,5,37
01.05.2022,14,18,5,37
02.05.2022,13,19,4,36
03.05.2022,12,19,4,35
04.05.2022,13,18,4,35
05.05.2022,13,19,4,36
06.05.2022,13,19,4,36
07.05.2022,13,18,4,35
08.05.2022,13,16,5,34
09.05.2022,13,16,5,34
10.05.2022,12,17,5,34
11.05.2022,12,17,5,34
12.05.2022,12,18,5,35
13.05.2022,12,19,5,36
14.05.2022,13,18,5,36
15.05.2022,12,20,5,37
16.05.2022,12,21,5,38
17.05.2022,12,21,5,38
18.05.2022,12,21,6,39
19.05.2022,10,23,6,39
20.05.2022,11,24,6,41
21.05.2022,11,23,6,40
22.05.2022,11,23,3,37
23.05.2022,12,22,3,37
24.05.2022,12,21,3,36
25.05.2022,12,21,3,36
26.05.2022,12,22,3,37
27.05.2022,12,23,3,38
28.05.2022,12,23,3,38
29.05.2022,12,24,3,39
30.05.2022,12,23,3,38
31.05.2022,12,23,3,38
01.06.2022,12,23,4,39
02.06.2022,12,21,6,39
03.06.2022,12,22,5,39
04.06.2022,12,22,5,39
05.06.2022,12,21,4,37
06.06.2022,12,21,4,37
07.06.2022,12,20,5,37
08.06.2022,12,20,6,38
09.06.2022,12,22,5,39
10.06.2022,12,23,4,39
11.06.2022,13,21,5,39
12.06.2022,12,22,5,39
13.06.2022,12,21,6,39
14.06.2022,12,22,6,40
15.06.2022,11,21,6,38
16.06.2022,11,22,4,37
17.06.2022,11,21,3,35
18.06.2022,11,21,3,35
19.06.2022,11,21,3,35
20.06.2022,11,22,3,36
21.06.2022,11,23,3,37
22.06.2022,12,20,4,36
23.06.2022,12,19,4,35
24.06.2022,12,19,5,36
25.06.2022,12,19,5,36
26.06.2022,12,19,5,36
27.06.2022,11,20,5,36
28.06.2022,11,21,6,38
29.06.2022,11,21,6,38
30.06.2022,11,18,5,34
01.07.2022,11,17,5,33
02.07.2022,11,17,5,33
03.07.2022,11,19,5,35
04.07.2022,11,19,5,35
05.07.2022,11,20,3,34
06.07.2022,11,20,3,34
07.07.2022,11,20,3,34
08.07.2022,11,20,3,34
09.07.2022,11,20,3,34
10.07.2022,11,20,3,34
11.07.2022,12,19,3,34
12.07.2022,12,20,3,35
13.07.2022,12,20,3,35
14.07.2022,12,19,3,34
15.07.2022,12,19,3,34
16.07.2022,12,19,3,34
17.07.2022,12,19,3,34
18.07.2022,12,19,3,34
19.07.2022,11,20,3,34
20.07.2022,11,20,2,33
21.07.2022,11,19,2,32
22.07.2022,11,19,2,32
23.07.2022,11,19,2,32
24.07.2022,11,19,2,32
25.07.2022,12,18,3,33
26.07.2022,12,22,1,35
27.07.2022,12,22,3,37
28.07.2022,12,21,5,38
29.07.2022,12,20,4,36
30.07.2022,12,20,4,36
31.07.2022,12,18,4,34
01.08.2022,12,19,3,34
02.08.2022,12,19,3,34
03.08.2022,12,18,3,33
04.08.2022,11,18,3,32
05.08.2022,10,21,1,32
06.08.2022,10,22,1,33
07.08.2022,10,22,1,33
08.08.2022,11,21,2,34
09.08.2022,10,21,2,33
10.08.2022,11,21,2,34
11.08.2022,12,21,3,36
12.08.2022,11,21,4,36
13.08.2022,11,21,4,36
14.08.2022,11,21,4,36
15.08.2022,11,22,4,37
16.08.2022,10,23,4,37
17.08.2022,10,22,4,36
18.08.2022,10,22,4,36
19.08.2022,10,22,4,36
20.08.2022,10,22,4,36
21.08.2022,10,22,4,36
22.08.2022,11,21,4,36
23.08.2022,13,20,3,36
24.08.2022,13,19,4,36
25.08.2022,12,19,3,34
26.08.2022,10,21,3,34
27.08.2022,10,21,3,34
28.08.2022,10,21,3,34
29.08.2022,10,22,3,35
30.08.2022,11,23,3,37
31.08.2022,11,23,3,37
01.09.2022,11,24,2,37
02.09.2022,10,26,2,38
03.09.2022,10,26,1,37
04.09.2022,10,26,1,37
05.09.2022,11,26,1,38
06.09.2022,12,26,1,39
07.09.2022,12,26,1,39
08.09.2022,12,26,1,39
09.09.2022,12,25,3,40
10.09.2022,12,25,3,40
11.09.2022,13,24,3,40
12.09.2022,12,24,4,40
13.09.2022,11,24,4,39
14.09.2022,11,24,4,39
15.09.2022,10,25,4,39
16.09.2022,11,25,5,41
17.09.2022,11,25,5,41
18.09.2022,11,25,5,41
19.09.2022,12,25,5,42
20.09.2022,9,28,5,42
21.09.2022,10,26,8,44
22.09.2022,11,26,8,45
23.09.2022,11,26,8,45
24.09.2022,11,26,8,45
25.09.2022,11,25,9,45
26.09.2022,10,27,7,44
27.09.2022,9,27,7,43
28.09.2022,10,27,7,44
29.09.2022,11,25,6,42
30.09.2022,11,23,5,39
01.10.2022,11,24,4,39
02.10.2022,11,24,4,39
03.10.2022,10,24,4,38
04.10.2022,11,23,4,38
05.10.2022,12,21,4,37
06.10.2022,11,22,4,37
07.10.2022,11,22,4,37
08.10.2022,12,21,4,37
09.10.2022,13,20,4,37
10.10.2022,12,21,3,36
11.10.2022,13,20,3,36
12.10.2022,12,22,2,36
13.10.2022,11,22,2,35
14.10.2022,12,21,2,35
15.10.2022,12,21,2,35
16.10.2022,12,21,2,35
17.10.2022,11,22,1,34
18.10.2022,10,23,1,34
19.10.2022,10,22,1,33
20.10.2022,9,23,3,35
21.10.2022,8,24,3,35
22.10.2022,8,24,3,35
23.10.2022,8,25,3,36
24.10.2022,7,25,3,35
25.10.2022,7,25,4,36
26.10.2022,7,24,4,35
27.10.2022,9,22,6,37
28.10.2022,9,25,4,38
29.10.2022,9,24,4,37
30.10.2022,9,24,4,37
31.10.2022,9,23,4,36
01.11.2022,9,24,4,37
02.11.2022,9,24,4,37
03.11.2022,8,25,4,37
04.11.2022,8,25,4,37
05.11.2022,9,23,4,36
06.11.2022,9,23,4,36
07.11.2022,8,24,4,36
08.11.2022,9,22,5,36
09.11.2022,8,23,5,36
10.11.2022,8,23,6,37
11.11.2022,9,21,6,36
12.11.2022,9,21,6,36
13.11.2022,9,21,6,36
14.11.2022,8,22,6,36
15.11.2022,8,22,6,36
16.11.2022,8,23,7,38
17.11.2022,7,24,4,35
18.11.2022,7,24,4,35
19.11.2022,7,24,4,35
20.11.2022,9,23,4,36
21.11.2022,8,26,3,37
22.11.2022,7,26,2,35
23.11.2022,7,26,2,35
24.11.2022,10,22,1,33
25.11.2022,9,20,2,31
26.11.2022,9,19,2,30
27.11.2022,9,18,2,29
28.11.2022,9,19,2,30
29.11.2022,9,18,2,29
30.11.2022,8,18,5,31
01.12.2022,8,17,6,31
02.12.2022,8,17,6,31
03.12.2022,8,17,6,31
04.12.2022,8,17,6,31
05.12.2022,7,16,6,29
06.12.2022,9,17,6,32
07.12.2022,8,19,6,33
08.12.2022,8,19,6,33
09.12.2022,9,19,8,36
10.12.2022,9,19,8,36
11.12.2022,9,19,8,36
12.12.2022,8,19,8,35
13.12.2022,8,19,8,35
14.12.2022,9,18,7,34
15.12.2022,8,18,7,33
16.12.2022,9,18,7,34
17.12.2022,9,18,7,34
18.12.2022,10,17,7,34
19.12.2022,9,20,5,34
20.12.2022,8,21,5,34
21.12.2022,8,21,6,35
22.12.2022,8,20,6,34
23.12.2022,8,20,6,34
24.12.2022,8,20,6,34
25.12.2022,8,20,6,34
26.12.2022,8,19,5,32
27.12.2022,7,20,5,32
28.12.2022,9,16,4,29
29.12.2022,9,16,3,28
30.12.2022,9,16,3,28
31.12.2022,9,16,3,28
01.01.2023,9,16,3,28
02.01.2023,8,18,3,29
03.01.2023,7,20,2,29
04.01.2023,7,19,3,29
05.01.2023,7,18,4,29
06.01.2023,7,18,3,28
07.01.2023,7,18,3,28
08.01.2023,7,17,3,27
09.01.2023,7,17,3,27
10.01.2023,6,19,3,28
11.01.2023,8,18,3,29
12.01.2023,7,19,3,29
13.01.2023,7,17,3,27
14.01.2023,7,17,3,27
15.01.2023,7,17,3,27
16.01.2023,8,17,3,28
17.01.2023,8,19,3,30
18.01.2023,8,19,2,29
19.01.2023,7,19,3,29
20.01.2023,6,21,3,30
21.01.2023,6,21,3,30
22.01.2023,6,20,4,30
23.01.2023,7,19,5,31
24.01.2023,6,19,5,30
25.01.2023,8,16,6,30
26.01.2023,9,14,6,29
27.01.2023,9,15,6,30
28.01.2023,9,15,6,30
29.01.2023,9,15,6,30
30.01.2023,7,17,7,31
31.01.2023,7,16,8,31
01.02.2023,7,16,6,29
02.02.2023,7,16,5,28
03.02.2023,7,17,5,29
04.02.2023,7,17,5,29
05.02.2023,7,18,4,29
06.02.2023,7,18,4,29
07.02.2023,5,20,4,29
08.02.2023,7,17,6,30
09.02.2023,6,18,6,30
10.02.2023,6,18,6,30
11.02.2023,6,18,6,30
12.02.2023,6,18,6,30
13.02.2023,5,21,6,32
14.02.2023,5,22,5,32
15.02.2023,5,22,5,32
16.02.2023,4,22,5,31
17.02.2023,4,23,4,31
18.02.2023,4,23,4,31
19.02.2023,4,23,4,31
20.02.2023,4,21,3,28
21.02.2023,4,21,3,28
22.02.2023,5,19,4,28
23.02.2023,5,20,4,29
24.02.2023,5,20,3,28
25.02.2023,5,20,3,28
26.02.2023,5,20,3,28
27.02.2023,4,22,2,28
28.02.2023,4,22,2,28
01.03.2023,4,21,2,27
02.03.2023,4,21,2,27
03.03.2023,4,21,2,27
04.03.2023,4,21,2,27
05.03.2023,4,20,2,26
06.03.2023,5,18,2,25
07.03.2023,6,17,2,25
08.03.2023,5,17,0,22
09.03.2023,6,16,0,22
10.03.2023,6,16,0,22
11.03.2023,6,16,0,22
12.03.2023,6,17,0,23
13.03.2023,6,15,0,21
14.03.2023,6,15,1,22
15.03.2023,6,15,2,23
16.03.2023,4,16,2,22
17.03.2023,4,17,1,22
18.03.2023,4,17,2,23
19.03.2023,4,18,1,23
20.03.2023,4,18,1,23
21.03.2023,4,17,1,22
22.03.2023,4,18,1,23
23.03.2023,4,20,1,25
24.03.2023,4,20,2,26
25.03.2023,4,20,2,26
26.03.2023,4,20,2,26
27.03.2023,4,19,3,26
28.03.2023,4,20,3,27
29.03.2023,4,19,4,27
30.03.2023,4,19,4,27
31.03.2023,4,19,4,27
01.04.2023,4,19,4,27
02.04.2023,4,19,4,27
03.04.2023,4,19,4,27
04.04.2023,5,18,4,27
05.04.2023,4,19,3,26
06.04.2023,5,18,3,26
07.04.2023,5,18,3,26
08.04.2023,5,18,3,26
09.04.2023,5,18,3,26
10.04.2023,5,18,4,27
11.04.2023,5,18,4,27
12.04.2023,5,18,4,27
13.04.2023,4,18,4,26
14.04.2023,4,18,4,26
15.04.2023,4,18,4,26
16.04.2023,4,17,4,25
17.04.2023,4,18,5,27
18.04.2023,4,17,5,26
19.04.2023,4,17,6,27
20.04.2023,4,17,5,26
21.04.2023,4,17,5,26
22.04.2023,4,17,5,26
23.04.2023,4,17,5,26
24.04.2023,4,17,4,25
25.04.2023,4,17,4,25
26.04.2023,4,17,4,25
27.04.2023,4,17,6,27
28.04.2023,4,17,6,27
29.04.2023,4,17,6,27
30.04.2023,4,17,6,27
01.05.2023,4,17,6,27
02.05.2023,4,18,5,27
03.05.2023,3,19,5,27
04.05.2023,5,18,4,27
05.05.2023,5,18,4,27
06.05.2023,5,18,4,27
07.05.2023,5,18,4,27
08.05.2023,5,17,4,26
09.05.2023,5,17,5,27
10.05.2023,4,19,5,28
11.05.2023,4,21,5,30
12.05.2023,3,23,7,33
13.05.2023,4,22,7,33
14.05.2023,4,22,7,33
15.05.2023,4,22,5,31
16.05.2023,5,21,5,31
17.05.2023,5,21,4,30
18.05.2023,5,20,5,30
19.05.2023,5,19,4,28
20.05.2023,5,19,4,28
21.05.2023,5,19,4,28
22.05.2023,5,18,5,28
23.05.2023,5,19,6,30
24.05.2023,5,19,6,30
25.05.2023,5,19,6,30
26.05.2023,5,21,5,31
27.05.2023,5,21,5,31
28.05.2023,5,21,5,31
29.05.2023,5,21,5,31
30.05.2023,6,20,5,31
31.05.2023,6,20,6,32
01.06.2023,6,19,6,31
02.06.2023,7,18,6,31
03.06.2023,7,19,6,32
04.06.2023,7,19,6,32
05.06.2023,7,19,6,32
06.06.2023,7,18,7,32
07.06.2023,7,17,7,31
08.06.2023,7,16,7,30
09.06.2023,7,16,4,27
10.06.2023,7,16,4,27
11.06.2023,7,16,4,27
12.06.2023,7,18,4,29
13.06.2023,7,18,3,28
14.06.2023,7,19,3,29
15.06.2023,7,19,2,28
16.06.2023,6,20,2,28
17.06.2023,6,20,2,28
18.06.2023,6,20,2,28
19.06.2023,7,19,2,28
20.06.2023,8,19,2,29
21.06.2023,8,18,1,27
22.06.2023,7,19,1,27
23.06.2023,7,19,1,27
24.06.2023,7,19,1,27
25.06.2023,7,19,1,27
26.06.2023,7,19,1,27
27.06.2023,8,19,1,28
28.06.2023,8,19,0,27
29.06.2023,8,19,0,27
30.06.2023,9,17,0,26
01.07.2023,9,16,0,25
02.07.2023,9,16,0,25
03.07.2023,9,15,0,24
04.07.2023,9,15,0,24
05.07.2023,9,14,0,23
06.07.2023,9,15,0,24
07.07.2023,8,16,0,24
08.07.2023,7,17,0,24
09.07.2023,8,16,0,24
10.07.2023,8,16,0,24
11.07.2023,7,18,0,25
12.07.2023,7,18,2,27
13.07.2023,7,19,1,27
14.07.2023,7,18,2,27
15.07.2023,7,18,2,27
16.07.2023,7,18,2,27
17.07.2023,7,18,2,27
18.07.2023,7,17,2,26
19.07.2023,6,17,2,25
20.07.2023,6,17,2,25
21.07.2023,6,17,2,25
22.07.2023,6,17,2,25
23.07.2023,6,15,2,23
24.07.2023,6,14,2,22
25.07.2023,7,13,3,23
26.07.2023,7,14,4,25
27.07.2023,7,14,4,25
28.07.2023,8,13,4,25
29.07.2023,8,13,4,25
30.07.2023,8,13,4,25
31.07.2023,8,13,4,25
01.08.2023,8,14,3,25
02.08.2023,8,14,3,25
03.08.2023,8,13,4,25
04.08.2023,8,13,4,25
05.08.2023,7,14,4,25
06.08.2023,8,13,4,25
07.08.2023,8,13,4,25
08.08.2023,7,17,4,28
09.08.2023,8,15,5,28
10.08.2023,8,16,4,28
11.08.2023,7,17,4,28
12.08.2023,7,17,4,28
13.08.2023,7,17,4,28
14.08.2023,7,17,4,28
15.08.2023,7,18,4,29
16.08.2023,7,19,4,30
17.08.2023,7,18,4,29
18.08.2023,7,18,5,30
19.08.2023,7,18,5,30
20.08.2023,7,18,5,30
21.08.2023,7,18,5,30
22.08.2023,7,18,4,29
23.08.2023,7,18,4,29
24.08.2023,7,18,4,29
25.08.2023,6,18,5,29
26.08.2023,6,18,5,29
27.08.2023,6,18,5,29
28.08.2023,6,18,5,29
29.08.2023,6,16,5,27
30.08.2023,6,16,6,28
31.08.2023,6,16,7,29
01.09.2023,6,16,8,30
02.09.2023,6,17,7,30
03.09.2023,6,18,6,30
04.09.2023,6,19,6,31
05.09.2023,6,20,4,30
06.09.2023,6,19,5,30
07.09.2023,6,19,5,30
08.09.2023,6,19,5,30
09.09.2023,6,19,5,30
10.09.2023,6,19,5,30
11.09.2023,7,18,6,31
12.09.2023,8,18,5,31
13.09.2023,6,21,5,32
14.09.2023,8,18,5,31
15.09.2023,8,18,5,31
16.09.2023,8,18,5,31
17.09.2023,8,18,5,31
18.09.2023,8,18,5,31
19.09.2023,9,17,5,31
20.09.2023,9,17,5,31
21.09.2023,8,18,5,31
22.09.2023,8,19,4,31
23.09.2023,8,19,4,31
24.09.2023,8,19,4,31
25.09.2023,9,20,4,33
26.09.2023,10,21,3,34
27.09.2023,10,21,4,35
28.09.2023,9,22,4,35
29.09.2023,9,23,4,36
30.09.2023,9,22,4,35
01.10.2023,8,21,4,33
