oasis,,,,
Date, Full Time, Part Time, One Time, Total
06.06.2015,0,0,1,1
07.06.2015,0,1,0,1
08.06.2015,0,1,0,1
09.06.2015,0,1,0,1
10.06.2015,0,1,0,1
11.06.2015,0,1,0,1
12.06.2015,0,1,0,1
13.06.2015,0,1,0,1
14.06.2015,0,1,0,1
15.06.2015,0,1,0,1
16.06.2015,0,1,0,1
17.06.2015,0,1,0,1
18.06.2015,0,1,0,1
19.06.2015,0,1,0,1
20.06.2015,0,1,0,1
21.06.2015,0,1,0,1
22.06.2015,0,1,0,1
23.06.2015,0,1,0,1
24.06.2015,0,1,0,1
25.06.2015,0,1,0,1
26.06.2015,0,1,0,1
27.06.2015,0,1,0,1
28.06.2015,0,1,0,1
29.06.2015,0,1,0,1
30.06.2015,0,1,0,1
01.07.2015,0,1,0,1
02.07.2015,0,1,0,1
03.07.2015,0,1,0,1
04.07.2015,0,1,0,1
05.07.2015,0,1,0,1
06.07.2015,0,1,0,1
08.07.2017,0,0,1,1
09.07.2017,0,0,1,1
10.07.2017,0,0,1,1
11.07.2017,0,0,1,1
12.07.2017,0,0,1,1
13.07.2017,0,0,1,1
14.07.2017,0,0,1,1
15.07.2017,0,0,1,1
16.07.2017,0,0,1,1
17.07.2017,0,0,1,1
18.07.2017,0,0,1,1
19.07.2017,0,0,1,1
20.07.2017,0,0,1,1
21.07.2017,0,0,1,1
22.07.2017,0,0,1,1
23.07.2017,0,0,1,1
24.07.2017,0,0,1,1
25.07.2017,0,0,1,1
26.07.2017,0,0,1,1
27.07.2017,0,0,1,1
28.07.2017,0,0,1,1
29.07.2017,0,0,1,1
30.07.2017,0,0,1,1
31.07.2017,0,0,1,1
01.08.2017,0,0,1,1
02.08.2017,0,0,1,1
03.08.2017,0,0,1,1
04.08.2017,0,1,0,1
05.08.2017,0,1,0,1
06.08.2017,0,1,0,1
07.08.2017,0,1,0,1
08.08.2017,0,1,0,1
09.08.2017,0,1,0,1
10.08.2017,0,1,0,1
11.08.2017,0,1,0,1
12.08.2017,0,1,0,1
13.08.2017,0,1,0,1
14.08.2017,0,1,0,1
15.08.2017,0,1,0,1
16.08.2017,0,1,0,1
17.08.2017,0,1,0,1
18.08.2017,0,1,0,1
19.08.2017,0,1,0,1
20.08.2017,0,1,0,1
21.08.2017,0,1,0,1
22.08.2017,0,1,0,1
23.08.2017,0,1,0,1
24.08.2017,0,1,0,1
25.08.2017,0,1,0,1
26.08.2017,0,1,0,1
27.08.2017,0,1,0,1
28.08.2017,0,1,0,1
29.08.2017,0,1,0,1
30.08.2017,0,1,0,1
31.08.2017,0,1,0,1
17.10.2017,0,0,1,1
18.10.2017,0,1,0,1
19.10.2017,0,1,0,1
20.10.2017,0,1,0,1
21.10.2017,0,1,0,1
22.10.2017,0,1,0,1
23.10.2017,0,1,0,1
24.10.2017,0,1,0,1
25.10.2017,0,1,0,1
26.10.2017,0,1,0,1
27.10.2017,0,1,0,1
28.10.2017,0,1,0,1
29.10.2017,0,1,0,1
30.10.2017,0,1,0,1
31.10.2017,0,1,0,1
01.11.2017,0,1,0,1
02.11.2017,0,1,0,1
03.11.2017,0,1,0,1
04.11.2017,0,1,0,1
05.11.2017,0,1,0,1
06.11.2017,0,1,0,1
07.11.2017,0,1,0,1
08.11.2017,0,1,0,1
09.11.2017,0,1,0,1
10.11.2017,0,1,0,1
11.11.2017,0,1,0,1
12.11.2017,0,1,1,2
13.11.2017,0,1,1,2
14.11.2017,0,1,1,2
15.11.2017,0,1,1,2
16.11.2017,0,0,1,1
17.11.2017,0,0,1,1
18.11.2017,0,0,1,1
19.11.2017,0,0,1,1
20.11.2017,0,0,1,1
21.11.2017,0,0,1,1
22.11.2017,0,0,1,1
23.11.2017,0,0,1,1
24.11.2017,0,0,1,1
25.11.2017,0,0,1,1
26.11.2017,0,0,1,1
27.11.2017,0,0,1,1
28.11.2017,0,0,1,1
29.11.2017,0,0,1,1
30.11.2017,0,0,1,1
01.12.2017,0,0,1,1
02.12.2017,0,0,1,1
03.12.2017,0,0,1,1
04.12.2017,0,0,1,1
05.12.2017,0,0,1,1
06.12.2017,0,0,1,1
07.12.2017,0,0,1,1
08.12.2017,0,0,1,1
09.12.2017,0,0,1,1
30.12.2017,0,1,0,1
31.12.2017,0,1,0,1
01.01.2018,0,1,0,1
02.01.2018,0,1,0,1
03.01.2018,0,1,0,1
04.01.2018,0,1,0,1
05.01.2018,0,1,0,1
06.01.2018,0,1,0,1
07.01.2018,0,1,0,1
08.01.2018,0,1,0,1
09.01.2018,0,1,0,1
10.01.2018,0,1,0,1
11.01.2018,0,1,0,1
12.01.2018,0,1,0,1
13.01.2018,0,1,0,1
14.01.2018,0,1,0,1
15.01.2018,0,1,0,1
16.01.2018,0,1,0,1
17.01.2018,0,1,0,1
18.01.2018,0,1,0,1
19.01.2018,0,1,0,1
20.01.2018,0,1,0,1
21.01.2018,0,1,0,1
22.01.2018,0,1,0,1
23.01.2018,0,1,0,1
24.01.2018,0,1,0,1
25.01.2018,0,1,0,1
26.01.2018,0,1,0,1
27.01.2018,0,1,0,1
28.01.2018,0,1,0,1
29.01.2018,0,1,0,1
30.01.2018,0,1,0,1
31.01.2018,0,1,0,1
01.02.2018,0,1,0,1
02.02.2018,0,1,0,1
03.02.2018,0,1,0,1
04.02.2018,0,1,0,1
05.02.2018,0,1,0,1
06.02.2018,0,1,0,1
07.02.2018,0,1,0,1
08.02.2018,0,1,0,1
09.02.2018,0,1,0,1
10.02.2018,0,1,0,1
11.02.2018,0,1,0,1
12.02.2018,0,1,0,1
13.02.2018,0,1,0,1
14.02.2018,0,1,0,1
15.02.2018,0,1,0,1
16.02.2018,0,1,0,1
17.02.2018,0,1,0,1
01.04.2018,0,0,1,1
02.04.2018,0,0,2,2
03.04.2018,0,1,2,3
04.04.2018,0,2,1,3
05.04.2018,0,2,1,3
06.04.2018,0,2,1,3
07.04.2018,0,2,1,3
08.04.2018,0,2,2,4
09.04.2018,0,2,2,4
10.04.2018,0,2,3,5
11.04.2018,0,2,4,6
12.04.2018,0,3,3,6
13.04.2018,0,4,3,7
14.04.2018,0,4,3,7
15.04.2018,0,4,3,7
16.04.2018,0,4,3,7
17.04.2018,0,4,4,8
18.04.2018,0,4,4,8
19.04.2018,0,5,3,8
20.04.2018,0,6,4,10
21.04.2018,0,7,3,10
22.04.2018,0,7,3,10
23.04.2018,0,8,3,11
24.04.2018,0,8,3,11
25.04.2018,0,8,3,11
26.04.2018,0,8,3,11
27.04.2018,0,8,3,11
28.04.2018,0,8,3,11
29.04.2018,0,8,2,10
30.04.2018,0,8,3,11
01.05.2018,0,8,3,11
02.05.2018,1,6,4,11
03.05.2018,1,6,4,11
04.05.2018,1,6,4,11
05.05.2018,1,6,4,11
06.05.2018,1,6,3,10
07.05.2018,1,6,3,10
08.05.2018,1,6,3,10
09.05.2018,1,6,3,10
10.05.2018,2,5,3,10
11.05.2018,2,4,3,9
12.05.2018,2,4,3,9
13.05.2018,2,5,2,9
14.05.2018,2,5,3,10
15.05.2018,2,7,2,11
16.05.2018,2,7,2,11
17.05.2018,3,6,3,12
18.05.2018,4,6,2,12
19.05.2018,4,6,3,13
20.05.2018,4,6,3,13
21.05.2018,5,6,2,13
22.05.2018,5,6,3,14
23.05.2018,5,6,3,14
24.05.2018,5,6,4,15
25.05.2018,6,6,3,15
26.05.2018,6,6,3,15
27.05.2018,6,6,3,15
28.05.2018,6,6,3,15
29.05.2018,7,6,2,15
30.05.2018,7,6,2,15
31.05.2018,7,6,2,15
01.06.2018,7,6,5,18
02.06.2018,7,8,3,18
03.06.2018,7,8,3,18
04.06.2018,7,9,3,19
05.06.2018,7,10,3,20
06.06.2018,7,10,4,21
07.06.2018,7,10,4,21
08.06.2018,7,10,4,21
09.06.2018,7,10,4,21
10.06.2018,7,10,4,21
11.06.2018,7,11,3,21
12.06.2018,7,11,3,21
13.06.2018,7,11,3,21
14.06.2018,7,11,3,21
15.06.2018,7,11,5,23
16.06.2018,7,11,4,22
17.06.2018,7,11,4,22
18.06.2018,7,12,4,23
19.06.2018,7,12,4,23
20.06.2018,7,12,4,23
21.06.2018,7,12,5,24
22.06.2018,7,12,6,25
23.06.2018,8,12,5,25
24.06.2018,8,11,6,25
25.06.2018,8,11,6,25
26.06.2018,8,11,6,25
27.06.2018,7,12,6,25
28.06.2018,7,12,6,25
29.06.2018,7,11,6,24
30.06.2018,7,11,6,24
01.07.2018,7,11,6,24
02.07.2018,7,11,5,23
03.07.2018,7,10,3,20
04.07.2018,7,8,2,17
05.07.2018,7,8,2,17
06.07.2018,7,8,2,17
07.07.2018,7,8,2,17
08.07.2018,7,8,2,17
09.07.2018,7,8,2,17
10.07.2018,7,8,2,17
11.07.2018,7,8,2,17
12.07.2018,7,8,2,17
13.07.2018,7,8,0,15
14.07.2018,7,8,0,15
15.07.2018,7,8,0,15
16.07.2018,7,7,0,14
17.07.2018,7,7,1,15
18.07.2018,7,8,0,15
19.07.2018,7,8,0,15
20.07.2018,8,7,0,15
21.07.2018,8,7,0,15
22.07.2018,8,7,0,15
23.07.2018,8,7,0,15
24.07.2018,7,7,1,15
25.07.2018,7,7,1,15
26.07.2018,7,8,1,16
27.07.2018,7,7,1,15
28.07.2018,7,7,1,15
29.07.2018,7,7,2,16
30.07.2018,7,7,2,16
31.07.2018,7,7,2,16
01.08.2018,6,7,2,15
02.08.2018,7,7,2,16
03.08.2018,7,7,2,16
04.08.2018,7,7,2,16
05.08.2018,7,7,2,16
06.08.2018,7,7,2,16
07.08.2018,7,6,2,15
08.08.2018,7,6,2,15
09.08.2018,7,6,2,15
10.08.2018,7,6,2,15
11.08.2018,7,6,2,15
12.08.2018,7,6,3,16
13.08.2018,7,7,2,16
14.08.2018,8,6,2,16
15.08.2018,8,6,2,16
16.08.2018,8,7,2,17
17.08.2018,9,6,2,17
18.08.2018,9,6,3,18
19.08.2018,9,6,3,18
20.08.2018,9,6,3,18
21.08.2018,8,8,1,17
22.08.2018,8,8,1,17
23.08.2018,8,8,1,17
24.08.2018,8,8,1,17
25.08.2018,8,8,1,17
26.08.2018,8,8,0,16
27.08.2018,7,8,0,15
28.08.2018,7,8,0,15
29.08.2018,7,7,0,14
30.08.2018,7,7,0,14
31.08.2018,7,7,0,14
01.09.2018,7,6,0,13
02.09.2018,7,6,0,13
03.09.2018,7,6,0,13
04.09.2018,7,6,0,13
05.09.2018,7,6,0,13
06.09.2018,7,6,0,13
07.09.2018,7,6,0,13
08.09.2018,7,6,0,13
09.09.2018,6,7,0,13
10.09.2018,7,7,0,14
11.09.2018,7,6,0,13
12.09.2018,7,5,0,12
13.09.2018,7,5,0,12
14.09.2018,7,5,0,12
15.09.2018,7,5,0,12
16.09.2018,7,5,0,12
17.09.2018,7,5,0,12
18.09.2018,7,4,0,11
19.09.2018,7,3,0,10
20.09.2018,7,3,0,10
21.09.2018,7,3,0,10
22.09.2018,7,3,0,10
23.09.2018,7,3,0,10
24.09.2018,8,3,0,11
25.09.2018,8,3,0,11
26.09.2018,8,3,1,12
27.09.2018,8,4,0,12
28.09.2018,8,4,0,12
29.09.2018,8,4,0,12
30.09.2018,8,4,0,12
01.10.2018,8,4,0,12
02.10.2018,8,4,0,12
03.10.2018,8,4,0,12
04.10.2018,8,4,0,12
05.10.2018,8,4,2,14
06.10.2018,8,4,2,14
07.10.2018,7,5,2,14
08.10.2018,7,5,3,15
09.10.2018,8,4,5,17
10.10.2018,8,4,5,17
11.10.2018,7,5,5,17
12.10.2018,8,5,6,19
13.10.2018,8,5,6,19
14.10.2018,8,5,6,19
15.10.2018,8,5,10,23
16.10.2018,8,9,7,24
17.10.2018,8,10,6,24
18.10.2018,8,10,6,24
19.10.2018,8,10,7,25
20.10.2018,9,9,7,25
21.10.2018,9,9,8,26
22.10.2018,9,9,9,27
23.10.2018,9,10,8,27
24.10.2018,9,10,10,29
25.10.2018,10,9,10,29
26.10.2018,10,9,10,29
27.10.2018,10,10,9,29
28.10.2018,10,10,9,29
29.10.2018,10,10,10,30
30.10.2018,10,13,7,30
31.10.2018,10,13,7,30
01.11.2018,10,13,8,31
02.11.2018,10,14,8,32
03.11.2018,10,14,8,32
04.11.2018,9,15,8,32
05.11.2018,9,15,7,31
06.11.2018,9,15,5,29
07.11.2018,9,15,5,29
08.11.2018,9,14,5,28
09.11.2018,9,15,6,30
10.11.2018,9,15,6,30
11.11.2018,9,15,8,32
12.11.2018,9,16,6,31
13.11.2018,9,13,5,27
14.11.2018,9,13,5,27
15.11.2018,9,13,5,27
16.11.2018,9,13,5,27
17.11.2018,9,13,5,27
18.11.2018,9,13,5,27
19.11.2018,9,13,5,27
20.11.2018,9,12,5,26
21.11.2018,9,12,4,25
22.11.2018,9,12,4,25
23.11.2018,9,12,4,25
24.11.2018,9,12,4,25
25.11.2018,9,12,4,25
26.11.2018,9,12,4,25
27.11.2018,9,11,4,24
28.11.2018,8,12,4,24
29.11.2018,8,11,3,22
30.11.2018,8,11,3,22
01.12.2018,8,11,3,22
02.12.2018,8,11,3,22
03.12.2018,8,11,3,22
04.12.2018,7,11,3,21
05.12.2018,8,11,3,22
06.12.2018,8,10,4,22
07.12.2018,8,10,2,20
08.12.2018,8,10,2,20
09.12.2018,8,10,1,19
10.12.2018,8,11,1,20
11.12.2018,8,12,1,21
12.12.2018,8,11,3,22
13.12.2018,8,8,3,19
14.12.2018,8,8,3,19
15.12.2018,8,8,3,19
16.12.2018,8,8,3,19
17.12.2018,8,8,3,19
18.12.2018,8,9,2,19
19.12.2018,8,9,2,19
20.12.2018,8,9,2,19
21.12.2018,8,9,2,19
22.12.2018,8,9,2,19
23.12.2018,8,9,2,19
24.12.2018,8,8,2,18
25.12.2018,8,8,2,18
26.12.2018,8,8,2,18
27.12.2018,8,8,2,18
28.12.2018,8,8,2,18
29.12.2018,8,8,2,18
30.12.2018,8,8,2,18
31.12.2018,8,8,2,18
01.01.2019,8,8,2,18
02.01.2019,8,8,2,18
03.01.2019,7,9,2,18
04.01.2019,7,9,2,18
05.01.2019,7,9,2,18
06.01.2019,7,9,2,18
07.01.2019,7,8,2,17
08.01.2019,7,6,3,16
09.01.2019,7,6,1,14
10.01.2019,7,7,1,15
11.01.2019,6,8,1,15
12.01.2019,6,8,1,15
13.01.2019,6,8,1,15
14.01.2019,6,7,1,14
15.01.2019,6,10,2,18
16.01.2019,7,9,3,19
17.01.2019,6,9,3,18
18.01.2019,6,9,3,18
19.01.2019,6,9,4,19
20.01.2019,6,9,4,19
21.01.2019,6,9,4,19
22.01.2019,6,10,3,19
23.01.2019,7,9,3,19
24.01.2019,7,9,3,19
25.01.2019,6,11,2,19
26.01.2019,6,11,2,19
27.01.2019,5,12,2,19
28.01.2019,5,12,2,19
29.01.2019,7,11,2,20
30.01.2019,6,13,1,20
31.01.2019,6,12,2,20
01.02.2019,6,13,2,21
02.02.2019,6,14,1,21
03.02.2019,6,14,1,21
04.02.2019,6,14,1,21
05.02.2019,7,12,1,20
06.02.2019,7,12,1,20
07.02.2019,7,12,1,20
08.02.2019,6,13,1,20
09.02.2019,6,13,1,20
10.02.2019,6,13,1,20
11.02.2019,5,14,1,20
12.02.2019,5,14,1,20
13.02.2019,6,13,0,19
14.02.2019,5,14,0,19
15.02.2019,5,14,0,19
16.02.2019,5,14,0,19
17.02.2019,5,14,0,19
18.02.2019,5,14,0,19
19.02.2019,5,13,0,18
20.02.2019,6,12,0,18
21.02.2019,6,12,0,18
22.02.2019,6,11,0,17
23.02.2019,7,10,0,17
24.02.2019,7,10,0,17
25.02.2019,7,10,0,17
26.02.2019,8,9,0,17
27.02.2019,8,8,0,16
28.02.2019,8,8,0,16
01.03.2019,8,8,1,17
02.03.2019,8,7,1,16
03.03.2019,8,7,1,16
04.03.2019,8,7,3,18
05.03.2019,8,8,2,18
06.03.2019,8,8,2,18
07.03.2019,8,8,3,19
08.03.2019,7,9,3,19
09.03.2019,7,10,3,20
10.03.2019,7,10,3,20
11.03.2019,6,11,3,20
12.03.2019,6,12,3,21
13.03.2019,7,11,3,21
14.03.2019,7,11,3,21
15.03.2019,6,13,2,21
16.03.2019,6,13,2,21
17.03.2019,6,14,1,21
18.03.2019,7,12,1,20
19.03.2019,6,13,1,20
20.03.2019,8,12,1,21
21.03.2019,8,12,1,21
22.03.2019,8,11,1,20
23.03.2019,8,11,1,20
24.03.2019,8,11,1,20
25.03.2019,8,11,1,20
26.03.2019,9,11,1,21
27.03.2019,9,10,2,21
28.03.2019,9,10,4,23
29.03.2019,9,11,3,23
30.03.2019,9,11,3,23
31.03.2019,9,11,3,23
01.04.2019,9,11,3,23
02.04.2019,9,11,3,23
03.04.2019,10,10,3,23
04.04.2019,10,10,3,23
05.04.2019,9,11,3,23
06.04.2019,9,11,2,22
07.04.2019,9,11,2,22
08.04.2019,7,13,2,22
09.04.2019,7,13,1,21
10.04.2019,7,13,1,21
11.04.2019,8,12,1,21
12.04.2019,7,12,1,20
13.04.2019,7,12,1,20
14.04.2019,7,12,1,20
15.04.2019,8,9,1,18
16.04.2019,7,10,1,18
17.04.2019,7,10,1,18
18.04.2019,7,10,1,18
19.04.2019,7,10,1,18
20.04.2019,7,10,1,18
21.04.2019,7,10,1,18
22.04.2019,7,10,1,18
23.04.2019,7,10,1,18
24.04.2019,7,10,1,18
25.04.2019,7,10,0,17
26.04.2019,7,10,0,17
27.04.2019,7,10,0,17
28.04.2019,7,10,0,17
29.04.2019,8,10,1,19
30.04.2019,8,10,0,18
01.05.2019,9,9,0,18
02.05.2019,9,8,0,17
03.05.2019,9,7,0,16
04.05.2019,9,7,0,16
05.05.2019,9,7,0,16
06.05.2019,8,8,0,16
07.05.2019,8,8,0,16
08.05.2019,8,8,0,16
09.05.2019,8,8,0,16
10.05.2019,8,9,0,17
11.05.2019,8,10,0,18
12.05.2019,8,10,0,18
13.05.2019,8,10,0,18
14.05.2019,8,10,0,18
15.05.2019,8,11,0,19
16.05.2019,7,12,0,19
17.05.2019,7,11,1,19
18.05.2019,7,11,1,19
19.05.2019,7,11,1,19
20.05.2019,7,11,1,19
21.05.2019,7,11,1,19
22.05.2019,7,11,1,19
23.05.2019,7,11,2,20
24.05.2019,7,11,2,20
25.05.2019,7,11,2,20
26.05.2019,7,11,2,20
27.05.2019,7,11,2,20
28.05.2019,8,10,2,20
29.05.2019,9,9,3,21
30.05.2019,9,9,3,21
31.05.2019,11,7,3,21
01.06.2019,11,7,3,21
02.06.2019,10,8,3,21
03.06.2019,10,8,3,21
04.06.2019,10,8,3,21
05.06.2019,10,8,3,21
06.06.2019,10,9,2,21
07.06.2019,11,8,3,22
08.06.2019,11,8,3,22
09.06.2019,10,9,3,22
10.06.2019,10,9,3,22
11.06.2019,11,8,4,23
12.06.2019,11,9,3,23
13.06.2019,10,10,3,23
14.06.2019,9,11,3,23
15.06.2019,9,11,3,23
16.06.2019,8,12,3,23
17.06.2019,8,12,3,23
18.06.2019,8,12,3,23
19.06.2019,8,12,3,23
20.06.2019,8,11,2,21
21.06.2019,9,10,2,21
22.06.2019,9,10,2,21
23.06.2019,9,10,2,21
24.06.2019,10,9,2,21
25.06.2019,10,9,2,21
26.06.2019,10,9,1,20
27.06.2019,11,8,1,20
28.06.2019,11,8,1,20
29.06.2019,11,8,1,20
30.06.2019,11,8,1,20
01.07.2019,11,9,1,21
02.07.2019,11,9,1,21
03.07.2019,11,9,1,21
04.07.2019,11,9,1,21
05.07.2019,12,8,0,20
06.07.2019,12,8,0,20
07.07.2019,12,8,0,20
08.07.2019,12,8,0,20
09.07.2019,12,7,0,19
10.07.2019,12,6,0,18
11.07.2019,12,6,0,18
12.07.2019,11,7,0,18
13.07.2019,11,7,0,18
14.07.2019,11,7,0,18
15.07.2019,11,7,0,18
16.07.2019,11,7,0,18
17.07.2019,11,7,1,19
18.07.2019,11,7,1,19
19.07.2019,12,6,1,19
20.07.2019,12,6,1,19
21.07.2019,12,6,1,19
22.07.2019,12,6,1,19
23.07.2019,12,6,1,19
24.07.2019,11,7,1,19
25.07.2019,10,9,0,19
26.07.2019,10,9,0,19
27.07.2019,10,9,0,19
28.07.2019,10,9,0,19
29.07.2019,10,8,0,18
30.07.2019,11,7,0,18
31.07.2019,11,7,0,18
01.08.2019,11,8,0,19
02.08.2019,12,7,0,19
03.08.2019,12,7,0,19
04.08.2019,12,7,0,19
05.08.2019,12,7,0,19
06.08.2019,12,7,0,19
07.08.2019,12,7,0,19
08.08.2019,12,7,0,19
09.08.2019,10,8,0,18
10.08.2019,11,7,0,18
11.08.2019,11,7,0,18
12.08.2019,12,6,0,18
13.08.2019,10,8,2,20
14.08.2019,10,7,2,19
15.08.2019,9,7,2,18
16.08.2019,10,8,3,21
17.08.2019,10,8,3,21
18.08.2019,10,9,2,21
19.08.2019,9,9,2,20
20.08.2019,9,9,2,20
21.08.2019,9,10,5,24
22.08.2019,9,10,5,24
23.08.2019,9,10,4,23
24.08.2019,9,11,3,23
25.08.2019,9,11,3,23
26.08.2019,9,11,3,23
27.08.2019,9,11,3,23
28.08.2019,9,11,3,23
29.08.2019,9,11,4,24
30.08.2019,9,11,4,24
31.08.2019,9,12,4,25
01.09.2019,9,12,4,25
02.09.2019,9,12,4,25
03.09.2019,9,12,5,26
04.09.2019,9,12,6,27
05.09.2019,9,12,6,27
06.09.2019,9,12,6,27
07.09.2019,9,11,6,26
08.09.2019,9,11,6,26
09.09.2019,10,11,5,26
10.09.2019,9,12,5,26
11.09.2019,9,12,5,26
12.09.2019,9,12,5,26
13.09.2019,9,11,6,26
14.09.2019,9,11,6,26
15.09.2019,9,11,6,26
16.09.2019,9,11,6,26
17.09.2019,9,11,6,26
18.09.2019,9,12,2,23
19.09.2019,8,13,2,23
20.09.2019,8,13,3,24
21.09.2019,9,11,3,23
22.09.2019,8,12,3,23
23.09.2019,9,11,4,24
24.09.2019,9,11,4,24
25.09.2019,8,12,4,24
26.09.2019,9,11,4,24
27.09.2019,9,11,4,24
28.09.2019,9,12,3,24
29.09.2019,9,12,3,24
30.09.2019,9,12,3,24
01.10.2019,9,13,3,25
02.10.2019,9,13,4,26
03.10.2019,9,13,4,26
04.10.2019,9,14,4,27
05.10.2019,9,13,4,26
06.10.2019,9,13,4,26
07.10.2019,10,12,4,26
08.10.2019,9,13,4,26
09.10.2019,9,13,4,26
10.10.2019,9,13,4,26
11.10.2019,10,12,4,26
12.10.2019,10,13,3,26
13.10.2019,10,13,3,26
14.10.2019,10,12,4,26
15.10.2019,10,12,5,27
16.10.2019,10,12,6,28
17.10.2019,10,13,5,28
18.10.2019,10,13,4,27
19.10.2019,10,13,4,27
20.10.2019,10,14,3,27
21.10.2019,10,14,2,26
22.10.2019,10,15,1,26
23.10.2019,9,16,1,26
24.10.2019,9,15,1,25
25.10.2019,9,15,1,25
26.10.2019,9,14,1,24
27.10.2019,9,14,1,24
28.10.2019,8,13,1,22
29.10.2019,8,12,1,21
30.10.2019,8,12,1,21
31.10.2019,8,12,1,21
01.11.2019,8,12,1,21
02.11.2019,8,12,1,21
03.11.2019,8,12,2,22
04.11.2019,8,12,2,22
05.11.2019,8,13,2,23
06.11.2019,8,13,2,23
07.11.2019,8,12,2,22
08.11.2019,9,11,2,22
09.11.2019,9,10,2,21
10.11.2019,9,10,2,21
11.11.2019,9,9,2,20
12.11.2019,9,9,2,20
13.11.2019,9,11,2,22
14.11.2019,9,12,2,23
15.11.2019,9,12,2,23
16.11.2019,9,12,2,23
17.11.2019,9,12,2,23
18.11.2019,9,12,2,23
19.11.2019,10,11,3,24
20.11.2019,9,12,4,25
21.11.2019,9,12,6,27
22.11.2019,9,13,6,28
23.11.2019,9,14,5,28
24.11.2019,9,14,5,28
25.11.2019,9,14,5,28
26.11.2019,9,14,5,28
27.11.2019,9,14,6,29
28.11.2019,9,14,6,29
29.11.2019,9,14,6,29
30.11.2019,9,14,6,29
01.12.2019,9,14,5,28
02.12.2019,9,14,5,28
03.12.2019,9,13,4,26
04.12.2019,8,15,4,27
05.12.2019,8,15,4,27
06.12.2019,9,14,4,27
07.12.2019,9,14,4,27
08.12.2019,9,14,4,27
09.12.2019,11,11,5,27
10.12.2019,11,12,4,27
11.12.2019,10,13,4,27
12.12.2019,10,13,3,26
13.12.2019,9,14,4,27
14.12.2019,9,14,4,27
15.12.2019,9,14,4,27
16.12.2019,8,16,3,27
17.12.2019,8,15,3,26
18.12.2019,8,15,3,26
19.12.2019,8,15,2,25
20.12.2019,7,16,3,26
21.12.2019,7,16,3,26
22.12.2019,7,16,3,26
23.12.2019,8,16,2,26
24.12.2019,8,16,2,26
25.12.2019,7,17,2,26
26.12.2019,7,17,2,26
27.12.2019,7,17,2,26
28.12.2019,7,17,2,26
29.12.2019,7,16,2,25
30.12.2019,7,15,2,24
31.12.2019,7,14,8,29
01.01.2020,6,15,8,29
02.01.2020,6,15,13,34
03.01.2020,7,13,16,36
04.01.2020,7,13,16,36
05.01.2020,7,13,16,36
06.01.2020,7,14,20,41
07.01.2020,7,13,23,43
08.01.2020,7,12,23,42
09.01.2020,7,13,23,43
10.01.2020,7,14,34,55
11.01.2020,7,14,34,55
12.01.2020,7,14,62,83
13.01.2020,6,15,72,93
14.01.2020,6,15,73,94
15.01.2020,7,14,72,93
16.01.2020,7,14,72,93
17.01.2020,7,14,72,93
18.01.2020,7,14,72,93
19.01.2020,7,14,73,94
20.01.2020,7,13,73,93
21.01.2020,7,14,72,93
22.01.2020,7,14,72,93
23.01.2020,7,14,72,93
24.01.2020,7,14,73,94
25.01.2020,7,14,73,94
26.01.2020,7,14,73,94
27.01.2020,7,15,72,94
28.01.2020,8,14,68,90
29.01.2020,9,14,68,91
30.01.2020,8,15,64,87
31.01.2020,8,15,61,84
01.02.2020,8,15,61,84
02.02.2020,8,15,62,85
03.02.2020,9,13,57,79
04.02.2020,9,13,55,77
05.02.2020,9,12,56,77
06.02.2020,9,11,56,76
07.02.2020,9,10,44,63
08.02.2020,9,10,44,63
09.02.2020,9,10,16,35
10.02.2020,8,10,6,24
11.02.2020,8,9,4,21
12.02.2020,9,8,5,22
13.02.2020,9,8,5,22
14.02.2020,9,8,5,22
15.02.2020,9,8,5,22
16.02.2020,9,8,5,22
17.02.2020,9,9,4,22
18.02.2020,9,9,4,22
19.02.2020,9,8,4,21
20.02.2020,9,8,4,21
21.02.2020,9,9,4,22
22.02.2020,9,8,4,21
23.02.2020,9,8,4,21
24.02.2020,9,7,4,20
25.02.2020,9,7,3,19
26.02.2020,9,7,2,18
27.02.2020,8,8,2,18
28.02.2020,8,8,2,18
29.02.2020,8,8,2,18
01.03.2020,8,8,1,17
02.03.2020,8,8,1,17
03.03.2020,8,8,1,17
04.03.2020,8,8,1,17
05.03.2020,8,8,2,18
06.03.2020,8,9,1,18
07.03.2020,8,9,1,18
08.03.2020,8,9,1,18
09.03.2020,8,9,0,17
10.03.2020,8,8,0,16
11.03.2020,9,8,0,17
12.03.2020,9,8,0,17
13.03.2020,9,8,1,18
14.03.2020,9,8,1,18
15.03.2020,9,8,1,18
16.03.2020,8,10,0,18
17.03.2020,8,10,0,18
18.03.2020,8,10,0,18
19.03.2020,8,10,0,18
20.03.2020,9,9,0,18
21.03.2020,9,9,0,18
22.03.2020,8,10,0,18
23.03.2020,8,9,0,17
24.03.2020,8,9,0,17
25.03.2020,8,9,0,17
26.03.2020,8,9,1,18
27.03.2020,8,10,1,19
28.03.2020,8,11,0,19
29.03.2020,8,12,0,20
30.03.2020,8,12,0,20
31.03.2020,8,12,0,20
01.04.2020,8,12,0,20
02.04.2020,8,13,0,21
03.04.2020,8,12,0,20
04.04.2020,8,11,0,19
05.04.2020,8,11,0,19
06.04.2020,8,11,0,19
07.04.2020,8,11,0,19
08.04.2020,9,9,0,18
09.04.2020,9,9,0,18
10.04.2020,9,9,1,19
11.04.2020,9,9,1,19
12.04.2020,9,9,1,19
13.04.2020,10,8,1,19
14.04.2020,10,10,1,21
15.04.2020,8,11,2,21
16.04.2020,9,10,2,21
17.04.2020,9,11,2,22
18.04.2020,9,11,2,22
19.04.2020,9,11,2,22
20.04.2020,9,11,2,22
21.04.2020,9,11,2,22
22.04.2020,9,11,2,22
23.04.2020,10,10,2,22
24.04.2020,10,10,3,23
25.04.2020,9,11,3,23
26.04.2020,9,11,3,23
27.04.2020,10,9,3,22
28.04.2020,10,9,4,23
29.04.2020,11,8,4,23
30.04.2020,11,9,3,23
01.05.2020,11,9,3,23
02.05.2020,11,9,3,23
03.05.2020,11,9,3,23
04.05.2020,11,8,4,23
05.05.2020,10,9,5,24
06.05.2020,10,10,5,25
07.05.2020,10,10,5,25
08.05.2020,11,11,5,27
09.05.2020,11,11,5,27
10.05.2020,11,11,5,27
11.05.2020,11,13,5,29
12.05.2020,10,13,3,26
13.05.2020,9,14,4,27
14.05.2020,10,15,2,27
15.05.2020,8,17,2,27
16.05.2020,8,16,2,26
17.05.2020,8,16,2,26
18.05.2020,8,16,3,27
19.05.2020,9,15,3,27
20.05.2020,8,18,3,29
21.05.2020,10,16,3,29
22.05.2020,9,17,4,30
23.05.2020,9,17,4,30
24.05.2020,9,17,5,31
25.05.2020,9,17,5,31
26.05.2020,8,19,4,31
27.05.2020,9,18,4,31
28.05.2020,9,17,4,30
29.05.2020,10,16,4,30
30.05.2020,10,16,4,30
31.05.2020,10,17,3,30
01.06.2020,10,17,4,31
02.06.2020,9,18,4,31
03.06.2020,10,18,3,31
04.06.2020,10,18,3,31
05.06.2020,10,17,3,30
06.06.2020,10,17,3,30
07.06.2020,10,17,3,30
08.06.2020,10,17,1,28
09.06.2020,10,17,1,28
10.06.2020,11,15,2,28
11.06.2020,10,15,3,28
12.06.2020,9,17,2,28
13.06.2020,9,17,2,28
14.06.2020,9,17,2,28
15.06.2020,10,16,3,29
16.06.2020,11,15,3,29
17.06.2020,10,15,3,28
18.06.2020,10,16,2,28
19.06.2020,9,17,3,29
20.06.2020,9,17,3,29
21.06.2020,9,16,3,28
22.06.2020,10,16,3,29
23.06.2020,9,18,2,29
24.06.2020,10,17,2,29
25.06.2020,9,18,2,29
26.06.2020,12,15,2,29
27.06.2020,12,15,2,29
28.06.2020,13,14,2,29
29.06.2020,12,16,2,30
30.06.2020,11,17,3,31
01.07.2020,10,18,3,31
02.07.2020,9,20,3,32
03.07.2020,9,20,4,33
04.07.2020,9,20,4,33
05.07.2020,9,20,4,33
06.07.2020,9,20,4,33
07.07.2020,9,20,6,35
08.07.2020,12,17,5,34
09.07.2020,11,18,7,36
10.07.2020,10,19,8,37
11.07.2020,10,19,8,37
12.07.2020,10,19,9,38
13.07.2020,10,19,8,37
14.07.2020,11,17,7,35
15.07.2020,10,17,6,33
16.07.2020,10,17,7,34
17.07.2020,9,18,8,35
18.07.2020,9,18,8,35
19.07.2020,9,18,8,35
20.07.2020,10,17,8,35
21.07.2020,8,19,8,35
22.07.2020,8,17,8,33
23.07.2020,8,18,8,34
24.07.2020,11,15,8,34
25.07.2020,11,15,8,34
26.07.2020,11,15,9,35
27.07.2020,11,16,9,36
28.07.2020,10,16,8,34
29.07.2020,9,17,8,34
30.07.2020,9,15,8,32
31.07.2020,10,14,8,32
01.08.2020,10,14,8,32
02.08.2020,10,14,8,32
03.08.2020,10,14,8,32
04.08.2020,10,15,7,32
05.08.2020,12,14,7,33
06.08.2020,11,15,5,31
07.08.2020,10,16,6,32
08.08.2020,10,16,6,32
09.08.2020,10,16,6,32
10.08.2020,12,15,6,33
11.08.2020,13,15,5,33
12.08.2020,13,15,5,33
13.08.2020,13,14,3,30
14.08.2020,11,16,3,30
15.08.2020,11,16,3,30
16.08.2020,11,16,3,30
17.08.2020,12,15,3,30
18.08.2020,11,16,4,31
19.08.2020,10,18,8,36
20.08.2020,10,18,8,36
21.08.2020,11,15,10,36
22.08.2020,11,15,11,37
23.08.2020,11,15,11,37
24.08.2020,11,16,10,37
25.08.2020,10,16,10,36
26.08.2020,10,18,9,37
27.08.2020,10,19,9,38
28.08.2020,11,18,9,38
29.08.2020,11,18,9,38
30.08.2020,11,18,9,38
31.08.2020,11,18,9,38
01.09.2020,11,19,9,39
02.09.2020,11,20,13,44
03.09.2020,11,20,62,93
04.09.2020,11,20,68,99
05.09.2020,11,22,67,100
06.09.2020,11,22,67,100
07.09.2020,11,21,67,99
08.09.2020,11,20,73,104
09.09.2020,9,22,76,107
10.09.2020,9,22,76,107
11.09.2020,7,22,75,104
12.09.2020,7,23,74,104
13.09.2020,7,22,74,103
14.09.2020,7,22,74,103
15.09.2020,7,22,73,102
16.09.2020,6,22,68,96
17.09.2020,7,21,67,95
18.09.2020,7,21,66,94
19.09.2020,7,21,65,93
20.09.2020,7,21,65,93
21.09.2020,7,21,65,93
22.09.2020,6,22,65,93
23.09.2020,6,22,65,93
24.09.2020,6,21,65,92
25.09.2020,6,24,68,98
26.09.2020,7,23,68,98
27.09.2020,7,24,69,100
28.09.2020,8,25,68,101
29.09.2020,8,23,68,99
30.09.2020,8,24,63,95
01.10.2020,8,23,18,49
02.10.2020,8,25,13,46
03.10.2020,8,24,13,45
04.10.2020,8,23,13,44
05.10.2020,8,24,13,45
06.10.2020,8,24,8,40
07.10.2020,8,23,6,37
08.10.2020,9,21,7,37
09.10.2020,8,22,7,37
10.10.2020,8,24,10,42
11.10.2020,8,24,10,42
12.10.2020,8,24,10,42
13.10.2020,7,31,10,48
14.10.2020,7,32,9,48
15.10.2020,8,33,9,50
16.10.2020,8,33,9,50
17.10.2020,8,34,9,51
18.10.2020,8,34,9,51
19.10.2020,8,34,10,52
20.10.2020,7,37,8,52
21.10.2020,7,37,8,52
22.10.2020,7,36,9,52
23.10.2020,7,34,6,47
24.10.2020,8,33,6,47
25.10.2020,8,33,6,47
26.10.2020,7,33,6,46
27.10.2020,7,33,6,46
28.10.2020,7,31,6,44
29.10.2020,7,30,4,41
30.10.2020,7,29,4,40
31.10.2020,7,29,4,40
01.11.2020,7,29,4,40
02.11.2020,7,30,4,41
03.11.2020,7,31,3,41
04.11.2020,6,32,3,41
05.11.2020,6,31,3,40
06.11.2020,6,30,3,39
07.11.2020,6,29,0,35
08.11.2020,6,29,0,35
09.11.2020,6,29,0,35
10.11.2020,6,25,0,31
11.11.2020,6,22,4,32
12.11.2020,5,24,4,33
13.11.2020,4,25,5,34
14.11.2020,4,25,4,33
15.11.2020,4,26,3,33
16.11.2020,4,26,4,34
17.11.2020,5,25,4,34
18.11.2020,5,26,5,36
19.11.2020,6,25,4,35
20.11.2020,7,24,4,35
21.11.2020,7,24,4,35
22.11.2020,7,23,4,34
23.11.2020,7,23,4,34
24.11.2020,7,23,4,34
25.11.2020,6,26,3,35
26.11.2020,6,27,4,37
27.11.2020,6,27,4,37
28.11.2020,6,27,4,37
29.11.2020,6,27,6,39
30.11.2020,6,27,6,39
01.12.2020,6,29,5,40
02.12.2020,6,31,5,42
03.12.2020,6,31,8,45
04.12.2020,6,30,8,44
05.12.2020,6,30,8,44
06.12.2020,6,30,8,44
07.12.2020,6,30,8,44
08.12.2020,6,30,8,44
09.12.2020,6,29,7,42
10.12.2020,6,28,8,42
11.12.2020,6,27,7,40
12.12.2020,6,27,7,40
13.12.2020,6,27,6,39
14.12.2020,5,24,7,36
15.12.2020,5,24,7,36
16.12.2020,5,22,6,33
17.12.2020,6,21,8,35
18.12.2020,7,21,8,36
19.12.2020,7,21,8,36
20.12.2020,7,20,8,35
21.12.2020,7,20,8,35
22.12.2020,7,20,8,35
23.12.2020,6,21,7,34
24.12.2020,6,20,7,33
25.12.2020,6,18,7,31
26.12.2020,6,18,7,31
27.12.2020,6,18,6,30
28.12.2020,6,16,6,28
29.12.2020,7,15,6,28
30.12.2020,7,15,5,27
31.12.2020,7,14,2,23
01.01.2021,7,14,3,24
02.01.2021,7,14,3,24
03.01.2021,7,14,3,24
04.01.2021,6,15,3,24
05.01.2021,6,14,3,23
06.01.2021,7,14,5,26
07.01.2021,7,15,4,26
08.01.2021,7,15,6,28
09.01.2021,7,16,5,28
10.01.2021,7,16,7,30
11.01.2021,6,18,8,32
12.01.2021,6,19,7,32
13.01.2021,6,20,7,33
14.01.2021,6,20,4,30
15.01.2021,7,19,4,30
16.01.2021,7,20,3,30
17.01.2021,7,20,3,30
18.01.2021,7,20,3,30
19.01.2021,8,18,3,29
20.01.2021,9,19,3,31
21.01.2021,9,19,3,31
22.01.2021,9,20,3,32
23.01.2021,9,20,3,32
24.01.2021,9,20,3,32
25.01.2021,9,20,3,32
26.01.2021,9,19,3,31
27.01.2021,9,19,3,31
28.01.2021,9,19,5,33
29.01.2021,8,22,6,36
30.01.2021,8,22,6,36
31.01.2021,8,22,6,36
01.02.2021,8,24,11,43
02.02.2021,9,24,12,45
03.02.2021,8,25,15,48
04.02.2021,8,26,19,53
05.02.2021,8,25,18,51
06.02.2021,8,25,18,51
07.02.2021,8,24,18,50
08.02.2021,8,24,18,50
09.02.2021,9,22,18,49
10.02.2021,9,20,20,49
11.02.2021,9,21,20,50
12.02.2021,9,20,21,50
13.02.2021,9,20,22,51
14.02.2021,9,20,22,51
15.02.2021,9,20,22,51
16.02.2021,9,19,23,51
17.02.2021,9,19,28,56
18.02.2021,9,20,28,57
19.02.2021,9,21,29,59
20.02.2021,8,22,29,59
21.02.2021,9,21,31,61
22.02.2021,9,22,31,62
23.02.2021,9,24,31,64
24.02.2021,9,24,34,67
25.02.2021,9,24,34,67
26.02.2021,9,26,34,69
27.02.2021,9,26,37,72
28.02.2021,9,26,37,72
01.03.2021,10,24,32,66
02.03.2021,10,24,32,66
03.03.2021,10,24,30,64
04.03.2021,11,24,24,59
05.03.2021,12,25,33,70
06.03.2021,12,25,35,72
07.03.2021,12,25,36,73
08.03.2021,12,25,39,76
09.03.2021,11,27,39,77
10.03.2021,12,26,39,77
11.03.2021,12,27,39,78
12.03.2021,11,27,41,79
13.03.2021,10,29,40,79
14.03.2021,11,28,40,79
15.03.2021,12,26,41,79
16.03.2021,12,26,41,79
17.03.2021,12,25,37,74
18.03.2021,13,27,36,76
19.03.2021,14,28,34,76
20.03.2021,14,28,35,77
21.03.2021,13,29,34,76
22.03.2021,13,29,36,78
23.03.2021,12,30,34,76
24.03.2021,12,30,31,73
25.03.2021,12,30,32,74
26.03.2021,12,37,33,82
27.03.2021,12,37,31,80
28.03.2021,12,38,31,81
29.03.2021,11,39,30,80
30.03.2021,12,38,28,78
31.03.2021,12,37,29,78
01.04.2021,13,39,27,79
02.04.2021,13,39,18,70
03.04.2021,13,39,16,68
04.04.2021,13,40,14,67
05.04.2021,13,40,14,67
06.04.2021,13,40,14,67
07.04.2021,13,41,12,66
08.04.2021,13,40,12,65
09.04.2021,13,40,12,65
10.04.2021,13,39,12,64
11.04.2021,13,39,13,65
12.04.2021,13,41,12,66
13.04.2021,13,41,12,66
14.04.2021,13,41,12,66
15.04.2021,13,38,12,63
16.04.2021,13,37,12,62
17.04.2021,13,37,12,62
18.04.2021,12,38,12,62
19.04.2021,12,38,11,61
20.04.2021,12,40,12,64
21.04.2021,12,40,12,64
22.04.2021,13,39,15,67
23.04.2021,13,32,7,52
24.04.2021,13,32,8,53
25.04.2021,13,32,8,53
26.04.2021,13,33,8,54
27.04.2021,14,35,8,57
28.04.2021,14,36,10,60
29.04.2021,15,32,16,63
30.04.2021,15,33,16,64
01.05.2021,15,32,16,63
02.05.2021,16,31,16,63
03.05.2021,16,32,17,65
04.05.2021,16,34,17,67
05.05.2021,16,35,19,70
06.05.2021,15,38,17,70
07.05.2021,15,37,17,69
08.05.2021,15,37,17,69
09.05.2021,15,36,17,68
10.05.2021,15,35,19,69
11.05.2021,15,35,18,68
12.05.2021,15,34,20,69
13.05.2021,15,34,20,69
14.05.2021,16,35,18,69
15.05.2021,16,35,18,69
16.05.2021,16,36,17,69
17.05.2021,15,36,17,68
18.05.2021,15,33,16,64
19.05.2021,15,33,16,64
20.05.2021,15,36,13,64
21.05.2021,15,37,14,66
22.05.2021,16,35,14,65
23.05.2021,16,35,14,65
24.05.2021,16,32,15,63
25.05.2021,16,31,14,61
26.05.2021,14,35,10,59
27.05.2021,14,29,6,49
28.05.2021,14,28,6,48
29.05.2021,13,29,6,48
30.05.2021,13,28,6,47
31.05.2021,12,26,4,42
01.06.2021,12,26,4,42
02.06.2021,13,24,3,40
03.06.2021,13,26,2,41
04.06.2021,13,26,2,41
05.06.2021,13,26,2,41
06.06.2021,12,27,2,41
07.06.2021,12,29,2,43
08.06.2021,11,31,2,44
09.06.2021,11,30,2,43
10.06.2021,11,30,2,43
11.06.2021,11,32,2,45
12.06.2021,11,32,2,45
13.06.2021,11,32,2,45
14.06.2021,11,32,1,44
15.06.2021,10,32,2,44
16.06.2021,11,32,1,44
17.06.2021,11,30,1,42
18.06.2021,12,28,1,41
19.06.2021,12,29,1,42
20.06.2021,13,28,1,42
21.06.2021,12,29,1,42
22.06.2021,12,29,1,42
23.06.2021,11,30,1,42
24.06.2021,11,30,1,42
25.06.2021,11,30,1,42
26.06.2021,11,30,1,42
27.06.2021,11,30,2,43
28.06.2021,11,30,3,44
29.06.2021,11,30,3,44
30.06.2021,12,28,3,43
01.07.2021,13,27,3,43
02.07.2021,13,27,3,43
03.07.2021,13,27,3,43
04.07.2021,12,28,2,42
05.07.2021,11,29,1,41
06.07.2021,11,28,1,40
07.07.2021,11,26,1,38
08.07.2021,11,26,1,38
09.07.2021,11,25,1,37
10.07.2021,11,25,1,37
11.07.2021,11,25,1,37
12.07.2021,11,24,1,36
13.07.2021,11,24,1,36
14.07.2021,11,22,4,37
15.07.2021,11,23,3,37
16.07.2021,11,23,3,37
17.07.2021,11,22,4,37
18.07.2021,11,21,4,36
19.07.2021,11,23,4,38
20.07.2021,11,22,6,39
21.07.2021,10,24,5,39
22.07.2021,10,22,8,40
23.07.2021,9,23,7,39
24.07.2021,9,22,7,38
25.07.2021,9,20,7,36
26.07.2021,9,20,5,34
27.07.2021,9,20,7,36
28.07.2021,11,19,6,36
29.07.2021,11,20,5,36
30.07.2021,11,20,5,36
31.07.2021,11,20,5,36
01.08.2021,11,21,5,37
02.08.2021,10,25,6,41
03.08.2021,10,24,7,41
04.08.2021,11,23,6,40
05.08.2021,11,24,6,41
06.08.2021,11,23,6,40
07.08.2021,11,24,5,40
08.08.2021,11,24,5,40
09.08.2021,11,23,6,40
10.08.2021,11,24,6,41
11.08.2021,11,25,5,41
12.08.2021,12,23,6,41
13.08.2021,11,24,6,41
14.08.2021,11,24,6,41
15.08.2021,11,24,6,41
16.08.2021,11,25,6,42
17.08.2021,12,25,6,43
18.08.2021,11,26,6,43
19.08.2021,11,26,6,43
20.08.2021,10,27,5,42
21.08.2021,10,27,5,42
22.08.2021,10,27,5,42
23.08.2021,11,26,6,43
24.08.2021,10,29,5,44
25.08.2021,12,25,6,43
26.08.2021,13,24,6,43
27.08.2021,13,24,6,43
28.08.2021,13,24,6,43
29.08.2021,13,24,6,43
30.08.2021,12,24,5,41
31.08.2021,12,24,5,41
01.09.2021,12,24,5,41
02.09.2021,12,26,4,42
03.09.2021,12,24,6,42
04.09.2021,12,23,6,41
05.09.2021,12,23,6,41
06.09.2021,12,23,6,41
07.09.2021,12,24,5,41
08.09.2021,12,24,7,43
09.09.2021,12,23,8,43
10.09.2021,11,26,9,46
11.09.2021,11,26,9,46
12.09.2021,11,25,10,46
13.09.2021,12,24,9,45
14.09.2021,11,25,9,45
15.09.2021,11,25,9,45
16.09.2021,12,24,10,46
17.09.2021,11,27,9,47
18.09.2021,11,27,9,47
19.09.2021,11,27,9,47
20.09.2021,12,27,6,45
21.09.2021,11,28,6,45
22.09.2021,12,27,5,44
23.09.2021,13,26,6,45
24.09.2021,12,27,6,45
25.09.2021,12,26,6,44
26.09.2021,12,26,6,44
27.09.2021,11,26,6,43
28.09.2021,12,23,7,42
29.09.2021,12,24,5,41
30.09.2021,13,24,5,42
01.10.2021,14,24,4,42
02.10.2021,14,24,4,42
03.10.2021,14,25,4,43
04.10.2021,13,26,5,44
05.10.2021,13,26,6,45
06.10.2021,13,26,5,44
07.10.2021,12,26,4,42
08.10.2021,12,25,3,40
09.10.2021,13,23,3,39
10.10.2021,13,23,3,39
11.10.2021,15,22,4,41
12.10.2021,15,22,5,42
13.10.2021,14,22,6,42
14.10.2021,15,21,6,42
15.10.2021,14,23,7,44
16.10.2021,14,24,7,45
17.10.2021,14,25,8,47
18.10.2021,14,26,7,47
19.10.2021,14,26,7,47
20.10.2021,16,25,8,49
21.10.2021,17,25,10,52
22.10.2021,16,27,9,52
23.10.2021,16,27,8,51
24.10.2021,17,26,8,51
25.10.2021,15,28,8,51
26.10.2021,16,26,8,50
27.10.2021,17,25,8,50
28.10.2021,18,25,7,50
29.10.2021,19,24,7,50
30.10.2021,19,24,7,50
31.10.2021,19,24,7,50
01.11.2021,18,25,6,49
02.11.2021,18,25,6,49
03.11.2021,19,23,8,50
04.11.2021,17,26,8,51
05.11.2021,18,24,8,50
06.11.2021,18,24,8,50
07.11.2021,18,23,8,49
08.11.2021,17,24,9,50
09.11.2021,17,25,8,50
10.11.2021,16,28,8,52
11.11.2021,17,29,6,52
12.11.2021,16,30,8,54
13.11.2021,16,31,7,54
14.11.2021,16,31,7,54
15.11.2021,16,31,8,55
16.11.2021,16,30,8,54
17.11.2021,17,29,8,54
18.11.2021,16,30,6,52
19.11.2021,16,30,6,52
20.11.2021,17,29,7,53
21.11.2021,18,28,7,53
22.11.2021,18,30,8,56
23.11.2021,18,32,6,56
24.11.2021,18,33,9,60
25.11.2021,20,31,10,61
26.11.2021,21,30,8,59
27.11.2021,21,30,8,59
28.11.2021,21,30,8,59
29.11.2021,21,29,8,58
30.11.2021,21,29,8,58
01.12.2021,21,28,9,58
02.12.2021,20,28,11,59
03.12.2021,20,28,12,60
04.12.2021,20,28,12,60
05.12.2021,20,28,12,60
06.12.2021,20,28,11,59
07.12.2021,20,29,11,60
08.12.2021,19,30,12,61
09.12.2021,19,29,12,60
10.12.2021,19,28,12,59
11.12.2021,19,27,12,58
12.12.2021,19,27,12,58
13.12.2021,18,28,10,56
14.12.2021,18,28,11,57
15.12.2021,18,28,12,58
16.12.2021,17,30,12,59
17.12.2021,17,29,12,58
18.12.2021,18,29,11,58
19.12.2021,19,27,11,57
20.12.2021,18,29,10,57
21.12.2021,16,32,11,59
22.12.2021,17,31,9,57
23.12.2021,18,30,11,59
24.12.2021,18,30,11,59
25.12.2021,19,29,11,59
26.12.2021,17,29,10,56
27.12.2021,17,29,13,59
28.12.2021,18,29,12,59
29.12.2021,18,31,11,60
30.12.2021,17,32,11,60
31.12.2021,16,33,11,60
01.01.2022,16,33,12,61
02.01.2022,15,34,12,61
03.01.2022,16,33,11,60
04.01.2022,15,33,11,59
05.01.2022,16,32,12,60
06.01.2022,16,33,14,63
07.01.2022,16,35,12,63
08.01.2022,15,35,12,62
09.01.2022,15,35,12,62
10.01.2022,15,35,12,62
11.01.2022,15,34,11,60
12.01.2022,15,33,13,61
13.01.2022,14,33,12,59
14.01.2022,14,33,13,60
15.01.2022,14,32,14,60
16.01.2022,15,33,14,62
17.01.2022,14,33,14,61
18.01.2022,12,35,14,61
19.01.2022,12,34,15,61
20.01.2022,14,34,11,59
21.01.2022,14,35,11,60
22.01.2022,15,36,12,63
23.01.2022,14,38,11,63
24.01.2022,17,37,11,65
25.01.2022,18,36,11,65
26.01.2022,18,34,10,62
27.01.2022,15,35,12,62
28.01.2022,15,35,13,63
29.01.2022,15,36,12,63
30.01.2022,15,36,13,64
31.01.2022,17,33,15,65
01.02.2022,15,33,15,63
02.02.2022,16,32,14,62
03.02.2022,16,31,13,60
04.02.2022,15,30,13,58
05.02.2022,14,31,14,59
06.02.2022,14,32,14,60
07.02.2022,14,33,16,63
08.02.2022,13,34,15,62
09.02.2022,12,34,15,61
10.02.2022,14,32,18,64
11.02.2022,14,34,18,66
12.02.2022,14,37,15,66
13.02.2022,12,38,16,66
14.02.2022,12,36,19,67
15.02.2022,11,40,20,71
16.02.2022,13,37,21,71
17.02.2022,13,36,22,71
18.02.2022,13,36,22,71
19.02.2022,13,35,22,70
20.02.2022,13,36,22,71
21.02.2022,14,36,22,72
22.02.2022,15,37,22,74
23.02.2022,15,40,24,79
24.02.2022,14,42,21,77
25.02.2022,14,44,17,75
26.02.2022,15,43,17,75
27.02.2022,15,44,17,76
28.02.2022,14,50,13,77
01.03.2022,15,51,11,77
02.03.2022,15,51,11,77
03.03.2022,16,51,13,80
04.03.2022,15,53,14,82
05.03.2022,13,55,14,82
06.03.2022,13,57,12,82
07.03.2022,14,56,12,82
08.03.2022,14,56,12,82
09.03.2022,14,57,14,85
10.03.2022,17,57,11,85
11.03.2022,16,59,12,87
12.03.2022,16,60,13,89
13.03.2022,16,61,11,88
14.03.2022,16,62,10,88
15.03.2022,17,61,10,88
16.03.2022,17,61,14,92
17.03.2022,17,58,15,90
18.03.2022,17,61,15,93
19.03.2022,17,62,16,95
20.03.2022,17,63,17,97
21.03.2022,17,62,16,95
22.03.2022,16,60,18,94
23.03.2022,17,61,16,94
24.03.2022,15,61,16,92
25.03.2022,15,60,16,91
26.03.2022,15,60,15,90
27.03.2022,16,60,15,91
28.03.2022,16,60,17,93
29.03.2022,16,60,15,91
30.03.2022,19,56,16,91
31.03.2022,20,54,16,90
01.04.2022,20,49,18,87
02.04.2022,21,47,17,85
03.04.2022,21,47,17,85
04.04.2022,22,46,20,88
05.04.2022,21,47,21,89
06.04.2022,21,47,23,91
07.04.2022,24,46,23,93
08.04.2022,24,51,23,98
09.04.2022,24,51,25,100
10.04.2022,25,54,25,104
11.04.2022,25,59,23,107
12.04.2022,25,60,24,109
13.04.2022,24,62,22,108
14.04.2022,22,64,23,109
15.04.2022,23,64,22,109
16.04.2022,23,64,22,109
17.04.2022,23,64,20,107
18.04.2022,23,66,19,108
19.04.2022,21,68,18,107
20.04.2022,21,69,18,108
21.04.2022,21,69,21,111
22.04.2022,20,68,20,108
23.04.2022,20,67,20,107
24.04.2022,21,66,20,107
25.04.2022,21,66,18,105
26.04.2022,19,68,19,106
27.04.2022,21,61,19,101
28.04.2022,20,62,18,100
29.04.2022,20,62,17,99
30.04.2022,22,60,20,102
01.05.2022,23,59,21,103
02.05.2022,23,59,20,102
03.05.2022,23,58,21,102
04.05.2022,23,58,21,102
05.05.2022,23,57,22,102
06.05.2022,26,54,19,99
07.05.2022,27,53,18,98
08.05.2022,26,53,24,103
09.05.2022,27,50,23,100
10.05.2022,27,46,25,98
11.05.2022,23,52,25,100
12.05.2022,25,52,33,110
13.05.2022,25,52,35,112
14.05.2022,25,52,35,112
15.05.2022,24,54,35,113
16.05.2022,25,54,36,115
17.05.2022,24,58,34,116
18.05.2022,24,58,36,118
19.05.2022,22,62,32,116
20.05.2022,19,61,33,113
21.05.2022,18,64,32,114
22.05.2022,20,63,31,114
23.05.2022,20,61,31,112
24.05.2022,20,61,30,111
25.05.2022,19,62,29,110
26.05.2022,20,62,31,113
27.05.2022,19,63,31,113
28.05.2022,21,61,33,115
29.05.2022,22,60,31,113
30.05.2022,21,60,30,111
31.05.2022,21,61,29,111
01.06.2022,20,62,29,111
02.06.2022,21,61,29,111
03.06.2022,21,61,28,110
04.06.2022,21,59,28,108
05.06.2022,21,60,24,105
06.06.2022,23,59,23,105
07.06.2022,23,57,19,99
08.06.2022,21,59,15,95
09.06.2022,20,54,8,82
10.06.2022,21,50,5,76
11.06.2022,21,51,5,77
12.06.2022,19,53,5,77
13.06.2022,19,53,5,77
14.06.2022,19,53,6,78
15.06.2022,20,54,6,80
16.06.2022,21,54,5,80
17.06.2022,21,53,5,79
18.06.2022,20,51,5,76
19.06.2022,21,48,5,74
20.06.2022,21,46,6,73
21.06.2022,20,47,5,72
22.06.2022,21,49,4,74
23.06.2022,21,47,5,73
24.06.2022,20,47,4,71
25.06.2022,20,45,4,69
26.06.2022,19,46,5,70
27.06.2022,18,45,4,67
28.06.2022,19,42,5,66
29.06.2022,18,45,8,71
30.06.2022,17,49,7,73
01.07.2022,16,52,11,79
02.07.2022,16,56,8,80
03.07.2022,15,55,7,77
04.07.2022,16,53,8,77
05.07.2022,16,54,8,78
06.07.2022,15,58,5,78
07.07.2022,15,59,6,80
08.07.2022,15,59,6,80
09.07.2022,15,58,6,79
10.07.2022,15,58,6,79
11.07.2022,14,55,6,75
12.07.2022,14,56,6,76
13.07.2022,15,53,6,74
14.07.2022,15,54,5,74
15.07.2022,15,54,5,74
16.07.2022,15,55,6,76
17.07.2022,15,55,6,76
18.07.2022,17,50,7,74
19.07.2022,16,50,7,73
20.07.2022,15,49,6,70
21.07.2022,15,50,5,70
22.07.2022,15,51,7,73
23.07.2022,15,50,6,71
24.07.2022,15,50,6,71
25.07.2022,14,50,5,69
26.07.2022,15,51,5,71
27.07.2022,15,49,5,69
28.07.2022,16,48,5,69
29.07.2022,16,45,4,65
30.07.2022,16,45,4,65
31.07.2022,16,41,5,62
01.08.2022,15,41,5,61
02.08.2022,14,40,7,61
03.08.2022,14,37,7,58
04.08.2022,14,37,7,58
05.08.2022,13,40,8,61
06.08.2022,13,40,9,62
07.08.2022,12,43,8,63
08.08.2022,12,43,7,62
09.08.2022,12,41,8,61
10.08.2022,12,42,9,63
11.08.2022,12,41,9,62
12.08.2022,13,40,9,62
13.08.2022,12,38,12,62
14.08.2022,12,38,13,63
15.08.2022,13,38,13,64
16.08.2022,13,38,13,64
17.08.2022,13,37,13,63
18.08.2022,13,36,14,63
19.08.2022,13,35,13,61
20.08.2022,14,35,14,63
21.08.2022,14,37,12,63
22.08.2022,14,35,13,62
23.08.2022,14,35,13,62
24.08.2022,14,34,14,62
25.08.2022,13,38,12,63
26.08.2022,13,41,10,64
27.08.2022,13,41,10,64
28.08.2022,13,43,9,65
29.08.2022,12,45,10,67
30.08.2022,11,48,12,71
31.08.2022,10,49,13,72
01.09.2022,10,48,15,73
02.09.2022,10,49,14,73
03.09.2022,9,49,13,71
04.09.2022,9,49,15,73
05.09.2022,11,45,19,75
06.09.2022,10,47,17,74
07.09.2022,9,47,19,75
08.09.2022,9,49,21,79
09.09.2022,10,51,19,80
10.09.2022,10,52,18,80
11.09.2022,10,52,18,80
12.09.2022,10,51,20,81
13.09.2022,10,54,20,84
14.09.2022,11,55,19,85
15.09.2022,11,55,18,84
16.09.2022,10,58,19,87
17.09.2022,11,57,18,86
18.09.2022,12,59,15,86
19.09.2022,12,58,15,85
20.09.2022,12,59,18,89
21.09.2022,11,61,21,93
22.09.2022,11,64,20,95
23.09.2022,11,61,22,94
24.09.2022,11,64,21,96
25.09.2022,13,64,20,97
26.09.2022,13,60,20,93
27.09.2022,12,62,17,91
28.09.2022,13,62,18,93
29.09.2022,12,61,19,92
30.09.2022,12,62,20,94
01.10.2022,12,63,20,95
02.10.2022,11,65,20,96
03.10.2022,11,65,21,97
04.10.2022,11,64,24,99
05.10.2022,11,66,21,98
06.10.2022,12,67,21,100
07.10.2022,12,66,23,101
08.10.2022,13,64,24,101
09.10.2022,12,68,21,101
10.10.2022,12,67,20,99
11.10.2022,13,66,20,99
12.10.2022,14,66,19,99
13.10.2022,13,66,19,98
14.10.2022,12,66,18,96
15.10.2022,12,66,18,96
16.10.2022,12,67,17,96
17.10.2022,14,63,17,94
18.10.2022,15,60,14,89
19.10.2022,12,63,12,87
20.10.2022,12,63,13,88
21.10.2022,11,64,13,88
22.10.2022,10,66,12,88
23.10.2022,12,55,11,78
24.10.2022,12,54,12,78
25.10.2022,12,52,12,76
26.10.2022,12,51,16,79
27.10.2022,12,52,14,78
28.10.2022,16,49,12,77
29.10.2022,17,46,14,77
30.10.2022,17,47,12,76
31.10.2022,16,48,11,75
01.11.2022,17,47,10,74
02.11.2022,18,47,10,75
03.11.2022,17,48,10,75
04.11.2022,18,48,9,75
05.11.2022,16,50,9,75
06.11.2022,16,45,9,70
07.11.2022,17,47,9,73
08.11.2022,16,47,8,71
09.11.2022,14,49,8,71
10.11.2022,15,46,10,71
11.11.2022,15,47,9,71
12.11.2022,15,47,9,71
13.11.2022,15,47,9,71
14.11.2022,15,48,8,71
15.11.2022,16,45,9,70
16.11.2022,15,47,10,72
17.11.2022,15,49,8,72
18.11.2022,14,50,7,71
19.11.2022,15,49,7,71
20.11.2022,16,48,9,73
21.11.2022,17,47,8,72
22.11.2022,17,48,6,71
23.11.2022,17,48,3,68
24.11.2022,17,46,3,66
25.11.2022,21,43,4,68
26.11.2022,22,41,4,67
27.11.2022,22,37,5,64
28.11.2022,20,39,5,64
29.11.2022,20,39,5,64
30.11.2022,22,35,5,62
01.12.2022,21,38,5,64
02.12.2022,21,37,5,63
03.12.2022,21,36,6,63
04.12.2022,21,36,4,61
05.12.2022,20,36,4,60
06.12.2022,20,38,4,62
07.12.2022,20,37,4,61
08.12.2022,21,35,5,61
09.12.2022,21,34,5,60
10.12.2022,21,35,5,61
11.12.2022,21,35,5,61
12.12.2022,20,36,5,61
13.12.2022,21,33,5,59
14.12.2022,20,33,5,58
15.12.2022,21,31,5,57
16.12.2022,18,35,5,58
17.12.2022,18,36,6,60
18.12.2022,19,34,7,60
19.12.2022,18,32,6,56
20.12.2022,20,30,6,56
21.12.2022,20,30,10,60
22.12.2022,20,33,8,61
23.12.2022,23,31,5,59
24.12.2022,23,31,5,59
25.12.2022,23,30,5,58
26.12.2022,22,32,5,59
27.12.2022,22,32,5,59
28.12.2022,21,32,5,58
29.12.2022,19,35,6,60
30.12.2022,18,35,5,58
31.12.2022,18,34,4,56
01.01.2023,17,35,4,56
02.01.2023,15,35,4,54
03.01.2023,16,34,4,54
04.01.2023,15,35,4,54
05.01.2023,16,34,4,54
06.01.2023,15,33,4,52
07.01.2023,15,33,6,54
08.01.2023,15,34,5,54
09.01.2023,17,34,5,56
10.01.2023,17,33,6,56
11.01.2023,16,33,6,55
12.01.2023,17,33,8,58
13.01.2023,17,33,9,59
14.01.2023,17,33,8,58
15.01.2023,17,33,8,58
16.01.2023,17,31,8,56
17.01.2023,17,30,9,56
18.01.2023,16,31,9,56
19.01.2023,16,31,8,55
20.01.2023,16,32,8,56
21.01.2023,16,32,8,56
22.01.2023,16,32,8,56
23.01.2023,16,32,9,57
24.01.2023,16,32,9,57
25.01.2023,15,32,9,56
26.01.2023,15,30,9,54
27.01.2023,15,29,9,53
28.01.2023,15,28,9,52
29.01.2023,15,28,9,52
30.01.2023,15,28,9,52
31.01.2023,14,29,8,51
01.02.2023,15,29,8,52
02.02.2023,15,27,11,53
03.02.2023,15,27,10,52
04.02.2023,15,25,7,47
05.02.2023,15,26,7,48
06.02.2023,16,25,8,49
07.02.2023,16,27,7,50
08.02.2023,16,27,7,50
09.02.2023,16,27,5,48
10.02.2023,15,28,5,48
11.02.2023,16,27,6,49
12.02.2023,16,26,6,48
13.02.2023,16,26,7,49
14.02.2023,16,27,7,50
15.02.2023,17,25,6,48
16.02.2023,17,25,6,48
17.02.2023,17,27,5,49
18.02.2023,17,27,5,49
19.02.2023,17,26,7,50
20.02.2023,17,27,6,50
21.02.2023,17,27,6,50
22.02.2023,16,27,6,49
23.02.2023,16,27,6,49
24.02.2023,15,29,6,50
25.02.2023,16,27,6,49
26.02.2023,17,27,6,50
27.02.2023,17,27,8,52
28.02.2023,13,31,8,52
01.03.2023,13,31,8,52
02.03.2023,14,30,8,52
03.03.2023,13,31,8,52
04.03.2023,13,32,8,53
05.03.2023,13,32,8,53
06.03.2023,15,30,7,52
07.03.2023,14,31,7,52
08.03.2023,14,31,8,53
09.03.2023,14,30,7,51
10.03.2023,14,29,8,51
11.03.2023,13,30,7,50
12.03.2023,12,31,7,50
13.03.2023,12,31,9,52
14.03.2023,11,32,9,52
15.03.2023,11,31,9,51
16.03.2023,11,28,9,48
17.03.2023,11,30,9,50
18.03.2023,13,28,9,50
19.03.2023,13,28,8,49
20.03.2023,13,27,8,48
21.03.2023,12,28,7,47
22.03.2023,12,30,7,49
23.03.2023,13,29,7,49
24.03.2023,12,29,5,46
25.03.2023,13,28,5,46
26.03.2023,14,27,5,46
27.03.2023,14,28,4,46
28.03.2023,13,28,4,45
29.03.2023,14,29,5,48
30.03.2023,15,27,5,47
31.03.2023,15,27,6,48
01.04.2023,15,26,6,47
02.04.2023,15,26,6,47
03.04.2023,15,23,7,45
04.04.2023,15,23,7,45
05.04.2023,15,23,7,45
06.04.2023,14,24,7,45
07.04.2023,13,25,6,44
08.04.2023,13,25,6,44
09.04.2023,13,25,6,44
10.04.2023,13,25,5,43
11.04.2023,13,27,5,45
12.04.2023,12,29,4,45
13.04.2023,12,28,5,45
14.04.2023,12,27,5,44
15.04.2023,13,26,5,44
16.04.2023,13,26,5,44
17.04.2023,12,29,4,45
18.04.2023,13,28,4,45
19.04.2023,13,27,4,44
20.04.2023,14,30,3,47
21.04.2023,13,31,3,47
22.04.2023,13,32,3,48
23.04.2023,14,31,3,48
24.04.2023,14,30,3,47
25.04.2023,13,31,3,47
26.04.2023,13,30,3,46
27.04.2023,14,28,3,45
28.04.2023,14,28,3,45
29.04.2023,13,28,3,44
30.04.2023,13,28,3,44
01.05.2023,12,29,3,44
02.05.2023,13,27,4,44
03.05.2023,13,26,4,43
04.05.2023,12,27,5,44
05.05.2023,12,27,5,44
06.05.2023,13,26,5,44
07.05.2023,13,26,5,44
08.05.2023,13,27,4,44
09.05.2023,13,26,3,42
10.05.2023,12,27,3,42
11.05.2023,13,26,3,42
12.05.2023,13,26,3,42
13.05.2023,12,27,3,42
14.05.2023,12,27,4,43
15.05.2023,11,29,3,43
16.05.2023,12,27,3,42
17.05.2023,12,27,3,42
18.05.2023,11,27,3,41
19.05.2023,12,25,3,40
20.05.2023,11,26,3,40
21.05.2023,12,25,3,40
22.05.2023,12,24,3,39
23.05.2023,12,25,3,40
24.05.2023,13,24,4,41
25.05.2023,14,22,4,40
26.05.2023,15,21,4,40
27.05.2023,15,20,5,40
28.05.2023,14,21,5,40
29.05.2023,13,22,5,40
30.05.2023,14,20,4,38
31.05.2023,14,20,4,38
01.06.2023,14,18,3,35
02.06.2023,14,18,3,35
03.06.2023,15,18,2,35
04.06.2023,15,18,2,35
05.06.2023,15,17,2,34
06.06.2023,16,18,2,36
07.06.2023,15,19,2,36
08.06.2023,16,18,3,37
09.06.2023,16,20,3,39
10.06.2023,16,20,3,39
11.06.2023,16,20,3,39
12.06.2023,16,22,2,40
13.06.2023,16,21,2,39
14.06.2023,16,21,2,39
15.06.2023,16,24,1,41
16.06.2023,16,24,1,41
17.06.2023,16,24,0,40
18.06.2023,16,24,0,40
19.06.2023,16,23,0,39
20.06.2023,16,23,0,39
21.06.2023,16,23,0,39
22.06.2023,16,23,0,39
23.06.2023,15,24,3,42
24.06.2023,15,26,4,45
25.06.2023,14,27,4,45
26.06.2023,14,27,4,45
27.06.2023,15,26,5,46
28.06.2023,15,24,7,46
29.06.2023,15,25,7,47
30.06.2023,15,26,7,48
01.07.2023,15,26,7,48
02.07.2023,15,26,7,48
03.07.2023,16,25,7,48
04.07.2023,16,25,8,49
05.07.2023,15,26,8,49
06.07.2023,16,26,8,50
07.07.2023,17,25,8,50
08.07.2023,17,25,8,50
09.07.2023,17,25,8,50
10.07.2023,17,22,9,48
11.07.2023,17,22,9,48
12.07.2023,18,21,10,49
13.07.2023,18,20,10,48
14.07.2023,18,23,9,50
15.07.2023,19,22,9,50
16.07.2023,19,22,9,50
17.07.2023,18,24,9,51
18.07.2023,18,25,8,51
19.07.2023,19,23,8,50
20.07.2023,19,23,8,50
21.07.2023,18,24,5,47
22.07.2023,18,24,4,46
23.07.2023,17,25,4,46
24.07.2023,17,25,5,47
25.07.2023,16,25,5,46
26.07.2023,16,25,4,45
27.07.2023,15,24,3,42
28.07.2023,15,22,4,41
29.07.2023,15,21,4,40
30.07.2023,15,21,4,40
31.07.2023,17,19,4,40
01.08.2023,17,20,3,40
02.08.2023,16,21,3,40
03.08.2023,17,20,3,40
04.08.2023,17,20,3,40
05.08.2023,17,20,3,40
06.08.2023,17,20,3,40
07.08.2023,17,20,3,40
08.08.2023,16,19,3,38
09.08.2023,17,19,3,39
10.08.2023,17,18,3,38
11.08.2023,17,16,4,37
12.08.2023,18,15,4,37
13.08.2023,18,15,4,37
14.08.2023,17,16,4,37
15.08.2023,16,16,4,36
16.08.2023,16,15,4,35
17.08.2023,14,15,4,33
18.08.2023,13,16,4,33
19.08.2023,14,15,5,34
20.08.2023,14,16,5,35
21.08.2023,13,17,4,34
22.08.2023,12,19,5,36
23.08.2023,13,24,3,40
24.08.2023,13,24,3,40
25.08.2023,13,24,2,39
26.08.2023,13,25,1,39
27.08.2023,13,26,1,40
28.08.2023,15,23,1,39
29.08.2023,14,22,1,37
30.08.2023,14,22,1,37
31.08.2023,15,21,2,38
01.09.2023,15,19,3,37
02.09.2023,15,19,3,37
03.09.2023,15,19,3,37
04.09.2023,15,19,3,37
05.09.2023,15,19,3,37
06.09.2023,14,20,2,36
07.09.2023,15,20,1,36
08.09.2023,15,20,1,36
09.09.2023,16,19,1,36
10.09.2023,16,19,1,36
11.09.2023,15,21,2,38
12.09.2023,15,22,1,38
13.09.2023,17,19,2,38
14.09.2023,17,19,2,38
15.09.2023,17,19,2,38
16.09.2023,17,19,2,38
17.09.2023,15,21,2,38
18.09.2023,14,21,2,37
19.09.2023,13,22,1,36
20.09.2023,13,23,1,37
21.09.2023,13,25,2,40
22.09.2023,13,25,2,40
23.09.2023,13,25,2,40
24.09.2023,12,24,2,38
25.09.2023,12,23,2,37
26.09.2023,13,22,2,37
27.09.2023,14,22,2,38
28.09.2023,13,24,3,40
29.09.2023,13,24,3,40
30.09.2023,13,24,3,40
01.10.2023,13,24,4,41
