polygon,,,,
Date, Full Time, Part Time, One Time, Total
14.01.2015,0,0,1,1
15.01.2015,0,0,1,1
16.01.2015,0,0,1,1
17.01.2015,0,0,1,1
18.01.2015,0,0,1,1
19.01.2015,0,0,1,1
20.01.2015,0,1,0,1
21.01.2015,0,1,0,1
22.01.2015,0,1,0,1
23.01.2015,0,1,0,1
24.01.2015,0,1,0,1
25.01.2015,0,1,0,1
26.01.2015,0,1,0,1
27.01.2015,0,1,0,1
28.01.2015,0,1,0,1
29.01.2015,0,1,0,1
30.01.2015,0,1,0,1
31.01.2015,0,1,0,1
01.02.2015,0,1,0,1
02.02.2015,0,1,0,1
03.02.2015,0,1,0,1
04.02.2015,0,1,0,1
05.02.2015,0,1,0,1
06.02.2015,0,1,0,1
07.02.2015,0,1,0,1
08.02.2015,0,1,0,1
09.02.2015,0,1,0,1
10.02.2015,0,1,0,1
11.02.2015,0,1,0,1
12.02.2015,0,1,0,1
13.02.2015,0,1,0,1
14.02.2015,0,1,0,1
15.02.2015,0,1,0,1
16.02.2015,0,1,0,1
04.03.2015,0,1,1,2
05.03.2015,0,1,1,2
06.03.2015,0,1,1,2
07.03.2015,0,1,1,2
08.03.2015,0,1,1,2
09.03.2015,0,1,1,2
10.03.2015,0,1,2,3
11.03.2015,0,2,1,3
12.03.2015,0,2,1,3
13.03.2015,0,2,2,4
14.03.2015,0,3,1,4
15.03.2015,0,3,1,4
16.03.2015,0,3,1,4
17.03.2015,0,3,1,4
18.03.2015,0,3,2,5
19.03.2015,0,3,2,5
20.03.2015,0,3,2,5
21.03.2015,0,3,4,7
22.03.2015,0,5,2,7
23.03.2015,0,5,2,7
24.03.2015,0,5,2,7
25.03.2015,0,5,2,7
26.03.2015,0,5,2,7
27.03.2015,1,4,2,7
28.03.2015,1,4,2,7
29.03.2015,1,4,2,7
30.03.2015,1,4,2,7
31.03.2015,1,4,2,7
01.04.2015,1,4,1,6
02.04.2015,1,4,1,6
03.04.2015,1,4,1,6
04.04.2015,1,4,1,6
05.04.2015,1,4,1,6
06.04.2015,1,4,1,6
07.04.2015,1,4,1,6
08.04.2015,0,5,1,6
09.04.2015,0,5,1,6
10.04.2015,1,4,1,6
11.04.2015,1,4,1,6
12.04.2015,1,4,1,6
13.04.2015,1,4,1,6
14.04.2015,2,3,1,6
15.04.2015,2,3,0,5
16.04.2015,1,4,0,5
17.04.2015,1,4,0,5
18.04.2015,1,4,0,5
19.04.2015,1,4,0,5
20.04.2015,1,4,0,5
21.04.2015,1,4,0,5
22.04.2015,1,3,0,4
23.04.2015,1,3,0,4
24.04.2015,1,3,0,4
25.04.2015,1,3,0,4
26.04.2015,1,3,0,4
27.04.2015,1,3,0,4
28.04.2015,1,3,0,4
29.04.2015,1,3,0,4
30.04.2015,1,3,0,4
01.05.2015,1,3,0,4
02.05.2015,1,3,0,4
03.05.2015,1,3,0,4
04.05.2015,1,3,0,4
05.05.2015,1,3,0,4
06.05.2015,1,3,0,4
07.05.2015,1,2,0,3
08.05.2015,1,2,0,3
09.05.2015,1,2,0,3
10.05.2015,1,2,0,3
11.05.2015,1,2,0,3
12.05.2015,2,1,0,3
13.05.2015,0,1,0,1
12.06.2015,0,0,1,1
13.06.2015,0,1,0,1
14.06.2015,0,1,0,1
15.06.2015,0,1,0,1
16.06.2015,0,1,0,1
17.06.2015,0,1,0,1
18.06.2015,0,1,0,1
19.06.2015,0,1,0,1
20.06.2015,0,1,0,1
21.06.2015,0,1,0,1
22.06.2015,0,1,0,1
23.06.2015,0,1,0,1
24.06.2015,0,1,0,1
25.06.2015,0,1,0,1
26.06.2015,0,1,0,1
27.06.2015,0,1,0,1
28.06.2015,0,1,0,1
29.06.2015,0,1,0,1
30.06.2015,0,1,0,1
01.07.2015,0,1,0,1
02.07.2015,0,1,0,1
03.07.2015,0,1,0,1
04.07.2015,0,1,0,1
05.07.2015,0,1,0,1
06.07.2015,0,1,0,1
07.07.2015,0,1,0,1
08.07.2015,0,1,0,1
09.07.2015,0,1,0,1
10.07.2015,0,1,0,1
11.07.2015,0,1,0,1
12.07.2015,0,1,0,1
13.07.2015,0,1,0,1
14.07.2015,0,1,0,1
15.07.2015,0,1,0,1
16.07.2015,0,1,0,1
17.07.2015,0,1,0,1
18.07.2015,0,1,1,2
19.07.2015,0,1,1,2
20.07.2015,0,1,1,2
21.07.2015,0,1,1,2
22.07.2015,0,1,1,2
23.07.2015,0,0,1,1
24.07.2015,0,0,1,1
25.07.2015,0,0,1,1
26.07.2015,0,0,1,1
27.07.2015,0,0,1,1
28.07.2015,0,0,1,1
29.07.2015,0,0,1,1
30.07.2015,0,0,1,1
31.07.2015,0,0,1,1
01.08.2015,0,0,1,1
02.08.2015,0,0,1,1
03.08.2015,0,0,1,1
04.08.2015,0,0,1,1
05.08.2015,0,0,1,1
06.08.2015,0,0,1,1
07.08.2015,0,0,2,2
08.08.2015,0,1,1,2
09.08.2015,0,1,1,2
10.08.2015,0,1,1,2
11.08.2015,0,1,1,2
12.08.2015,0,1,1,2
13.08.2015,0,1,1,2
14.08.2015,0,1,1,2
15.08.2015,0,1,0,1
16.08.2015,0,1,0,1
17.08.2015,0,1,0,1
18.08.2015,0,1,0,1
19.08.2015,0,1,0,1
20.08.2015,0,1,0,1
21.08.2015,0,1,0,1
22.08.2015,0,1,0,1
23.08.2015,0,1,0,1
24.08.2015,0,1,0,1
25.08.2015,0,1,0,1
26.08.2015,0,1,0,1
27.08.2015,0,1,0,1
28.08.2015,0,1,0,1
29.08.2015,0,1,0,1
30.08.2015,0,1,0,1
31.08.2015,0,1,0,1
01.09.2015,0,1,0,1
02.09.2015,0,1,0,1
03.09.2015,0,1,0,1
04.09.2015,0,1,0,1
05.09.2015,0,1,0,1
06.09.2015,0,1,0,1
07.09.2015,0,1,0,1
08.09.2015,0,1,0,1
09.09.2015,0,1,0,1
10.09.2015,0,1,0,1
11.09.2015,0,1,0,1
12.09.2015,0,1,0,1
13.09.2015,0,1,0,1
14.09.2015,0,1,0,1
15.09.2015,0,1,0,1
16.09.2015,0,1,0,1
17.09.2015,0,1,0,1
18.09.2015,0,1,0,1
19.09.2015,0,1,0,1
20.09.2015,0,1,0,1
21.09.2015,0,1,0,1
22.09.2015,0,1,0,1
23.09.2015,0,1,0,1
24.09.2015,0,1,0,1
25.09.2015,0,1,0,1
26.09.2015,0,1,0,1
27.09.2015,0,1,0,1
28.09.2015,0,1,0,1
29.09.2015,0,1,0,1
30.09.2015,0,1,0,1
01.10.2015,0,1,0,1
02.10.2015,0,1,0,1
03.10.2015,0,1,0,1
04.10.2015,0,1,0,1
05.10.2015,0,1,0,1
06.10.2015,0,1,0,1
07.10.2015,0,1,0,1
08.10.2015,0,1,0,1
09.10.2015,0,1,0,1
10.10.2015,0,1,0,1
11.10.2015,0,1,0,1
12.10.2015,0,1,0,1
13.10.2015,0,1,0,1
14.10.2015,0,1,1,2
15.10.2015,0,1,1,2
16.10.2015,0,1,1,2
17.10.2015,0,1,1,2
18.10.2015,0,1,1,2
19.10.2015,0,1,1,2
20.10.2015,0,1,1,2
21.10.2015,0,1,2,3
22.10.2015,0,3,0,3
23.10.2015,0,3,0,3
24.10.2015,0,3,0,3
25.10.2015,0,3,0,3
26.10.2015,0,3,0,3
27.10.2015,0,2,0,2
28.10.2015,0,2,0,2
29.10.2015,0,2,1,3
30.10.2015,0,2,1,3
31.10.2015,0,2,1,3
01.11.2015,0,2,1,3
02.11.2015,0,2,1,3
03.11.2015,0,2,1,3
04.11.2015,0,2,1,3
05.11.2015,0,2,1,3
06.11.2015,0,2,1,3
07.11.2015,0,2,1,3
08.11.2015,0,2,1,3
09.11.2015,0,3,1,4
10.11.2015,0,3,1,4
11.11.2015,0,3,1,4
12.11.2015,0,3,1,4
13.11.2015,0,3,1,4
14.11.2015,0,3,1,4
15.11.2015,0,3,1,4
16.11.2015,0,3,1,4
17.11.2015,0,3,1,4
18.11.2015,0,3,1,4
19.11.2015,0,3,1,4
20.11.2015,0,3,1,4
21.11.2015,0,3,1,4
22.11.2015,0,3,1,4
23.11.2015,0,3,1,4
24.11.2015,0,3,1,4
25.11.2015,0,3,1,4
26.11.2015,0,3,0,3
27.11.2015,0,3,0,3
28.11.2015,0,3,0,3
29.11.2015,0,2,0,2
30.11.2015,0,2,0,2
01.12.2015,0,2,0,2
02.12.2015,0,2,0,2
03.12.2015,0,2,0,2
04.12.2015,0,2,0,2
05.12.2015,0,2,0,2
06.12.2015,0,2,0,2
07.12.2015,0,2,0,2
08.12.2015,0,1,0,1
09.12.2015,0,1,1,2
10.12.2015,0,2,0,2
11.12.2015,0,2,0,2
12.12.2015,0,2,0,2
13.12.2015,0,2,0,2
14.12.2015,0,2,0,2
15.12.2015,0,2,0,2
16.12.2015,0,2,0,2
17.12.2015,0,2,0,2
18.12.2015,0,2,0,2
19.12.2015,0,2,0,2
20.12.2015,0,2,0,2
21.12.2015,0,1,0,1
22.12.2015,0,1,0,1
23.12.2015,0,1,0,1
24.12.2015,0,1,0,1
25.12.2015,0,1,0,1
26.12.2015,0,1,0,1
27.12.2015,0,1,0,1
28.12.2015,0,1,0,1
29.12.2015,0,1,0,1
30.12.2015,0,1,0,1
31.12.2015,0,1,1,2
01.01.2016,0,1,1,2
02.01.2016,0,1,1,2
03.01.2016,0,1,1,2
04.01.2016,0,1,1,2
05.01.2016,0,1,1,2
06.01.2016,0,1,1,2
07.01.2016,1,1,0,2
08.01.2016,1,2,0,3
09.01.2016,1,2,0,3
10.01.2016,1,2,0,3
11.01.2016,1,2,0,3
12.01.2016,1,2,0,3
13.01.2016,1,2,1,4
14.01.2016,1,3,1,5
15.01.2016,1,3,1,5
16.01.2016,1,3,1,5
17.01.2016,1,3,1,5
18.01.2016,1,3,1,5
19.01.2016,1,3,1,5
20.01.2016,1,3,1,5
21.01.2016,1,3,1,5
22.01.2016,1,3,1,5
23.01.2016,1,3,1,5
24.01.2016,1,3,1,5
25.01.2016,1,3,1,5
26.01.2016,2,2,1,5
27.01.2016,2,2,1,5
28.01.2016,2,2,1,5
29.01.2016,2,2,1,5
30.01.2016,2,2,3,7
31.01.2016,2,2,3,7
01.02.2016,1,3,3,7
02.02.2016,1,3,3,7
03.02.2016,1,3,3,7
04.02.2016,2,2,4,8
05.02.2016,2,2,4,8
06.02.2016,2,2,4,8
07.02.2016,2,2,5,9
08.02.2016,2,2,5,9
09.02.2016,3,1,5,9
10.02.2016,3,1,4,8
11.02.2016,3,1,5,9
12.02.2016,3,1,5,9
13.02.2016,3,1,5,9
14.02.2016,3,1,5,9
15.02.2016,3,1,5,9
16.02.2016,3,1,5,9
17.02.2016,3,1,5,9
18.02.2016,3,1,5,9
19.02.2016,3,1,5,9
20.02.2016,3,1,5,9
21.02.2016,3,0,5,8
22.02.2016,3,0,5,8
23.02.2016,3,0,5,8
24.02.2016,3,0,5,8
25.02.2016,3,0,5,8
26.02.2016,3,0,5,8
27.02.2016,3,0,3,6
28.02.2016,3,0,3,6
29.02.2016,3,0,3,6
01.03.2016,3,0,3,6
02.03.2016,3,0,3,6
03.03.2016,3,0,2,5
04.03.2016,2,0,2,4
05.03.2016,2,0,2,4
06.03.2016,2,0,1,3
07.03.2016,2,0,1,3
08.03.2016,2,0,1,3
09.03.2016,2,0,1,3
10.03.2016,2,0,0,2
11.03.2016,2,0,0,2
12.03.2016,2,0,0,2
13.03.2016,2,0,0,2
14.03.2016,2,0,1,3
15.03.2016,2,1,0,3
16.03.2016,2,1,0,3
17.03.2016,2,1,1,4
18.03.2016,2,1,2,5
19.03.2016,2,1,2,5
20.03.2016,2,1,2,5
21.03.2016,2,2,2,6
22.03.2016,2,2,2,6
23.03.2016,2,2,2,6
24.03.2016,2,2,2,6
25.03.2016,2,2,2,6
26.03.2016,2,2,2,6
27.03.2016,2,2,2,6
28.03.2016,2,2,2,6
29.03.2016,2,2,2,6
30.03.2016,2,2,2,6
31.03.2016,2,2,2,6
01.04.2016,2,2,2,6
02.04.2016,2,2,2,6
03.04.2016,2,3,1,6
04.04.2016,2,3,1,6
05.04.2016,2,3,1,6
06.04.2016,2,3,1,6
07.04.2016,2,3,1,6
08.04.2016,2,3,1,6
09.04.2016,2,3,1,6
10.04.2016,2,3,1,6
11.04.2016,2,3,1,6
12.04.2016,2,3,1,6
13.04.2016,2,3,1,6
14.04.2016,2,3,1,6
15.04.2016,2,3,1,6
16.04.2016,2,3,1,6
17.04.2016,2,3,1,6
18.04.2016,2,3,0,5
19.04.2016,2,3,0,5
20.04.2016,2,3,0,5
21.04.2016,2,3,0,5
22.04.2016,2,3,0,5
23.04.2016,2,3,0,5
24.04.2016,2,3,0,5
25.04.2016,2,3,0,5
26.04.2016,2,3,0,5
27.04.2016,2,3,0,5
28.04.2016,2,2,0,4
29.04.2016,2,2,0,4
30.04.2016,2,2,0,4
01.05.2016,2,1,0,3
02.05.2016,2,1,0,3
03.05.2016,2,1,0,3
04.05.2016,2,1,1,4
05.05.2016,2,2,0,4
06.05.2016,2,2,0,4
07.05.2016,1,1,0,2
08.05.2016,1,1,0,2
09.05.2016,1,2,0,3
10.05.2016,1,2,0,3
11.05.2016,1,2,0,3
12.05.2016,1,2,1,4
13.05.2016,1,2,1,4
14.05.2016,1,3,0,4
15.05.2016,1,3,0,4
16.05.2016,1,3,0,4
17.05.2016,1,3,0,4
18.05.2016,1,3,0,4
19.05.2016,1,3,0,4
20.05.2016,0,3,0,3
21.05.2016,0,3,0,3
22.05.2016,0,3,0,3
23.05.2016,0,3,0,3
24.05.2016,0,3,0,3
25.05.2016,0,3,0,3
26.05.2016,0,3,0,3
27.05.2016,0,3,0,3
28.05.2016,0,3,0,3
29.05.2016,0,3,0,3
30.05.2016,0,3,0,3
31.05.2016,0,3,0,3
01.06.2016,0,3,0,3
02.06.2016,1,2,0,3
03.06.2016,1,2,0,3
04.06.2016,1,2,0,3
05.06.2016,1,2,0,3
06.06.2016,1,2,0,3
07.06.2016,1,2,0,3
08.06.2016,1,2,0,3
09.06.2016,1,2,0,3
10.06.2016,1,2,0,3
11.06.2016,1,2,0,3
12.06.2016,1,1,0,2
13.06.2016,1,1,0,2
14.06.2016,1,1,0,2
15.06.2016,1,1,0,2
16.06.2016,1,1,0,2
17.06.2016,1,1,0,2
18.06.2016,1,1,0,2
19.06.2016,1,1,0,2
20.06.2016,1,1,0,2
21.06.2016,1,1,0,2
22.06.2016,1,1,0,2
23.06.2016,1,1,1,3
24.06.2016,1,1,1,3
25.06.2016,1,1,1,3
26.06.2016,1,1,1,3
27.06.2016,1,1,1,3
28.06.2016,1,1,1,3
29.06.2016,1,1,1,3
30.06.2016,1,1,1,3
01.07.2016,1,1,1,3
02.07.2016,1,1,1,3
03.07.2016,1,1,1,3
04.07.2016,1,1,1,3
05.07.2016,1,1,1,3
06.07.2016,1,1,1,3
07.07.2016,1,1,1,3
08.07.2016,1,1,1,3
09.07.2016,1,1,1,3
10.07.2016,1,1,1,3
11.07.2016,1,1,1,3
12.07.2016,2,0,1,3
13.07.2016,2,0,1,3
14.07.2016,2,0,1,3
15.07.2016,2,0,1,3
16.07.2016,2,0,1,3
17.07.2016,2,0,1,3
18.07.2016,2,0,1,3
19.07.2016,2,0,1,3
20.07.2016,2,0,1,3
21.07.2016,2,0,0,2
22.07.2016,2,0,0,2
23.07.2016,2,0,0,2
24.07.2016,2,0,0,2
25.07.2016,1,1,0,2
26.07.2016,2,0,0,2
27.07.2016,1,1,0,2
28.07.2016,1,1,1,3
29.07.2016,1,1,1,3
30.07.2016,1,1,1,3
31.07.2016,1,1,1,3
01.08.2016,1,2,0,3
02.08.2016,1,2,0,3
03.08.2016,1,2,0,3
04.08.2016,1,2,0,3
05.08.2016,1,2,0,3
06.08.2016,1,2,0,3
07.08.2016,1,2,0,3
08.08.2016,1,2,0,3
09.08.2016,2,1,0,3
10.08.2016,2,1,0,3
11.08.2016,2,1,0,3
12.08.2016,2,1,0,3
13.08.2016,2,1,0,3
14.08.2016,2,1,0,3
15.08.2016,2,1,0,3
16.08.2016,2,1,0,3
17.08.2016,2,1,0,3
18.08.2016,2,1,0,3
19.08.2016,2,1,0,3
20.08.2016,2,1,0,3
21.08.2016,2,1,0,3
22.08.2016,1,2,0,3
23.08.2016,1,1,0,2
24.08.2016,1,1,0,2
25.08.2016,1,1,0,2
26.08.2016,1,1,0,2
27.08.2016,1,1,0,2
28.08.2016,1,1,0,2
29.08.2016,1,1,0,2
30.08.2016,1,1,0,2
31.08.2016,1,1,0,2
01.09.2016,0,2,0,2
02.09.2016,0,2,0,2
03.09.2016,0,2,0,2
04.09.2016,0,2,0,2
05.09.2016,0,1,0,1
06.09.2016,0,1,0,1
07.09.2016,0,1,0,1
08.09.2016,0,1,0,1
09.09.2016,0,1,0,1
10.09.2016,0,1,0,1
11.09.2016,0,1,0,1
12.09.2016,0,1,0,1
13.09.2016,0,1,0,1
14.09.2016,1,0,0,1
15.09.2016,1,0,0,1
16.09.2016,1,0,0,1
17.09.2016,1,0,0,1
18.09.2016,1,0,0,1
19.09.2016,1,0,0,1
20.09.2016,1,0,0,1
21.09.2016,1,0,0,1
22.09.2016,1,0,0,1
23.09.2016,1,0,0,1
24.09.2016,1,0,0,1
25.09.2016,1,0,0,1
26.09.2016,1,0,0,1
27.09.2016,1,0,0,1
28.09.2016,1,0,0,1
29.09.2016,1,0,0,1
30.09.2016,1,0,0,1
01.10.2016,1,0,0,1
02.10.2016,1,0,0,1
03.10.2016,1,0,0,1
04.10.2016,1,0,0,1
05.10.2016,1,0,0,1
06.10.2016,1,0,0,1
07.10.2016,1,0,0,1
08.10.2016,0,1,0,1
09.10.2016,0,1,0,1
10.10.2016,0,1,0,1
11.10.2016,0,1,0,1
12.10.2016,1,0,0,1
13.10.2016,1,0,0,1
14.10.2016,1,0,0,1
15.10.2016,1,0,0,1
16.10.2016,1,0,0,1
17.10.2016,1,0,0,1
18.10.2016,1,0,0,1
19.10.2016,1,0,0,1
20.10.2016,1,0,0,1
21.10.2016,1,0,0,1
22.10.2016,1,0,0,1
23.10.2016,1,0,0,1
24.10.2016,1,0,0,1
25.10.2016,1,0,0,1
26.10.2016,1,0,0,1
27.10.2016,1,0,0,1
28.10.2016,1,0,0,1
29.10.2016,1,0,0,1
30.10.2016,1,0,0,1
31.10.2016,1,0,0,1
01.11.2016,1,0,0,1
02.11.2016,1,0,0,1
03.11.2016,1,0,0,1
04.11.2016,1,0,0,1
05.11.2016,0,1,0,1
06.11.2016,0,1,0,1
07.11.2016,0,1,0,1
08.11.2016,0,1,0,1
09.11.2016,1,0,0,1
10.11.2016,1,0,0,1
11.11.2016,1,0,0,1
12.11.2016,1,0,0,1
13.11.2016,1,0,0,1
14.11.2016,1,0,0,1
15.11.2016,1,0,0,1
16.11.2016,1,0,0,1
17.11.2016,1,0,0,1
18.11.2016,1,0,0,1
19.11.2016,1,0,0,1
20.11.2016,1,0,0,1
21.11.2016,1,0,0,1
22.11.2016,1,0,0,1
23.11.2016,1,0,0,1
24.11.2016,1,0,0,1
25.11.2016,1,0,0,1
26.11.2016,1,0,0,1
27.11.2016,1,0,0,1
28.11.2016,1,0,0,1
29.11.2016,1,0,0,1
30.11.2016,1,0,0,1
01.12.2016,1,0,0,1
02.12.2016,1,0,0,1
03.12.2016,0,1,0,1
04.12.2016,0,1,0,1
05.12.2016,0,1,0,1
06.12.2016,0,1,0,1
07.12.2016,0,1,0,1
08.12.2016,0,1,0,1
21.02.2017,0,0,1,1
22.02.2017,0,1,1,2
23.02.2017,0,1,1,2
24.02.2017,0,1,1,2
25.02.2017,0,1,1,2
26.02.2017,0,2,0,2
27.02.2017,0,2,0,2
28.02.2017,0,2,0,2
01.03.2017,0,2,0,2
02.03.2017,0,2,0,2
03.03.2017,0,2,0,2
04.03.2017,0,2,0,2
05.03.2017,0,2,0,2
06.03.2017,0,2,0,2
07.03.2017,0,2,0,2
08.03.2017,0,2,0,2
09.03.2017,0,2,0,2
10.03.2017,0,2,0,2
11.03.2017,0,2,0,2
12.03.2017,0,2,0,2
13.03.2017,0,2,0,2
14.03.2017,0,2,0,2
15.03.2017,0,2,1,3
16.03.2017,0,2,1,3
17.03.2017,0,2,1,3
18.03.2017,0,2,1,3
19.03.2017,0,2,1,3
20.03.2017,0,2,1,3
21.03.2017,0,2,1,3
22.03.2017,0,2,1,3
23.03.2017,0,2,2,4
24.03.2017,0,2,3,5
25.03.2017,0,3,2,5
26.03.2017,0,3,2,5
27.03.2017,0,3,2,5
28.03.2017,0,3,4,7
29.03.2017,0,3,4,7
30.03.2017,0,3,4,7
31.03.2017,0,3,4,7
01.04.2017,0,3,4,7
02.04.2017,0,3,4,7
03.04.2017,0,3,4,7
04.04.2017,0,3,4,7
05.04.2017,0,3,4,7
06.04.2017,0,3,4,7
07.04.2017,0,3,4,7
08.04.2017,0,3,4,7
09.04.2017,0,2,4,6
10.04.2017,0,2,4,6
11.04.2017,0,2,4,6
12.04.2017,0,2,3,5
13.04.2017,0,2,3,5
14.04.2017,0,2,3,5
15.04.2017,0,2,3,5
16.04.2017,0,2,3,5
17.04.2017,0,2,3,5
18.04.2017,0,2,4,6
19.04.2017,0,2,4,6
20.04.2017,0,2,4,6
21.04.2017,0,2,4,6
22.04.2017,0,2,4,6
23.04.2017,0,2,4,6
24.04.2017,0,2,4,6
25.04.2017,0,1,2,3
26.04.2017,0,1,3,4
27.04.2017,0,2,3,5
28.04.2017,0,3,2,5
29.04.2017,0,3,2,5
30.04.2017,0,3,2,5
01.05.2017,0,3,2,5
02.05.2017,0,3,2,5
03.05.2017,0,3,2,5
04.05.2017,0,3,2,5
05.05.2017,0,3,2,5
06.05.2017,0,3,2,5
07.05.2017,1,2,2,5
08.05.2017,1,2,2,5
09.05.2017,1,2,2,5
10.05.2017,1,2,2,5
11.05.2017,1,2,2,5
12.05.2017,1,2,2,5
13.05.2017,1,2,2,5
14.05.2017,1,2,2,5
15.05.2017,1,2,2,5
16.05.2017,1,2,1,4
17.05.2017,0,3,1,4
18.05.2017,0,3,1,4
19.05.2017,0,4,1,5
20.05.2017,0,4,1,5
21.05.2017,0,4,1,5
22.05.2017,0,4,1,5
23.05.2017,0,4,1,5
24.05.2017,0,4,1,5
25.05.2017,0,4,1,5
26.05.2017,1,3,1,5
27.05.2017,1,3,1,5
28.05.2017,1,3,1,5
29.05.2017,1,2,1,4
30.05.2017,1,1,1,3
31.05.2017,1,1,1,3
01.06.2017,1,1,1,3
02.06.2017,1,1,1,3
03.06.2017,1,1,1,3
04.06.2017,1,1,1,3
05.06.2017,1,1,2,4
06.06.2017,1,1,2,4
07.06.2017,1,1,2,4
08.06.2017,1,2,2,5
09.06.2017,1,2,2,5
10.06.2017,1,2,2,5
11.06.2017,1,2,2,5
12.06.2017,1,2,2,5
13.06.2017,1,2,2,5
14.06.2017,1,2,2,5
15.06.2017,1,2,2,5
16.06.2017,1,1,1,3
17.06.2017,1,1,1,3
18.06.2017,1,1,1,3
19.06.2017,1,1,1,3
20.06.2017,1,0,2,3
21.06.2017,1,1,2,4
22.06.2017,1,1,2,4
23.06.2017,1,1,2,4
24.06.2017,1,1,2,4
25.06.2017,1,1,2,4
26.06.2017,1,1,2,4
27.06.2017,1,1,2,4
28.06.2017,1,1,2,4
29.06.2017,1,1,2,4
30.06.2017,1,1,2,4
01.07.2017,1,1,2,4
02.07.2017,1,1,2,4
03.07.2017,1,1,1,3
04.07.2017,1,1,1,3
05.07.2017,1,1,1,3
06.07.2017,1,1,0,2
07.07.2017,1,1,0,2
08.07.2017,1,1,0,2
09.07.2017,1,1,0,2
10.07.2017,1,1,0,2
11.07.2017,1,1,0,2
12.07.2017,1,1,0,2
13.07.2017,1,1,0,2
14.07.2017,1,1,0,2
15.07.2017,1,1,0,2
16.07.2017,1,1,0,2
17.07.2017,1,1,0,2
18.07.2017,1,1,0,2
19.07.2017,1,1,0,2
20.07.2017,1,1,0,2
21.07.2017,1,1,0,2
22.07.2017,1,1,0,2
23.07.2017,1,1,0,2
24.07.2017,1,1,0,2
25.07.2017,1,1,0,2
26.07.2017,1,1,0,2
27.07.2017,1,1,0,2
28.07.2017,1,1,0,2
29.07.2017,1,1,0,2
30.07.2017,1,1,0,2
31.07.2017,1,1,0,2
01.08.2017,0,1,1,2
02.08.2017,0,1,1,2
03.08.2017,0,1,1,2
04.08.2017,0,1,1,2
05.08.2017,0,1,1,2
06.08.2017,0,1,1,2
07.08.2017,0,1,1,2
08.08.2017,0,1,1,2
09.08.2017,0,1,1,2
10.08.2017,0,1,1,2
11.08.2017,0,1,1,2
12.08.2017,0,1,1,2
13.08.2017,0,1,2,3
14.08.2017,0,2,1,3
15.08.2017,0,2,1,3
16.08.2017,0,2,1,3
17.08.2017,0,2,1,3
18.08.2017,0,2,1,3
19.08.2017,0,2,1,3
20.08.2017,0,2,1,3
21.08.2017,0,2,1,3
22.08.2017,0,2,1,3
23.08.2017,0,2,1,3
24.08.2017,0,2,1,3
25.08.2017,0,2,1,3
26.08.2017,0,1,1,2
27.08.2017,0,1,1,2
28.08.2017,0,1,1,2
29.08.2017,0,1,0,1
30.08.2017,0,1,0,1
31.08.2017,0,1,0,1
01.09.2017,0,1,0,1
02.09.2017,0,1,0,1
03.09.2017,0,1,0,1
04.09.2017,0,1,0,1
05.09.2017,0,1,0,1
06.09.2017,0,1,0,1
07.09.2017,0,1,0,1
08.09.2017,0,1,0,1
09.09.2017,0,1,0,1
10.09.2017,0,1,0,1
11.09.2017,0,1,0,1
12.09.2017,0,1,0,1
13.09.2017,0,2,0,2
14.09.2017,0,2,0,2
15.09.2017,0,2,0,2
16.09.2017,0,2,0,2
17.09.2017,0,2,0,2
18.09.2017,0,2,1,3
19.09.2017,0,2,1,3
20.09.2017,0,2,1,3
21.09.2017,0,2,1,3
22.09.2017,0,2,1,3
23.09.2017,0,1,1,2
24.09.2017,0,1,1,2
25.09.2017,0,1,1,2
26.09.2017,0,1,1,2
27.09.2017,0,1,1,2
28.09.2017,0,1,1,2
29.09.2017,0,1,1,2
30.09.2017,0,1,1,2
01.10.2017,0,1,1,2
02.10.2017,0,1,1,2
03.10.2017,0,1,2,3
04.10.2017,0,2,1,3
05.10.2017,0,2,1,3
06.10.2017,0,2,2,4
07.10.2017,0,2,2,4
08.10.2017,0,2,2,4
09.10.2017,0,2,2,4
10.10.2017,0,2,2,4
11.10.2017,0,2,2,4
12.10.2017,0,2,2,4
13.10.2017,0,3,1,4
14.10.2017,0,3,1,4
15.10.2017,0,3,1,4
16.10.2017,0,2,0,2
17.10.2017,0,3,0,3
18.10.2017,0,3,0,3
19.10.2017,0,4,0,4
20.10.2017,0,4,1,5
21.10.2017,0,4,1,5
22.10.2017,0,4,1,5
23.10.2017,0,4,1,5
24.10.2017,0,4,1,5
25.10.2017,0,4,1,5
26.10.2017,0,4,1,5
27.10.2017,0,4,2,6
28.10.2017,0,4,2,6
29.10.2017,0,4,2,6
30.10.2017,0,5,1,6
31.10.2017,0,5,1,6
01.11.2017,0,5,1,6
02.11.2017,0,5,1,6
03.11.2017,0,5,1,6
04.11.2017,0,5,2,7
05.11.2017,0,5,2,7
06.11.2017,0,6,2,8
07.11.2017,0,6,2,8
08.11.2017,0,6,3,9
09.11.2017,0,6,3,9
10.11.2017,1,5,2,8
11.11.2017,0,6,3,9
12.11.2017,0,7,2,9
13.11.2017,0,7,2,9
14.11.2017,0,7,2,9
15.11.2017,0,7,2,9
16.11.2017,0,6,2,8
17.11.2017,0,6,1,7
18.11.2017,0,6,1,7
19.11.2017,0,6,1,7
20.11.2017,0,6,1,7
21.11.2017,0,6,1,7
22.11.2017,1,5,1,7
23.11.2017,1,5,1,7
24.11.2017,1,5,1,7
25.11.2017,1,6,1,8
26.11.2017,1,6,1,8
27.11.2017,1,6,1,8
28.11.2017,1,6,1,8
29.11.2017,1,6,1,8
30.11.2017,1,6,1,8
01.12.2017,0,7,1,8
02.12.2017,0,7,0,7
03.12.2017,0,7,0,7
04.12.2017,0,6,0,6
05.12.2017,0,6,0,6
06.12.2017,1,5,0,6
07.12.2017,1,5,0,6
08.12.2017,1,5,1,7
09.12.2017,0,6,1,7
10.12.2017,0,5,1,6
11.12.2017,0,5,1,6
12.12.2017,0,6,1,7
13.12.2017,0,6,1,7
14.12.2017,0,6,1,7
15.12.2017,0,5,1,6
16.12.2017,0,5,1,6
17.12.2017,0,5,1,6
18.12.2017,0,5,1,6
19.12.2017,0,5,2,7
20.12.2017,1,5,2,8
21.12.2017,1,5,2,8
22.12.2017,1,6,1,8
23.12.2017,1,5,1,7
24.12.2017,1,5,1,7
25.12.2017,1,4,1,6
26.12.2017,1,4,1,6
27.12.2017,1,4,1,6
28.12.2017,1,5,1,7
29.12.2017,1,5,1,7
30.12.2017,1,5,1,7
31.12.2017,1,5,1,7
01.01.2018,1,5,1,7
02.01.2018,1,5,1,7
03.01.2018,2,4,1,7
04.01.2018,2,4,1,7
05.01.2018,1,4,0,5
06.01.2018,0,5,0,5
07.01.2018,0,5,0,5
08.01.2018,0,5,0,5
09.01.2018,0,5,1,6
10.01.2018,0,5,0,5
11.01.2018,0,6,0,6
12.01.2018,0,6,0,6
13.01.2018,0,6,0,6
14.01.2018,0,6,0,6
15.01.2018,0,6,0,6
16.01.2018,0,6,0,6
17.01.2018,1,4,0,5
18.01.2018,1,4,0,5
19.01.2018,1,3,0,4
20.01.2018,1,3,0,4
21.01.2018,1,3,0,4
22.01.2018,1,3,0,4
23.01.2018,1,3,0,4
24.01.2018,1,3,0,4
25.01.2018,1,3,0,4
26.01.2018,1,3,0,4
27.01.2018,1,4,0,5
28.01.2018,1,4,0,5
29.01.2018,1,4,0,5
30.01.2018,1,4,0,5
31.01.2018,1,5,0,6
01.02.2018,1,5,0,6
02.02.2018,0,6,0,6
03.02.2018,0,6,0,6
04.02.2018,0,5,1,6
05.02.2018,0,4,2,6
06.02.2018,0,4,2,6
07.02.2018,0,5,1,6
08.02.2018,0,5,1,6
09.02.2018,0,3,1,4
10.02.2018,0,2,1,3
11.02.2018,0,2,1,3
12.02.2018,0,3,0,3
13.02.2018,0,3,0,3
14.02.2018,0,3,0,3
15.02.2018,0,3,0,3
16.02.2018,0,3,0,3
17.02.2018,0,3,0,3
18.02.2018,0,3,0,3
19.02.2018,0,3,0,3
20.02.2018,0,3,0,3
21.02.2018,0,4,1,5
22.02.2018,0,4,1,5
23.02.2018,0,4,1,5
24.02.2018,0,4,1,5
25.02.2018,0,4,1,5
26.02.2018,0,4,1,5
27.02.2018,0,4,2,6
28.02.2018,0,4,2,6
01.03.2018,0,4,3,7
02.03.2018,0,5,3,8
03.03.2018,0,5,3,8
04.03.2018,0,5,3,8
05.03.2018,0,5,4,9
06.03.2018,0,5,5,10
07.03.2018,0,6,4,10
08.03.2018,0,6,4,10
09.03.2018,0,6,5,11
10.03.2018,0,7,4,11
11.03.2018,0,7,4,11
12.03.2018,0,7,4,11
13.03.2018,0,7,4,11
14.03.2018,0,7,5,12
15.03.2018,0,7,5,12
16.03.2018,0,7,5,12
17.03.2018,0,7,5,12
18.03.2018,0,7,5,12
19.03.2018,0,7,5,12
20.03.2018,0,8,4,12
21.03.2018,0,8,4,12
22.03.2018,0,8,4,12
23.03.2018,0,8,4,12
24.03.2018,0,8,4,12
25.03.2018,0,8,4,12
26.03.2018,0,8,5,13
27.03.2018,1,8,4,13
28.03.2018,1,8,3,12
29.03.2018,1,8,4,13
30.03.2018,1,8,4,13
31.03.2018,1,8,4,13
01.04.2018,1,9,3,13
02.04.2018,1,9,3,13
03.04.2018,1,9,2,12
04.04.2018,2,8,2,12
05.04.2018,1,8,2,11
06.04.2018,2,7,2,11
07.04.2018,2,6,2,10
08.04.2018,2,6,2,10
09.04.2018,2,6,2,10
10.04.2018,2,6,2,10
11.04.2018,2,6,1,9
12.04.2018,1,7,1,9
13.04.2018,0,8,1,9
14.04.2018,0,8,1,9
15.04.2018,0,9,1,10
16.04.2018,0,9,1,10
17.04.2018,1,8,1,10
18.04.2018,1,8,1,10
19.04.2018,1,8,1,10
20.04.2018,1,9,1,11
21.04.2018,1,9,1,11
22.04.2018,1,9,1,11
23.04.2018,1,9,2,12
24.04.2018,2,8,3,13
25.04.2018,1,10,2,13
26.04.2018,1,10,2,13
27.04.2018,1,10,2,13
28.04.2018,1,9,3,13
29.04.2018,2,10,4,16
30.04.2018,2,10,5,17
01.05.2018,2,9,5,16
02.05.2018,2,10,4,16
03.05.2018,2,10,4,16
04.05.2018,4,9,3,16
05.05.2018,4,9,3,16
06.05.2018,4,9,3,16
07.05.2018,4,9,4,17
08.05.2018,4,10,3,17
09.05.2018,4,10,4,18
10.05.2018,3,11,3,17
11.05.2018,2,13,4,19
12.05.2018,2,14,3,19
13.05.2018,2,13,3,18
14.05.2018,2,13,3,18
15.05.2018,3,13,2,18
16.05.2018,3,13,3,19
17.05.2018,3,13,3,19
18.05.2018,3,14,1,18
19.05.2018,3,14,1,18
20.05.2018,3,14,1,18
21.05.2018,3,15,1,19
22.05.2018,4,14,0,18
23.05.2018,4,14,0,18
24.05.2018,3,15,0,18
25.05.2018,4,14,0,18
26.05.2018,4,14,0,18
27.05.2018,4,13,0,17
28.05.2018,4,13,0,17
29.05.2018,4,13,0,17
30.05.2018,4,13,0,17
31.05.2018,4,13,0,17
01.06.2018,3,12,0,15
02.06.2018,3,12,0,15
03.06.2018,3,12,0,15
04.06.2018,3,11,0,14
05.06.2018,3,11,0,14
06.06.2018,3,11,0,14
07.06.2018,2,12,0,14
08.06.2018,2,10,0,12
09.06.2018,2,9,0,11
10.06.2018,2,9,0,11
11.06.2018,2,10,0,12
12.06.2018,2,9,0,11
13.06.2018,3,8,0,11
14.06.2018,3,8,0,11
15.06.2018,3,8,0,11
16.06.2018,2,10,0,12
17.06.2018,2,10,2,14
18.06.2018,2,10,2,14
19.06.2018,3,9,2,14
20.06.2018,4,8,2,14
21.06.2018,4,7,2,13
22.06.2018,5,6,2,13
23.06.2018,5,6,2,13
24.06.2018,5,6,2,13
25.06.2018,5,6,2,13
26.06.2018,5,6,2,13
27.06.2018,5,6,4,15
28.06.2018,5,6,4,15
29.06.2018,5,6,6,17
30.06.2018,5,7,6,18
01.07.2018,5,7,7,19
02.07.2018,5,8,6,19
03.07.2018,4,9,7,20
04.07.2018,4,13,5,22
05.07.2018,3,15,5,23
06.07.2018,3,15,5,23
07.07.2018,3,16,4,23
08.07.2018,3,15,5,23
09.07.2018,3,15,5,23
10.07.2018,3,15,7,25
11.07.2018,4,14,6,24
12.07.2018,4,15,6,25
13.07.2018,5,14,9,28
14.07.2018,4,16,8,28
15.07.2018,4,16,7,27
16.07.2018,4,17,5,26
17.07.2018,4,17,5,26
18.07.2018,4,17,6,27
19.07.2018,4,17,7,28
20.07.2018,5,17,7,29
21.07.2018,5,17,7,29
22.07.2018,5,17,7,29
23.07.2018,5,17,7,29
24.07.2018,5,17,7,29
25.07.2018,5,18,5,28
26.07.2018,5,19,6,30
27.07.2018,5,20,5,30
28.07.2018,4,21,5,30
29.07.2018,4,21,5,30
30.07.2018,5,20,5,30
31.07.2018,5,20,5,30
01.08.2018,6,19,7,32
02.08.2018,5,20,8,33
03.08.2018,5,21,7,33
04.08.2018,5,21,7,33
05.08.2018,5,20,6,31
06.08.2018,5,21,6,32
07.08.2018,5,22,7,34
08.08.2018,6,21,7,34
09.08.2018,6,20,7,33
10.08.2018,7,19,6,32
11.08.2018,7,18,6,31
12.08.2018,7,18,6,31
13.08.2018,7,18,5,30
14.08.2018,8,17,5,30
15.08.2018,8,17,5,30
16.08.2018,9,17,6,32
17.08.2018,9,15,5,29
18.08.2018,9,15,5,29
19.08.2018,9,14,6,29
20.08.2018,8,16,5,29
21.08.2018,8,15,5,28
22.08.2018,7,15,6,28
23.08.2018,8,15,5,28
24.08.2018,8,14,6,28
25.08.2018,8,14,6,28
26.08.2018,8,14,6,28
27.08.2018,7,17,5,29
28.08.2018,7,17,4,28
29.08.2018,7,15,3,25
30.08.2018,8,13,4,25
31.08.2018,8,16,3,27
01.09.2018,8,16,3,27
02.09.2018,8,16,3,27
03.09.2018,8,16,3,27
04.09.2018,7,17,3,27
05.09.2018,6,19,3,28
06.09.2018,8,17,2,27
07.09.2018,9,16,2,27
08.09.2018,8,17,4,29
09.09.2018,8,17,4,29
10.09.2018,7,17,4,28
11.09.2018,8,17,3,28
12.09.2018,8,16,3,27
13.09.2018,9,15,2,26
14.09.2018,10,14,2,26
15.09.2018,10,15,2,27
16.09.2018,10,15,2,27
17.09.2018,10,16,4,30
18.09.2018,10,17,3,30
19.09.2018,9,19,3,31
20.09.2018,10,18,4,32
21.09.2018,9,20,5,34
22.09.2018,10,19,7,36
23.09.2018,10,19,6,35
24.09.2018,9,19,6,34
25.09.2018,9,18,7,34
26.09.2018,9,20,6,35
27.09.2018,9,19,6,34
28.09.2018,9,18,8,35
29.09.2018,10,17,8,35
30.09.2018,10,16,8,34
01.10.2018,9,18,7,34
02.10.2018,9,17,6,32
03.10.2018,8,21,5,34
04.10.2018,9,20,5,34
05.10.2018,9,19,7,35
06.10.2018,8,21,5,34
07.10.2018,8,21,5,34
08.10.2018,9,20,5,34
09.10.2018,8,22,4,34
10.10.2018,9,21,5,35
11.10.2018,9,21,7,37
12.10.2018,11,19,8,38
13.10.2018,11,18,8,37
14.10.2018,11,18,9,38
15.10.2018,11,18,9,38
16.10.2018,11,19,7,37
17.10.2018,11,20,7,38
18.10.2018,10,21,9,40
19.10.2018,10,22,8,40
20.10.2018,10,22,7,39
21.10.2018,10,22,7,39
22.10.2018,12,20,7,39
23.10.2018,12,20,8,40
24.10.2018,12,20,9,41
25.10.2018,11,22,10,43
26.10.2018,11,22,10,43
27.10.2018,11,22,10,43
28.10.2018,12,21,10,43
29.10.2018,11,21,11,43
30.10.2018,11,21,11,43
31.10.2018,12,22,11,45
01.11.2018,12,22,11,45
02.11.2018,14,21,10,45
03.11.2018,13,22,10,45
04.11.2018,11,24,10,45
05.11.2018,11,24,10,45
06.11.2018,11,24,10,45
07.11.2018,11,24,10,45
08.11.2018,11,24,9,44
09.11.2018,11,25,8,44
10.11.2018,10,26,8,44
11.11.2018,10,26,7,43
12.11.2018,10,24,7,41
13.11.2018,10,21,7,38
14.11.2018,10,20,8,38
15.11.2018,10,19,7,36
16.11.2018,9,21,6,36
17.11.2018,9,21,6,36
18.11.2018,9,19,6,34
19.11.2018,9,17,7,33
20.11.2018,9,19,6,34
21.11.2018,9,19,5,33
22.11.2018,8,19,4,31
23.11.2018,8,19,4,31
24.11.2018,8,20,4,32
25.11.2018,8,21,4,33
26.11.2018,7,23,4,34
27.11.2018,8,22,5,35
28.11.2018,8,21,4,33
29.11.2018,8,21,4,33
30.11.2018,8,20,5,33
01.12.2018,7,22,4,33
02.12.2018,7,22,4,33
03.12.2018,7,22,4,33
04.12.2018,8,21,4,33
05.12.2018,9,20,4,33
06.12.2018,9,19,5,33
07.12.2018,9,20,6,35
08.12.2018,9,20,6,35
09.12.2018,9,20,6,35
10.12.2018,9,21,7,37
11.12.2018,8,23,7,38
12.12.2018,8,22,7,37
13.12.2018,8,22,7,37
14.12.2018,9,22,6,37
15.12.2018,9,22,6,37
16.12.2018,9,22,6,37
17.12.2018,9,23,5,37
18.12.2018,10,23,3,36
19.12.2018,10,22,3,35
20.12.2018,10,22,3,35
21.12.2018,10,22,3,35
22.12.2018,10,21,3,34
23.12.2018,10,20,3,33
24.12.2018,10,20,4,34
25.12.2018,10,21,3,34
26.12.2018,10,20,3,33
27.12.2018,10,18,3,31
28.12.2018,9,19,3,31
29.12.2018,10,18,3,31
30.12.2018,10,18,3,31
31.12.2018,10,18,3,31
01.01.2019,10,20,2,32
02.01.2019,9,22,2,33
03.01.2019,8,23,1,32
04.01.2019,8,26,1,35
05.01.2019,8,26,1,35
06.01.2019,8,26,2,36
07.01.2019,8,25,3,36
08.01.2019,10,23,2,35
09.01.2019,9,24,4,37
10.01.2019,9,24,4,37
11.01.2019,10,21,4,35
12.01.2019,10,21,4,35
13.01.2019,10,21,4,35
14.01.2019,10,21,5,36
15.01.2019,10,23,7,40
16.01.2019,10,24,7,41
17.01.2019,10,24,8,42
18.01.2019,9,25,8,42
19.01.2019,9,25,11,45
20.01.2019,10,26,11,47
21.01.2019,10,26,11,47
22.01.2019,10,27,12,49
23.01.2019,10,28,12,50
24.01.2019,10,28,12,50
25.01.2019,9,28,13,50
26.01.2019,9,27,14,50
27.01.2019,10,27,13,50
28.01.2019,10,27,13,50
29.01.2019,10,28,12,50
30.01.2019,11,27,14,52
31.01.2019,10,28,14,52
01.02.2019,10,28,14,52
02.02.2019,10,27,14,51
03.02.2019,10,27,15,52
04.02.2019,9,28,15,52
05.02.2019,10,29,14,53
06.02.2019,9,31,11,51
07.02.2019,9,31,12,52
08.02.2019,10,30,12,52
09.02.2019,10,30,12,52
10.02.2019,10,30,12,52
11.02.2019,12,28,12,52
12.02.2019,11,29,11,51
13.02.2019,10,30,10,50
14.02.2019,10,31,8,49
15.02.2019,9,31,8,48
16.02.2019,9,31,7,47
17.02.2019,10,27,6,43
18.02.2019,9,27,6,42
19.02.2019,9,27,6,42
20.02.2019,11,26,4,41
21.02.2019,10,28,4,42
22.02.2019,9,31,4,44
23.02.2019,9,30,3,42
24.02.2019,10,28,3,41
25.02.2019,12,25,5,42
26.02.2019,13,22,6,41
27.02.2019,14,22,9,45
28.02.2019,12,26,7,45
01.03.2019,12,25,7,44
02.03.2019,12,25,7,44
03.03.2019,12,25,7,44
04.03.2019,11,27,7,45
05.03.2019,10,26,7,43
06.03.2019,10,26,10,46
07.03.2019,8,30,7,45
08.03.2019,9,30,8,47
09.03.2019,8,31,8,47
10.03.2019,8,30,8,46
11.03.2019,9,28,9,46
12.03.2019,8,29,9,46
13.03.2019,8,29,10,47
14.03.2019,7,31,10,48
15.03.2019,6,32,10,48
16.03.2019,6,32,10,48
17.03.2019,7,34,11,52
18.03.2019,7,35,10,52
19.03.2019,6,34,11,51
20.03.2019,7,34,12,53
21.03.2019,7,35,11,53
22.03.2019,7,35,13,55
23.03.2019,8,34,13,55
24.03.2019,9,34,13,56
25.03.2019,10,33,13,56
26.03.2019,11,33,11,55
27.03.2019,12,32,8,52
28.03.2019,12,32,12,56
29.03.2019,10,34,13,57
30.03.2019,10,34,13,57
31.03.2019,9,33,13,55
01.04.2019,9,33,14,56
02.04.2019,9,34,15,58
03.04.2019,8,36,13,57
04.04.2019,8,36,13,57
05.04.2019,8,36,12,56
06.04.2019,8,36,12,56
07.04.2019,8,36,12,56
08.04.2019,8,38,12,58
09.04.2019,7,41,10,58
10.04.2019,7,38,11,56
11.04.2019,6,38,10,54
12.04.2019,5,39,10,54
13.04.2019,6,38,11,55
14.04.2019,6,38,10,54
15.04.2019,6,38,11,55
16.04.2019,6,39,12,57
17.04.2019,8,39,10,57
18.04.2019,8,39,10,57
19.04.2019,7,39,9,55
20.04.2019,8,40,9,57
21.04.2019,8,40,9,57
22.04.2019,8,40,9,57
23.04.2019,10,38,9,57
24.04.2019,10,36,9,55
25.04.2019,10,38,4,52
26.04.2019,8,40,5,53
27.04.2019,8,38,5,51
28.04.2019,8,38,5,51
29.04.2019,8,38,6,52
30.04.2019,7,39,7,53
01.05.2019,7,39,8,54
02.05.2019,6,41,10,57
03.05.2019,7,42,8,57
04.05.2019,7,43,9,59
05.05.2019,7,43,10,60
06.05.2019,8,42,12,62
07.05.2019,9,42,10,61
08.05.2019,9,43,7,59
09.05.2019,10,45,6,61
10.05.2019,10,44,6,60
11.05.2019,11,43,5,59
12.05.2019,10,43,5,58
13.05.2019,9,44,5,58
14.05.2019,11,40,5,56
15.05.2019,11,40,6,57
16.05.2019,10,43,6,59
17.05.2019,10,44,7,61
18.05.2019,11,41,7,59
19.05.2019,11,42,9,62
20.05.2019,12,41,11,64
21.05.2019,12,41,13,66
22.05.2019,11,43,14,68
23.05.2019,11,43,15,69
24.05.2019,11,42,16,69
25.05.2019,11,42,16,69
26.05.2019,11,42,16,69
27.05.2019,11,42,15,68
28.05.2019,10,42,15,67
29.05.2019,9,43,16,68
30.05.2019,8,45,17,70
31.05.2019,8,43,17,68
01.06.2019,9,42,16,67
02.06.2019,9,43,15,67
03.06.2019,10,43,14,67
04.06.2019,8,42,14,64
05.06.2019,8,42,13,63
06.06.2019,8,44,13,65
07.06.2019,8,43,14,65
08.06.2019,8,43,13,64
09.06.2019,9,42,14,65
10.06.2019,8,45,13,66
11.06.2019,11,42,12,65
12.06.2019,9,46,11,66
13.06.2019,9,47,11,67
14.06.2019,8,46,11,65
15.06.2019,8,46,11,65
16.06.2019,9,45,9,63
17.06.2019,9,45,11,65
18.06.2019,9,45,10,64
19.06.2019,7,45,13,65
20.06.2019,7,46,12,65
21.06.2019,9,46,10,65
22.06.2019,9,45,11,65
23.06.2019,9,46,11,66
24.06.2019,10,48,9,67
25.06.2019,9,47,10,66
26.06.2019,12,44,11,67
27.06.2019,11,45,9,65
28.06.2019,10,45,9,64
29.06.2019,8,49,9,66
30.06.2019,8,48,9,65
01.07.2019,10,46,9,65
02.07.2019,10,47,8,65
03.07.2019,11,46,10,67
04.07.2019,9,49,9,67
05.07.2019,8,49,10,67
06.07.2019,8,50,10,68
07.07.2019,8,49,11,68
08.07.2019,7,54,14,75
09.07.2019,7,54,12,73
10.07.2019,6,54,13,73
11.07.2019,7,55,13,75
12.07.2019,7,56,12,75
13.07.2019,7,55,12,74
14.07.2019,8,54,12,74
15.07.2019,7,53,12,72
16.07.2019,7,51,12,70
17.07.2019,7,52,11,70
18.07.2019,7,55,8,70
19.07.2019,7,54,8,69
20.07.2019,7,54,8,69
21.07.2019,7,54,8,69
22.07.2019,9,51,9,69
23.07.2019,8,52,8,68
24.07.2019,9,50,6,65
25.07.2019,10,49,6,65
26.07.2019,11,48,6,65
27.07.2019,11,45,6,62
28.07.2019,11,45,7,63
29.07.2019,11,43,8,62
30.07.2019,10,45,9,64
31.07.2019,10,46,8,64
01.08.2019,10,46,9,65
02.08.2019,10,46,9,65
03.08.2019,10,47,9,66
04.08.2019,10,47,9,66
05.08.2019,11,48,5,64
06.08.2019,12,45,7,64
07.08.2019,11,46,6,63
08.08.2019,12,46,6,64
09.08.2019,11,44,11,66
10.08.2019,11,44,11,66
11.08.2019,11,45,11,67
12.08.2019,11,46,9,66
13.08.2019,11,47,8,66
14.08.2019,12,46,9,67
15.08.2019,13,44,15,72
16.08.2019,13,45,16,74
17.08.2019,13,45,17,75
18.08.2019,12,46,17,75
19.08.2019,13,46,14,73
20.08.2019,13,45,13,71
21.08.2019,16,42,13,71
22.08.2019,17,41,13,71
23.08.2019,15,44,13,72
24.08.2019,15,45,14,74
25.08.2019,16,46,14,76
26.08.2019,16,46,14,76
27.08.2019,16,45,13,74
28.08.2019,15,44,13,72
29.08.2019,15,47,12,74
30.08.2019,15,47,13,75
31.08.2019,15,48,11,74
01.09.2019,15,48,11,74
02.09.2019,15,46,12,73
03.09.2019,15,48,11,74
04.09.2019,16,47,12,75
05.09.2019,15,49,13,77
06.09.2019,15,49,10,74
07.09.2019,15,49,11,75
08.09.2019,15,47,11,73
09.09.2019,16,46,12,74
10.09.2019,15,47,13,75
11.09.2019,16,46,13,75
12.09.2019,16,45,10,71
13.09.2019,15,47,7,69
14.09.2019,16,44,6,66
15.09.2019,16,44,7,67
16.09.2019,18,43,8,69
17.09.2019,16,46,9,71
18.09.2019,18,44,11,73
19.09.2019,17,45,10,72
20.09.2019,16,45,11,72
21.09.2019,17,44,12,73
22.09.2019,18,43,13,74
23.09.2019,17,45,11,73
24.09.2019,18,47,12,77
25.09.2019,20,46,12,78
26.09.2019,20,44,12,76
27.09.2019,20,44,12,76
28.09.2019,20,44,12,76
29.09.2019,20,44,12,76
30.09.2019,20,43,11,74
01.10.2019,20,41,10,71
02.10.2019,20,41,11,72
03.10.2019,20,43,11,74
04.10.2019,19,45,11,75
05.10.2019,19,47,10,76
06.10.2019,20,46,10,76
07.10.2019,21,44,10,75
08.10.2019,19,46,10,75
09.10.2019,21,44,11,76
10.10.2019,21,46,8,75
11.10.2019,20,45,8,73
12.10.2019,21,44,8,73
13.10.2019,21,44,7,72
14.10.2019,22,42,6,70
15.10.2019,20,45,7,72
16.10.2019,21,44,7,72
17.10.2019,19,46,9,74
18.10.2019,18,49,9,76
19.10.2019,18,49,10,77
20.10.2019,19,49,8,76
21.10.2019,20,48,11,79
22.10.2019,23,45,13,81
23.10.2019,21,50,10,81
24.10.2019,22,49,10,81
25.10.2019,21,49,12,82
26.10.2019,21,49,14,84
27.10.2019,20,52,12,84
28.10.2019,23,49,12,84
29.10.2019,22,47,13,82
30.10.2019,22,48,13,83
31.10.2019,22,47,13,82
01.11.2019,21,44,12,77
02.11.2019,21,42,12,75
03.11.2019,22,41,13,76
04.11.2019,23,41,12,76
05.11.2019,23,38,13,74
06.11.2019,25,38,12,75
07.11.2019,25,38,12,75
08.11.2019,24,38,12,74
09.11.2019,26,36,12,74
10.11.2019,26,36,12,74
11.11.2019,25,35,12,72
12.11.2019,23,36,12,71
13.11.2019,24,35,12,71
14.11.2019,21,39,12,72
15.11.2019,22,37,9,68
16.11.2019,22,37,9,68
17.11.2019,21,39,8,68
18.11.2019,23,37,7,67
19.11.2019,26,33,7,66
20.11.2019,27,32,7,66
21.11.2019,27,31,7,65
22.11.2019,26,30,7,63
23.11.2019,26,30,9,65
24.11.2019,25,30,9,64
25.11.2019,25,31,9,65
26.11.2019,24,33,10,67
27.11.2019,25,34,10,69
28.11.2019,26,35,9,70
29.11.2019,24,38,9,71
30.11.2019,24,38,9,71
01.12.2019,24,37,8,69
02.12.2019,23,38,8,69
03.12.2019,26,35,8,69
04.12.2019,26,34,8,68
05.12.2019,26,31,10,67
06.12.2019,26,31,10,67
07.12.2019,26,31,10,67
08.12.2019,27,31,10,68
09.12.2019,27,30,10,67
10.12.2019,27,30,13,70
11.12.2019,27,30,11,68
12.12.2019,27,29,11,67
13.12.2019,27,28,11,66
14.12.2019,27,28,11,66
15.12.2019,27,28,11,66
16.12.2019,26,31,12,69
17.12.2019,26,31,12,69
18.12.2019,26,33,12,71
19.12.2019,26,37,13,76
20.12.2019,25,39,15,79
21.12.2019,25,39,14,78
22.12.2019,25,39,15,79
23.12.2019,26,37,15,78
24.12.2019,25,38,13,76
25.12.2019,26,34,13,73
26.12.2019,23,34,12,69
27.12.2019,22,34,14,70
28.12.2019,22,34,14,70
29.12.2019,22,34,14,70
30.12.2019,23,33,14,70
31.12.2019,24,32,14,70
01.01.2020,24,32,13,69
02.01.2020,24,31,13,68
03.01.2020,25,31,13,69
04.01.2020,25,31,13,69
05.01.2020,27,29,12,68
06.01.2020,27,29,12,68
07.01.2020,26,29,10,65
08.01.2020,27,27,10,64
09.01.2020,26,24,10,60
10.01.2020,24,25,10,59
11.01.2020,24,25,10,59
12.01.2020,22,27,10,59
13.01.2020,21,28,10,59
14.01.2020,20,29,9,58
15.01.2020,19,27,9,55
16.01.2020,18,23,8,49
17.01.2020,19,24,5,48
18.01.2020,19,24,4,47
19.01.2020,20,23,6,49
20.01.2020,20,27,4,51
21.01.2020,19,30,5,54
22.01.2020,17,34,5,56
23.01.2020,17,36,5,58
24.01.2020,18,35,6,59
25.01.2020,18,35,7,60
26.01.2020,18,36,6,60
27.01.2020,17,39,8,64
28.01.2020,17,41,11,69
29.01.2020,17,42,10,69
30.01.2020,17,42,12,71
31.01.2020,19,40,13,72
01.02.2020,19,40,13,72
02.02.2020,21,38,13,72
03.02.2020,21,38,15,74
04.02.2020,21,38,13,72
05.02.2020,22,38,12,72
06.02.2020,22,36,13,71
07.02.2020,21,37,14,72
08.02.2020,20,39,13,72
09.02.2020,18,41,13,72
10.02.2020,19,40,12,71
11.02.2020,18,43,15,76
12.02.2020,19,44,15,78
13.02.2020,19,45,17,81
14.02.2020,19,47,16,82
15.02.2020,19,49,18,86
16.02.2020,20,51,13,84
17.02.2020,20,51,15,86
18.02.2020,19,53,14,86
19.02.2020,21,53,14,88
20.02.2020,21,56,14,91
21.02.2020,20,57,15,92
22.02.2020,20,60,12,92
23.02.2020,19,61,12,92
24.02.2020,18,64,10,92
25.02.2020,18,65,9,92
26.02.2020,18,66,8,92
27.02.2020,18,66,7,91
28.02.2020,18,64,7,89
29.02.2020,18,64,7,89
01.03.2020,20,61,8,89
02.03.2020,19,62,9,90
03.03.2020,19,63,11,93
04.03.2020,19,63,13,95
05.03.2020,19,65,12,96
06.03.2020,21,62,15,98
07.03.2020,22,62,14,98
08.03.2020,19,65,14,98
09.03.2020,22,59,13,94
10.03.2020,21,63,10,94
11.03.2020,20,60,11,91
12.03.2020,20,60,13,93
13.03.2020,19,64,11,94
14.03.2020,20,63,12,95
15.03.2020,20,61,12,93
16.03.2020,19,65,11,95
17.03.2020,18,66,11,95
18.03.2020,18,64,9,91
19.03.2020,17,64,9,90
20.03.2020,17,65,9,91
21.03.2020,18,62,9,89
22.03.2020,20,60,9,89
23.03.2020,21,60,9,90
24.03.2020,19,62,9,90
25.03.2020,20,59,11,90
26.03.2020,21,60,10,91
27.03.2020,22,60,10,92
28.03.2020,22,61,10,93
29.03.2020,23,59,10,92
30.03.2020,21,61,10,92
31.03.2020,21,63,8,92
01.04.2020,23,61,8,92
02.04.2020,22,63,8,93
03.04.2020,25,61,7,93
04.04.2020,26,62,5,93
05.04.2020,25,63,5,93
06.04.2020,29,59,8,96
07.04.2020,29,59,6,94
08.04.2020,29,58,7,94
09.04.2020,29,58,7,94
10.04.2020,28,61,7,96
11.04.2020,29,59,7,95
12.04.2020,29,59,7,95
13.04.2020,28,62,6,96
14.04.2020,27,62,6,95
15.04.2020,28,60,8,96
16.04.2020,27,61,10,98
17.04.2020,27,62,11,100
18.04.2020,27,63,11,101
19.04.2020,28,61,12,101
20.04.2020,29,61,11,101
21.04.2020,27,63,16,106
22.04.2020,29,63,18,110
23.04.2020,28,65,18,111
24.04.2020,29,64,21,114
25.04.2020,29,64,20,113
26.04.2020,31,63,20,114
27.04.2020,31,63,20,114
28.04.2020,32,66,21,119
29.04.2020,32,68,21,121
30.04.2020,31,70,23,124
01.05.2020,34,70,22,126
02.05.2020,35,66,22,123
03.05.2020,35,67,22,124
04.05.2020,35,67,22,124
05.05.2020,35,69,20,124
06.05.2020,35,67,22,124
07.05.2020,34,69,22,125
08.05.2020,34,63,23,120
09.05.2020,35,61,23,119
10.05.2020,35,61,23,119
11.05.2020,35,61,22,118
12.05.2020,35,62,21,118
13.05.2020,34,61,21,116
14.05.2020,34,63,22,119
15.05.2020,33,67,20,120
16.05.2020,33,67,20,120
17.05.2020,34,66,20,120
18.05.2020,36,64,21,121
19.05.2020,37,66,15,118
20.05.2020,38,65,15,118
21.05.2020,39,64,14,117
22.05.2020,39,63,14,116
23.05.2020,39,65,12,116
24.05.2020,40,64,11,115
25.05.2020,43,62,13,118
26.05.2020,42,62,11,115
27.05.2020,42,62,14,118
28.05.2020,40,64,14,118
29.05.2020,40,66,14,120
30.05.2020,39,67,15,121
31.05.2020,39,67,15,121
01.06.2020,39,64,17,120
02.06.2020,39,64,18,121
03.06.2020,40,64,19,123
04.06.2020,40,63,16,119
05.06.2020,40,61,15,116
06.06.2020,40,62,15,117
07.06.2020,40,62,15,117
08.06.2020,38,63,17,118
09.06.2020,38,64,16,118
10.06.2020,37,63,15,115
11.06.2020,40,59,15,114
12.06.2020,40,56,18,114
13.06.2020,41,56,17,114
14.06.2020,41,58,16,115
15.06.2020,41,59,15,115
16.06.2020,43,56,14,113
17.06.2020,44,57,15,116
18.06.2020,41,60,17,118
19.06.2020,42,59,18,119
20.06.2020,42,58,19,119
21.06.2020,41,60,19,120
22.06.2020,42,61,17,120
23.06.2020,42,60,20,122
24.06.2020,42,62,16,120
25.06.2020,41,63,15,119
26.06.2020,40,64,15,119
27.06.2020,38,66,14,118
28.06.2020,38,65,14,117
29.06.2020,36,63,12,111
30.06.2020,36,62,12,110
01.07.2020,38,61,13,112
02.07.2020,37,62,15,114
03.07.2020,36,64,14,114
04.07.2020,37,62,15,114
05.07.2020,37,62,15,114
06.07.2020,39,61,14,114
07.07.2020,38,64,13,115
08.07.2020,37,64,13,114
09.07.2020,39,62,13,114
10.07.2020,38,62,13,113
11.07.2020,39,61,12,112
12.07.2020,39,60,13,112
13.07.2020,37,61,14,112
14.07.2020,37,58,17,112
15.07.2020,37,57,20,114
16.07.2020,37,57,22,116
17.07.2020,37,57,22,116
18.07.2020,37,57,22,116
19.07.2020,35,59,22,116
20.07.2020,34,62,23,119
21.07.2020,34,61,21,116
22.07.2020,35,60,21,116
23.07.2020,36,60,18,114
24.07.2020,36,61,18,115
25.07.2020,33,63,18,114
26.07.2020,34,63,16,113
27.07.2020,31,67,17,115
28.07.2020,33,66,20,119
29.07.2020,32,70,16,118
30.07.2020,31,73,18,122
31.07.2020,34,70,18,122
01.08.2020,34,70,17,121
02.08.2020,34,70,18,122
03.08.2020,35,69,22,126
04.08.2020,32,76,21,129
05.08.2020,33,77,23,133
06.08.2020,34,79,24,137
07.08.2020,33,83,27,143
08.08.2020,32,84,30,146
09.08.2020,32,87,26,145
10.08.2020,31,87,28,146
11.08.2020,31,91,28,150
12.08.2020,31,95,24,150
13.08.2020,32,94,21,147
14.08.2020,32,92,24,148
15.08.2020,31,92,24,147
16.08.2020,30,92,24,146
17.08.2020,29,96,20,145
18.08.2020,29,96,20,145
19.08.2020,30,92,20,142
20.08.2020,32,94,19,145
21.08.2020,31,96,20,147
22.08.2020,29,98,20,147
23.08.2020,29,98,19,146
24.08.2020,27,101,21,149
25.08.2020,27,103,20,150
26.08.2020,26,103,23,152
27.08.2020,24,104,20,148
28.08.2020,25,102,27,154
29.08.2020,25,104,23,152
30.08.2020,26,103,22,151
31.08.2020,29,101,21,151
01.09.2020,26,108,19,153
02.09.2020,25,109,22,156
03.09.2020,26,107,24,157
04.09.2020,27,108,21,156
05.09.2020,26,108,21,155
06.09.2020,25,109,22,156
07.09.2020,25,108,24,157
08.09.2020,26,109,24,159
09.09.2020,26,109,26,161
10.09.2020,28,105,29,162
11.09.2020,30,106,26,162
12.09.2020,30,107,25,162
13.09.2020,30,107,25,162
14.09.2020,26,106,24,156
15.09.2020,26,107,22,155
16.09.2020,28,103,23,154
17.09.2020,28,103,24,155
18.09.2020,27,103,24,154
19.09.2020,28,102,25,155
20.09.2020,27,102,25,154
21.09.2020,26,103,25,154
22.09.2020,28,100,25,153
23.09.2020,29,97,25,151
24.09.2020,30,100,21,151
25.09.2020,29,99,20,148
26.09.2020,30,98,20,148
27.09.2020,30,98,20,148
28.09.2020,32,96,22,150
29.09.2020,31,98,27,156
30.09.2020,30,102,26,158
01.10.2020,35,101,22,158
02.10.2020,35,102,24,161
03.10.2020,33,105,24,162
04.10.2020,32,107,23,162
05.10.2020,33,105,31,169
06.10.2020,34,107,27,168
07.10.2020,33,109,25,167
08.10.2020,35,107,23,165
09.10.2020,35,108,21,164
10.10.2020,35,108,21,164
11.10.2020,34,109,21,164
12.10.2020,30,115,22,167
13.10.2020,30,114,24,168
14.10.2020,32,113,25,170
15.10.2020,32,112,23,167
16.10.2020,31,114,26,171
17.10.2020,32,109,26,167
18.10.2020,32,110,26,168
19.10.2020,32,110,26,168
20.10.2020,33,111,28,172
21.10.2020,31,115,28,174
22.10.2020,34,112,32,178
23.10.2020,32,117,30,179
24.10.2020,33,117,32,182
25.10.2020,32,120,32,184
26.10.2020,34,116,35,185
27.10.2020,32,117,31,180
28.10.2020,30,116,33,179
29.10.2020,33,115,33,181
30.10.2020,32,116,32,180
31.10.2020,34,115,33,182
01.11.2020,33,116,34,183
02.11.2020,35,117,34,186
03.11.2020,39,114,40,193
04.11.2020,36,119,38,193
05.11.2020,38,120,37,195
06.11.2020,38,118,39,195
07.11.2020,42,115,40,197
08.11.2020,40,119,41,200
09.11.2020,38,123,39,200
10.11.2020,39,125,41,205
11.11.2020,39,128,38,205
12.11.2020,41,127,40,208
13.11.2020,42,126,42,210
14.11.2020,42,127,41,210
15.11.2020,42,129,40,211
16.11.2020,41,132,40,213
17.11.2020,43,130,37,210
18.11.2020,44,134,33,211
19.11.2020,45,130,35,210
20.11.2020,44,133,35,212
21.11.2020,43,136,36,215
22.11.2020,42,139,36,217
23.11.2020,44,141,37,222
24.11.2020,48,141,35,224
25.11.2020,47,141,39,227
26.11.2020,48,141,39,228
27.11.2020,51,139,36,226
28.11.2020,53,136,38,227
29.11.2020,53,138,36,227
30.11.2020,51,139,33,223
01.12.2020,52,139,37,228
02.12.2020,52,138,33,223
03.12.2020,51,139,32,222
04.12.2020,49,144,32,225
05.12.2020,49,144,35,228
06.12.2020,48,145,36,229
07.12.2020,50,142,37,229
08.12.2020,49,145,32,226
09.12.2020,48,147,34,229
10.12.2020,47,142,33,222
11.12.2020,49,138,37,224
12.12.2020,50,138,37,225
13.12.2020,52,137,36,225
14.12.2020,50,139,37,226
15.12.2020,49,142,40,231
16.12.2020,48,145,36,229
17.12.2020,46,148,42,236
18.12.2020,47,146,43,236
19.12.2020,48,146,42,236
20.12.2020,48,146,40,234
21.12.2020,52,141,43,236
22.12.2020,55,138,41,234
23.12.2020,51,141,46,238
24.12.2020,52,142,49,243
25.12.2020,54,138,49,241
26.12.2020,52,142,49,243
27.12.2020,54,139,49,242
28.12.2020,54,140,48,242
29.12.2020,56,141,47,244
30.12.2020,53,142,47,242
31.12.2020,52,143,47,242
01.01.2021,51,146,43,240
02.01.2021,51,147,40,238
03.01.2021,51,148,36,235
04.01.2021,54,146,40,240
05.01.2021,51,152,38,241
06.01.2021,52,152,36,240
07.01.2021,54,156,34,244
08.01.2021,54,154,33,241
09.01.2021,57,149,33,239
10.01.2021,58,145,36,239
11.01.2021,58,144,34,236
12.01.2021,56,144,32,232
13.01.2021,58,137,37,232
14.01.2021,59,140,35,234
15.01.2021,60,141,32,233
16.01.2021,60,139,32,231
17.01.2021,58,141,35,234
18.01.2021,57,141,33,231
19.01.2021,60,141,38,239
20.01.2021,59,142,35,236
21.01.2021,61,141,37,239
22.01.2021,64,146,40,250
23.01.2021,63,149,40,252
24.01.2021,63,150,40,253
25.01.2021,63,155,38,256
26.01.2021,63,155,39,257
27.01.2021,60,161,39,260
28.01.2021,62,162,33,257
29.01.2021,63,163,33,259
30.01.2021,64,164,32,260
31.01.2021,64,163,34,261
01.02.2021,68,162,32,262
02.02.2021,67,167,33,267
03.02.2021,72,160,40,272
04.02.2021,78,157,38,273
05.02.2021,77,159,41,277
06.02.2021,79,155,43,277
07.02.2021,80,158,42,280
08.02.2021,78,165,39,282
09.02.2021,75,173,37,285
10.02.2021,78,171,40,289
11.02.2021,79,167,41,287
12.02.2021,79,166,43,288
13.02.2021,79,167,43,289
14.02.2021,80,168,39,287
15.02.2021,77,168,40,285
16.02.2021,81,158,39,278
17.02.2021,81,159,44,284
18.02.2021,83,159,51,293
19.02.2021,84,156,52,292
20.02.2021,84,155,51,290
21.02.2021,85,158,57,300
22.02.2021,84,155,62,301
23.02.2021,87,155,63,305
24.02.2021,85,159,61,305
25.02.2021,83,163,68,314
26.02.2021,81,168,66,315
27.02.2021,80,171,69,320
28.02.2021,81,171,69,321
01.03.2021,87,168,74,329
02.03.2021,86,170,75,331
03.03.2021,85,172,77,334
04.03.2021,87,171,72,330
05.03.2021,86,174,69,329
06.03.2021,87,178,70,335
07.03.2021,86,177,70,333
08.03.2021,85,180,72,337
09.03.2021,91,172,75,338
10.03.2021,93,176,75,344
11.03.2021,92,182,71,345
12.03.2021,92,183,72,347
13.03.2021,88,186,73,347
14.03.2021,89,187,71,347
15.03.2021,88,191,74,353
16.03.2021,91,190,76,357
17.03.2021,90,196,75,361
18.03.2021,94,199,65,358
19.03.2021,97,197,65,359
20.03.2021,95,199,67,361
21.03.2021,96,197,62,355
22.03.2021,97,199,64,360
23.03.2021,95,200,63,358
24.03.2021,95,198,64,357
25.03.2021,93,199,60,352
26.03.2021,97,190,64,351
27.03.2021,96,192,61,349
28.03.2021,96,191,63,350
29.03.2021,100,188,60,348
30.03.2021,96,197,54,347
31.03.2021,95,196,54,345
01.04.2021,96,196,55,347
02.04.2021,95,198,60,353
03.04.2021,93,201,59,353
04.04.2021,96,199,58,353
05.04.2021,93,199,68,360
06.04.2021,97,197,72,366
07.04.2021,97,204,70,371
08.04.2021,102,201,73,376
09.04.2021,104,205,69,378
10.04.2021,100,210,66,376
11.04.2021,99,214,64,377
12.04.2021,99,217,65,381
13.04.2021,106,214,70,390
14.04.2021,106,220,67,393
15.04.2021,106,223,67,396
16.04.2021,108,223,69,400
17.04.2021,106,226,66,398
18.04.2021,106,224,70,400
19.04.2021,104,228,69,401
20.04.2021,107,230,72,409
21.04.2021,105,238,66,409
22.04.2021,106,240,68,414
23.04.2021,103,249,71,423
24.04.2021,104,249,71,424
25.04.2021,105,250,72,427
26.04.2021,104,251,71,426
27.04.2021,105,255,73,433
28.04.2021,102,261,74,437
29.04.2021,106,259,72,437
30.04.2021,101,271,74,446
01.05.2021,104,271,74,449
02.05.2021,103,273,72,448
03.05.2021,102,278,74,454
04.05.2021,106,277,77,460
05.05.2021,106,284,83,473
06.05.2021,109,284,84,477
07.05.2021,108,295,77,480
08.05.2021,107,301,76,484
09.05.2021,109,300,75,484
10.05.2021,110,304,72,486
11.05.2021,117,302,72,491
12.05.2021,119,297,76,492
13.05.2021,121,299,78,498
14.05.2021,126,297,79,502
15.05.2021,125,300,77,502
16.05.2021,125,302,72,499
17.05.2021,122,306,69,497
18.05.2021,124,303,73,500
19.05.2021,122,302,80,504
20.05.2021,118,302,89,509
21.05.2021,119,303,88,510
22.05.2021,120,301,88,509
23.05.2021,119,303,91,513
24.05.2021,116,308,88,512
25.05.2021,114,311,88,513
26.05.2021,112,312,95,519
27.05.2021,111,318,91,520
28.05.2021,109,324,87,520
29.05.2021,112,321,89,522
30.05.2021,114,316,89,519
31.05.2021,116,315,89,520
01.06.2021,115,317,86,518
02.06.2021,115,317,91,523
03.06.2021,117,317,92,526
04.06.2021,115,317,90,522
05.06.2021,117,315,86,518
06.06.2021,120,310,90,520
07.06.2021,119,320,104,543
08.06.2021,117,331,108,556
09.06.2021,117,338,107,562
10.06.2021,123,339,112,574
11.06.2021,128,336,110,574
12.06.2021,131,329,112,572
13.06.2021,129,326,119,574
14.06.2021,126,336,123,585
15.06.2021,130,341,113,584
16.06.2021,126,349,115,590
17.06.2021,132,349,102,583
18.06.2021,129,349,103,581
19.06.2021,130,350,103,583
20.06.2021,130,355,98,583
21.06.2021,132,355,101,588
22.06.2021,132,357,100,589
23.06.2021,132,364,107,603
24.06.2021,137,365,119,621
25.06.2021,134,368,120,622
26.06.2021,139,365,118,622
27.06.2021,139,370,116,625
28.06.2021,143,361,120,624
29.06.2021,147,359,123,629
30.06.2021,146,365,124,635
01.07.2021,143,369,123,635
02.07.2021,143,371,124,638
03.07.2021,146,372,122,640
04.07.2021,146,373,120,639
05.07.2021,151,375,115,641
06.07.2021,157,371,114,642
07.07.2021,159,373,111,643
08.07.2021,162,371,111,644
09.07.2021,159,372,114,645
10.07.2021,159,377,111,647
11.07.2021,158,382,110,650
12.07.2021,159,375,106,640
13.07.2021,159,376,109,644
14.07.2021,161,375,110,646
15.07.2021,170,361,119,650
16.07.2021,173,358,121,652
17.07.2021,173,357,122,652
18.07.2021,175,354,116,645
19.07.2021,172,360,114,646
20.07.2021,170,369,112,651
21.07.2021,174,365,108,647
22.07.2021,180,360,102,642
23.07.2021,182,365,97,644
24.07.2021,188,361,98,647
25.07.2021,188,359,99,646
26.07.2021,187,361,110,658
27.07.2021,184,373,107,664
28.07.2021,186,376,105,667
29.07.2021,187,373,106,666
30.07.2021,187,372,105,664
31.07.2021,188,369,105,662
01.08.2021,189,372,103,664
02.08.2021,195,360,101,656
03.08.2021,200,358,103,661
04.08.2021,199,364,107,670
05.08.2021,204,365,107,676
06.08.2021,203,370,107,680
07.08.2021,204,367,107,678
08.08.2021,202,370,108,680
09.08.2021,202,368,117,687
10.08.2021,200,372,115,687
11.08.2021,203,377,111,691
12.08.2021,206,376,109,691
13.08.2021,203,381,114,698
14.08.2021,207,376,116,699
15.08.2021,206,377,114,697
16.08.2021,200,375,123,698
17.08.2021,202,385,119,706
18.08.2021,204,389,114,707
19.08.2021,207,392,110,709
20.08.2021,205,393,117,715
21.08.2021,206,395,117,718
22.08.2021,204,405,116,725
23.08.2021,205,401,114,720
24.08.2021,200,404,121,725
25.08.2021,201,411,115,727
26.08.2021,207,404,118,729
27.08.2021,201,411,122,734
28.08.2021,205,408,127,740
29.08.2021,206,407,130,743
30.08.2021,213,398,131,742
31.08.2021,211,402,126,739
01.09.2021,212,409,126,747
02.09.2021,218,404,132,754
03.09.2021,220,405,132,757
04.09.2021,221,407,133,761
05.09.2021,216,404,134,754
06.09.2021,217,404,130,751
07.09.2021,209,415,128,752
08.09.2021,211,415,125,751
09.09.2021,206,414,130,750
10.09.2021,203,415,134,752
11.09.2021,206,415,130,751
12.09.2021,205,421,129,755
13.09.2021,206,429,131,766
14.09.2021,203,428,134,765
15.09.2021,210,424,132,766
16.09.2021,209,428,139,776
17.09.2021,211,430,129,770
18.09.2021,215,427,131,773
19.09.2021,218,424,131,773
20.09.2021,213,427,137,777
21.09.2021,213,436,140,789
22.09.2021,208,441,139,788
23.09.2021,216,437,137,790
24.09.2021,216,440,140,796
25.09.2021,216,440,139,795
26.09.2021,217,444,135,796
27.09.2021,220,446,131,797
28.09.2021,218,450,132,800
29.09.2021,223,441,144,808
30.09.2021,226,447,141,814
01.10.2021,234,442,140,816
02.10.2021,235,439,143,817
03.10.2021,235,442,138,815
04.10.2021,231,442,146,819
05.10.2021,224,459,144,827
06.10.2021,229,464,136,829
07.10.2021,220,473,140,833
08.10.2021,225,474,141,840
09.10.2021,228,467,143,838
10.10.2021,233,462,144,839
11.10.2021,232,464,145,841
12.10.2021,227,467,144,838
13.10.2021,240,458,143,841
14.10.2021,237,464,151,852
15.10.2021,235,464,150,849
16.10.2021,238,462,154,854
17.10.2021,236,462,150,848
18.10.2021,238,461,147,846
19.10.2021,237,466,142,845
20.10.2021,236,464,148,848
21.10.2021,239,465,145,849
22.10.2021,237,472,145,854
23.10.2021,239,471,143,853
24.10.2021,241,470,148,859
25.10.2021,245,472,151,868
26.10.2021,251,472,146,869
27.10.2021,251,464,142,857
28.10.2021,254,455,154,863
29.10.2021,260,449,153,862
30.10.2021,261,455,148,864
31.10.2021,258,457,155,870
01.11.2021,257,464,150,871
02.11.2021,256,473,150,879
03.11.2021,262,465,158,885
04.11.2021,264,465,153,882
05.11.2021,261,465,148,874
06.11.2021,262,468,154,884
07.11.2021,264,470,157,891
08.11.2021,262,474,157,893
09.11.2021,251,490,161,902
10.11.2021,253,490,167,910
11.11.2021,256,497,158,911
12.11.2021,262,497,161,920
13.11.2021,265,503,155,923
14.11.2021,262,506,159,927
15.11.2021,264,510,165,939
16.11.2021,261,519,156,936
17.11.2021,259,526,158,943
18.11.2021,260,526,164,950
19.11.2021,254,530,173,957
20.11.2021,252,533,173,958
21.11.2021,250,535,174,959
22.11.2021,260,541,170,971
23.11.2021,265,544,167,976
24.11.2021,265,552,169,986
25.11.2021,266,560,166,992
26.11.2021,269,559,161,989
27.11.2021,271,552,158,981
28.11.2021,271,556,156,983
29.11.2021,275,552,157,984
30.11.2021,274,547,164,985
01.12.2021,274,554,159,987
02.12.2021,277,560,152,989
03.12.2021,281,558,158,997
04.12.2021,282,560,151,993
05.12.2021,281,563,152,996
06.12.2021,285,556,159,1000
07.12.2021,279,568,156,1003
08.12.2021,282,572,161,1015
09.12.2021,289,577,158,1024
10.12.2021,282,578,163,1023
11.12.2021,284,581,165,1030
12.12.2021,280,594,171,1045
13.12.2021,278,597,166,1041
14.12.2021,288,589,161,1038
15.12.2021,291,600,165,1056
16.12.2021,295,595,167,1057
17.12.2021,289,601,167,1057
18.12.2021,292,604,168,1064
19.12.2021,296,604,173,1073
20.12.2021,296,607,164,1067
21.12.2021,299,614,160,1073
22.12.2021,295,623,166,1084
23.12.2021,300,625,167,1092
24.12.2021,302,622,167,1091
25.12.2021,303,619,171,1093
26.12.2021,308,613,173,1094
27.12.2021,305,607,180,1092
28.12.2021,304,614,177,1095
29.12.2021,305,619,180,1104
30.12.2021,308,611,181,1100
31.12.2021,306,603,183,1092
01.01.2022,306,600,180,1086
02.01.2022,306,597,182,1085
03.01.2022,299,606,185,1090
04.01.2022,303,606,184,1093
05.01.2022,305,613,189,1107
06.01.2022,309,621,173,1103
07.01.2022,304,636,170,1110
08.01.2022,304,637,190,1131
09.01.2022,302,645,183,1130
10.01.2022,298,653,190,1141
11.01.2022,300,652,193,1145
12.01.2022,303,644,190,1137
13.01.2022,302,648,187,1137
14.01.2022,298,651,197,1146
15.01.2022,298,662,196,1156
16.01.2022,296,675,193,1164
17.01.2022,298,682,204,1184
18.01.2022,302,693,197,1192
19.01.2022,305,696,193,1194
20.01.2022,305,702,192,1199
21.01.2022,305,713,186,1204
22.01.2022,313,712,184,1209
23.01.2022,318,713,187,1218
24.01.2022,313,728,197,1238
25.01.2022,316,726,199,1241
26.01.2022,316,741,204,1261
27.01.2022,319,745,205,1269
28.01.2022,321,745,209,1275
29.01.2022,324,753,211,1288
30.01.2022,324,758,221,1303
31.01.2022,322,769,220,1311
01.02.2022,323,773,227,1323
02.02.2022,330,775,204,1309
03.02.2022,333,773,207,1313
04.02.2022,332,775,230,1337
05.02.2022,335,787,214,1336
06.02.2022,335,795,216,1346
07.02.2022,331,797,225,1353
08.02.2022,337,796,238,1371
09.02.2022,338,803,232,1373
10.02.2022,334,810,237,1381
11.02.2022,336,812,248,1396
12.02.2022,340,814,257,1411
13.02.2022,338,815,250,1403
14.02.2022,339,817,245,1401
15.02.2022,338,817,253,1408
16.02.2022,337,827,265,1429
17.02.2022,335,830,263,1428
18.02.2022,339,820,276,1435
19.02.2022,344,815,283,1442
20.02.2022,346,824,280,1450
21.02.2022,349,832,277,1458
22.02.2022,343,841,284,1468
23.02.2022,350,849,283,1482
24.02.2022,348,862,269,1479
25.02.2022,352,856,267,1475
26.02.2022,358,843,265,1466
27.02.2022,353,848,261,1462
28.02.2022,348,857,252,1457
01.03.2022,337,853,277,1467
02.03.2022,347,849,285,1481
03.03.2022,343,858,278,1479
04.03.2022,350,858,265,1473
05.03.2022,349,863,265,1477
06.03.2022,348,864,257,1469
07.03.2022,340,871,264,1475
08.03.2022,340,873,252,1465
09.03.2022,336,868,239,1443
10.03.2022,344,858,249,1451
11.03.2022,342,858,234,1434
12.03.2022,346,845,234,1425
13.03.2022,346,842,231,1419
14.03.2022,353,832,252,1437
15.03.2022,348,847,236,1431
16.03.2022,343,850,225,1418
17.03.2022,343,858,232,1433
18.03.2022,342,865,227,1434
19.03.2022,346,860,231,1437
20.03.2022,349,848,228,1425
21.03.2022,358,850,231,1439
22.03.2022,351,867,224,1442
23.03.2022,357,874,222,1453
24.03.2022,356,877,220,1453
25.03.2022,360,875,234,1469
26.03.2022,365,876,234,1475
27.03.2022,365,892,229,1486
28.03.2022,371,892,230,1493
29.03.2022,365,904,218,1487
30.03.2022,376,889,218,1483
31.03.2022,380,889,222,1491
01.04.2022,378,894,221,1493
02.04.2022,379,890,223,1492
03.04.2022,376,901,223,1500
04.04.2022,383,880,220,1483
05.04.2022,388,880,233,1501
06.04.2022,391,886,229,1506
07.04.2022,396,886,234,1516
08.04.2022,400,882,230,1512
09.04.2022,398,885,230,1513
10.04.2022,402,878,237,1517
11.04.2022,412,870,236,1518
12.04.2022,408,872,251,1531
13.04.2022,399,878,249,1526
14.04.2022,395,878,248,1521
15.04.2022,390,883,258,1531
16.04.2022,399,875,260,1534
17.04.2022,395,878,255,1528
18.04.2022,405,861,256,1522
19.04.2022,392,866,256,1514
20.04.2022,391,863,252,1506
21.04.2022,391,864,247,1502
22.04.2022,387,873,252,1512
23.04.2022,384,879,267,1530
24.04.2022,379,871,261,1511
25.04.2022,385,854,259,1498
26.04.2022,385,854,270,1509
27.04.2022,387,860,253,1500
28.04.2022,384,859,256,1499
29.04.2022,386,859,247,1492
30.04.2022,385,866,245,1496
01.05.2022,387,856,245,1488
02.05.2022,380,863,239,1482
03.05.2022,375,873,235,1483
04.05.2022,377,879,237,1493
05.05.2022,377,892,228,1497
06.05.2022,379,894,231,1504
07.05.2022,376,898,232,1506
08.05.2022,382,889,228,1499
09.05.2022,391,891,238,1520
10.05.2022,396,891,233,1520
11.05.2022,391,899,241,1531
12.05.2022,384,916,244,1544
13.05.2022,379,926,237,1542
14.05.2022,377,927,234,1538
15.05.2022,380,925,241,1546
16.05.2022,389,934,250,1573
17.05.2022,385,951,246,1582
18.05.2022,382,962,238,1582
19.05.2022,373,973,242,1588
20.05.2022,374,987,236,1597
21.05.2022,373,988,235,1596
22.05.2022,375,982,231,1588
23.05.2022,384,988,227,1599
24.05.2022,384,998,227,1609
25.05.2022,386,994,231,1611
26.05.2022,393,987,235,1615
27.05.2022,393,990,232,1615
28.05.2022,400,982,226,1608
29.05.2022,404,981,220,1605
30.05.2022,403,984,229,1616
31.05.2022,403,983,235,1621
01.06.2022,401,986,227,1614
02.06.2022,398,990,230,1618
03.06.2022,403,977,233,1613
04.06.2022,401,986,228,1615
05.06.2022,403,987,229,1619
06.06.2022,407,980,228,1615
07.06.2022,411,977,231,1619
08.06.2022,408,977,235,1620
09.06.2022,406,989,229,1624
10.06.2022,399,1000,225,1624
11.06.2022,396,1010,222,1628
12.06.2022,400,1004,225,1629
13.06.2022,402,997,216,1615
14.06.2022,405,990,230,1625
15.06.2022,402,991,236,1629
16.06.2022,390,1003,241,1634
17.06.2022,389,996,228,1613
18.06.2022,394,984,232,1610
19.06.2022,393,970,236,1599
20.06.2022,386,972,238,1596
21.06.2022,389,959,252,1600
22.06.2022,386,964,246,1596
23.06.2022,390,960,254,1604
24.06.2022,386,960,247,1593
25.06.2022,384,957,255,1596
26.06.2022,388,962,257,1607
27.06.2022,385,959,249,1593
28.06.2022,384,957,237,1578
29.06.2022,385,964,232,1581
30.06.2022,384,956,230,1570
01.07.2022,388,945,239,1572
02.07.2022,389,944,238,1571
03.07.2022,387,935,233,1555
04.07.2022,380,940,242,1562
05.07.2022,383,943,236,1562
06.07.2022,379,944,247,1570
07.07.2022,395,930,245,1570
08.07.2022,389,942,245,1576
09.07.2022,391,941,244,1576
10.07.2022,398,938,242,1578
11.07.2022,402,918,249,1569
12.07.2022,409,924,246,1579
13.07.2022,411,932,250,1593
14.07.2022,405,935,250,1590
15.07.2022,408,935,253,1596
16.07.2022,409,942,253,1604
17.07.2022,407,945,249,1601
18.07.2022,409,956,243,1608
19.07.2022,407,959,233,1599
20.07.2022,409,964,235,1608
21.07.2022,409,958,230,1597
22.07.2022,410,954,234,1598
23.07.2022,413,960,232,1605
24.07.2022,410,962,241,1613
25.07.2022,409,974,233,1616
26.07.2022,405,971,235,1611
27.07.2022,407,964,233,1604
28.07.2022,406,956,236,1598
29.07.2022,401,953,228,1582
30.07.2022,405,951,221,1577
31.07.2022,405,957,216,1578
01.08.2022,405,971,216,1592
02.08.2022,416,950,240,1606
03.08.2022,414,961,234,1609
04.08.2022,414,966,246,1626
05.08.2022,405,966,244,1615
06.08.2022,408,971,245,1624
07.08.2022,410,967,253,1630
08.08.2022,410,976,266,1652
09.08.2022,411,981,261,1653
10.08.2022,416,983,241,1640
11.08.2022,412,994,243,1649
12.08.2022,406,986,236,1628
13.08.2022,402,986,238,1626
14.08.2022,397,991,234,1622
15.08.2022,398,988,233,1619
16.08.2022,399,983,244,1626
17.08.2022,393,991,227,1611
18.08.2022,394,975,231,1600
19.08.2022,394,967,227,1588
20.08.2022,393,967,227,1587
21.08.2022,391,957,220,1568
22.08.2022,400,932,220,1552
23.08.2022,403,923,229,1555
24.08.2022,402,918,247,1567
25.08.2022,404,910,249,1563
26.08.2022,397,903,244,1544
27.08.2022,400,907,240,1547
28.08.2022,399,902,245,1546
29.08.2022,400,893,238,1531
30.08.2022,395,889,235,1519
31.08.2022,400,898,221,1519
01.09.2022,398,899,213,1510
02.09.2022,390,909,216,1515
03.09.2022,396,902,219,1517
04.09.2022,399,912,214,1525
05.09.2022,403,899,207,1509
06.09.2022,394,909,208,1511
07.09.2022,401,907,216,1524
08.09.2022,400,908,224,1532
09.09.2022,397,915,228,1540
10.09.2022,389,930,231,1550
11.09.2022,391,937,234,1562
12.09.2022,396,934,235,1565
13.09.2022,399,933,229,1561
14.09.2022,393,942,224,1559
15.09.2022,391,930,227,1548
16.09.2022,399,924,237,1560
17.09.2022,399,927,238,1564
18.09.2022,401,927,234,1562
19.09.2022,394,904,240,1538
20.09.2022,392,906,234,1532
21.09.2022,383,931,234,1548
22.09.2022,384,945,226,1555
23.09.2022,384,943,225,1552
24.09.2022,388,944,223,1555
25.09.2022,386,947,218,1551
26.09.2022,389,931,226,1546
27.09.2022,389,925,234,1548
28.09.2022,393,923,228,1544
29.09.2022,384,936,232,1552
30.09.2022,381,924,229,1534
01.10.2022,388,921,239,1548
02.10.2022,389,915,243,1547
03.10.2022,391,909,238,1538
04.10.2022,391,905,235,1531
05.10.2022,400,905,230,1535
06.10.2022,407,900,225,1532
07.10.2022,400,902,223,1525
08.10.2022,398,908,233,1539
09.10.2022,393,918,226,1537
10.10.2022,386,915,214,1515
11.10.2022,387,911,224,1522
12.10.2022,391,907,227,1525
13.10.2022,388,910,226,1524
14.10.2022,394,899,219,1512
15.10.2022,390,899,218,1507
16.10.2022,393,894,209,1496
17.10.2022,400,885,212,1497
18.10.2022,409,877,198,1484
19.10.2022,393,887,204,1484
20.10.2022,387,882,200,1469
21.10.2022,395,857,195,1447
22.10.2022,390,855,197,1442
23.10.2022,392,830,194,1416
24.10.2022,390,822,201,1413
25.10.2022,392,809,201,1402
26.10.2022,385,812,204,1401
27.10.2022,378,831,205,1414
28.10.2022,387,816,217,1420
29.10.2022,393,828,214,1435
30.10.2022,394,838,210,1442
31.10.2022,385,850,213,1448
01.11.2022,384,864,200,1448
02.11.2022,393,852,206,1451
03.11.2022,402,843,209,1454
04.11.2022,396,854,214,1464
05.11.2022,393,862,213,1468
06.11.2022,387,870,207,1464
07.11.2022,394,869,210,1473
08.11.2022,385,876,218,1479
09.11.2022,391,878,226,1495
10.11.2022,393,891,228,1512
11.11.2022,398,886,228,1512
12.11.2022,399,890,236,1525
13.11.2022,401,890,237,1528
14.11.2022,407,879,250,1536
15.11.2022,409,880,245,1534
16.11.2022,408,888,240,1536
17.11.2022,395,923,233,1551
18.11.2022,410,918,245,1573
19.11.2022,407,925,241,1573
20.11.2022,409,925,240,1574
21.11.2022,409,935,247,1591
22.11.2022,406,945,253,1604
23.11.2022,401,955,264,1620
24.11.2022,398,962,254,1614
25.11.2022,403,966,247,1616
26.11.2022,406,958,246,1610
27.11.2022,407,948,247,1602
28.11.2022,409,952,239,1600
29.11.2022,409,949,233,1591
30.11.2022,409,946,240,1595
01.12.2022,407,954,250,1611
02.12.2022,409,964,270,1643
03.12.2022,409,987,263,1659
04.12.2022,413,976,260,1649
05.12.2022,417,971,249,1637
06.12.2022,415,979,250,1644
07.12.2022,415,979,244,1638
08.12.2022,416,966,230,1612
09.12.2022,413,967,232,1612
10.12.2022,407,965,227,1599
11.12.2022,404,961,228,1593
12.12.2022,406,947,230,1583
13.12.2022,408,945,228,1581
14.12.2022,404,944,230,1578
15.12.2022,400,942,220,1562
16.12.2022,403,923,221,1547
17.12.2022,400,915,224,1539
18.12.2022,401,913,218,1532
19.12.2022,397,920,212,1529
20.12.2022,387,913,209,1509
21.12.2022,385,909,200,1494
22.12.2022,386,910,196,1492
23.12.2022,378,910,188,1476
24.12.2022,380,900,184,1464
25.12.2022,385,888,180,1453
26.12.2022,388,878,171,1437
27.12.2022,384,867,170,1421
28.12.2022,385,847,167,1399
29.12.2022,380,830,167,1377
30.12.2022,381,794,165,1340
31.12.2022,378,779,156,1313
01.01.2023,376,732,142,1250
02.01.2023,373,698,144,1215
03.01.2023,370,702,144,1216
04.01.2023,373,702,140,1215
05.01.2023,371,687,145,1203
06.01.2023,368,680,145,1193
07.01.2023,365,675,151,1191
08.01.2023,367,667,148,1182
09.01.2023,369,661,144,1174
10.01.2023,372,657,142,1171
11.01.2023,375,644,143,1162
12.01.2023,369,640,137,1146
13.01.2023,369,644,140,1153
14.01.2023,367,642,144,1153
15.01.2023,365,641,146,1152
16.01.2023,363,639,153,1155
17.01.2023,356,647,158,1161
18.01.2023,354,636,157,1147
19.01.2023,348,636,162,1146
20.01.2023,339,647,168,1154
21.01.2023,338,652,169,1159
22.01.2023,339,650,169,1158
23.01.2023,348,652,177,1177
24.01.2023,352,654,178,1184
25.01.2023,348,667,168,1183
26.01.2023,344,688,166,1198
27.01.2023,348,691,174,1213
28.01.2023,349,696,178,1223
29.01.2023,346,701,176,1223
30.01.2023,352,712,178,1242
31.01.2023,355,715,188,1258
01.02.2023,357,713,188,1258
02.02.2023,358,714,183,1255
03.02.2023,357,718,187,1262
04.02.2023,358,718,183,1259
05.02.2023,354,719,184,1257
06.02.2023,351,722,187,1260
07.02.2023,352,729,184,1265
08.02.2023,360,723,189,1272
09.02.2023,359,729,194,1282
10.02.2023,356,737,182,1275
11.02.2023,351,746,181,1278
12.02.2023,348,750,190,1288
13.02.2023,354,744,195,1293
14.02.2023,358,742,190,1290
15.02.2023,358,745,204,1307
16.02.2023,357,764,192,1313
17.02.2023,350,783,187,1320
18.02.2023,351,784,195,1330
19.02.2023,348,793,194,1335
20.02.2023,342,805,193,1340
21.02.2023,348,806,185,1339
22.02.2023,349,812,185,1346
23.02.2023,346,814,189,1349
24.02.2023,349,798,192,1339
25.02.2023,350,798,205,1353
26.02.2023,351,797,208,1356
27.02.2023,353,803,205,1361
28.02.2023,353,797,203,1353
01.03.2023,349,809,203,1361
02.03.2023,345,813,199,1357
03.03.2023,346,826,192,1364
04.03.2023,348,826,196,1370
05.03.2023,348,831,202,1381
06.03.2023,346,839,203,1388
07.03.2023,352,821,203,1376
08.03.2023,344,818,194,1356
09.03.2023,350,809,208,1367
10.03.2023,347,808,210,1365
11.03.2023,343,814,216,1373
12.03.2023,339,815,220,1374
13.03.2023,347,801,216,1364
14.03.2023,342,809,216,1367
15.03.2023,344,798,227,1369
16.03.2023,347,789,216,1352
17.03.2023,354,776,215,1345
18.03.2023,352,784,209,1345
19.03.2023,354,768,208,1330
20.03.2023,352,763,209,1324
21.03.2023,355,755,214,1324
22.03.2023,345,768,211,1324
23.03.2023,347,762,217,1326
24.03.2023,353,761,213,1327
25.03.2023,352,768,205,1325
26.03.2023,355,765,206,1326
27.03.2023,362,755,214,1331
28.03.2023,360,762,208,1330
29.03.2023,360,755,212,1327
30.03.2023,356,755,211,1322
31.03.2023,355,751,204,1310
01.04.2023,350,752,216,1318
02.04.2023,350,739,201,1290
03.04.2023,353,725,209,1287
04.04.2023,356,728,205,1289
05.04.2023,359,732,220,1311
06.04.2023,359,725,207,1291
07.04.2023,361,720,203,1284
08.04.2023,360,727,196,1283
09.04.2023,359,729,196,1284
10.04.2023,368,720,192,1280
11.04.2023,363,724,193,1280
12.04.2023,358,732,188,1278
13.04.2023,360,731,192,1283
14.04.2023,366,729,215,1310
15.04.2023,368,748,214,1330
16.04.2023,366,757,211,1334
17.04.2023,363,758,206,1327
18.04.2023,360,759,201,1320
19.04.2023,366,753,200,1319
20.04.2023,363,754,200,1317
21.04.2023,360,746,201,1307
22.04.2023,360,739,202,1301
23.04.2023,357,738,196,1291
24.04.2023,357,738,188,1283
25.04.2023,354,732,184,1270
26.04.2023,349,739,186,1274
27.04.2023,345,741,188,1274
28.04.2023,339,742,187,1268
29.04.2023,334,744,185,1263
30.04.2023,333,730,183,1246
01.05.2023,326,734,186,1246
02.05.2023,325,734,191,1250
03.05.2023,329,717,193,1239
04.05.2023,337,700,193,1230
05.05.2023,341,708,195,1244
06.05.2023,342,704,196,1242
07.05.2023,339,712,189,1240
08.05.2023,345,718,198,1261
09.05.2023,339,722,198,1259
10.05.2023,337,714,194,1245
11.05.2023,326,712,197,1235
12.05.2023,332,721,203,1256
13.05.2023,334,718,184,1236
14.05.2023,333,718,174,1225
15.05.2023,337,717,187,1241
16.05.2023,332,726,186,1244
17.05.2023,333,715,193,1241
18.05.2023,326,735,184,1245
19.05.2023,322,735,191,1248
20.05.2023,321,737,200,1258
21.05.2023,320,734,202,1256
22.05.2023,319,737,204,1260
23.05.2023,320,739,219,1278
24.05.2023,322,734,215,1271
25.05.2023,325,735,208,1268
26.05.2023,328,735,205,1268
27.05.2023,327,738,208,1273
28.05.2023,325,736,206,1267
29.05.2023,324,738,204,1266
30.05.2023,323,753,190,1266
31.05.2023,322,759,194,1275
01.06.2023,326,756,201,1283
02.06.2023,331,752,200,1283
03.06.2023,326,758,204,1288
04.06.2023,331,753,208,1292
05.06.2023,333,763,201,1297
06.06.2023,331,766,200,1297
07.06.2023,330,772,192,1294
08.06.2023,332,781,196,1309
09.06.2023,342,766,196,1304
10.06.2023,346,764,193,1303
11.06.2023,345,754,192,1291
12.06.2023,343,757,190,1290
13.06.2023,333,763,188,1284
14.06.2023,328,759,188,1275
15.06.2023,318,762,197,1277
16.06.2023,314,765,195,1274
17.06.2023,313,763,190,1266
18.06.2023,316,761,186,1263
19.06.2023,320,757,179,1256
20.06.2023,320,757,185,1262
21.06.2023,317,757,184,1258
22.06.2023,315,758,185,1258
23.06.2023,319,748,184,1251
24.06.2023,319,749,202,1270
25.06.2023,320,765,197,1282
26.06.2023,322,761,196,1279
27.06.2023,310,747,201,1258
28.06.2023,299,749,199,1247
29.06.2023,303,741,194,1238
30.06.2023,311,735,190,1236
01.07.2023,311,731,191,1233
02.07.2023,316,725,193,1234
03.07.2023,322,723,187,1232
04.07.2023,321,728,177,1226
05.07.2023,318,732,174,1224
06.07.2023,317,725,167,1209
07.07.2023,317,725,168,1210
08.07.2023,314,722,165,1201
09.07.2023,312,710,163,1185
10.07.2023,306,704,167,1177
11.07.2023,308,693,167,1168
12.07.2023,299,695,167,1161
13.07.2023,303,691,158,1152
14.07.2023,301,686,162,1149
15.07.2023,299,692,160,1151
16.07.2023,303,684,169,1156
17.07.2023,303,679,166,1148
18.07.2023,295,679,171,1145
19.07.2023,298,678,172,1148
20.07.2023,296,671,172,1139
21.07.2023,294,668,187,1149
22.07.2023,295,687,198,1180
23.07.2023,294,681,179,1154
24.07.2023,296,672,182,1150
25.07.2023,292,677,187,1156
26.07.2023,286,686,185,1157
27.07.2023,288,677,181,1146
28.07.2023,293,667,184,1144
29.07.2023,293,671,182,1146
30.07.2023,299,667,177,1143
31.07.2023,295,670,179,1144
01.08.2023,302,663,182,1147
02.08.2023,302,662,180,1144
03.08.2023,301,665,179,1145
04.08.2023,295,660,173,1128
05.08.2023,301,649,177,1127
06.08.2023,303,644,174,1121
07.08.2023,295,639,177,1111
08.08.2023,289,641,180,1110
09.08.2023,290,636,180,1106
10.08.2023,293,627,179,1099
11.08.2023,290,638,169,1097
12.08.2023,288,639,168,1095
13.08.2023,287,633,165,1085
14.08.2023,281,641,162,1084
15.08.2023,278,642,163,1083
16.08.2023,282,635,157,1074
17.08.2023,282,634,158,1074
18.08.2023,277,628,164,1069
19.08.2023,278,616,155,1049
20.08.2023,278,576,147,1001
21.08.2023,285,579,146,1010
22.08.2023,275,579,140,994
23.08.2023,267,585,142,994
24.08.2023,270,584,134,988
25.08.2023,277,575,134,986
26.08.2023,277,573,138,988
27.08.2023,278,572,134,984
28.08.2023,274,567,124,965
29.08.2023,270,568,129,967
30.08.2023,281,553,133,967
31.08.2023,269,561,130,960
01.09.2023,266,567,129,962
02.09.2023,269,558,130,957
03.09.2023,272,551,131,954
04.09.2023,266,562,124,952
05.09.2023,265,558,128,951
06.09.2023,273,559,119,951
07.09.2023,271,558,118,947
08.09.2023,267,556,114,937
09.09.2023,264,556,117,937
10.09.2023,266,557,116,939
11.09.2023,265,560,122,947
12.09.2023,261,561,117,939
13.09.2023,270,550,122,942
14.09.2023,268,551,117,936
15.09.2023,268,541,117,926
16.09.2023,270,541,114,925
17.09.2023,272,543,114,929
18.09.2023,273,546,108,927
19.09.2023,271,545,111,927
20.09.2023,269,547,109,925
21.09.2023,264,552,114,930
22.09.2023,264,538,116,918
23.09.2023,264,535,116,915
24.09.2023,265,531,116,912
25.09.2023,253,538,116,907
26.09.2023,255,527,111,893
27.09.2023,262,519,101,882
28.09.2023,255,524,111,890
29.09.2023,253,518,110,881
30.09.2023,255,515,109,879
01.10.2023,258,514,106,878
