solana,,,,
Date, Full Time, Part Time, One Time, Total
01.01.2015,2,14,5,21
02.01.2015,2,14,6,22
03.01.2015,2,13,6,21
04.01.2015,2,12,7,21
05.01.2015,2,11,7,20
06.01.2015,2,10,6,18
07.01.2015,1,11,6,18
08.01.2015,1,11,6,18
09.01.2015,1,12,6,19
10.01.2015,1,12,5,18
11.01.2015,1,12,5,18
12.01.2015,1,12,5,18
13.01.2015,1,12,6,19
14.01.2015,1,12,6,19
15.01.2015,1,15,7,23
16.01.2015,1,15,6,22
17.01.2015,1,15,6,22
18.01.2015,1,15,6,22
19.01.2015,1,15,5,21
20.01.2015,1,16,6,23
21.01.2015,1,17,5,23
22.01.2015,1,17,5,23
23.01.2015,1,18,6,25
24.01.2015,1,19,4,24
25.01.2015,1,19,4,24
26.01.2015,1,20,3,24
27.01.2015,1,19,4,24
28.01.2015,1,22,5,28
29.01.2015,1,23,5,29
30.01.2015,1,21,7,29
31.01.2015,1,21,7,29
01.02.2015,1,22,7,30
02.02.2015,1,22,7,30
03.02.2015,1,23,6,30
04.02.2015,1,24,5,30
05.02.2015,1,24,6,31
06.02.2015,1,24,6,31
07.02.2015,1,24,6,31
08.02.2015,1,24,6,31
09.02.2015,1,25,6,32
10.02.2015,1,22,6,29
11.02.2015,1,21,6,28
12.02.2015,1,22,4,27
13.02.2015,1,22,4,27
14.02.2015,1,22,4,27
15.02.2015,1,22,4,27
16.02.2015,1,22,4,27
17.02.2015,1,22,3,26
18.02.2015,1,20,3,24
19.02.2015,1,20,3,24
20.02.2015,1,19,5,25
21.02.2015,2,18,6,26
22.02.2015,2,18,7,27
23.02.2015,2,16,9,27
24.02.2015,2,17,10,29
25.02.2015,2,16,9,27
26.02.2015,2,16,9,27
27.02.2015,2,18,6,26
28.02.2015,2,19,5,26
01.03.2015,2,18,5,25
02.03.2015,2,17,6,25
03.03.2015,2,16,7,25
04.03.2015,2,16,7,25
05.03.2015,2,16,6,24
06.03.2015,2,16,8,26
07.03.2015,2,16,8,26
08.03.2015,2,16,8,26
09.03.2015,2,16,9,27
10.03.2015,2,16,9,27
11.03.2015,2,16,9,27
12.03.2015,3,15,9,27
13.03.2015,3,15,10,28
14.03.2015,3,15,10,28
15.03.2015,3,16,9,28
16.03.2015,3,17,10,30
17.03.2015,3,18,9,30
18.03.2015,2,19,11,32
19.03.2015,2,19,11,32
20.03.2015,3,18,10,31
21.03.2015,3,18,10,31
22.03.2015,3,18,9,30
23.03.2015,3,18,8,29
24.03.2015,2,20,7,29
25.03.2015,2,20,8,30
26.03.2015,2,18,8,28
27.03.2015,2,18,8,28
28.03.2015,2,17,8,27
29.03.2015,2,17,8,27
30.03.2015,2,17,8,27
31.03.2015,2,17,10,29
01.04.2015,1,19,11,31
02.04.2015,1,20,11,32
03.04.2015,1,20,11,32
04.04.2015,1,20,11,32
05.04.2015,1,20,11,32
06.04.2015,1,20,10,31
07.04.2015,1,21,10,32
08.04.2015,1,21,12,34
09.04.2015,2,20,12,34
10.04.2015,2,21,11,34
11.04.2015,2,22,12,36
12.04.2015,2,22,12,36
13.04.2015,2,22,11,35
14.04.2015,2,22,11,35
15.04.2015,3,21,10,34
16.04.2015,3,21,10,34
17.04.2015,3,19,10,32
18.04.2015,3,19,12,34
19.04.2015,3,19,12,34
20.04.2015,3,20,11,34
21.04.2015,3,19,12,34
22.04.2015,3,19,10,32
23.04.2015,3,19,10,32
24.04.2015,3,18,10,31
25.04.2015,3,18,10,31
26.04.2015,3,17,11,31
27.04.2015,3,17,12,32
28.04.2015,3,18,11,32
29.04.2015,2,19,10,31
30.04.2015,2,15,10,27
01.05.2015,2,15,10,27
02.05.2015,2,15,10,27
03.05.2015,2,15,10,27
04.05.2015,2,14,10,26
05.05.2015,2,13,10,25
06.05.2015,2,13,8,23
07.05.2015,3,12,9,24
08.05.2015,3,11,9,23
09.05.2015,2,13,8,23
10.05.2015,2,14,8,24
11.05.2015,2,15,8,25
12.05.2015,2,15,8,25
13.05.2015,2,15,9,26
14.05.2015,2,13,10,25
15.05.2015,2,15,9,26
16.05.2015,2,15,9,26
17.05.2015,2,15,9,26
18.05.2015,2,15,8,25
19.05.2015,2,15,8,25
20.05.2015,2,15,8,25
21.05.2015,2,15,8,25
22.05.2015,2,15,9,26
23.05.2015,2,15,9,26
24.05.2015,2,15,9,26
25.05.2015,2,14,8,24
26.05.2015,2,15,6,23
27.05.2015,1,15,6,22
28.05.2015,1,15,8,24
29.05.2015,1,15,9,25
30.05.2015,1,15,9,25
31.05.2015,1,15,9,25
01.06.2015,1,15,9,25
02.06.2015,1,15,9,25
03.06.2015,1,15,9,25
04.06.2015,1,15,8,24
05.06.2015,1,14,8,23
06.06.2015,1,15,8,24
07.06.2015,1,15,8,24
08.06.2015,1,15,10,26
09.06.2015,1,14,10,25
10.06.2015,1,14,9,24
11.06.2015,1,15,8,24
12.06.2015,1,15,7,23
13.06.2015,1,15,6,22
14.06.2015,1,15,6,22
15.06.2015,1,15,7,23
16.06.2015,1,15,6,22
17.06.2015,1,14,7,22
18.06.2015,1,15,10,26
19.06.2015,1,15,10,26
20.06.2015,1,15,10,26
21.06.2015,1,15,10,26
22.06.2015,1,15,11,27
23.06.2015,1,14,12,27
24.06.2015,1,14,13,28
25.06.2015,1,12,12,25
26.06.2015,1,13,10,24
27.06.2015,1,13,10,24
28.06.2015,1,13,10,24
29.06.2015,1,12,10,23
30.06.2015,1,13,11,25
01.07.2015,1,14,10,25
02.07.2015,1,14,11,26
03.07.2015,1,15,11,27
04.07.2015,1,15,11,27
05.07.2015,1,16,12,29
06.07.2015,1,16,11,28
07.07.2015,1,16,12,29
08.07.2015,1,15,12,28
09.07.2015,1,17,11,29
10.07.2015,1,18,11,30
11.07.2015,1,19,10,30
12.07.2015,1,19,10,30
13.07.2015,1,19,9,29
14.07.2015,2,19,9,30
15.07.2015,2,20,9,31
16.07.2015,2,22,9,33
17.07.2015,2,24,7,33
18.07.2015,2,24,7,33
19.07.2015,2,24,7,33
20.07.2015,2,24,7,33
21.07.2015,2,25,5,32
22.07.2015,2,27,4,33
23.07.2015,1,27,4,32
24.07.2015,1,26,4,31
25.07.2015,2,25,4,31
26.07.2015,2,25,4,31
27.07.2015,2,26,7,35
28.07.2015,3,25,6,34
29.07.2015,3,25,6,34
30.07.2015,2,27,6,35
31.07.2015,2,27,7,36
01.08.2015,2,27,8,37
02.08.2015,2,27,8,37
03.08.2015,2,28,9,39
04.08.2015,1,29,7,37
05.08.2015,1,29,7,37
06.08.2015,1,28,7,36
07.08.2015,0,28,7,35
08.08.2015,0,29,7,36
09.08.2015,0,29,7,36
10.08.2015,0,29,7,36
11.08.2015,1,28,8,37
12.08.2015,1,29,7,37
13.08.2015,1,29,5,35
14.08.2015,1,29,6,36
15.08.2015,1,29,6,36
16.08.2015,1,29,6,36
17.08.2015,1,29,6,36
18.08.2015,1,29,7,37
19.08.2015,1,28,6,35
20.08.2015,1,28,6,35
21.08.2015,2,27,6,35
22.08.2015,4,25,6,35
23.08.2015,3,27,7,37
24.08.2015,4,26,6,36
25.08.2015,5,25,6,36
26.08.2015,4,24,7,35
27.08.2015,4,23,7,34
28.08.2015,4,23,6,33
29.08.2015,4,20,6,30
30.08.2015,4,21,5,30
31.08.2015,4,21,7,32
01.09.2015,4,22,6,32
02.09.2015,4,22,8,34
03.09.2015,4,23,9,36
04.09.2015,3,24,9,36
05.09.2015,3,22,9,34
06.09.2015,3,23,10,36
07.09.2015,3,23,11,37
08.09.2015,4,23,11,38
09.09.2015,4,22,13,39
10.09.2015,4,22,13,39
11.09.2015,4,21,12,37
12.09.2015,4,21,13,38
13.09.2015,4,21,13,38
14.09.2015,4,20,13,37
15.09.2015,4,20,14,38
16.09.2015,4,21,13,38
17.09.2015,4,22,12,38
18.09.2015,4,23,13,40
19.09.2015,4,23,14,41
20.09.2015,4,23,14,41
21.09.2015,4,22,13,39
22.09.2015,5,21,13,39
23.09.2015,4,22,13,39
24.09.2015,4,22,13,39
25.09.2015,4,20,12,36
26.09.2015,4,20,12,36
27.09.2015,4,20,12,36
28.09.2015,4,20,11,35
29.09.2015,5,19,11,35
30.09.2015,5,19,9,33
01.10.2015,5,19,8,32
02.10.2015,4,20,9,33
03.10.2015,4,20,9,33
04.10.2015,4,20,8,32
05.10.2015,4,19,9,32
06.10.2015,4,18,10,32
07.10.2015,4,18,8,30
08.10.2015,5,17,8,30
09.10.2015,5,19,8,32
10.10.2015,5,19,7,31
11.10.2015,5,19,7,31
12.10.2015,5,19,7,31
13.10.2015,6,18,7,31
14.10.2015,5,19,8,32
15.10.2015,4,18,9,31
16.10.2015,4,17,8,29
17.10.2015,4,17,7,28
18.10.2015,4,17,8,29
19.10.2015,4,18,8,30
20.10.2015,5,17,9,31
21.10.2015,4,17,9,30
22.10.2015,4,17,10,31
23.10.2015,4,17,10,31
24.10.2015,4,17,10,31
25.10.2015,4,17,10,31
26.10.2015,4,18,9,31
27.10.2015,6,16,11,33
28.10.2015,5,17,11,33
29.10.2015,6,16,11,33
30.10.2015,7,14,10,31
31.10.2015,7,14,10,31
01.11.2015,7,14,10,31
02.11.2015,6,15,8,29
03.11.2015,7,14,7,28
04.11.2015,7,13,7,27
05.11.2015,7,13,7,27
06.11.2015,7,12,6,25
07.11.2015,7,14,6,27
08.11.2015,7,13,6,26
09.11.2015,7,13,6,26
10.11.2015,7,13,6,26
11.11.2015,6,14,5,25
12.11.2015,5,14,4,23
13.11.2015,5,14,5,24
14.11.2015,5,14,7,26
15.11.2015,5,14,6,25
16.11.2015,6,13,6,25
17.11.2015,5,15,4,24
18.11.2015,6,14,3,23
19.11.2015,6,13,4,23
20.11.2015,6,14,4,24
21.11.2015,6,15,4,25
22.11.2015,6,15,4,25
23.11.2015,6,12,4,22
24.11.2015,6,14,5,25
25.11.2015,6,16,4,26
26.11.2015,7,15,4,26
27.11.2015,8,14,4,26
28.11.2015,8,14,4,26
29.11.2015,8,14,4,26
30.11.2015,6,15,6,27
01.12.2015,8,14,6,28
02.12.2015,7,16,9,32
03.12.2015,6,18,9,33
04.12.2015,6,18,9,33
05.12.2015,6,18,9,33
06.12.2015,6,18,9,33
07.12.2015,6,18,9,33
08.12.2015,6,18,11,35
09.12.2015,5,19,12,36
10.12.2015,4,20,14,38
11.12.2015,4,19,14,37
12.12.2015,4,20,14,38
13.12.2015,4,20,15,39
14.12.2015,5,19,15,39
15.12.2015,5,19,15,39
16.12.2015,6,18,17,41
17.12.2015,6,18,16,40
18.12.2015,6,19,15,40
19.12.2015,6,19,15,40
20.12.2015,6,20,15,41
21.12.2015,6,20,15,41
22.12.2015,6,19,14,39
23.12.2015,5,19,14,38
24.12.2015,5,19,14,38
25.12.2015,6,18,14,38
26.12.2015,6,18,14,38
27.12.2015,6,18,14,38
28.12.2015,5,18,14,37
29.12.2015,6,16,14,36
30.12.2015,5,17,10,32
31.12.2015,4,18,10,32
01.01.2016,4,18,11,33
02.01.2016,4,18,11,33
03.01.2016,4,18,11,33
04.01.2016,4,17,11,32
05.01.2016,4,17,10,31
06.01.2016,4,16,9,29
07.01.2016,4,15,11,30
08.01.2016,4,16,11,31
09.01.2016,4,14,9,27
10.01.2016,4,15,9,28
11.01.2016,5,13,10,28
12.01.2016,4,13,10,27
13.01.2016,5,13,11,29
14.01.2016,5,15,10,30
15.01.2016,5,13,11,29
16.01.2016,5,13,11,29
17.01.2016,5,13,10,28
18.01.2016,4,14,10,28
19.01.2016,3,17,8,28
20.01.2016,3,17,7,27
21.01.2016,3,18,7,28
22.01.2016,3,18,8,29
23.01.2016,3,19,8,30
24.01.2016,3,20,7,30
25.01.2016,3,20,6,29
26.01.2016,3,21,6,30
27.01.2016,4,22,6,32
28.01.2016,3,23,7,33
29.01.2016,3,23,6,32
30.01.2016,3,23,6,32
31.01.2016,3,23,6,32
01.02.2016,2,24,6,32
02.02.2016,2,24,5,31
03.02.2016,3,23,7,33
04.02.2016,3,22,5,30
05.02.2016,3,22,5,30
06.02.2016,3,23,6,32
07.02.2016,3,22,5,30
08.02.2016,3,23,5,31
09.02.2016,3,22,5,30
10.02.2016,3,21,5,29
11.02.2016,4,19,5,28
12.02.2016,4,19,5,28
13.02.2016,4,18,5,27
14.02.2016,4,18,5,27
15.02.2016,4,18,5,27
16.02.2016,4,16,5,25
17.02.2016,5,14,5,24
18.02.2016,5,14,6,25
19.02.2016,5,15,6,26
20.02.2016,5,15,6,26
21.02.2016,5,14,6,25
22.02.2016,6,13,6,25
23.02.2016,6,13,6,25
24.02.2016,6,14,9,29
25.02.2016,4,18,6,28
26.02.2016,4,18,6,28
27.02.2016,4,19,6,29
28.02.2016,4,19,6,29
29.02.2016,4,20,5,29
01.03.2016,4,22,5,31
02.03.2016,5,22,4,31
03.03.2016,5,22,4,31
04.03.2016,5,22,5,32
05.03.2016,5,21,5,31
06.03.2016,5,21,5,31
07.03.2016,6,20,4,30
08.03.2016,6,21,4,31
09.03.2016,6,20,3,29
10.03.2016,6,19,3,28
11.03.2016,6,20,4,30
12.03.2016,6,20,4,30
13.03.2016,6,20,4,30
14.03.2016,6,20,4,30
15.03.2016,6,19,5,30
16.03.2016,6,20,6,32
17.03.2016,6,20,7,33
18.03.2016,6,20,6,32
19.03.2016,6,20,6,32
20.03.2016,7,19,6,32
21.03.2016,7,19,6,32
22.03.2016,7,19,6,32
23.03.2016,6,18,5,29
24.03.2016,5,17,5,27
25.03.2016,5,17,5,27
26.03.2016,5,16,4,25
27.03.2016,5,16,4,25
28.03.2016,5,16,5,26
29.03.2016,5,16,6,27
30.03.2016,6,16,5,27
31.03.2016,6,16,5,27
01.04.2016,6,16,5,27
02.04.2016,6,16,5,27
03.04.2016,6,16,5,27
04.04.2016,6,16,5,27
05.04.2016,6,16,4,26
06.04.2016,6,16,4,26
07.04.2016,7,15,4,26
08.04.2016,7,14,3,24
09.04.2016,7,14,3,24
10.04.2016,7,14,3,24
11.04.2016,7,14,3,24
12.04.2016,7,11,4,22
13.04.2016,8,12,4,24
14.04.2016,8,14,2,24
15.04.2016,8,14,2,24
16.04.2016,8,14,2,24
17.04.2016,9,13,3,25
18.04.2016,8,14,4,26
19.04.2016,8,15,3,26
20.04.2016,8,14,3,25
21.04.2016,7,15,3,25
22.04.2016,7,15,4,26
23.04.2016,7,15,4,26
24.04.2016,7,15,4,26
25.04.2016,7,14,3,24
26.04.2016,7,14,4,25
27.04.2016,7,13,4,24
28.04.2016,7,13,4,24
29.04.2016,7,13,5,25
30.04.2016,7,13,6,26
01.05.2016,7,14,5,26
02.05.2016,7,15,4,26
03.05.2016,7,14,4,25
04.05.2016,7,13,4,24
05.05.2016,7,13,4,24
06.05.2016,7,11,5,23
07.05.2016,7,11,5,23
08.05.2016,7,11,5,23
09.05.2016,7,11,5,23
10.05.2016,7,11,5,23
11.05.2016,7,11,4,22
12.05.2016,7,10,5,22
13.05.2016,7,9,5,21
14.05.2016,7,9,5,21
15.05.2016,7,9,5,21
16.05.2016,7,8,4,19
17.05.2016,7,7,4,18
18.05.2016,7,7,6,20
19.05.2016,7,9,7,23
20.05.2016,7,10,6,23
21.05.2016,7,10,7,24
22.05.2016,7,11,7,25
23.05.2016,7,11,8,26
24.05.2016,7,12,9,28
25.05.2016,7,11,9,27
26.05.2016,7,12,9,28
27.05.2016,7,13,8,28
28.05.2016,7,13,8,28
29.05.2016,7,13,8,28
30.05.2016,7,11,8,26
31.05.2016,7,11,8,26
01.06.2016,7,11,9,27
02.06.2016,7,11,9,27
03.06.2016,7,12,7,26
04.06.2016,7,12,8,27
05.06.2016,7,12,8,27
06.06.2016,7,13,8,28
07.06.2016,7,13,8,28
08.06.2016,7,13,9,29
09.06.2016,7,13,10,30
10.06.2016,7,13,10,30
11.06.2016,7,13,10,30
12.06.2016,7,13,10,30
13.06.2016,7,13,10,30
14.06.2016,7,13,11,31
15.06.2016,7,12,9,28
16.06.2016,7,10,8,25
17.06.2016,7,9,9,25
18.06.2016,7,9,9,25
19.06.2016,7,9,9,25
20.06.2016,7,9,10,26
21.06.2016,7,10,8,25
22.06.2016,7,11,11,29
23.06.2016,6,12,10,28
24.06.2016,6,13,9,28
25.06.2016,6,12,9,27
26.06.2016,6,12,9,27
27.06.2016,6,12,11,29
28.06.2016,6,12,11,29
29.06.2016,6,11,11,28
30.06.2016,5,12,10,27
01.07.2016,5,11,11,27
02.07.2016,5,11,10,26
03.07.2016,5,11,10,26
04.07.2016,5,10,9,24
05.07.2016,4,11,10,25
06.07.2016,4,12,8,24
07.07.2016,4,13,5,22
08.07.2016,4,13,5,22
09.07.2016,4,13,5,22
10.07.2016,4,13,5,22
11.07.2016,3,15,5,23
12.07.2016,3,15,5,23
13.07.2016,3,16,6,25
14.07.2016,3,17,7,27
15.07.2016,3,17,6,26
16.07.2016,3,17,6,26
17.07.2016,3,17,7,27
18.07.2016,3,17,8,28
19.07.2016,4,16,9,29
20.07.2016,4,16,8,28
21.07.2016,4,16,9,29
22.07.2016,4,15,10,29
23.07.2016,4,15,10,29
24.07.2016,4,15,10,29
25.07.2016,4,15,9,28
26.07.2016,4,15,9,28
27.07.2016,4,15,9,28
28.07.2016,4,14,9,27
29.07.2016,4,13,9,26
30.07.2016,4,13,9,26
31.07.2016,4,13,9,26
01.08.2016,5,13,9,27
02.08.2016,4,14,8,26
03.08.2016,4,13,9,26
04.08.2016,3,13,12,28
05.08.2016,3,15,11,29
06.08.2016,3,14,11,28
07.08.2016,3,14,11,28
08.08.2016,4,14,10,28
09.08.2016,4,14,10,28
10.08.2016,4,13,9,26
11.08.2016,3,13,8,24
12.08.2016,3,13,8,24
13.08.2016,3,12,8,23
14.08.2016,3,13,7,23
15.08.2016,3,12,6,21
16.08.2016,3,13,7,23
17.08.2016,3,13,7,23
18.08.2016,3,14,8,25
19.08.2016,3,13,7,23
20.08.2016,3,13,7,23
21.08.2016,3,13,7,23
22.08.2016,3,13,7,23
23.08.2016,4,11,6,21
24.08.2016,4,11,7,22
25.08.2016,4,12,9,25
26.08.2016,4,15,11,30
27.08.2016,4,17,9,30
28.08.2016,4,17,9,30
29.08.2016,3,18,9,30
30.08.2016,3,20,7,30
31.08.2016,3,18,7,28
01.09.2016,3,18,7,28
02.09.2016,4,17,6,27
03.09.2016,4,17,7,28
04.09.2016,4,17,7,28
05.09.2016,4,16,7,27
06.09.2016,5,15,7,27
07.09.2016,5,15,8,28
08.09.2016,4,17,8,29
09.09.2016,4,17,9,30
10.09.2016,5,17,8,30
11.09.2016,5,17,8,30
12.09.2016,5,17,8,30
13.09.2016,5,17,9,31
14.09.2016,3,20,9,32
15.09.2016,4,18,8,30
16.09.2016,4,18,9,31
17.09.2016,4,18,10,32
18.09.2016,4,18,10,32
19.09.2016,4,19,11,34
20.09.2016,5,18,12,35
21.09.2016,5,18,12,35
22.09.2016,5,18,12,35
23.09.2016,5,18,10,33
24.09.2016,5,15,10,30
25.09.2016,5,15,10,30
26.09.2016,4,16,10,30
27.09.2016,4,15,10,29
28.09.2016,4,15,11,30
29.09.2016,4,14,12,30
30.09.2016,4,14,12,30
01.10.2016,4,15,12,31
02.10.2016,4,15,12,31
03.10.2016,4,15,13,32
04.10.2016,5,15,13,33
05.10.2016,5,14,14,33
06.10.2016,4,15,14,33
07.10.2016,4,16,13,33
08.10.2016,5,15,13,33
09.10.2016,5,14,13,32
10.10.2016,5,14,13,32
11.10.2016,5,14,11,30
12.10.2016,3,16,10,29
13.10.2016,2,14,9,25
14.10.2016,2,14,9,25
15.10.2016,3,13,8,24
16.10.2016,3,13,8,24
17.10.2016,3,12,6,21
18.10.2016,3,12,5,20
19.10.2016,3,12,5,20
20.10.2016,3,12,5,20
21.10.2016,3,15,5,23
22.10.2016,3,15,5,23
23.10.2016,3,15,5,23
24.10.2016,3,16,5,24
25.10.2016,3,16,5,24
26.10.2016,3,16,6,25
27.10.2016,3,16,6,25
28.10.2016,3,15,9,27
29.10.2016,2,15,9,26
30.10.2016,2,14,9,25
31.10.2016,2,14,9,25
01.11.2016,3,14,7,24
02.11.2016,3,13,5,21
03.11.2016,3,14,6,23
04.11.2016,3,15,6,24
05.11.2016,3,15,6,24
06.11.2016,3,15,6,24
07.11.2016,3,15,6,24
08.11.2016,3,15,7,25
09.11.2016,2,16,8,26
10.11.2016,1,17,9,27
11.11.2016,1,17,9,27
12.11.2016,2,16,9,27
13.11.2016,2,16,9,27
14.11.2016,2,16,9,27
15.11.2016,2,15,9,26
16.11.2016,2,16,10,28
17.11.2016,2,17,9,28
18.11.2016,2,15,9,26
19.11.2016,2,15,9,26
20.11.2016,2,15,10,27
21.11.2016,2,16,9,27
22.11.2016,2,16,9,27
23.11.2016,2,14,8,24
24.11.2016,2,14,8,24
25.11.2016,2,14,6,22
26.11.2016,2,14,6,22
27.11.2016,2,14,6,22
28.11.2016,1,15,6,22
29.11.2016,2,13,7,22
30.11.2016,2,13,9,24
01.12.2016,2,13,8,23
02.12.2016,2,12,9,23
03.12.2016,2,12,9,23
04.12.2016,2,12,9,23
05.12.2016,2,10,9,21
06.12.2016,2,10,8,20
07.12.2016,2,9,9,20
08.12.2016,1,11,7,19
09.12.2016,1,11,7,19
10.12.2016,2,9,7,18
11.12.2016,2,9,7,18
12.12.2016,2,9,7,18
13.12.2016,2,9,7,18
14.12.2016,2,9,7,18
15.12.2016,2,8,7,17
16.12.2016,2,7,7,16
17.12.2016,2,7,7,16
18.12.2016,2,7,7,16
19.12.2016,2,5,7,14
20.12.2016,2,5,7,14
21.12.2016,2,5,7,14
22.12.2016,2,5,7,14
23.12.2016,2,5,7,14
24.12.2016,2,5,7,14
25.12.2016,2,5,7,14
26.12.2016,2,5,7,14
27.12.2016,2,5,6,13
28.12.2016,2,5,4,11
29.12.2016,2,5,4,11
30.12.2016,2,6,3,11
31.12.2016,2,6,3,11
01.01.2017,2,6,3,11
02.01.2017,2,6,3,11
03.01.2017,2,4,3,9
04.01.2017,2,4,1,7
05.01.2017,2,4,1,7
06.01.2017,2,2,2,6
07.01.2017,2,2,2,6
08.01.2017,2,3,1,6
09.01.2017,2,3,1,6
10.01.2017,2,3,1,6
11.01.2017,2,6,1,9
12.01.2017,2,8,2,12
13.01.2017,2,7,3,12
14.01.2017,2,7,3,12
15.01.2017,2,7,3,12
16.01.2017,2,7,3,12
17.01.2017,2,8,4,14
18.01.2017,2,8,3,13
19.01.2017,2,8,3,13
20.01.2017,2,8,3,13
21.01.2017,2,8,3,13
22.01.2017,2,8,3,13
23.01.2017,2,10,3,15
24.01.2017,2,11,3,16
25.01.2017,2,11,3,16
26.01.2017,2,12,5,19
27.01.2017,2,13,6,21
28.01.2017,2,13,6,21
29.01.2017,2,13,6,21
30.01.2017,2,12,7,21
31.01.2017,2,12,7,21
01.02.2017,2,12,8,22
02.02.2017,2,12,9,23
03.02.2017,2,14,9,25
04.02.2017,2,14,9,25
05.02.2017,2,14,9,25
06.02.2017,2,13,10,25
07.02.2017,2,13,10,25
08.02.2017,2,16,7,25
09.02.2017,2,15,7,24
10.02.2017,2,14,8,24
11.02.2017,2,14,8,24
12.02.2017,2,14,8,24
13.02.2017,2,14,9,25
14.02.2017,2,15,7,24
15.02.2017,2,15,7,24
16.02.2017,2,15,7,24
17.02.2017,2,13,9,24
18.02.2017,2,13,10,25
19.02.2017,2,14,9,25
20.02.2017,2,14,7,23
21.02.2017,2,14,8,24
22.02.2017,2,15,8,25
23.02.2017,2,17,5,24
24.02.2017,2,18,5,25
25.02.2017,2,19,5,26
26.02.2017,2,19,5,26
27.02.2017,2,17,5,24
28.02.2017,2,17,5,24
01.03.2017,2,17,6,25
02.03.2017,2,17,6,25
03.03.2017,2,18,5,25
04.03.2017,2,17,6,25
05.03.2017,2,17,6,25
06.03.2017,2,17,6,25
07.03.2017,2,17,6,25
08.03.2017,2,16,6,24
09.03.2017,2,17,5,24
10.03.2017,2,16,5,23
11.03.2017,2,16,5,23
12.03.2017,2,16,5,23
13.03.2017,2,17,6,25
14.03.2017,2,17,6,25
15.03.2017,2,17,7,26
16.03.2017,2,17,8,27
17.03.2017,2,17,8,27
18.03.2017,2,17,8,27
19.03.2017,3,16,8,27
20.03.2017,3,16,8,27
21.03.2017,3,17,6,26
22.03.2017,3,17,6,26
23.03.2017,3,17,8,28
24.03.2017,3,17,9,29
25.03.2017,3,17,8,28
26.03.2017,3,17,8,28
27.03.2017,3,18,8,29
28.03.2017,3,17,10,30
29.03.2017,3,18,8,29
30.03.2017,3,18,9,30
31.03.2017,3,17,9,29
01.04.2017,3,17,10,30
02.04.2017,3,17,10,30
03.04.2017,3,18,13,34
04.04.2017,3,20,13,36
05.04.2017,3,23,12,38
06.04.2017,3,23,11,37
07.04.2017,3,23,11,37
08.04.2017,3,23,11,37
09.04.2017,3,23,11,37
10.04.2017,3,23,10,36
11.04.2017,3,22,10,35
12.04.2017,3,22,10,35
13.04.2017,3,22,9,34
14.04.2017,3,21,7,31
15.04.2017,3,21,7,31
16.04.2017,3,21,7,31
17.04.2017,3,21,7,31
18.04.2017,3,21,7,31
19.04.2017,3,21,7,31
20.04.2017,4,20,5,29
21.04.2017,4,20,7,31
22.04.2017,4,19,7,30
23.04.2017,4,19,7,30
24.04.2017,4,18,7,29
25.04.2017,4,18,6,28
26.04.2017,5,17,6,28
27.04.2017,5,17,7,29
28.04.2017,6,16,6,28
29.04.2017,5,17,5,27
30.04.2017,5,17,5,27
01.05.2017,6,15,4,25
02.05.2017,6,15,5,26
03.05.2017,6,12,6,24
04.05.2017,6,13,5,24
05.05.2017,6,13,5,24
06.05.2017,6,13,5,24
07.05.2017,5,14,5,24
08.05.2017,5,13,7,25
09.05.2017,6,13,6,25
10.05.2017,6,12,6,24
11.05.2017,6,12,7,25
12.05.2017,6,12,7,25
13.05.2017,6,12,8,26
14.05.2017,6,12,9,27
15.05.2017,6,14,8,28
16.05.2017,6,15,7,28
17.05.2017,6,15,8,29
18.05.2017,6,15,8,29
19.05.2017,6,15,9,30
20.05.2017,6,15,9,30
21.05.2017,6,16,10,32
22.05.2017,6,15,9,30
23.05.2017,6,14,8,28
24.05.2017,6,14,8,28
25.05.2017,6,15,7,28
26.05.2017,6,15,7,28
27.05.2017,6,15,8,29
28.05.2017,6,15,9,30
29.05.2017,6,15,9,30
30.05.2017,6,17,8,31
31.05.2017,6,17,9,32
01.06.2017,6,17,9,32
02.06.2017,5,18,9,32
03.06.2017,4,19,9,32
04.06.2017,4,19,9,32
05.06.2017,4,18,8,30
06.06.2017,4,17,8,29
07.06.2017,4,17,7,28
08.06.2017,4,18,7,29
09.06.2017,5,16,9,30
10.06.2017,5,15,8,28
11.06.2017,5,16,7,28
12.06.2017,5,16,7,28
13.06.2017,5,15,9,29
14.06.2017,5,14,9,28
15.06.2017,5,15,8,28
16.06.2017,6,13,6,25
17.06.2017,6,13,6,25
18.06.2017,6,13,5,24
19.06.2017,7,12,5,24
20.06.2017,7,11,6,24
21.06.2017,7,11,6,24
22.06.2017,7,12,4,23
23.06.2017,7,12,6,25
24.06.2017,7,12,6,25
25.06.2017,7,12,5,24
26.06.2017,7,14,6,27
27.06.2017,7,13,6,26
28.06.2017,7,13,6,26
29.06.2017,7,13,6,26
30.06.2017,7,14,5,26
01.07.2017,7,14,5,26
02.07.2017,7,14,5,26
03.07.2017,6,15,5,26
04.07.2017,6,16,5,27
05.07.2017,6,16,5,27
06.07.2017,6,15,4,25
07.07.2017,6,15,4,25
08.07.2017,6,14,4,24
09.07.2017,6,14,4,24
10.07.2017,6,15,4,25
11.07.2017,6,15,4,25
12.07.2017,6,15,5,26
13.07.2017,6,14,5,25
14.07.2017,7,13,5,25
15.07.2017,7,12,5,24
16.07.2017,7,12,5,24
17.07.2017,7,12,5,24
18.07.2017,7,12,5,24
19.07.2017,7,13,4,24
20.07.2017,7,11,6,24
21.07.2017,6,12,4,22
22.07.2017,5,12,4,21
23.07.2017,5,12,4,21
24.07.2017,5,11,4,20
25.07.2017,4,11,4,19
26.07.2017,4,11,4,19
27.07.2017,4,11,4,19
28.07.2017,4,11,5,20
29.07.2017,4,12,5,21
30.07.2017,4,12,5,21
31.07.2017,4,12,7,23
01.08.2017,5,11,6,22
02.08.2017,5,10,6,21
03.08.2017,6,10,5,21
04.08.2017,6,11,6,23
05.08.2017,6,11,7,24
06.08.2017,5,13,6,24
07.08.2017,5,13,6,24
08.08.2017,5,13,5,23
09.08.2017,4,14,6,24
10.08.2017,4,15,6,25
11.08.2017,5,14,7,26
12.08.2017,5,14,7,26
13.08.2017,5,14,7,26
14.08.2017,5,14,7,26
15.08.2017,5,14,7,26
16.08.2017,5,15,6,26
17.08.2017,5,15,5,25
18.08.2017,5,15,5,25
19.08.2017,5,15,5,25
20.08.2017,5,15,5,25
21.08.2017,5,14,6,25
22.08.2017,5,14,5,24
23.08.2017,5,14,4,23
24.08.2017,5,16,4,25
25.08.2017,5,16,5,26
26.08.2017,5,16,5,26
27.08.2017,5,16,6,27
28.08.2017,5,15,6,26
29.08.2017,7,13,6,26
30.08.2017,7,12,6,25
31.08.2017,6,12,7,25
01.09.2017,6,11,7,24
02.09.2017,6,11,8,25
03.09.2017,6,11,9,26
04.09.2017,6,11,13,30
05.09.2017,6,13,11,30
06.09.2017,5,15,12,32
07.09.2017,5,14,13,32
08.09.2017,5,15,12,32
09.09.2017,5,15,12,32
10.09.2017,5,16,12,33
11.09.2017,5,16,12,33
12.09.2017,5,16,13,34
13.09.2017,5,17,14,36
14.09.2017,5,17,14,36
15.09.2017,5,18,14,37
16.09.2017,5,17,15,37
17.09.2017,5,17,15,37
18.09.2017,5,17,15,37
19.09.2017,4,17,16,37
20.09.2017,4,18,17,39
21.09.2017,4,17,17,38
22.09.2017,4,17,16,37
23.09.2017,4,17,16,37
24.09.2017,4,17,15,36
25.09.2017,4,18,14,36
26.09.2017,5,15,15,35
27.09.2017,5,15,15,35
28.09.2017,4,17,16,37
29.09.2017,4,17,16,37
30.09.2017,4,17,15,36
01.10.2017,4,17,17,38
02.10.2017,4,16,16,36
03.10.2017,6,15,15,36
04.10.2017,6,15,13,34
05.10.2017,6,16,13,35
06.10.2017,6,16,12,34
07.10.2017,6,16,12,34
08.10.2017,6,17,11,34
09.10.2017,6,18,11,35
10.10.2017,6,18,12,36
11.10.2017,6,17,11,34
12.10.2017,6,17,12,35
13.10.2017,6,18,11,35
14.10.2017,6,18,11,35
15.10.2017,6,17,11,34
16.10.2017,6,18,11,35
17.10.2017,6,18,10,34
18.10.2017,6,18,11,35
19.10.2017,6,18,11,35
20.10.2017,6,18,10,34
21.10.2017,7,17,10,34
22.10.2017,7,17,10,34
23.10.2017,7,17,9,33
24.10.2017,8,16,8,32
25.10.2017,8,16,8,32
26.10.2017,6,18,8,32
27.10.2017,7,18,8,33
28.10.2017,7,19,8,34
29.10.2017,7,19,8,34
30.10.2017,7,20,7,34
31.10.2017,7,20,7,34
01.11.2017,7,20,6,33
02.11.2017,7,20,6,33
03.11.2017,6,21,6,33
04.11.2017,6,21,6,33
05.11.2017,7,19,6,32
06.11.2017,7,17,6,30
07.11.2017,6,18,5,29
08.11.2017,6,18,7,31
09.11.2017,6,18,8,32
10.11.2017,6,20,8,34
11.11.2017,6,20,8,34
12.11.2017,6,20,8,34
13.11.2017,6,18,6,30
14.11.2017,6,19,6,31
15.11.2017,6,19,4,29
16.11.2017,6,19,4,29
17.11.2017,6,18,4,28
18.11.2017,7,17,5,29
19.11.2017,7,17,5,29
20.11.2017,7,16,5,28
21.11.2017,7,17,5,29
22.11.2017,7,17,5,29
23.11.2017,6,18,6,30
24.11.2017,6,18,7,31
25.11.2017,6,18,5,29
26.11.2017,6,18,5,29
27.11.2017,6,17,8,31
28.11.2017,6,16,8,30
29.11.2017,6,15,10,31
30.11.2017,6,15,10,31
01.12.2017,6,16,9,31
02.12.2017,6,16,9,31
03.12.2017,6,16,9,31
04.12.2017,4,18,9,31
05.12.2017,4,18,10,32
06.12.2017,4,18,10,32
07.12.2017,4,18,10,32
08.12.2017,4,18,11,33
09.12.2017,4,18,13,35
10.12.2017,4,21,12,37
11.12.2017,4,21,12,37
12.12.2017,5,20,13,38
13.12.2017,5,21,13,39
14.12.2017,5,23,12,40
15.12.2017,5,22,13,40
16.12.2017,5,23,12,40
17.12.2017,5,24,12,41
18.12.2017,4,24,12,40
19.12.2017,4,23,13,40
20.12.2017,4,23,15,42
21.12.2017,4,23,15,42
22.12.2017,4,24,13,41
23.12.2017,4,24,13,41
24.12.2017,4,24,13,41
25.12.2017,4,24,11,39
26.12.2017,4,24,12,40
27.12.2017,4,25,11,40
28.12.2017,4,25,12,41
29.12.2017,4,24,12,40
30.12.2017,4,24,12,40
31.12.2017,4,23,12,39
01.01.2018,5,21,12,38
02.01.2018,5,21,13,39
03.01.2018,5,21,13,39
04.01.2018,5,23,13,41
05.01.2018,5,24,12,41
06.01.2018,5,25,11,41
07.01.2018,5,25,10,40
08.01.2018,4,26,10,40
09.01.2018,4,25,10,39
10.01.2018,4,26,7,37
11.01.2018,4,23,8,35
12.01.2018,4,23,7,34
13.01.2018,4,23,8,35
14.01.2018,4,22,8,34
15.01.2018,3,24,11,38
16.01.2018,3,25,10,38
17.01.2018,3,25,10,38
18.01.2018,3,25,11,39
19.01.2018,3,25,11,39
20.01.2018,3,25,10,38
21.01.2018,3,25,12,40
22.01.2018,3,25,11,39
23.01.2018,4,23,10,37
24.01.2018,5,21,10,36
25.01.2018,4,22,13,39
26.01.2018,4,23,13,40
27.01.2018,4,24,12,40
28.01.2018,4,23,12,39
29.01.2018,5,22,12,39
30.01.2018,5,21,12,38
31.01.2018,5,21,10,36
01.02.2018,4,20,10,34
02.02.2018,4,20,10,34
03.02.2018,4,20,10,34
04.02.2018,4,19,10,33
05.02.2018,5,20,11,36
06.02.2018,5,22,10,37
07.02.2018,5,22,13,40
08.02.2018,5,24,11,40
09.02.2018,5,26,9,40
10.02.2018,5,26,9,40
11.02.2018,5,25,9,39
12.02.2018,5,25,10,40
13.02.2018,5,25,12,42
14.02.2018,5,25,14,44
15.02.2018,5,26,14,45
16.02.2018,5,26,14,45
17.02.2018,6,26,13,45
18.02.2018,6,26,12,44
19.02.2018,6,28,11,45
20.02.2018,6,28,9,43
21.02.2018,6,27,11,44
22.02.2018,5,27,11,43
23.02.2018,6,26,12,44
24.02.2018,7,26,12,45
25.02.2018,7,26,12,45
26.02.2018,8,25,13,46
27.02.2018,7,27,15,49
28.02.2018,7,27,16,50
01.03.2018,7,29,17,53
02.03.2018,7,31,17,55
03.03.2018,7,33,16,56
04.03.2018,7,34,16,57
05.03.2018,7,34,16,57
06.03.2018,8,32,18,58
07.03.2018,8,34,15,57
08.03.2018,7,34,16,57
09.03.2018,9,31,17,57
10.03.2018,9,32,17,58
11.03.2018,9,32,17,58
12.03.2018,8,34,18,60
13.03.2018,8,35,16,59
14.03.2018,8,35,15,58
15.03.2018,9,34,15,58
16.03.2018,9,34,15,58
17.03.2018,9,35,14,58
18.03.2018,9,35,14,58
19.03.2018,10,33,14,57
20.03.2018,10,32,15,57
21.03.2018,10,31,12,53
22.03.2018,10,31,13,54
23.03.2018,10,31,10,51
24.03.2018,10,31,11,52
25.03.2018,10,31,11,52
26.03.2018,10,32,11,53
27.03.2018,10,32,11,53
28.03.2018,10,34,11,55
29.03.2018,9,35,12,56
30.03.2018,9,35,11,55
31.03.2018,9,38,8,55
01.04.2018,9,38,7,54
02.04.2018,8,39,8,55
03.04.2018,9,38,7,54
04.04.2018,9,35,7,51
05.04.2018,8,36,8,52
06.04.2018,10,36,6,52
07.04.2018,12,34,7,53
08.04.2018,12,34,7,53
09.04.2018,12,34,8,54
10.04.2018,13,31,8,52
11.04.2018,14,30,10,54
12.04.2018,14,30,11,55
13.04.2018,14,32,13,59
14.04.2018,14,33,13,60
15.04.2018,14,32,13,59
16.04.2018,14,36,12,62
17.04.2018,12,37,12,61
18.04.2018,12,37,13,62
19.04.2018,12,37,18,67
20.04.2018,13,36,18,67
21.04.2018,13,37,16,66
22.04.2018,13,38,15,66
23.04.2018,13,37,15,65
24.04.2018,13,37,17,67
25.04.2018,13,38,18,69
26.04.2018,13,37,18,68
27.04.2018,14,35,18,67
28.04.2018,14,34,18,66
29.04.2018,14,35,17,66
30.04.2018,13,36,20,69
01.05.2018,13,35,20,68
02.05.2018,14,36,20,70
03.05.2018,13,40,18,71
04.05.2018,15,38,17,70
05.05.2018,15,38,18,71
06.05.2018,15,39,19,73
07.05.2018,16,40,16,72
08.05.2018,16,39,17,72
09.05.2018,16,42,15,73
10.05.2018,16,43,17,76
11.05.2018,15,46,16,77
12.05.2018,15,45,18,78
13.05.2018,15,45,19,79
14.05.2018,16,42,18,76
15.05.2018,15,45,20,80
16.05.2018,14,44,17,75
17.05.2018,14,44,17,75
18.05.2018,14,42,16,72
19.05.2018,15,41,17,73
20.05.2018,16,40,18,74
21.05.2018,16,37,19,72
22.05.2018,14,41,18,73
23.05.2018,14,43,16,73
24.05.2018,14,44,15,73
25.05.2018,14,44,15,73
26.05.2018,14,44,16,74
27.05.2018,14,44,18,76
28.05.2018,14,41,18,73
29.05.2018,15,42,17,74
30.05.2018,16,41,20,77
31.05.2018,16,40,20,76
01.06.2018,16,40,21,77
02.06.2018,16,42,20,78
03.06.2018,17,40,19,76
04.06.2018,17,40,20,77
05.06.2018,16,41,22,79
06.06.2018,17,40,23,80
07.06.2018,15,40,23,78
08.06.2018,15,38,22,75
09.06.2018,15,38,20,73
10.06.2018,17,35,21,73
11.06.2018,17,35,24,76
12.06.2018,17,35,23,75
13.06.2018,15,39,23,77
14.06.2018,15,39,23,77
15.06.2018,16,38,25,79
16.06.2018,18,35,26,79
17.06.2018,19,36,24,79
18.06.2018,18,38,21,77
19.06.2018,16,43,19,78
20.06.2018,16,42,22,80
21.06.2018,16,43,25,84
22.06.2018,17,41,25,83
23.06.2018,17,41,25,83
24.06.2018,17,40,24,81
25.06.2018,17,40,24,81
26.06.2018,16,39,25,80
27.06.2018,16,37,21,74
28.06.2018,16,37,21,74
29.06.2018,15,40,21,76
30.06.2018,15,40,21,76
01.07.2018,15,41,21,77
02.07.2018,15,42,19,76
03.07.2018,14,41,18,73
04.07.2018,15,41,20,76
05.07.2018,14,43,18,75
06.07.2018,15,41,18,74
07.07.2018,15,41,19,75
08.07.2018,17,40,18,75
09.07.2018,18,39,19,76
10.07.2018,19,38,22,79
11.07.2018,16,42,22,80
12.07.2018,15,43,21,79
13.07.2018,16,46,19,81
14.07.2018,16,45,21,82
15.07.2018,16,44,23,83
16.07.2018,17,42,26,85
17.07.2018,15,46,23,84
18.07.2018,14,48,21,83
19.07.2018,14,49,17,80
20.07.2018,15,49,19,83
21.07.2018,15,49,21,85
22.07.2018,14,50,21,85
23.07.2018,14,49,21,84
24.07.2018,15,48,21,84
25.07.2018,16,47,22,85
26.07.2018,16,45,24,85
27.07.2018,16,45,25,86
28.07.2018,16,44,25,85
29.07.2018,16,45,24,85
30.07.2018,17,43,24,84
31.07.2018,17,45,24,86
01.08.2018,18,44,24,86
02.08.2018,17,45,25,87
03.08.2018,19,43,25,87
04.08.2018,20,42,24,86
05.08.2018,19,42,24,85
06.08.2018,20,41,24,85
07.08.2018,19,42,23,84
08.08.2018,18,45,24,87
09.08.2018,19,44,25,88
10.08.2018,20,42,25,87
11.08.2018,21,41,24,86
12.08.2018,21,40,22,83
13.08.2018,22,38,22,82
14.08.2018,20,37,20,77
15.08.2018,20,35,20,75
16.08.2018,20,32,20,72
17.08.2018,20,31,18,69
18.08.2018,21,31,21,73
19.08.2018,21,33,20,74
20.08.2018,21,35,19,75
21.08.2018,19,37,21,77
22.08.2018,20,36,23,79
23.08.2018,21,37,23,81
24.08.2018,22,38,21,81
25.08.2018,22,41,18,81
26.08.2018,22,42,18,82
27.08.2018,21,43,19,83
28.08.2018,22,43,18,83
29.08.2018,22,42,20,84
30.08.2018,23,41,18,82
31.08.2018,25,40,17,82
01.09.2018,25,41,16,82
02.09.2018,24,41,17,82
03.09.2018,24,42,16,82
04.09.2018,22,43,15,80
05.09.2018,22,42,17,81
06.09.2018,22,42,16,80
07.09.2018,23,41,14,78
08.09.2018,23,42,15,80
09.09.2018,22,42,16,80
10.09.2018,21,43,15,79
11.09.2018,20,44,16,80
12.09.2018,21,44,22,87
13.09.2018,21,46,21,88
14.09.2018,21,47,22,90
15.09.2018,22,45,19,86
16.09.2018,22,45,19,86
17.09.2018,22,46,19,87
18.09.2018,22,46,19,87
19.09.2018,22,47,15,84
20.09.2018,21,46,16,83
21.09.2018,21,48,13,82
22.09.2018,21,45,13,79
23.09.2018,21,44,14,79
24.09.2018,21,44,16,81
25.09.2018,21,43,19,83
26.09.2018,20,47,20,87
27.09.2018,20,48,20,88
28.09.2018,21,47,17,85
29.09.2018,21,47,17,85
30.09.2018,20,48,19,87
01.10.2018,20,48,21,89
02.10.2018,19,50,20,89
03.10.2018,19,49,23,91
04.10.2018,19,49,23,91
05.10.2018,19,49,26,94
06.10.2018,20,51,22,93
07.10.2018,21,51,21,93
08.10.2018,21,49,22,92
09.10.2018,20,51,22,93
10.10.2018,21,49,23,93
11.10.2018,21,51,22,94
12.10.2018,21,53,22,96
13.10.2018,20,53,22,95
14.10.2018,20,54,22,96
15.10.2018,20,55,22,97
16.10.2018,20,55,21,96
17.10.2018,20,57,23,100
18.10.2018,18,57,23,98
19.10.2018,19,58,24,101
20.10.2018,19,58,24,101
21.10.2018,19,58,25,102
22.10.2018,19,59,22,100
23.10.2018,19,58,21,98
24.10.2018,19,58,21,98
25.10.2018,19,56,22,97
26.10.2018,19,54,22,95
27.10.2018,20,53,22,95
28.10.2018,20,52,21,93
29.10.2018,19,53,20,92
30.10.2018,19,54,20,93
31.10.2018,20,52,20,92
01.11.2018,20,51,21,92
02.11.2018,20,52,20,92
03.11.2018,19,51,20,90
04.11.2018,19,50,20,89
05.11.2018,19,47,18,84
06.11.2018,19,49,18,86
07.11.2018,19,51,19,89
08.11.2018,19,52,21,92
09.11.2018,19,52,21,92
10.11.2018,19,51,22,92
11.11.2018,19,50,23,92
12.11.2018,19,49,23,91
13.11.2018,21,46,23,90
14.11.2018,23,44,21,88
15.11.2018,23,44,21,88
16.11.2018,22,45,18,85
17.11.2018,23,46,18,87
18.11.2018,24,45,17,86
19.11.2018,25,45,17,87
20.11.2018,25,45,17,87
21.11.2018,26,43,16,85
22.11.2018,27,42,16,85
23.11.2018,27,43,16,86
24.11.2018,27,45,15,87
25.11.2018,27,43,15,85
26.11.2018,24,48,17,89
27.11.2018,24,49,18,91
28.11.2018,25,45,16,86
29.11.2018,26,44,18,88
30.11.2018,26,47,19,92
01.12.2018,25,47,20,92
02.12.2018,26,46,20,92
03.12.2018,27,47,21,95
04.12.2018,28,46,20,94
05.12.2018,27,48,18,93
06.12.2018,27,47,19,93
07.12.2018,27,47,23,97
08.12.2018,27,49,25,101
09.12.2018,27,51,23,101
10.12.2018,28,50,26,104
11.12.2018,28,52,24,104
12.12.2018,28,52,23,103
13.12.2018,27,55,24,106
14.12.2018,26,56,25,107
15.12.2018,26,55,25,106
16.12.2018,27,54,26,107
17.12.2018,28,53,25,106
18.12.2018,28,54,25,107
19.12.2018,28,53,25,106
20.12.2018,27,56,28,111
21.12.2018,26,58,29,113
22.12.2018,26,57,30,113
23.12.2018,26,57,30,113
24.12.2018,23,58,29,110
25.12.2018,24,54,29,107
26.12.2018,26,51,30,107
27.12.2018,25,52,28,105
28.12.2018,27,49,27,103
29.12.2018,27,50,26,103
30.12.2018,27,50,26,103
31.12.2018,26,51,24,101
01.01.2019,27,49,24,100
02.01.2019,25,49,25,99
03.01.2019,25,51,25,101
04.01.2019,25,52,26,103
05.01.2019,25,52,24,101
06.01.2019,24,52,24,100
07.01.2019,24,51,20,95
08.01.2019,26,50,20,96
09.01.2019,26,49,20,95
10.01.2019,24,51,18,93
11.01.2019,23,52,17,92
12.01.2019,23,52,17,92
13.01.2019,24,51,17,92
14.01.2019,25,47,17,89
15.01.2019,25,47,17,89
16.01.2019,25,49,15,89
17.01.2019,25,46,12,83
18.01.2019,25,46,11,82
19.01.2019,25,46,10,81
20.01.2019,25,46,11,82
21.01.2019,25,46,13,84
22.01.2019,24,49,14,87
23.01.2019,24,50,14,88
24.01.2019,23,51,14,88
25.01.2019,23,53,14,90
26.01.2019,23,53,15,91
27.01.2019,23,51,16,90
28.01.2019,24,50,16,90
29.01.2019,25,51,16,92
30.01.2019,24,52,18,94
31.01.2019,23,53,17,93
01.02.2019,23,54,16,93
02.02.2019,22,56,15,93
03.02.2019,22,55,15,92
04.02.2019,21,56,16,93
05.02.2019,21,57,18,96
06.02.2019,21,59,16,96
07.02.2019,21,61,14,96
08.02.2019,21,65,13,99
09.02.2019,21,66,14,101
10.02.2019,22,67,14,103
11.02.2019,23,65,14,102
12.02.2019,23,66,13,102
13.02.2019,22,64,13,99
14.02.2019,22,61,13,96
15.02.2019,24,60,13,97
16.02.2019,24,60,13,97
17.02.2019,23,59,12,94
18.02.2019,24,58,11,93
19.02.2019,23,60,11,94
20.02.2019,25,63,8,96
21.02.2019,25,64,8,97
22.02.2019,24,63,9,96
23.02.2019,24,63,8,95
24.02.2019,25,63,9,97
25.02.2019,28,60,9,97
26.02.2019,27,60,7,94
27.02.2019,27,59,6,92
28.02.2019,25,61,7,93
01.03.2019,24,62,7,93
02.03.2019,23,63,8,94
03.03.2019,23,62,11,96
04.03.2019,22,62,12,96
05.03.2019,22,63,14,99
06.03.2019,22,63,12,97
07.03.2019,20,65,13,98
08.03.2019,19,67,11,97
09.03.2019,18,67,11,96
10.03.2019,20,63,13,96
11.03.2019,21,63,14,98
12.03.2019,22,65,16,103
13.03.2019,22,65,14,101
14.03.2019,21,64,14,99
15.03.2019,23,62,15,100
16.03.2019,24,61,18,103
17.03.2019,24,63,17,104
18.03.2019,24,63,16,103
19.03.2019,24,64,15,103
20.03.2019,27,61,14,102
21.03.2019,26,60,13,99
22.03.2019,26,60,15,101
23.03.2019,26,61,15,102
24.03.2019,26,61,15,102
25.03.2019,27,57,15,99
26.03.2019,27,57,17,101
27.03.2019,28,54,17,99
28.03.2019,26,57,15,98
29.03.2019,25,58,14,97
30.03.2019,24,59,13,96
31.03.2019,24,61,11,96
01.04.2019,25,60,12,97
02.04.2019,25,62,10,97
03.04.2019,26,61,10,97
04.04.2019,26,60,12,98
05.04.2019,26,60,10,96
06.04.2019,26,60,11,97
07.04.2019,26,61,14,101
08.04.2019,26,62,13,101
09.04.2019,27,60,10,97
10.04.2019,26,57,11,94
11.04.2019,26,56,14,96
12.04.2019,26,58,13,97
13.04.2019,26,58,11,95
14.04.2019,26,59,11,96
15.04.2019,26,56,11,93
16.04.2019,26,53,11,90
17.04.2019,26,54,11,91
18.04.2019,26,54,11,91
19.04.2019,26,52,11,89
20.04.2019,26,53,10,89
21.04.2019,26,53,10,89
22.04.2019,26,53,9,88
23.04.2019,25,52,13,90
24.04.2019,27,45,14,86
25.04.2019,27,45,14,86
26.04.2019,26,44,13,83
27.04.2019,25,45,13,83
28.04.2019,25,45,12,82
29.04.2019,25,45,12,82
30.04.2019,25,46,16,87
01.05.2019,26,48,14,88
02.05.2019,26,50,15,91
03.05.2019,27,48,16,91
04.05.2019,27,49,17,93
05.05.2019,27,49,15,91
06.05.2019,27,48,17,92
07.05.2019,28,47,17,92
08.05.2019,28,50,17,95
09.05.2019,28,51,16,95
10.05.2019,27,53,16,96
11.05.2019,27,54,16,97
12.05.2019,27,53,16,96
13.05.2019,26,54,16,96
14.05.2019,29,53,17,99
15.05.2019,29,54,18,101
16.05.2019,29,54,22,105
17.05.2019,29,58,20,107
18.05.2019,29,58,21,108
19.05.2019,30,59,19,108
20.05.2019,30,56,19,105
21.05.2019,29,53,18,100
22.05.2019,29,52,19,100
23.05.2019,29,52,20,101
24.05.2019,30,52,21,103
25.05.2019,30,52,22,104
26.05.2019,30,52,22,104
27.05.2019,29,52,22,103
28.05.2019,29,52,19,100
29.05.2019,28,54,19,101
30.05.2019,29,52,21,102
31.05.2019,28,50,20,98
01.06.2019,29,50,20,99
02.06.2019,29,50,19,98
03.06.2019,29,49,20,98
04.06.2019,31,48,19,98
05.06.2019,30,50,18,98
06.06.2019,31,52,19,102
07.06.2019,30,53,18,101
08.06.2019,30,54,18,102
09.06.2019,30,54,18,102
10.06.2019,29,56,18,103
11.06.2019,32,55,21,108
12.06.2019,32,58,19,109
13.06.2019,31,58,19,108
14.06.2019,29,58,19,106
15.06.2019,29,59,20,108
16.06.2019,31,57,20,108
17.06.2019,29,60,21,110
18.06.2019,28,61,18,107
19.06.2019,28,64,22,114
20.06.2019,28,65,19,112
21.06.2019,28,65,18,111
22.06.2019,28,65,17,110
23.06.2019,29,63,18,110
24.06.2019,29,65,23,117
25.06.2019,29,67,24,120
26.06.2019,27,73,23,123
27.06.2019,28,73,23,124
28.06.2019,28,72,24,124
29.06.2019,28,72,23,123
30.06.2019,28,73,23,124
01.07.2019,28,73,24,125
02.07.2019,26,75,26,127
03.07.2019,26,76,25,127
04.07.2019,28,72,21,121
05.07.2019,27,71,19,117
06.07.2019,25,73,19,117
07.07.2019,25,73,20,118
08.07.2019,25,76,20,121
09.07.2019,25,77,19,121
10.07.2019,27,76,17,120
11.07.2019,26,78,21,125
12.07.2019,27,75,20,122
13.07.2019,27,76,18,121
14.07.2019,28,76,18,122
15.07.2019,28,75,18,121
16.07.2019,28,76,18,122
17.07.2019,28,72,15,115
18.07.2019,26,73,17,116
19.07.2019,26,72,18,116
20.07.2019,26,73,19,118
21.07.2019,28,71,19,118
22.07.2019,29,69,17,115
23.07.2019,29,70,15,114
24.07.2019,27,73,15,115
25.07.2019,26,73,15,114
26.07.2019,26,75,13,114
27.07.2019,26,74,13,113
28.07.2019,26,72,13,111
29.07.2019,27,72,12,111
30.07.2019,28,70,12,110
31.07.2019,29,69,12,110
01.08.2019,31,65,13,109
02.08.2019,34,63,13,110
03.08.2019,32,64,13,109
04.08.2019,32,63,14,109
05.08.2019,30,66,15,111
06.08.2019,31,65,16,112
07.08.2019,31,62,17,110
08.08.2019,29,65,15,109
09.08.2019,31,64,16,111
10.08.2019,31,65,15,111
11.08.2019,31,64,15,110
12.08.2019,31,64,19,114
13.08.2019,30,67,17,114
14.08.2019,31,64,17,112
15.08.2019,28,67,18,113
16.08.2019,29,67,17,113
17.08.2019,29,67,16,112
18.08.2019,30,66,16,112
19.08.2019,30,67,15,112
20.08.2019,29,68,19,116
21.08.2019,30,65,20,115
22.08.2019,30,65,21,116
23.08.2019,29,65,23,117
24.08.2019,30,64,23,117
25.08.2019,31,63,24,118
26.08.2019,30,64,23,117
27.08.2019,32,63,26,121
28.08.2019,32,65,29,126
29.08.2019,34,69,24,127
30.08.2019,35,68,29,132
31.08.2019,32,72,28,132
01.09.2019,31,74,27,132
02.09.2019,30,74,27,131
03.09.2019,29,79,24,132
04.09.2019,29,79,25,133
05.09.2019,33,75,24,132
06.09.2019,34,75,25,134
07.09.2019,35,73,25,133
08.09.2019,35,73,25,133
09.09.2019,36,74,24,134
10.09.2019,35,77,23,135
11.09.2019,35,75,23,133
12.09.2019,36,73,25,134
13.09.2019,36,73,27,136
14.09.2019,35,75,26,136
15.09.2019,34,76,26,136
16.09.2019,35,77,26,138
17.09.2019,36,77,22,135
18.09.2019,37,75,23,135
19.09.2019,35,77,22,134
20.09.2019,36,74,21,131
21.09.2019,36,73,23,132
22.09.2019,37,72,22,131
23.09.2019,37,71,23,131
24.09.2019,37,72,22,131
25.09.2019,37,72,21,130
26.09.2019,41,63,25,129
27.09.2019,40,65,21,126
28.09.2019,40,66,19,125
29.09.2019,40,66,19,125
30.09.2019,40,66,20,126
01.10.2019,39,63,22,124
02.10.2019,38,63,21,122
03.10.2019,40,63,19,122
04.10.2019,40,68,19,127
05.10.2019,40,68,19,127
06.10.2019,40,67,20,127
07.10.2019,39,70,17,126
08.10.2019,37,73,17,127
09.10.2019,37,71,18,126
10.10.2019,39,68,20,127
11.10.2019,38,71,15,124
12.10.2019,39,68,15,122
13.10.2019,38,68,16,122
14.10.2019,38,66,14,118
15.10.2019,38,63,17,118
16.10.2019,38,64,16,118
17.10.2019,39,62,18,119
18.10.2019,39,62,17,118
19.10.2019,39,62,16,117
20.10.2019,39,63,15,117
21.10.2019,40,63,15,118
22.10.2019,38,63,14,115
23.10.2019,38,62,14,114
24.10.2019,39,61,13,113
25.10.2019,40,61,14,115
26.10.2019,40,63,14,117
27.10.2019,40,62,14,116
28.10.2019,41,59,14,114
29.10.2019,40,60,14,114
30.10.2019,40,58,14,112
31.10.2019,42,58,15,115
01.11.2019,45,55,12,112
02.11.2019,45,55,12,112
03.11.2019,45,56,13,114
04.11.2019,41,62,12,115
05.11.2019,42,60,15,117
06.11.2019,40,61,12,113
07.11.2019,41,61,12,114
08.11.2019,40,59,14,113
09.11.2019,41,58,14,113
10.11.2019,40,59,13,112
11.11.2019,40,60,13,113
12.11.2019,42,60,12,114
13.11.2019,44,58,13,115
14.11.2019,45,59,12,116
15.11.2019,45,57,13,115
16.11.2019,46,55,14,115
17.11.2019,46,53,15,114
18.11.2019,46,51,18,115
19.11.2019,44,52,19,115
20.11.2019,43,55,21,119
21.11.2019,44,55,22,121
22.11.2019,43,58,23,124
23.11.2019,43,57,23,123
24.11.2019,43,56,23,122
25.11.2019,44,53,23,120
26.11.2019,44,52,21,117
27.11.2019,43,55,23,121
28.11.2019,42,58,23,123
29.11.2019,40,58,24,122
30.11.2019,40,58,24,122
01.12.2019,41,55,25,121
02.12.2019,41,55,26,122
03.12.2019,41,58,25,124
04.12.2019,40,58,26,124
05.12.2019,42,53,28,123
06.12.2019,42,54,28,124
07.12.2019,42,55,29,126
08.12.2019,42,55,29,126
09.12.2019,41,54,28,123
10.12.2019,42,52,28,122
11.12.2019,43,53,27,123
12.12.2019,43,52,27,122
13.12.2019,43,54,27,124
14.12.2019,44,53,26,123
15.12.2019,44,52,26,122
16.12.2019,43,54,25,122
17.12.2019,42,58,22,122
18.12.2019,41,57,20,118
19.12.2019,41,56,20,117
20.12.2019,42,57,20,119
21.12.2019,43,56,18,117
22.12.2019,44,55,19,118
23.12.2019,43,55,19,117
24.12.2019,43,55,19,117
25.12.2019,43,54,17,114
26.12.2019,41,56,16,113
27.12.2019,43,55,15,113
28.12.2019,43,55,14,112
29.12.2019,43,55,14,112
30.12.2019,44,53,14,111
31.12.2019,44,51,12,107
01.01.2020,42,50,12,104
02.01.2020,45,47,10,102
03.01.2020,46,44,10,100
04.01.2020,46,44,10,100
05.01.2020,46,45,9,100
06.01.2020,45,49,10,104
07.01.2020,45,49,9,103
08.01.2020,43,49,12,104
09.01.2020,45,50,13,108
10.01.2020,46,45,13,104
11.01.2020,47,43,13,103
12.01.2020,47,43,13,103
13.01.2020,46,43,15,104
14.01.2020,45,45,14,104
15.01.2020,45,48,15,108
16.01.2020,39,53,14,106
17.01.2020,41,51,15,107
18.01.2020,42,48,14,104
19.01.2020,41,49,15,105
20.01.2020,43,51,14,108
21.01.2020,44,49,15,108
22.01.2020,44,52,16,112
23.01.2020,37,59,18,114
24.01.2020,37,62,16,115
25.01.2020,37,62,16,115
26.01.2020,36,62,20,118
27.01.2020,36,63,20,119
28.01.2020,36,63,22,121
29.01.2020,36,67,19,122
30.01.2020,39,63,20,122
31.01.2020,40,63,21,124
01.02.2020,40,65,19,124
02.02.2020,41,64,19,124
03.02.2020,37,67,17,121
04.02.2020,36,71,17,124
05.02.2020,39,68,15,122
06.02.2020,36,69,19,124
07.02.2020,35,72,21,128
08.02.2020,37,71,21,129
09.02.2020,37,70,22,129
10.02.2020,38,69,23,130
11.02.2020,38,66,23,127
12.02.2020,38,68,23,129
13.02.2020,37,74,21,132
14.02.2020,38,73,21,132
15.02.2020,38,73,20,131
16.02.2020,38,73,21,132
17.02.2020,36,76,20,132
18.02.2020,39,74,19,132
19.02.2020,37,76,18,131
20.02.2020,35,79,17,131
21.02.2020,37,76,21,134
22.02.2020,37,77,22,136
23.02.2020,37,76,24,137
24.02.2020,36,80,23,139
25.02.2020,36,80,26,142
26.02.2020,38,79,29,146
27.02.2020,41,75,33,149
28.02.2020,42,74,33,149
29.02.2020,44,72,33,149
01.03.2020,44,72,34,150
02.03.2020,45,72,35,152
03.03.2020,43,72,38,153
04.03.2020,44,71,39,154
05.03.2020,43,73,35,151
06.03.2020,43,71,35,149
07.03.2020,44,70,34,148
08.03.2020,44,70,35,149
09.03.2020,44,68,37,149
10.03.2020,43,71,38,152
11.03.2020,43,72,37,152
12.03.2020,42,73,35,150
13.03.2020,42,75,32,149
14.03.2020,43,74,33,150
15.03.2020,43,74,33,150
16.03.2020,45,73,32,150
17.03.2020,48,69,35,152
18.03.2020,46,69,35,150
19.03.2020,47,70,35,152
20.03.2020,46,69,35,150
21.03.2020,47,67,33,147
22.03.2020,49,65,32,146
23.03.2020,51,64,32,147
24.03.2020,53,62,33,148
25.03.2020,53,62,32,147
26.03.2020,53,63,29,145
27.03.2020,53,64,30,147
28.03.2020,53,65,30,148
29.03.2020,52,66,30,148
30.03.2020,52,69,27,148
31.03.2020,51,70,26,147
01.04.2020,52,69,27,148
02.04.2020,54,68,29,151
03.04.2020,53,68,29,150
04.04.2020,52,70,30,152
05.04.2020,52,70,33,155
06.04.2020,52,72,38,162
07.04.2020,49,77,41,167
08.04.2020,49,78,42,169
09.04.2020,48,77,42,167
10.04.2020,49,76,42,167
11.04.2020,49,75,41,165
12.04.2020,50,75,40,165
13.04.2020,49,78,41,168
14.04.2020,51,78,39,168
15.04.2020,48,80,37,165
16.04.2020,47,79,40,166
17.04.2020,47,82,37,166
18.04.2020,47,82,37,166
19.04.2020,50,80,37,167
20.04.2020,52,78,37,167
21.04.2020,53,77,36,166
22.04.2020,53,77,35,165
23.04.2020,54,77,36,167
24.04.2020,55,76,35,166
25.04.2020,55,76,36,167
26.04.2020,54,77,36,167
27.04.2020,52,78,35,165
28.04.2020,52,79,34,165
29.04.2020,52,78,36,166
30.04.2020,54,72,35,161
01.05.2020,53,74,33,160
02.05.2020,52,73,32,157
03.05.2020,51,74,33,158
04.05.2020,50,76,28,154
05.05.2020,49,73,23,145
06.05.2020,50,70,24,144
07.05.2020,51,66,28,145
08.05.2020,50,66,24,140
09.05.2020,50,67,26,143
10.05.2020,52,67,25,144
11.05.2020,51,68,23,142
12.05.2020,52,64,24,140
13.05.2020,52,65,25,142
14.05.2020,52,66,24,142
15.05.2020,51,67,24,142
16.05.2020,50,67,25,142
17.05.2020,52,66,26,144
18.05.2020,51,65,29,145
19.05.2020,52,61,29,142
20.05.2020,50,59,32,141
21.05.2020,50,62,30,142
22.05.2020,50,62,32,144
23.05.2020,50,62,29,141
24.05.2020,49,63,29,141
25.05.2020,48,65,31,144
26.05.2020,49,63,31,143
27.05.2020,48,67,28,143
28.05.2020,49,66,31,146
29.05.2020,47,68,39,154
30.05.2020,46,75,36,157
31.05.2020,46,75,33,154
01.06.2020,47,74,32,153
02.06.2020,45,74,31,150
03.06.2020,47,71,32,150
04.06.2020,51,66,30,147
05.06.2020,48,66,34,148
06.06.2020,47,67,34,148
07.06.2020,51,64,35,150
08.06.2020,49,65,38,152
09.06.2020,50,64,36,150
10.06.2020,48,69,35,152
11.06.2020,50,65,34,149
12.06.2020,49,69,34,152
13.06.2020,48,72,32,152
14.06.2020,49,72,30,151
15.06.2020,50,72,29,151
16.06.2020,50,74,29,153
17.06.2020,49,74,27,150
18.06.2020,47,73,25,145
19.06.2020,47,71,24,142
20.06.2020,47,70,27,144
21.06.2020,48,69,28,145
22.06.2020,49,69,32,150
23.06.2020,52,69,32,153
24.06.2020,50,70,34,154
25.06.2020,49,73,29,151
26.06.2020,49,73,27,149
27.06.2020,50,71,27,148
28.06.2020,49,72,28,149
29.06.2020,51,69,30,150
30.06.2020,50,71,29,150
01.07.2020,50,70,28,148
02.07.2020,51,68,30,149
03.07.2020,48,70,30,148
04.07.2020,48,69,29,146
05.07.2020,49,69,29,147
06.07.2020,48,74,23,145
07.07.2020,46,77,23,146
08.07.2020,49,72,22,143
09.07.2020,51,70,22,143
10.07.2020,51,71,21,143
11.07.2020,50,73,20,143
12.07.2020,50,72,19,141
13.07.2020,50,73,18,141
14.07.2020,50,71,18,139
15.07.2020,51,71,18,140
16.07.2020,48,74,18,140
17.07.2020,48,76,21,145
18.07.2020,50,75,22,147
19.07.2020,51,73,22,146
20.07.2020,52,74,18,144
21.07.2020,56,68,17,141
22.07.2020,56,69,18,143
23.07.2020,55,70,20,145
24.07.2020,55,72,20,147
25.07.2020,51,76,20,147
26.07.2020,51,77,21,149
27.07.2020,51,77,24,152
28.07.2020,51,82,22,155
29.07.2020,50,84,24,158
30.07.2020,49,85,27,161
31.07.2020,48,85,28,161
01.08.2020,49,84,27,160
02.08.2020,49,86,27,162
03.08.2020,49,88,30,167
04.08.2020,51,89,30,170
05.08.2020,51,89,31,171
06.08.2020,52,88,33,173
07.08.2020,54,86,33,173
08.08.2020,55,84,35,174
09.08.2020,55,86,34,175
10.08.2020,54,88,35,177
11.08.2020,54,92,32,178
12.08.2020,52,92,32,176
13.08.2020,50,93,32,175
14.08.2020,49,96,35,180
15.08.2020,52,94,35,181
16.08.2020,53,94,34,181
17.08.2020,54,94,35,183
18.08.2020,55,91,38,184
19.08.2020,56,93,35,184
20.08.2020,56,93,36,185
21.08.2020,55,97,36,188
22.08.2020,50,103,41,194
23.08.2020,50,103,41,194
24.08.2020,52,101,43,196
25.08.2020,52,100,39,191
26.08.2020,52,101,41,194
27.08.2020,52,101,43,196
28.08.2020,53,104,45,202
29.08.2020,54,106,44,204
30.08.2020,54,106,43,203
31.08.2020,54,105,46,205
01.09.2020,55,105,45,205
02.09.2020,54,105,50,209
03.09.2020,52,110,50,212
04.09.2020,55,106,49,210
05.09.2020,56,104,51,211
06.09.2020,55,105,52,212
07.09.2020,55,101,53,209
08.09.2020,56,102,54,212
09.09.2020,55,108,63,226
10.09.2020,55,105,64,224
11.09.2020,56,104,63,223
12.09.2020,57,108,59,224
13.09.2020,58,110,59,227
14.09.2020,56,113,62,231
15.09.2020,55,114,59,228
16.09.2020,55,115,58,228
17.09.2020,55,114,59,228
18.09.2020,57,114,58,229
19.09.2020,57,115,53,225
20.09.2020,56,117,57,230
21.09.2020,56,118,52,226
22.09.2020,53,119,52,224
23.09.2020,52,120,53,225
24.09.2020,56,118,50,224
25.09.2020,58,119,45,222
26.09.2020,59,116,45,220
27.09.2020,58,118,47,223
28.09.2020,55,122,47,224
29.09.2020,55,124,53,232
30.09.2020,53,123,54,230
01.10.2020,52,129,49,230
02.10.2020,53,130,52,235
03.10.2020,52,132,53,237
04.10.2020,52,131,54,237
05.10.2020,53,135,59,247
06.10.2020,54,135,60,249
07.10.2020,52,141,58,251
08.10.2020,52,143,63,258
09.10.2020,55,140,65,260
10.10.2020,58,139,63,260
11.10.2020,59,141,60,260
12.10.2020,62,140,59,261
13.10.2020,61,144,55,260
14.10.2020,64,141,59,264
15.10.2020,64,138,62,264
16.10.2020,67,134,59,260
17.10.2020,67,136,58,261
18.10.2020,66,137,59,262
19.10.2020,66,136,60,262
20.10.2020,65,146,58,269
21.10.2020,64,151,61,276
22.10.2020,65,150,61,276
23.10.2020,68,148,60,276
24.10.2020,68,149,61,278
25.10.2020,68,148,64,280
26.10.2020,69,149,60,278
27.10.2020,67,152,56,275
28.10.2020,67,153,62,282
29.10.2020,70,152,59,281
30.10.2020,71,155,57,283
31.10.2020,71,155,60,286
01.11.2020,71,156,62,289
02.11.2020,71,162,56,289
03.11.2020,70,161,59,290
04.11.2020,70,161,62,293
05.11.2020,71,162,59,292
06.11.2020,72,162,61,295
07.11.2020,73,162,61,296
08.11.2020,74,161,65,300
09.11.2020,75,160,68,303
10.11.2020,78,164,66,308
11.11.2020,78,162,65,305
12.11.2020,76,166,68,310
13.11.2020,72,175,73,320
14.11.2020,74,178,79,331
15.11.2020,73,183,86,342
16.11.2020,74,187,84,345
17.11.2020,74,186,86,346
18.11.2020,75,185,80,340
19.11.2020,77,174,81,332
20.11.2020,74,176,80,330
21.11.2020,75,175,81,331
22.11.2020,76,178,78,332
23.11.2020,75,178,81,334
24.11.2020,75,179,76,330
25.11.2020,76,178,73,327
26.11.2020,79,173,74,326
27.11.2020,84,166,75,325
28.11.2020,85,165,76,326
29.11.2020,82,168,73,323
30.11.2020,83,164,71,318
01.12.2020,81,167,74,322
02.12.2020,81,175,65,321
03.12.2020,82,171,69,322
04.12.2020,82,172,72,326
05.12.2020,81,174,74,329
06.12.2020,80,178,76,334
07.12.2020,82,173,72,327
08.12.2020,86,169,69,324
09.12.2020,86,166,69,321
10.12.2020,84,166,66,316
11.12.2020,82,164,60,306
12.12.2020,80,157,51,288
13.12.2020,79,154,40,273
14.12.2020,79,150,42,271
15.12.2020,79,150,39,268
16.12.2020,75,147,40,262
17.12.2020,80,144,42,266
18.12.2020,76,150,41,267
19.12.2020,79,149,41,269
20.12.2020,79,149,40,268
21.12.2020,77,149,42,268
22.12.2020,78,145,45,268
23.12.2020,80,145,48,273
24.12.2020,81,146,46,273
25.12.2020,81,144,45,270
26.12.2020,82,143,45,270
27.12.2020,81,140,48,269
28.12.2020,81,140,44,265
29.12.2020,80,137,46,263
30.12.2020,84,132,45,261
31.12.2020,83,128,42,253
01.01.2021,83,128,41,252
02.01.2021,80,131,42,253
03.01.2021,81,128,38,247
04.01.2021,82,125,42,249
05.01.2021,87,123,42,252
06.01.2021,87,122,34,243
07.01.2021,86,124,37,247
08.01.2021,81,127,40,248
09.01.2021,82,125,41,248
10.01.2021,82,125,42,249
11.01.2021,77,130,47,254
12.01.2021,80,129,47,256
13.01.2021,78,127,47,252
14.01.2021,82,121,46,249
15.01.2021,82,119,46,247
16.01.2021,82,121,45,248
17.01.2021,81,119,44,244
18.01.2021,81,120,41,242
19.01.2021,80,124,40,244
20.01.2021,80,130,40,250
21.01.2021,78,129,45,252
22.01.2021,77,134,45,256
23.01.2021,77,133,47,257
24.01.2021,77,134,48,259
25.01.2021,86,130,50,266
26.01.2021,84,134,50,268
27.01.2021,84,131,52,267
28.01.2021,85,135,51,271
29.01.2021,85,137,53,275
30.01.2021,84,138,57,279
31.01.2021,82,139,57,278
01.02.2021,83,142,59,284
02.02.2021,86,137,57,280
03.02.2021,87,136,64,287
04.02.2021,88,135,73,296
05.02.2021,87,143,73,303
06.02.2021,86,140,75,301
07.02.2021,88,138,77,303
08.02.2021,84,147,74,305
09.02.2021,85,146,71,302
10.02.2021,84,149,73,306
11.02.2021,84,151,82,317
12.02.2021,86,151,85,322
13.02.2021,87,153,87,327
14.02.2021,85,158,87,330
15.02.2021,86,158,94,338
16.02.2021,86,167,87,340
17.02.2021,87,172,90,349
18.02.2021,88,177,90,355
19.02.2021,90,175,92,357
20.02.2021,89,181,86,356
21.02.2021,88,186,84,358
22.02.2021,91,182,88,361
23.02.2021,90,187,88,365
24.02.2021,91,195,89,375
25.02.2021,89,195,96,380
26.02.2021,91,194,92,377
27.02.2021,92,195,99,386
28.02.2021,91,202,100,393
01.03.2021,90,214,95,399
02.03.2021,93,215,92,400
03.03.2021,94,213,88,395
04.03.2021,100,207,84,391
05.03.2021,102,202,89,393
06.03.2021,99,205,91,395
07.03.2021,102,202,90,394
08.03.2021,102,204,91,397
09.03.2021,103,204,88,395
10.03.2021,105,207,90,402
11.03.2021,105,212,83,400
12.03.2021,105,213,89,407
13.03.2021,108,211,92,411
14.03.2021,107,212,89,408
15.03.2021,107,217,86,410
16.03.2021,107,214,89,410
17.03.2021,107,214,88,409
18.03.2021,104,217,85,406
19.03.2021,104,221,79,404
20.03.2021,102,222,80,404
21.03.2021,102,222,81,405
22.03.2021,107,218,84,409
23.03.2021,107,215,85,407
24.03.2021,108,211,83,402
25.03.2021,105,212,84,401
26.03.2021,103,216,82,401
27.03.2021,105,217,78,400
28.03.2021,103,214,83,400
29.03.2021,106,198,86,390
30.03.2021,106,200,83,389
31.03.2021,107,200,83,390
01.04.2021,108,201,86,395
02.04.2021,110,197,84,391
03.04.2021,109,196,88,393
04.04.2021,110,197,89,396
05.04.2021,112,196,83,391
06.04.2021,110,196,83,389
07.04.2021,109,192,88,389
08.04.2021,110,196,90,396
09.04.2021,112,196,92,400
10.04.2021,111,200,87,398
11.04.2021,111,196,87,394
12.04.2021,111,193,87,391
13.04.2021,113,197,86,396
14.04.2021,114,195,89,398
15.04.2021,114,196,90,400
16.04.2021,115,196,91,402
17.04.2021,113,201,90,404
18.04.2021,112,200,91,403
19.04.2021,114,202,94,410
20.04.2021,115,202,92,409
21.04.2021,114,205,99,418
22.04.2021,114,209,100,423
23.04.2021,115,206,101,422
24.04.2021,113,209,105,427
25.04.2021,115,210,103,428
26.04.2021,117,214,97,428
27.04.2021,117,218,95,430
28.04.2021,118,219,95,432
29.04.2021,119,220,93,432
30.04.2021,119,228,87,434
01.05.2021,119,226,86,431
02.05.2021,120,225,85,430
03.05.2021,125,222,90,437
04.05.2021,125,224,93,442
05.05.2021,121,231,87,439
06.05.2021,121,231,86,438
07.05.2021,121,237,82,440
08.05.2021,121,243,79,443
09.05.2021,122,247,80,449
10.05.2021,125,246,81,452
11.05.2021,126,245,91,462
12.05.2021,127,249,90,466
13.05.2021,128,253,89,470
14.05.2021,133,244,92,469
15.05.2021,132,248,95,475
16.05.2021,131,249,97,477
17.05.2021,130,255,98,483
18.05.2021,133,259,100,492
19.05.2021,134,262,109,505
20.05.2021,134,266,110,510
21.05.2021,134,272,108,514
22.05.2021,131,276,109,516
23.05.2021,133,276,116,525
24.05.2021,133,276,127,536
25.05.2021,134,285,124,543
26.05.2021,131,290,134,555
27.05.2021,131,299,136,566
28.05.2021,137,296,138,571
29.05.2021,139,302,133,574
30.05.2021,138,308,131,577
31.05.2021,140,306,132,578
01.06.2021,134,307,132,573
02.06.2021,134,307,139,580
03.06.2021,137,315,138,590
04.06.2021,135,322,138,595
05.06.2021,138,318,138,594
06.06.2021,138,320,142,600
07.06.2021,137,331,148,616
08.06.2021,141,338,153,632
09.06.2021,147,338,156,641
10.06.2021,148,341,156,645
11.06.2021,149,342,152,643
12.06.2021,150,343,149,642
13.06.2021,151,344,151,646
14.06.2021,150,351,138,639
15.06.2021,149,353,137,639
16.06.2021,150,348,138,636
17.06.2021,154,345,140,639
18.06.2021,152,352,137,641
19.06.2021,149,349,140,638
20.06.2021,151,347,133,631
21.06.2021,151,350,127,628
22.06.2021,155,348,126,629
23.06.2021,157,358,125,640
24.06.2021,159,362,123,644
25.06.2021,157,366,134,657
26.06.2021,160,363,135,658
27.06.2021,157,366,136,659
28.06.2021,162,364,144,670
29.06.2021,162,365,153,680
30.06.2021,160,370,159,689
01.07.2021,171,363,165,699
02.07.2021,176,356,156,688
03.07.2021,176,358,154,688
04.07.2021,175,352,154,681
05.07.2021,175,357,155,687
06.07.2021,176,356,156,688
07.07.2021,180,358,154,692
08.07.2021,182,360,159,701
09.07.2021,186,361,162,709
10.07.2021,183,367,164,714
11.07.2021,189,367,160,716
12.07.2021,190,363,163,716
13.07.2021,188,364,164,716
14.07.2021,191,357,169,717
15.07.2021,194,353,170,717
16.07.2021,192,361,167,720
17.07.2021,192,362,174,728
18.07.2021,191,364,173,728
19.07.2021,186,375,180,741
20.07.2021,184,377,180,741
21.07.2021,188,370,179,737
22.07.2021,192,375,189,756
23.07.2021,194,374,179,747
24.07.2021,197,371,177,745
25.07.2021,194,374,180,748
26.07.2021,197,375,181,753
27.07.2021,191,385,177,753
28.07.2021,190,386,175,751
29.07.2021,190,380,168,738
30.07.2021,191,378,182,751
31.07.2021,193,375,184,752
01.08.2021,193,378,186,757
02.08.2021,194,380,189,763
03.08.2021,195,374,191,760
04.08.2021,198,377,196,771
05.08.2021,201,383,190,774
06.08.2021,201,382,189,772
07.08.2021,199,387,188,774
08.08.2021,200,386,185,771
09.08.2021,205,381,186,772
10.08.2021,206,380,191,777
11.08.2021,207,389,229,825
12.08.2021,212,389,224,825
13.08.2021,214,389,216,819
14.08.2021,214,387,214,815
15.08.2021,213,396,212,821
16.08.2021,210,400,215,825
17.08.2021,209,401,217,827
18.08.2021,208,399,223,830
19.08.2021,210,404,209,823
20.08.2021,217,399,218,834
21.08.2021,216,401,221,838
22.08.2021,213,410,215,838
23.08.2021,217,409,226,852
24.08.2021,214,410,231,855
25.08.2021,211,421,226,858
26.08.2021,208,429,239,876
27.08.2021,202,448,227,877
28.08.2021,202,449,227,878
29.08.2021,201,453,227,881
30.08.2021,202,463,227,892
31.08.2021,205,466,229,900
01.09.2021,206,478,228,912
02.09.2021,208,484,227,919
03.09.2021,207,484,218,909
04.09.2021,210,484,228,922
05.09.2021,210,491,227,928
06.09.2021,210,495,249,954
07.09.2021,208,516,250,974
08.09.2021,207,522,218,947
09.09.2021,209,519,237,965
10.09.2021,213,517,245,975
11.09.2021,217,527,247,991
12.09.2021,217,531,256,1004
13.09.2021,217,556,257,1030
14.09.2021,217,570,262,1049
15.09.2021,216,586,268,1070
16.09.2021,222,587,279,1088
17.09.2021,225,594,296,1115
18.09.2021,224,599,303,1126
19.09.2021,225,609,300,1134
20.09.2021,227,612,303,1142
21.09.2021,223,627,308,1158
22.09.2021,224,635,311,1170
23.09.2021,224,636,321,1181
24.09.2021,230,638,328,1196
25.09.2021,232,641,339,1212
26.09.2021,235,650,341,1226
27.09.2021,240,659,352,1251
28.09.2021,242,664,358,1264
29.09.2021,243,669,355,1267
30.09.2021,245,674,364,1283
01.10.2021,250,679,360,1289
02.10.2021,255,676,361,1292
03.10.2021,256,673,355,1284
04.10.2021,260,675,370,1305
05.10.2021,264,684,369,1317
06.10.2021,261,694,364,1319
07.10.2021,258,707,362,1327
08.10.2021,260,710,368,1338
09.10.2021,261,720,360,1341
10.10.2021,261,733,364,1358
11.10.2021,271,735,374,1380
12.10.2021,274,750,369,1393
13.10.2021,276,767,357,1400
14.10.2021,284,769,356,1409
15.10.2021,282,790,354,1426
16.10.2021,281,805,347,1433
17.10.2021,286,804,355,1445
18.10.2021,294,802,358,1454
19.10.2021,293,806,349,1448
20.10.2021,296,813,360,1469
21.10.2021,302,813,369,1484
22.10.2021,308,826,364,1498
23.10.2021,304,836,368,1508
24.10.2021,315,822,366,1503
25.10.2021,326,810,371,1507
26.10.2021,326,814,378,1518
27.10.2021,325,829,378,1532
28.10.2021,320,832,384,1536
29.10.2021,326,824,393,1543
30.10.2021,328,823,387,1538
31.10.2021,328,834,400,1562
01.11.2021,327,845,396,1568
02.11.2021,329,845,400,1574
03.11.2021,330,849,403,1582
04.11.2021,327,855,396,1578
05.11.2021,325,860,401,1586
06.11.2021,324,860,424,1608
07.11.2021,328,871,470,1669
08.11.2021,335,877,475,1687
09.11.2021,340,879,501,1720
10.11.2021,344,892,522,1758
11.11.2021,346,904,540,1790
12.11.2021,349,891,548,1788
13.11.2021,345,891,560,1796
14.11.2021,346,902,572,1820
15.11.2021,349,920,569,1838
16.11.2021,353,919,579,1851
17.11.2021,362,920,594,1876
18.11.2021,368,921,604,1893
19.11.2021,369,927,622,1918
20.11.2021,376,932,613,1921
21.11.2021,383,933,624,1940
22.11.2021,383,943,623,1949
23.11.2021,381,945,620,1946
24.11.2021,378,949,614,1941
25.11.2021,378,956,592,1926
26.11.2021,376,967,592,1935
27.11.2021,379,977,606,1962
28.11.2021,378,981,607,1966
29.11.2021,379,992,601,1972
30.11.2021,382,1010,596,1988
01.12.2021,380,1023,612,2015
02.12.2021,387,1021,617,2025
03.12.2021,388,1031,618,2037
04.12.2021,388,1041,618,2047
05.12.2021,388,1052,585,2025
06.12.2021,388,1055,587,2030
07.12.2021,394,1058,579,2031
08.12.2021,397,1069,573,2039
09.12.2021,395,1073,568,2036
10.12.2021,400,1085,571,2056
11.12.2021,399,1093,565,2057
12.12.2021,402,1084,569,2055
13.12.2021,414,1083,564,2061
14.12.2021,412,1080,569,2061
15.12.2021,411,1086,563,2060
16.12.2021,415,1080,558,2053
17.12.2021,413,1088,551,2052
18.12.2021,419,1076,545,2040
19.12.2021,418,1088,536,2042
20.12.2021,420,1091,541,2052
21.12.2021,420,1098,548,2066
22.12.2021,418,1112,556,2086
23.12.2021,415,1115,565,2095
24.12.2021,409,1120,559,2088
25.12.2021,405,1116,557,2078
26.12.2021,399,1122,545,2066
27.12.2021,400,1117,546,2063
28.12.2021,403,1098,549,2050
29.12.2021,404,1102,542,2048
30.12.2021,414,1079,528,2021
31.12.2021,411,1075,526,2012
01.01.2022,413,1073,529,2015
02.01.2022,413,1067,522,2002
03.01.2022,408,1073,516,1997
04.01.2022,407,1076,519,2002
05.01.2022,403,1082,495,1980
06.01.2022,408,1075,500,1983
07.01.2022,417,1066,478,1961
08.01.2022,415,1065,465,1945
09.01.2022,412,1061,460,1933
10.01.2022,413,1049,473,1935
11.01.2022,412,1054,481,1947
12.01.2022,414,1053,491,1958
13.01.2022,421,1054,492,1967
14.01.2022,417,1075,505,1997
15.01.2022,422,1096,502,2020
16.01.2022,427,1098,516,2041
17.01.2022,420,1108,509,2037
18.01.2022,421,1107,509,2037
19.01.2022,420,1115,504,2039
20.01.2022,425,1115,504,2044
21.01.2022,422,1114,525,2061
22.01.2022,428,1123,532,2083
23.01.2022,429,1135,543,2107
24.01.2022,438,1135,552,2125
25.01.2022,437,1145,563,2145
26.01.2022,434,1171,556,2161
27.01.2022,440,1163,566,2169
28.01.2022,443,1168,579,2190
29.01.2022,443,1180,574,2197
30.01.2022,440,1185,581,2206
31.01.2022,445,1190,583,2218
01.02.2022,445,1187,587,2219
02.02.2022,449,1180,582,2211
03.02.2022,454,1174,596,2224
04.02.2022,458,1167,609,2234
05.02.2022,458,1171,611,2240
06.02.2022,456,1185,610,2251
07.02.2022,456,1188,609,2253
08.02.2022,460,1176,593,2229
09.02.2022,462,1181,590,2233
10.02.2022,469,1185,595,2249
11.02.2022,462,1197,582,2241
12.02.2022,467,1187,579,2233
13.02.2022,470,1186,583,2239
14.02.2022,464,1206,584,2254
15.02.2022,464,1216,569,2249
16.02.2022,476,1204,575,2255
17.02.2022,482,1208,574,2264
18.02.2022,481,1208,570,2259
19.02.2022,487,1205,578,2270
20.02.2022,487,1208,578,2273
21.02.2022,490,1219,559,2268
22.02.2022,485,1230,565,2280
23.02.2022,486,1241,561,2288
24.02.2022,481,1255,559,2295
25.02.2022,475,1255,546,2276
26.02.2022,479,1250,544,2273
27.02.2022,474,1256,543,2273
28.02.2022,474,1252,534,2260
01.03.2022,474,1257,539,2270
02.03.2022,472,1269,555,2296
03.03.2022,476,1274,561,2311
04.03.2022,478,1290,560,2328
05.03.2022,480,1291,556,2327
06.03.2022,477,1291,548,2316
07.03.2022,477,1284,544,2305
08.03.2022,477,1277,558,2312
09.03.2022,478,1274,574,2326
10.03.2022,478,1274,576,2328
11.03.2022,469,1286,571,2326
12.03.2022,470,1297,560,2327
13.03.2022,478,1282,570,2330
14.03.2022,479,1293,568,2340
15.03.2022,490,1289,581,2360
16.03.2022,495,1302,561,2358
17.03.2022,496,1313,569,2378
18.03.2022,505,1312,568,2385
19.03.2022,507,1302,567,2376
20.03.2022,507,1307,558,2372
21.03.2022,506,1294,575,2375
22.03.2022,513,1282,589,2384
23.03.2022,513,1281,593,2387
24.03.2022,511,1285,582,2378
25.03.2022,512,1289,582,2383
26.03.2022,515,1288,584,2387
27.03.2022,511,1281,593,2385
28.03.2022,519,1282,604,2405
29.03.2022,523,1288,595,2406
30.03.2022,521,1306,602,2429
31.03.2022,524,1314,614,2452
01.04.2022,524,1322,616,2462
02.04.2022,529,1329,608,2466
03.04.2022,534,1338,629,2501
04.04.2022,535,1353,636,2524
05.04.2022,532,1367,617,2516
06.04.2022,532,1366,618,2516
07.04.2022,531,1368,613,2512
08.04.2022,523,1383,605,2511
09.04.2022,522,1386,602,2510
10.04.2022,531,1392,604,2527
11.04.2022,530,1401,595,2526
12.04.2022,538,1391,588,2517
13.04.2022,538,1387,607,2532
14.04.2022,537,1386,574,2497
15.04.2022,539,1372,562,2473
16.04.2022,539,1359,577,2475
17.04.2022,541,1344,581,2466
18.04.2022,542,1336,592,2470
19.04.2022,541,1341,590,2472
20.04.2022,537,1361,593,2491
21.04.2022,543,1358,593,2494
22.04.2022,524,1388,604,2516
23.04.2022,526,1390,599,2515
24.04.2022,527,1402,600,2529
25.04.2022,533,1402,590,2525
26.04.2022,527,1407,601,2535
27.04.2022,527,1404,605,2536
28.04.2022,528,1387,608,2523
29.04.2022,525,1391,595,2511
30.04.2022,535,1365,600,2500
01.05.2022,535,1359,589,2483
02.05.2022,537,1360,575,2472
03.05.2022,537,1352,588,2477
04.05.2022,543,1351,592,2486
05.05.2022,534,1372,585,2491
06.05.2022,531,1375,591,2497
07.05.2022,525,1382,600,2507
08.05.2022,532,1374,598,2504
09.05.2022,542,1366,603,2511
10.05.2022,537,1377,590,2504
11.05.2022,535,1386,575,2496
12.05.2022,540,1375,591,2506
13.05.2022,537,1388,588,2513
14.05.2022,538,1400,581,2519
15.05.2022,533,1401,578,2512
16.05.2022,533,1414,580,2527
17.05.2022,538,1408,578,2524
18.05.2022,545,1400,577,2522
19.05.2022,550,1399,583,2532
20.05.2022,538,1414,577,2529
21.05.2022,531,1418,575,2524
22.05.2022,531,1413,576,2520
23.05.2022,531,1406,585,2522
24.05.2022,528,1397,579,2504
25.05.2022,531,1393,572,2496
26.05.2022,541,1376,564,2481
27.05.2022,536,1393,571,2500
28.05.2022,536,1405,582,2523
29.05.2022,539,1405,580,2524
30.05.2022,539,1403,578,2520
31.05.2022,535,1418,575,2528
01.06.2022,540,1410,566,2516
02.06.2022,533,1413,569,2515
03.06.2022,529,1414,573,2516
04.06.2022,526,1426,579,2531
05.06.2022,524,1439,577,2540
06.06.2022,528,1437,577,2542
07.06.2022,521,1446,577,2544
08.06.2022,523,1446,564,2533
09.06.2022,520,1457,577,2554
10.06.2022,521,1459,582,2562
11.06.2022,520,1457,577,2554
12.06.2022,528,1436,569,2533
13.06.2022,522,1434,566,2522
14.06.2022,519,1440,574,2533
15.06.2022,531,1435,578,2544
16.06.2022,524,1441,568,2533
17.06.2022,522,1436,569,2527
18.06.2022,516,1440,565,2521
19.06.2022,516,1430,551,2497
20.06.2022,517,1427,531,2475
21.06.2022,522,1416,540,2478
22.06.2022,524,1426,535,2485
23.06.2022,521,1440,541,2502
24.06.2022,520,1434,538,2492
25.06.2022,517,1420,527,2464
26.06.2022,518,1407,522,2447
27.06.2022,513,1408,524,2445
28.06.2022,516,1396,523,2435
29.06.2022,528,1365,523,2416
30.06.2022,525,1363,521,2409
01.07.2022,519,1376,519,2414
02.07.2022,521,1370,520,2411
03.07.2022,512,1367,524,2403
04.07.2022,518,1351,513,2382
05.07.2022,517,1335,508,2360
06.07.2022,516,1329,508,2353
07.07.2022,526,1322,508,2356
08.07.2022,526,1316,511,2353
09.07.2022,527,1311,512,2350
10.07.2022,531,1306,507,2344
11.07.2022,527,1317,512,2356
12.07.2022,527,1318,502,2347
13.07.2022,529,1298,496,2323
14.07.2022,529,1300,495,2324
15.07.2022,531,1291,502,2324
16.07.2022,529,1304,502,2335
17.07.2022,519,1313,499,2331
18.07.2022,520,1305,524,2349
19.07.2022,519,1313,539,2371
20.07.2022,532,1298,545,2375
21.07.2022,528,1313,571,2412
22.07.2022,543,1314,568,2425
23.07.2022,540,1327,562,2429
24.07.2022,539,1331,560,2430
25.07.2022,545,1327,565,2437
26.07.2022,548,1331,558,2437
27.07.2022,543,1324,556,2423
28.07.2022,540,1342,529,2411
29.07.2022,539,1333,534,2406
30.07.2022,535,1350,543,2428
31.07.2022,531,1364,535,2430
01.08.2022,531,1357,539,2427
02.08.2022,529,1350,540,2419
03.08.2022,528,1359,522,2409
04.08.2022,535,1363,508,2406
05.08.2022,531,1376,520,2427
06.08.2022,534,1383,515,2432
07.08.2022,534,1392,519,2445
08.08.2022,523,1410,508,2441
09.08.2022,526,1408,524,2458
10.08.2022,527,1412,521,2460
11.08.2022,517,1425,500,2442
12.08.2022,518,1426,499,2443
13.08.2022,519,1423,499,2441
14.08.2022,510,1436,512,2458
15.08.2022,513,1435,506,2454
16.08.2022,512,1447,490,2449
17.08.2022,527,1435,499,2461
18.08.2022,533,1431,482,2446
19.08.2022,539,1418,487,2444
20.08.2022,534,1413,486,2433
21.08.2022,533,1410,501,2444
22.08.2022,542,1409,510,2461
23.08.2022,540,1399,517,2456
24.08.2022,541,1404,510,2455
25.08.2022,543,1401,505,2449
26.08.2022,552,1391,492,2435
27.08.2022,549,1398,491,2438
28.08.2022,549,1401,488,2438
29.08.2022,538,1406,494,2438
30.08.2022,537,1394,477,2408
31.08.2022,536,1391,485,2412
01.09.2022,546,1379,484,2409
02.09.2022,546,1377,472,2395
03.09.2022,547,1362,457,2366
04.09.2022,553,1342,454,2349
05.09.2022,552,1351,455,2358
06.09.2022,555,1342,455,2352
07.09.2022,558,1327,452,2337
08.09.2022,553,1332,460,2345
09.09.2022,563,1309,464,2336
10.09.2022,556,1312,464,2332
11.09.2022,552,1310,452,2314
12.09.2022,555,1304,441,2300
13.09.2022,548,1271,439,2258
14.09.2022,549,1254,416,2219
15.09.2022,551,1247,423,2221
16.09.2022,557,1227,425,2209
17.09.2022,552,1236,428,2216
18.09.2022,549,1234,413,2196
19.09.2022,557,1216,418,2191
20.09.2022,547,1225,415,2187
21.09.2022,547,1223,426,2196
22.09.2022,544,1214,434,2192
23.09.2022,542,1201,456,2199
24.09.2022,545,1208,447,2200
25.09.2022,544,1204,444,2192
26.09.2022,542,1214,441,2197
27.09.2022,546,1226,451,2223
28.09.2022,538,1226,447,2211
29.09.2022,535,1236,446,2217
30.09.2022,534,1226,445,2205
01.10.2022,538,1231,440,2209
02.10.2022,538,1239,457,2234
03.10.2022,542,1247,466,2255
04.10.2022,538,1251,469,2258
05.10.2022,539,1251,470,2260
06.10.2022,533,1255,453,2241
07.10.2022,531,1239,462,2232
08.10.2022,532,1239,465,2236
09.10.2022,535,1240,465,2240
10.10.2022,537,1226,470,2233
11.10.2022,525,1245,473,2243
12.10.2022,537,1233,496,2266
13.10.2022,536,1229,491,2256
14.10.2022,542,1215,491,2248
15.10.2022,540,1219,497,2256
16.10.2022,537,1231,504,2272
17.10.2022,541,1224,495,2260
18.10.2022,541,1221,487,2249
19.10.2022,540,1222,479,2241
20.10.2022,537,1230,472,2239
21.10.2022,542,1225,469,2236
22.10.2022,537,1227,462,2226
23.10.2022,537,1244,466,2247
24.10.2022,528,1241,476,2245
25.10.2022,538,1232,475,2245
26.10.2022,532,1246,471,2249
27.10.2022,529,1239,489,2257
28.10.2022,528,1259,470,2257
29.10.2022,532,1249,479,2260
30.10.2022,531,1255,464,2250
31.10.2022,535,1251,462,2248
01.11.2022,533,1259,461,2253
02.11.2022,529,1250,512,2291
03.11.2022,533,1262,521,2316
04.11.2022,529,1255,523,2307
05.11.2022,529,1255,531,2315
06.11.2022,526,1259,546,2331
07.11.2022,532,1255,564,2351
08.11.2022,527,1261,579,2367
09.11.2022,526,1265,575,2366
10.11.2022,521,1267,581,2369
11.11.2022,518,1265,589,2372
12.11.2022,516,1274,603,2393
13.11.2022,519,1283,594,2396
14.11.2022,519,1289,611,2419
15.11.2022,526,1286,624,2436
16.11.2022,530,1292,629,2451
17.11.2022,521,1313,620,2454
18.11.2022,524,1326,641,2491
19.11.2022,523,1345,682,2550
20.11.2022,525,1354,676,2555
21.11.2022,518,1362,676,2556
22.11.2022,516,1376,674,2566
23.11.2022,519,1363,693,2575
24.11.2022,512,1356,700,2568
25.11.2022,500,1365,710,2575
26.11.2022,505,1366,708,2579
27.11.2022,509,1363,742,2614
28.11.2022,511,1364,739,2614
29.11.2022,505,1371,742,2618
30.11.2022,516,1349,717,2582
01.12.2022,518,1344,709,2571
02.12.2022,520,1363,706,2589
03.12.2022,519,1366,699,2584
04.12.2022,517,1366,696,2579
05.12.2022,515,1378,705,2598
06.12.2022,520,1383,743,2646
07.12.2022,517,1391,740,2648
08.12.2022,526,1382,723,2631
09.12.2022,511,1387,738,2636
10.12.2022,508,1385,729,2622
11.12.2022,512,1389,749,2650
12.12.2022,516,1370,748,2634
13.12.2022,507,1374,740,2621
14.12.2022,505,1367,744,2616
15.12.2022,491,1376,758,2625
16.12.2022,497,1373,747,2617
17.12.2022,496,1374,686,2556
18.12.2022,499,1358,684,2541
19.12.2022,489,1370,675,2534
20.12.2022,484,1356,671,2511
21.12.2022,496,1334,656,2486
22.12.2022,492,1334,656,2482
23.12.2022,492,1328,650,2470
24.12.2022,492,1323,641,2456
25.12.2022,489,1312,607,2408
26.12.2022,489,1290,599,2378
27.12.2022,475,1287,594,2356
28.12.2022,477,1280,568,2325
29.12.2022,465,1268,558,2291
30.12.2022,453,1262,554,2269
31.12.2022,450,1266,548,2264
01.01.2023,451,1257,529,2237
02.01.2023,449,1241,509,2199
03.01.2023,445,1213,466,2124
04.01.2023,434,1209,470,2113
05.01.2023,447,1199,469,2115
06.01.2023,447,1196,454,2097
07.01.2023,443,1199,460,2102
08.01.2023,441,1201,425,2067
09.01.2023,433,1191,424,2048
10.01.2023,421,1193,416,2030
11.01.2023,418,1182,422,2022
12.01.2023,407,1189,394,1990
13.01.2023,412,1168,389,1969
14.01.2023,414,1154,401,1969
15.01.2023,415,1154,406,1975
16.01.2023,406,1153,405,1964
17.01.2023,412,1154,409,1975
18.01.2023,415,1173,394,1982
19.01.2023,411,1175,389,1975
20.01.2023,412,1180,404,1996
21.01.2023,413,1191,421,2025
22.01.2023,411,1216,417,2044
23.01.2023,412,1222,437,2071
24.01.2023,410,1234,436,2080
25.01.2023,417,1238,463,2118
26.01.2023,418,1262,476,2156
27.01.2023,423,1279,492,2194
28.01.2023,426,1286,493,2205
29.01.2023,431,1291,500,2222
30.01.2023,433,1312,500,2245
31.01.2023,439,1311,508,2258
01.02.2023,446,1305,514,2265
02.02.2023,447,1298,518,2263
03.02.2023,454,1297,550,2301
04.02.2023,452,1311,560,2323
05.02.2023,447,1328,552,2327
06.02.2023,450,1340,543,2333
07.02.2023,444,1380,525,2349
08.02.2023,441,1388,524,2353
09.02.2023,446,1383,526,2355
10.02.2023,455,1388,503,2346
11.02.2023,451,1399,504,2354
12.02.2023,447,1413,494,2354
13.02.2023,440,1419,521,2380
14.02.2023,445,1417,512,2374
15.02.2023,441,1415,516,2372
16.02.2023,445,1419,525,2389
17.02.2023,446,1418,521,2385
18.02.2023,448,1414,517,2379
19.02.2023,448,1413,519,2380
20.02.2023,448,1399,528,2375
21.02.2023,452,1381,517,2350
22.02.2023,455,1394,520,2369
23.02.2023,455,1408,496,2359
24.02.2023,454,1394,495,2343
25.02.2023,460,1398,517,2375
26.02.2023,464,1423,495,2382
27.02.2023,462,1435,494,2391
28.02.2023,458,1425,503,2386
01.03.2023,460,1412,511,2383
02.03.2023,463,1414,521,2398
03.03.2023,467,1415,530,2412
04.03.2023,469,1425,548,2442
05.03.2023,465,1437,559,2461
06.03.2023,475,1444,561,2480
07.03.2023,477,1410,572,2459
08.03.2023,472,1409,564,2445
09.03.2023,471,1430,558,2459
10.03.2023,476,1430,567,2473
11.03.2023,472,1444,569,2485
12.03.2023,473,1439,566,2478
13.03.2023,478,1445,566,2489
14.03.2023,488,1449,595,2532
15.03.2023,487,1467,602,2556
16.03.2023,481,1464,601,2546
17.03.2023,485,1452,603,2540
18.03.2023,492,1462,610,2564
19.03.2023,497,1467,594,2558
20.03.2023,492,1465,575,2532
21.03.2023,495,1449,592,2536
22.03.2023,481,1478,575,2534
23.03.2023,492,1463,577,2532
24.03.2023,494,1459,575,2528
25.03.2023,495,1465,570,2530
26.03.2023,498,1445,565,2508
27.03.2023,492,1442,557,2491
28.03.2023,493,1435,558,2486
29.03.2023,494,1440,548,2482
30.03.2023,502,1417,540,2459
31.03.2023,509,1402,532,2443
01.04.2023,513,1382,514,2409
02.04.2023,513,1368,502,2383
03.04.2023,512,1340,499,2351
04.04.2023,510,1343,497,2350
05.04.2023,507,1331,502,2340
06.04.2023,504,1324,507,2335
07.04.2023,502,1310,500,2312
08.04.2023,503,1305,496,2304
09.04.2023,503,1300,490,2293
10.04.2023,508,1252,479,2239
11.04.2023,503,1183,458,2144
12.04.2023,500,1125,437,2062
13.04.2023,494,1113,431,2038
14.04.2023,482,1116,423,2021
15.04.2023,484,1094,415,1993
16.04.2023,477,1079,409,1965
17.04.2023,479,1068,395,1942
18.04.2023,482,1052,392,1926
19.04.2023,473,1045,393,1911
20.04.2023,479,1024,389,1892
21.04.2023,480,1004,376,1860
22.04.2023,471,1003,360,1834
23.04.2023,468,997,348,1813
24.04.2023,460,988,348,1796
25.04.2023,456,985,333,1774
26.04.2023,446,991,330,1767
27.04.2023,436,979,321,1736
28.04.2023,444,959,314,1717
29.04.2023,443,943,313,1699
30.04.2023,442,932,300,1674
01.05.2023,438,920,301,1659
02.05.2023,437,912,291,1640
03.05.2023,438,904,281,1623
04.05.2023,423,906,277,1606
05.05.2023,423,899,271,1593
06.05.2023,423,890,269,1582
07.05.2023,420,877,261,1558
08.05.2023,423,872,249,1544
09.05.2023,421,852,248,1521
10.05.2023,427,841,240,1508
11.05.2023,425,839,226,1490
12.05.2023,422,819,231,1472
13.05.2023,426,808,221,1455
14.05.2023,425,807,215,1447
15.05.2023,432,781,213,1426
16.05.2023,432,777,223,1432
17.05.2023,428,787,218,1433
18.05.2023,429,782,213,1424
19.05.2023,423,792,213,1428
20.05.2023,419,791,221,1431
21.05.2023,416,794,223,1433
22.05.2023,415,777,231,1423
23.05.2023,413,781,238,1432
24.05.2023,407,790,243,1440
25.05.2023,400,799,239,1438
26.05.2023,401,797,246,1444
27.05.2023,399,800,240,1439
28.05.2023,400,804,237,1441
29.05.2023,392,807,231,1430
30.05.2023,385,816,221,1422
31.05.2023,386,806,224,1416
01.06.2023,384,803,224,1411
02.06.2023,382,793,231,1406
03.06.2023,383,794,222,1399
04.06.2023,381,796,232,1409
05.06.2023,382,800,233,1415
06.06.2023,386,802,230,1418
07.06.2023,385,803,241,1429
08.06.2023,384,796,248,1428
09.06.2023,376,799,245,1420
10.06.2023,379,796,248,1423
11.06.2023,374,799,243,1416
12.06.2023,380,791,241,1412
13.06.2023,380,785,246,1411
14.06.2023,373,789,227,1389
15.06.2023,380,771,229,1380
16.06.2023,378,769,228,1375
17.06.2023,372,774,224,1370
18.06.2023,374,765,219,1358
19.06.2023,380,758,210,1348
20.06.2023,375,760,210,1345
21.06.2023,367,761,202,1330
22.06.2023,361,766,201,1328
23.06.2023,362,759,193,1314
24.06.2023,360,760,194,1314
25.06.2023,366,753,202,1321
26.06.2023,370,748,209,1327
27.06.2023,370,738,212,1320
28.06.2023,366,735,217,1318
29.06.2023,368,723,221,1312
30.06.2023,369,718,229,1316
01.07.2023,366,726,230,1322
02.07.2023,365,719,223,1307
03.07.2023,364,720,214,1298
04.07.2023,357,718,211,1286
05.07.2023,357,720,195,1272
06.07.2023,355,712,187,1254
07.07.2023,350,725,184,1259
08.07.2023,347,725,186,1258
09.07.2023,342,725,190,1257
10.07.2023,351,715,195,1261
11.07.2023,348,718,192,1258
12.07.2023,341,726,202,1269
13.07.2023,347,713,202,1262
14.07.2023,337,728,203,1268
15.07.2023,335,732,203,1270
16.07.2023,335,739,203,1277
17.07.2023,339,738,205,1282
18.07.2023,336,735,205,1276
19.07.2023,339,733,194,1266
20.07.2023,337,722,196,1255
21.07.2023,341,721,192,1254
22.07.2023,342,716,194,1252
23.07.2023,344,714,191,1249
24.07.2023,339,717,191,1247
25.07.2023,335,720,197,1252
26.07.2023,330,709,195,1234
27.07.2023,340,693,195,1228
28.07.2023,332,699,190,1221
29.07.2023,333,696,184,1213
30.07.2023,330,696,189,1215
31.07.2023,319,703,189,1211
01.08.2023,323,698,190,1211
02.08.2023,317,701,182,1200
03.08.2023,319,689,190,1198
04.08.2023,320,689,197,1206
05.08.2023,315,689,197,1201
06.08.2023,314,687,198,1199
07.08.2023,312,694,198,1204
08.08.2023,311,697,194,1202
09.08.2023,315,688,188,1191
10.08.2023,314,687,188,1189
11.08.2023,315,683,187,1185
12.08.2023,315,683,190,1188
13.08.2023,312,682,189,1183
14.08.2023,316,671,194,1181
15.08.2023,313,666,190,1169
16.08.2023,308,667,187,1162
17.08.2023,307,667,185,1159
18.08.2023,307,662,189,1158
19.08.2023,309,655,189,1153
20.08.2023,309,651,184,1144
21.08.2023,306,641,184,1131
22.08.2023,306,637,171,1114
23.08.2023,304,642,170,1116
24.08.2023,301,648,172,1121
25.08.2023,294,649,163,1106
26.08.2023,295,645,166,1106
27.08.2023,293,646,164,1103
28.08.2023,289,636,164,1089
29.08.2023,287,636,152,1075
30.08.2023,286,631,168,1085
31.08.2023,288,614,160,1062
01.09.2023,283,626,157,1066
02.09.2023,279,628,156,1063
03.09.2023,283,630,156,1069
04.09.2023,287,622,153,1062
05.09.2023,286,608,149,1043
06.09.2023,282,614,145,1041
07.09.2023,275,619,144,1038
08.09.2023,279,606,146,1031
09.09.2023,277,608,143,1028
10.09.2023,276,603,142,1021
11.09.2023,278,589,139,1006
12.09.2023,277,594,134,1005
13.09.2023,280,588,133,1001
14.09.2023,280,590,138,1008
15.09.2023,284,580,137,1001
16.09.2023,281,581,137,999
17.09.2023,280,579,137,996
18.09.2023,270,591,134,995
19.09.2023,270,580,137,987
20.09.2023,269,571,141,981
21.09.2023,267,569,144,980
22.09.2023,267,565,147,979
23.09.2023,269,563,144,976
24.09.2023,266,566,142,974
25.09.2023,262,576,143,981
26.09.2023,266,553,151,970
27.09.2023,267,543,143,953
28.09.2023,269,534,154,957
29.09.2023,264,534,154,952
30.09.2023,262,534,156,952
01.10.2023,268,528,150,946
