stacks,,,,
Date, Full Time, Part Time, One Time, Total
01.01.2015,2,3,3,8
02.01.2015,2,3,3,8
03.01.2015,2,3,3,8
04.01.2015,2,3,3,8
05.01.2015,2,3,3,8
06.01.2015,2,3,2,7
07.01.2015,2,3,2,7
08.01.2015,2,3,2,7
09.01.2015,2,3,2,7
10.01.2015,2,3,2,7
11.01.2015,2,3,2,7
12.01.2015,2,3,2,7
13.01.2015,2,3,2,7
14.01.2015,2,4,1,7
15.01.2015,2,4,1,7
16.01.2015,2,4,1,7
17.01.2015,2,4,0,6
18.01.2015,2,5,0,7
19.01.2015,2,5,0,7
20.01.2015,2,5,0,7
21.01.2015,2,5,0,7
22.01.2015,2,5,0,7
23.01.2015,2,5,0,7
24.01.2015,2,5,0,7
25.01.2015,2,5,0,7
26.01.2015,2,5,0,7
27.01.2015,2,5,0,7
28.01.2015,2,5,0,7
29.01.2015,2,5,0,7
30.01.2015,2,5,0,7
31.01.2015,2,5,0,7
01.02.2015,2,5,0,7
02.02.2015,2,4,0,6
03.02.2015,2,4,0,6
04.02.2015,2,4,0,6
05.02.2015,2,4,0,6
06.02.2015,2,4,0,6
07.02.2015,2,4,0,6
08.02.2015,2,4,0,6
09.02.2015,1,5,0,6
10.02.2015,2,4,0,6
11.02.2015,2,4,0,6
12.02.2015,2,4,0,6
13.02.2015,2,4,0,6
14.02.2015,2,4,0,6
15.02.2015,2,3,0,5
16.02.2015,2,3,0,5
17.02.2015,2,3,0,5
18.02.2015,2,3,1,6
19.02.2015,2,3,2,7
20.02.2015,2,3,2,7
21.02.2015,2,3,2,7
22.02.2015,2,2,2,6
23.02.2015,2,1,3,6
24.02.2015,2,1,3,6
25.02.2015,2,1,3,6
26.02.2015,2,1,3,6
27.02.2015,2,1,3,6
28.02.2015,2,1,3,6
01.03.2015,2,1,4,7
02.03.2015,2,1,4,7
03.03.2015,1,2,4,7
04.03.2015,1,2,4,7
05.03.2015,1,2,4,7
06.03.2015,1,2,4,7
07.03.2015,1,2,4,7
08.03.2015,1,3,4,8
09.03.2015,1,3,4,8
10.03.2015,1,3,4,8
11.03.2015,1,3,4,8
12.03.2015,1,3,4,8
13.03.2015,1,3,4,8
14.03.2015,1,3,4,8
15.03.2015,1,3,4,8
16.03.2015,1,2,4,7
17.03.2015,1,2,4,7
18.03.2015,1,2,3,6
19.03.2015,1,2,2,5
20.03.2015,1,2,2,5
21.03.2015,1,2,2,5
22.03.2015,1,3,1,5
23.03.2015,1,3,1,5
24.03.2015,1,3,1,5
25.03.2015,1,3,1,5
26.03.2015,1,3,2,6
27.03.2015,1,3,2,6
28.03.2015,1,3,2,6
29.03.2015,1,3,1,5
30.03.2015,1,3,1,5
31.03.2015,1,3,1,5
01.04.2015,1,3,1,5
02.04.2015,1,3,1,5
03.04.2015,1,3,1,5
04.04.2015,1,3,1,5
05.04.2015,1,2,1,4
06.04.2015,1,2,1,4
07.04.2015,1,2,1,4
08.04.2015,1,2,1,4
09.04.2015,1,2,1,4
10.04.2015,1,2,1,4
11.04.2015,1,2,1,4
12.04.2015,1,2,1,4
13.04.2015,1,2,1,4
14.04.2015,1,2,1,4
15.04.2015,1,2,1,4
16.04.2015,1,2,1,4
17.04.2015,1,2,1,4
18.04.2015,1,2,1,4
19.04.2015,1,2,1,4
20.04.2015,1,2,1,4
21.04.2015,1,2,1,4
22.04.2015,1,2,1,4
23.04.2015,1,2,1,4
24.04.2015,1,2,1,4
25.04.2015,1,2,1,4
26.04.2015,1,2,1,4
27.04.2015,1,2,1,4
28.04.2015,1,2,1,4
29.04.2015,1,2,2,5
30.04.2015,1,3,1,5
01.05.2015,1,3,1,5
02.05.2015,1,2,1,4
03.05.2015,1,3,1,5
04.05.2015,1,3,2,6
05.05.2015,1,3,3,7
06.05.2015,1,3,3,7
07.05.2015,1,3,4,8
08.05.2015,1,4,3,8
09.05.2015,1,4,3,8
10.05.2015,1,4,3,8
11.05.2015,1,4,3,8
12.05.2015,1,4,4,9
13.05.2015,1,5,3,9
14.05.2015,1,5,3,9
15.05.2015,1,5,3,9
16.05.2015,1,5,3,9
17.05.2015,1,5,3,9
18.05.2015,1,5,3,9
19.05.2015,1,5,3,9
20.05.2015,1,5,3,9
21.05.2015,1,5,2,8
22.05.2015,1,5,2,8
23.05.2015,1,5,2,8
24.05.2015,1,5,2,8
25.05.2015,1,5,2,8
26.05.2015,1,5,2,8
27.05.2015,1,5,2,8
28.05.2015,1,4,2,7
29.05.2015,1,4,3,8
30.05.2015,1,4,3,8
31.05.2015,1,4,4,9
01.06.2015,2,3,4,9
02.06.2015,2,3,3,8
03.06.2015,2,3,3,8
04.06.2015,2,3,2,7
05.06.2015,2,3,2,7
06.06.2015,2,3,2,7
07.06.2015,2,3,2,7
08.06.2015,2,3,2,7
09.06.2015,2,3,2,7
10.06.2015,2,4,2,8
11.06.2015,1,5,2,8
12.06.2015,2,4,2,8
13.06.2015,2,4,2,8
14.06.2015,2,4,2,8
15.06.2015,2,4,2,8
16.06.2015,1,5,3,9
17.06.2015,1,5,3,9
18.06.2015,1,5,3,9
19.06.2015,1,5,3,9
20.06.2015,1,5,3,9
21.06.2015,1,5,3,9
22.06.2015,1,5,3,9
23.06.2015,1,5,3,9
24.06.2015,1,5,3,9
25.06.2015,1,5,3,9
26.06.2015,1,5,2,8
27.06.2015,1,5,2,8
28.06.2015,1,6,1,8
29.06.2015,2,5,1,8
30.06.2015,2,5,1,8
01.07.2015,2,5,1,8
02.07.2015,2,5,1,8
03.07.2015,2,5,2,9
04.07.2015,2,5,2,9
05.07.2015,2,5,2,9
06.07.2015,2,5,5,12
07.07.2015,2,7,3,12
08.07.2015,2,8,2,12
09.07.2015,1,9,2,12
10.07.2015,2,7,3,12
11.07.2015,2,7,4,13
12.07.2015,2,7,4,13
13.07.2015,2,8,3,13
14.07.2015,1,9,2,12
15.07.2015,1,9,2,12
16.07.2015,0,10,2,12
17.07.2015,1,9,2,12
18.07.2015,1,9,2,12
19.07.2015,1,9,2,12
20.07.2015,1,9,2,12
21.07.2015,1,9,3,13
22.07.2015,1,9,4,14
23.07.2015,1,9,4,14
24.07.2015,1,8,4,13
25.07.2015,1,8,4,13
26.07.2015,1,9,4,14
27.07.2015,2,8,5,15
28.07.2015,2,8,5,15
29.07.2015,2,8,5,15
30.07.2015,2,8,7,17
31.07.2015,2,9,5,16
01.08.2015,2,10,4,16
02.08.2015,2,10,4,16
03.08.2015,2,10,5,17
04.08.2015,3,9,5,17
05.08.2015,3,9,5,17
06.08.2015,4,8,5,17
07.08.2015,4,9,4,17
08.08.2015,5,8,3,16
09.08.2015,5,8,3,16
10.08.2015,5,7,3,15
11.08.2015,4,8,3,15
12.08.2015,4,8,4,16
13.08.2015,3,9,4,16
14.08.2015,3,9,4,16
15.08.2015,3,9,4,16
16.08.2015,3,9,4,16
17.08.2015,4,8,4,16
18.08.2015,5,6,3,14
19.08.2015,4,7,3,14
20.08.2015,4,7,3,14
21.08.2015,4,7,3,14
22.08.2015,4,7,3,14
23.08.2015,3,8,3,14
24.08.2015,4,7,3,14
25.08.2015,4,7,3,14
26.08.2015,4,7,3,14
27.08.2015,4,7,3,14
28.08.2015,4,6,3,13
29.08.2015,4,6,3,13
30.08.2015,4,6,3,13
31.08.2015,4,5,2,11
01.09.2015,5,3,2,10
02.09.2015,5,3,2,10
03.09.2015,6,2,3,11
04.09.2015,6,2,4,12
05.09.2015,6,2,5,13
06.09.2015,6,2,5,13
07.09.2015,6,2,5,13
08.09.2015,5,2,5,12
09.09.2015,6,3,4,13
10.09.2015,6,4,3,13
11.09.2015,6,4,3,13
12.09.2015,6,4,4,14
13.09.2015,6,5,4,15
14.09.2015,6,5,6,17
15.09.2015,6,5,6,17
16.09.2015,5,6,6,17
17.09.2015,5,6,6,17
18.09.2015,5,6,7,18
19.09.2015,5,6,7,18
20.09.2015,5,6,7,18
21.09.2015,5,7,5,17
22.09.2015,5,7,5,17
23.09.2015,5,7,5,17
24.09.2015,5,8,6,19
25.09.2015,5,9,5,19
26.09.2015,5,9,5,19
27.09.2015,5,9,5,19
28.09.2015,5,10,5,20
29.09.2015,5,10,6,21
30.09.2015,5,10,6,21
01.10.2015,6,10,5,21
02.10.2015,6,10,5,21
03.10.2015,6,10,6,22
04.10.2015,6,10,6,22
05.10.2015,6,10,6,22
06.10.2015,6,10,6,22
07.10.2015,5,10,6,21
08.10.2015,5,9,6,20
09.10.2015,5,8,6,19
10.10.2015,5,8,5,18
11.10.2015,5,7,5,17
12.10.2015,5,7,4,16
13.10.2015,5,7,4,16
14.10.2015,5,7,4,16
15.10.2015,5,7,4,16
16.10.2015,5,7,4,16
17.10.2015,5,7,4,16
18.10.2015,5,7,4,16
19.10.2015,5,7,4,16
20.10.2015,5,7,4,16
21.10.2015,5,8,4,17
22.10.2015,5,8,4,17
23.10.2015,5,8,4,17
24.10.2015,5,8,4,17
25.10.2015,5,8,4,17
26.10.2015,4,8,5,17
27.10.2015,4,7,5,16
28.10.2015,4,7,5,16
29.10.2015,4,7,5,16
30.10.2015,4,7,4,15
31.10.2015,4,7,3,14
01.11.2015,4,6,3,13
02.11.2015,4,6,4,14
03.11.2015,4,6,4,14
04.11.2015,4,6,4,14
05.11.2015,4,6,4,14
06.11.2015,4,6,5,15
07.11.2015,4,6,5,15
08.11.2015,4,6,5,15
09.11.2015,4,6,5,15
10.11.2015,4,6,5,15
11.11.2015,4,6,5,15
12.11.2015,4,7,4,15
13.11.2015,4,7,5,16
14.11.2015,4,6,5,15
15.11.2015,4,6,6,16
16.11.2015,4,6,7,17
17.11.2015,4,6,7,17
18.11.2015,4,6,8,18
19.11.2015,4,5,8,17
20.11.2015,4,5,9,18
21.11.2015,4,5,9,18
22.11.2015,4,6,10,20
23.11.2015,4,6,9,19
24.11.2015,4,7,8,19
25.11.2015,4,7,8,19
26.11.2015,4,7,7,18
27.11.2015,4,7,7,18
28.11.2015,4,7,7,18
29.11.2015,4,7,7,18
30.11.2015,4,7,6,17
01.12.2015,4,8,6,18
02.12.2015,4,8,6,18
03.12.2015,4,8,6,18
04.12.2015,4,8,7,19
05.12.2015,4,8,7,19
06.12.2015,4,9,7,20
07.12.2015,4,7,6,17
08.12.2015,3,8,7,18
09.12.2015,3,8,7,18
10.12.2015,3,7,7,17
11.12.2015,3,7,6,16
12.12.2015,3,7,6,16
13.12.2015,3,7,6,16
14.12.2015,3,7,6,16
15.12.2015,3,7,7,17
16.12.2015,3,7,6,16
17.12.2015,3,7,6,16
18.12.2015,3,7,5,15
19.12.2015,3,7,6,16
20.12.2015,4,5,5,14
21.12.2015,4,5,5,14
22.12.2015,3,6,5,14
23.12.2015,3,6,5,14
24.12.2015,3,6,6,15
25.12.2015,3,7,5,15
26.12.2015,3,7,5,15
27.12.2015,3,7,5,15
28.12.2015,3,7,5,15
29.12.2015,3,7,4,14
30.12.2015,3,9,3,15
31.12.2015,3,9,3,15
01.01.2016,3,9,2,14
02.01.2016,3,9,2,14
03.01.2016,3,9,2,14
04.01.2016,3,10,2,15
05.01.2016,3,9,2,14
06.01.2016,3,9,2,14
07.01.2016,3,9,2,14
08.01.2016,3,9,2,14
09.01.2016,3,9,2,14
10.01.2016,3,9,2,14
11.01.2016,3,9,2,14
12.01.2016,3,8,2,13
13.01.2016,3,9,1,13
14.01.2016,3,9,1,13
15.01.2016,3,9,1,13
16.01.2016,3,9,0,12
17.01.2016,3,9,0,12
18.01.2016,3,9,0,12
19.01.2016,3,9,0,12
20.01.2016,3,9,1,13
21.01.2016,3,9,1,13
22.01.2016,3,9,2,14
23.01.2016,3,9,2,14
24.01.2016,3,9,2,14
25.01.2016,2,10,2,14
26.01.2016,2,11,2,15
27.01.2016,2,11,2,15
28.01.2016,4,9,2,15
29.01.2016,4,9,3,16
30.01.2016,4,9,3,16
31.01.2016,5,8,3,16
01.02.2016,4,8,3,15
02.02.2016,5,8,2,15
03.02.2016,5,8,2,15
04.02.2016,5,7,4,16
05.02.2016,5,6,4,15
06.02.2016,4,7,4,15
07.02.2016,4,7,5,16
08.02.2016,4,8,5,17
09.02.2016,5,7,5,17
10.02.2016,5,6,6,17
11.02.2016,5,6,7,18
12.02.2016,4,8,8,20
13.02.2016,4,8,8,20
14.02.2016,4,8,8,20
15.02.2016,4,8,9,21
16.02.2016,4,8,9,21
17.02.2016,4,10,7,21
18.02.2016,3,11,7,21
19.02.2016,4,9,8,21
20.02.2016,4,10,8,22
21.02.2016,4,10,8,22
22.02.2016,3,12,7,22
23.02.2016,3,12,8,23
24.02.2016,3,14,8,25
25.02.2016,4,14,8,26
26.02.2016,4,14,8,26
27.02.2016,4,13,8,25
28.02.2016,5,12,8,25
29.02.2016,5,12,8,25
01.03.2016,6,11,8,25
02.03.2016,6,11,10,27
03.03.2016,6,10,10,26
04.03.2016,6,10,10,26
05.03.2016,5,11,10,26
06.03.2016,5,11,9,25
07.03.2016,5,11,9,25
08.03.2016,5,11,10,26
09.03.2016,5,11,9,25
10.03.2016,5,11,8,24
11.03.2016,5,10,8,23
12.03.2016,5,10,9,24
13.03.2016,5,10,9,24
14.03.2016,6,9,8,23
15.03.2016,5,10,8,23
16.03.2016,5,10,7,22
17.03.2016,5,9,7,21
18.03.2016,6,9,4,19
19.03.2016,6,9,4,19
20.03.2016,6,9,5,20
21.03.2016,6,10,5,21
22.03.2016,6,10,5,21
23.03.2016,6,11,5,22
24.03.2016,7,10,6,23
25.03.2016,6,10,5,21
26.03.2016,6,10,5,21
27.03.2016,6,10,6,22
28.03.2016,6,11,5,22
29.03.2016,6,11,5,22
30.03.2016,6,11,4,21
31.03.2016,6,10,3,19
01.04.2016,6,10,3,19
02.04.2016,6,10,3,19
03.04.2016,5,11,3,19
04.04.2016,5,12,4,21
05.04.2016,6,11,3,20
06.04.2016,6,12,3,21
07.04.2016,5,13,3,21
08.04.2016,6,12,3,21
09.04.2016,5,13,4,22
10.04.2016,5,13,4,22
11.04.2016,6,12,4,22
12.04.2016,6,12,5,23
13.04.2016,6,12,5,23
14.04.2016,6,12,5,23
15.04.2016,6,11,5,22
16.04.2016,6,11,5,22
17.04.2016,6,11,5,22
18.04.2016,6,9,5,20
19.04.2016,6,9,6,21
20.04.2016,6,9,6,21
21.04.2016,6,9,5,20
22.04.2016,6,8,5,19
23.04.2016,6,8,5,19
24.04.2016,6,8,5,19
25.04.2016,6,9,6,21
26.04.2016,6,9,6,21
27.04.2016,6,11,5,22
28.04.2016,6,11,5,22
29.04.2016,6,11,5,22
30.04.2016,6,11,6,23
01.05.2016,5,12,6,23
02.05.2016,5,13,5,23
03.05.2016,6,13,5,24
04.05.2016,6,12,5,23
05.05.2016,5,13,5,23
06.05.2016,6,12,5,23
07.05.2016,5,13,4,22
08.05.2016,5,13,5,23
09.05.2016,6,12,5,23
10.05.2016,6,13,5,24
11.05.2016,6,13,5,24
12.05.2016,6,13,5,24
13.05.2016,6,12,6,24
14.05.2016,6,11,6,23
15.05.2016,6,11,6,23
16.05.2016,6,11,5,22
17.05.2016,5,13,6,24
18.05.2016,5,13,6,24
19.05.2016,5,13,7,25
20.05.2016,5,13,8,26
21.05.2016,5,14,7,26
22.05.2016,5,14,7,26
23.05.2016,5,14,7,26
24.05.2016,5,14,8,27
25.05.2016,5,12,8,25
26.05.2016,4,13,8,25
27.05.2016,4,14,7,25
28.05.2016,4,14,6,24
29.05.2016,3,16,5,24
30.05.2016,3,14,5,22
31.05.2016,5,11,4,20
01.06.2016,5,11,6,22
02.06.2016,4,12,6,22
03.06.2016,5,10,6,21
04.06.2016,4,11,6,21
05.06.2016,4,11,5,20
06.06.2016,4,11,6,21
07.06.2016,4,11,6,21
08.06.2016,4,11,6,21
09.06.2016,4,11,6,21
10.06.2016,4,11,6,21
11.06.2016,5,10,6,21
12.06.2016,5,10,6,21
13.06.2016,5,10,6,21
14.06.2016,5,10,5,20
15.06.2016,5,9,6,20
16.06.2016,5,10,5,20
17.06.2016,5,10,5,20
18.06.2016,6,9,4,19
19.06.2016,6,9,5,20
20.06.2016,4,11,7,22
21.06.2016,4,11,7,22
22.06.2016,4,12,7,23
23.06.2016,4,12,7,23
24.06.2016,4,11,7,22
25.06.2016,4,11,7,22
26.06.2016,4,10,7,21
27.06.2016,4,11,6,21
28.06.2016,4,12,6,22
29.06.2016,4,13,6,23
30.06.2016,4,14,5,23
01.07.2016,4,15,5,24
02.07.2016,4,15,5,24
03.07.2016,4,15,5,24
04.07.2016,4,15,5,24
05.07.2016,4,15,5,24
06.07.2016,5,15,6,26
07.07.2016,5,15,7,27
08.07.2016,5,16,6,27
09.07.2016,6,15,6,27
10.07.2016,6,16,5,27
11.07.2016,6,16,5,27
12.07.2016,6,16,5,27
13.07.2016,6,16,4,26
14.07.2016,6,16,4,26
15.07.2016,6,16,4,26
16.07.2016,6,16,4,26
17.07.2016,6,16,5,27
18.07.2016,4,18,5,27
19.07.2016,4,18,5,27
20.07.2016,3,18,6,27
21.07.2016,3,18,6,27
22.07.2016,3,18,7,28
23.07.2016,3,18,7,28
24.07.2016,3,18,7,28
25.07.2016,3,17,7,27
26.07.2016,3,17,6,26
27.07.2016,3,17,5,25
28.07.2016,3,19,5,27
29.07.2016,3,19,3,25
30.07.2016,3,19,3,25
31.07.2016,3,19,3,25
01.08.2016,3,20,2,25
02.08.2016,3,20,2,25
03.08.2016,4,19,2,25
04.08.2016,4,18,2,24
05.08.2016,5,18,2,25
06.08.2016,6,17,2,25
07.08.2016,6,17,2,25
08.08.2016,6,17,2,25
09.08.2016,6,17,3,26
10.08.2016,6,17,2,25
11.08.2016,6,16,3,25
12.08.2016,6,16,3,25
13.08.2016,6,16,3,25
14.08.2016,6,16,2,24
15.08.2016,5,17,3,25
16.08.2016,5,17,3,25
17.08.2016,4,18,4,26
18.08.2016,4,19,4,27
19.08.2016,4,19,3,26
20.08.2016,4,19,3,26
21.08.2016,4,19,4,27
22.08.2016,4,19,5,28
23.08.2016,4,20,4,28
24.08.2016,4,19,4,27
25.08.2016,4,17,4,25
26.08.2016,4,16,4,24
27.08.2016,4,16,4,24
28.08.2016,4,16,4,24
29.08.2016,3,16,4,23
30.08.2016,3,16,5,24
31.08.2016,4,15,4,23
01.09.2016,4,15,4,23
02.09.2016,4,15,4,23
03.09.2016,4,15,4,23
04.09.2016,4,15,4,23
05.09.2016,4,15,4,23
06.09.2016,4,15,4,23
07.09.2016,5,14,4,23
08.09.2016,5,13,3,21
09.09.2016,5,13,3,21
10.09.2016,5,13,3,21
11.09.2016,5,13,4,22
12.09.2016,6,13,4,23
13.09.2016,6,13,4,23
14.09.2016,5,16,5,26
15.09.2016,5,15,3,23
16.09.2016,5,17,3,25
17.09.2016,5,17,3,25
18.09.2016,5,17,3,25
19.09.2016,6,17,3,26
20.09.2016,6,17,3,26
21.09.2016,6,16,3,25
22.09.2016,6,16,3,25
23.09.2016,6,16,3,25
24.09.2016,6,16,3,25
25.09.2016,6,16,3,25
26.09.2016,7,15,3,25
27.09.2016,7,15,2,24
28.09.2016,7,15,2,24
29.09.2016,5,16,3,24
30.09.2016,5,16,3,24
01.10.2016,5,16,4,25
02.10.2016,6,16,4,26
03.10.2016,5,17,4,26
04.10.2016,5,17,6,28
05.10.2016,5,18,5,28
06.10.2016,5,19,4,28
07.10.2016,5,18,4,27
08.10.2016,5,17,4,26
09.10.2016,5,17,5,27
10.10.2016,5,17,4,26
11.10.2016,4,19,4,27
12.10.2016,4,19,2,25
13.10.2016,4,18,3,25
14.10.2016,4,18,3,25
15.10.2016,4,18,3,25
16.10.2016,4,17,3,24
17.10.2016,5,16,3,24
18.10.2016,5,17,4,26
19.10.2016,5,17,5,27
20.10.2016,5,19,4,28
21.10.2016,5,19,4,28
22.10.2016,5,19,4,28
23.10.2016,5,19,5,29
24.10.2016,5,19,6,30
25.10.2016,7,17,6,30
26.10.2016,7,17,7,31
27.10.2016,6,18,7,31
28.10.2016,7,17,7,31
29.10.2016,7,17,7,31
30.10.2016,8,16,7,31
31.10.2016,8,16,7,31
01.11.2016,7,17,7,31
02.11.2016,7,17,7,31
03.11.2016,7,17,7,31
04.11.2016,7,17,7,31
05.11.2016,7,17,7,31
06.11.2016,7,16,6,29
07.11.2016,8,14,6,28
08.11.2016,8,14,7,29
09.11.2016,8,15,7,30
10.11.2016,8,15,6,29
11.11.2016,7,15,6,28
12.11.2016,7,15,6,28
13.11.2016,7,15,6,28
14.11.2016,8,14,6,28
15.11.2016,8,14,5,27
16.11.2016,8,14,5,27
17.11.2016,8,13,6,27
18.11.2016,8,13,6,27
19.11.2016,8,14,6,28
20.11.2016,8,15,8,31
21.11.2016,8,15,7,30
22.11.2016,8,14,7,29
23.11.2016,8,14,7,29
24.11.2016,8,15,6,29
25.11.2016,8,15,6,29
26.11.2016,8,15,6,29
27.11.2016,7,16,6,29
28.11.2016,7,16,6,29
29.11.2016,6,17,6,29
30.11.2016,6,18,6,30
01.12.2016,6,18,6,30
02.12.2016,6,18,6,30
03.12.2016,7,17,7,31
04.12.2016,7,17,7,31
05.12.2016,7,17,8,32
06.12.2016,7,17,8,32
07.12.2016,7,17,8,32
08.12.2016,7,17,9,33
09.12.2016,7,18,8,33
10.12.2016,7,18,8,33
11.12.2016,7,18,8,33
12.12.2016,7,18,8,33
13.12.2016,7,18,8,33
14.12.2016,7,18,7,32
15.12.2016,8,16,6,30
16.12.2016,8,16,6,30
17.12.2016,8,16,5,29
18.12.2016,8,16,3,27
19.12.2016,8,17,5,30
20.12.2016,8,17,5,30
21.12.2016,8,17,5,30
22.12.2016,8,15,5,28
23.12.2016,8,15,5,28
24.12.2016,8,15,5,28
25.12.2016,8,15,5,28
26.12.2016,8,15,6,29
27.12.2016,8,16,7,31
28.12.2016,8,15,8,31
29.12.2016,8,15,8,31
30.12.2016,8,15,8,31
31.12.2016,8,14,8,30
01.01.2017,8,14,9,31
02.01.2017,8,13,9,30
03.01.2017,7,14,10,31
04.01.2017,7,14,10,31
05.01.2017,7,13,9,29
06.01.2017,7,13,9,29
07.01.2017,7,13,9,29
08.01.2017,7,13,9,29
09.01.2017,7,14,9,30
10.01.2017,7,14,10,31
11.01.2017,7,14,9,30
12.01.2017,8,12,9,29
13.01.2017,8,12,9,29
14.01.2017,8,12,9,29
15.01.2017,7,11,9,27
16.01.2017,7,10,6,23
17.01.2017,7,10,6,23
18.01.2017,7,11,5,23
19.01.2017,6,11,5,22
20.01.2017,6,11,6,23
21.01.2017,6,11,7,24
22.01.2017,6,11,7,24
23.01.2017,6,11,7,24
24.01.2017,6,10,8,24
25.01.2017,6,10,8,24
26.01.2017,6,11,7,24
27.01.2017,6,11,8,25
28.01.2017,6,11,8,25
29.01.2017,6,11,8,25
30.01.2017,6,12,9,27
31.01.2017,6,13,7,26
01.02.2017,6,13,7,26
02.02.2017,6,13,7,26
03.02.2017,6,13,7,26
04.02.2017,7,12,7,26
05.02.2017,8,11,7,26
06.02.2017,8,10,7,25
07.02.2017,8,12,5,25
08.02.2017,6,14,5,25
09.02.2017,6,14,6,26
10.02.2017,8,12,6,26
11.02.2017,8,11,7,26
12.02.2017,8,11,7,26
13.02.2017,8,12,7,27
14.02.2017,9,12,7,28
15.02.2017,9,12,7,28
16.02.2017,8,12,7,27
17.02.2017,8,12,6,26
18.02.2017,8,12,5,25
19.02.2017,8,12,5,25
20.02.2017,8,12,4,24
21.02.2017,8,12,5,25
22.02.2017,8,12,6,26
23.02.2017,7,13,6,26
24.02.2017,7,14,4,25
25.02.2017,7,14,4,25
26.02.2017,7,14,4,25
27.02.2017,8,13,3,24
28.02.2017,8,13,4,25
01.03.2017,8,13,4,25
02.03.2017,8,13,4,25
03.03.2017,8,12,4,24
04.03.2017,9,11,4,24
05.03.2017,9,11,4,24
06.03.2017,9,11,5,25
07.03.2017,9,11,7,27
08.03.2017,9,10,6,25
09.03.2017,9,10,9,28
10.03.2017,9,11,8,28
11.03.2017,9,11,8,28
12.03.2017,9,11,8,28
13.03.2017,10,10,8,28
14.03.2017,10,9,8,27
15.03.2017,10,9,8,27
16.03.2017,9,11,7,27
17.03.2017,10,10,8,28
18.03.2017,10,11,7,28
19.03.2017,10,11,7,28
20.03.2017,10,11,7,28
21.03.2017,10,12,5,27
22.03.2017,10,12,4,26
23.03.2017,10,12,4,26
24.03.2017,10,12,4,26
25.03.2017,10,12,4,26
26.03.2017,10,12,4,26
27.03.2017,10,13,4,27
28.03.2017,10,13,3,26
29.03.2017,10,14,3,27
30.03.2017,10,15,3,28
31.03.2017,10,15,4,29
01.04.2017,10,16,3,29
02.04.2017,10,16,3,29
03.04.2017,11,15,2,28
04.04.2017,11,15,2,28
05.04.2017,11,15,2,28
06.04.2017,12,14,1,27
07.04.2017,13,12,2,27
08.04.2017,13,12,2,27
09.04.2017,13,12,2,27
10.04.2017,14,13,2,29
11.04.2017,14,13,2,29
12.04.2017,14,13,3,30
13.04.2017,13,13,3,29
14.04.2017,13,14,4,31
15.04.2017,13,14,4,31
16.04.2017,13,14,4,31
17.04.2017,13,14,7,34
18.04.2017,13,14,7,34
19.04.2017,13,14,8,35
20.04.2017,13,14,8,35
21.04.2017,13,15,8,36
22.04.2017,13,15,8,36
23.04.2017,13,15,8,36
24.04.2017,13,14,7,34
25.04.2017,13,14,7,34
26.04.2017,13,14,10,37
27.04.2017,13,15,9,37
28.04.2017,13,15,9,37
29.04.2017,14,14,10,38
30.04.2017,14,14,10,38
01.05.2017,14,13,10,37
02.05.2017,14,13,10,37
03.05.2017,14,13,10,37
04.05.2017,14,13,10,37
05.05.2017,14,13,11,38
06.05.2017,14,13,11,38
07.05.2017,14,13,11,38
08.05.2017,16,11,12,39
09.05.2017,16,12,12,40
10.05.2017,16,12,12,40
11.05.2017,14,13,12,39
12.05.2017,15,13,12,40
13.05.2017,15,13,12,40
14.05.2017,15,13,12,40
15.05.2017,15,13,9,37
16.05.2017,15,12,9,36
17.05.2017,14,13,8,35
18.05.2017,13,14,8,35
19.05.2017,13,14,7,34
20.05.2017,13,14,7,34
21.05.2017,13,14,7,34
22.05.2017,14,13,8,35
23.05.2017,15,12,8,35
24.05.2017,14,15,6,35
25.05.2017,14,14,5,33
26.05.2017,14,14,4,32
27.05.2017,14,14,6,34
28.05.2017,14,16,5,35
29.05.2017,13,17,5,35
30.05.2017,13,17,5,35
31.05.2017,13,18,5,36
01.06.2017,13,17,6,36
02.06.2017,13,17,6,36
03.06.2017,13,17,6,36
04.06.2017,13,17,6,36
05.06.2017,13,19,5,37
06.06.2017,14,18,6,38
07.06.2017,13,19,6,38
08.06.2017,13,19,6,38
09.06.2017,13,19,6,38
10.06.2017,13,19,6,38
11.06.2017,13,19,6,38
12.06.2017,13,19,6,38
13.06.2017,13,19,7,39
14.06.2017,11,21,6,38
15.06.2017,11,21,6,38
16.06.2017,10,22,6,38
17.06.2017,10,22,6,38
18.06.2017,10,22,8,40
19.06.2017,11,20,7,38
20.06.2017,12,20,7,39
21.06.2017,11,21,8,40
22.06.2017,11,22,10,43
23.06.2017,11,22,8,41
24.06.2017,11,22,8,41
25.06.2017,11,21,6,38
26.06.2017,11,22,5,38
27.06.2017,11,21,5,37
28.06.2017,11,19,5,35
29.06.2017,11,18,5,34
30.06.2017,11,17,5,33
01.07.2017,11,17,5,33
02.07.2017,11,17,5,33
03.07.2017,11,17,4,32
04.07.2017,11,17,5,33
05.07.2017,10,18,5,33
06.07.2017,10,17,5,32
07.07.2017,10,16,6,32
08.07.2017,10,16,6,32
09.07.2017,10,16,6,32
10.07.2017,9,17,6,32
11.07.2017,9,17,5,31
12.07.2017,8,18,5,31
13.07.2017,9,18,5,32
14.07.2017,8,19,5,32
15.07.2017,8,19,5,32
16.07.2017,8,19,4,31
17.07.2017,8,19,4,31
18.07.2017,10,18,5,33
19.07.2017,9,19,5,33
20.07.2017,9,19,5,33
21.07.2017,9,20,5,34
22.07.2017,9,20,6,35
23.07.2017,10,19,6,35
24.07.2017,11,17,7,35
25.07.2017,11,17,8,36
26.07.2017,11,20,5,36
27.07.2017,11,20,5,36
28.07.2017,11,20,5,36
29.07.2017,11,20,6,37
30.07.2017,10,21,6,37
31.07.2017,10,21,7,38
01.08.2017,11,20,6,37
02.08.2017,11,22,6,39
03.08.2017,11,22,5,38
04.08.2017,11,22,5,38
05.08.2017,11,22,5,38
06.08.2017,11,22,6,39
07.08.2017,11,22,6,39
08.08.2017,11,21,6,38
09.08.2017,11,20,6,37
10.08.2017,12,18,7,37
11.08.2017,11,19,7,37
12.08.2017,11,19,9,39
13.08.2017,11,20,8,39
14.08.2017,12,19,9,40
15.08.2017,13,18,8,39
16.08.2017,12,18,9,39
17.08.2017,12,16,9,37
18.08.2017,13,15,9,37
19.08.2017,13,15,8,36
20.08.2017,13,15,8,36
21.08.2017,12,16,8,36
22.08.2017,13,15,7,35
23.08.2017,14,14,9,37
24.08.2017,14,16,8,38
25.08.2017,14,16,8,38
26.08.2017,14,17,7,38
27.08.2017,14,17,8,39
28.08.2017,14,17,8,39
29.08.2017,14,20,8,42
30.08.2017,14,20,9,43
31.08.2017,15,19,10,44
01.09.2017,15,19,10,44
02.09.2017,15,19,10,44
03.09.2017,15,19,9,43
04.09.2017,16,17,9,42
05.09.2017,16,17,10,43
06.09.2017,16,17,9,42
07.09.2017,16,17,12,45
08.09.2017,16,18,11,45
09.09.2017,16,19,10,45
10.09.2017,16,19,11,46
11.09.2017,17,17,10,44
12.09.2017,17,17,10,44
13.09.2017,16,18,10,44
14.09.2017,18,17,11,46
15.09.2017,18,17,12,47
16.09.2017,18,17,13,48
17.09.2017,17,18,13,48
18.09.2017,17,17,14,48
19.09.2017,17,17,14,48
20.09.2017,16,19,13,48
21.09.2017,16,20,12,48
22.09.2017,16,20,12,48
23.09.2017,16,19,13,48
24.09.2017,16,19,12,47
25.09.2017,16,19,13,48
26.09.2017,16,18,15,49
27.09.2017,16,18,13,47
28.09.2017,14,18,11,43
29.09.2017,14,18,11,43
30.09.2017,14,18,11,43
01.10.2017,14,18,11,43
02.10.2017,15,17,12,44
03.10.2017,15,17,12,44
04.10.2017,15,17,13,45
05.10.2017,15,17,11,43
06.10.2017,15,17,11,43
07.10.2017,15,16,11,42
08.10.2017,15,16,12,43
09.10.2017,15,16,12,43
10.10.2017,15,16,12,43
11.10.2017,14,17,12,43
12.10.2017,15,15,14,44
13.10.2017,15,15,12,42
14.10.2017,15,15,11,41
15.10.2017,15,16,11,42
16.10.2017,15,15,10,40
17.10.2017,15,17,10,42
18.10.2017,14,18,10,42
19.10.2017,14,18,13,45
20.10.2017,14,19,12,45
21.10.2017,14,19,12,45
22.10.2017,14,20,12,46
23.10.2017,15,19,12,46
24.10.2017,15,18,10,43
25.10.2017,14,18,11,43
26.10.2017,14,19,10,43
27.10.2017,14,19,11,44
28.10.2017,13,20,11,44
29.10.2017,13,20,12,45
30.10.2017,14,20,10,44
31.10.2017,15,20,9,44
01.11.2017,15,20,9,44
02.11.2017,15,20,10,45
03.11.2017,15,19,10,44
04.11.2017,15,19,9,43
05.11.2017,14,20,8,42
06.11.2017,13,21,7,41
07.11.2017,14,20,10,44
08.11.2017,13,21,11,45
09.11.2017,13,21,10,44
10.11.2017,13,21,10,44
11.11.2017,14,20,11,45
12.11.2017,13,22,11,46
13.11.2017,12,22,12,46
14.11.2017,11,25,13,49
15.11.2017,13,23,14,50
16.11.2017,13,24,13,50
17.11.2017,12,25,12,49
18.11.2017,12,26,11,49
19.11.2017,11,27,10,48
20.11.2017,13,25,10,48
21.11.2017,12,26,11,49
22.11.2017,11,25,11,47
23.11.2017,11,25,13,49
24.11.2017,11,26,12,49
25.11.2017,10,26,12,48
26.11.2017,10,26,12,48
27.11.2017,11,24,12,47
28.11.2017,12,22,12,46
29.11.2017,12,22,11,45
30.11.2017,13,21,12,46
01.12.2017,13,22,11,46
02.12.2017,13,21,11,45
03.12.2017,13,21,12,46
04.12.2017,11,22,12,45
05.12.2017,12,20,11,43
06.12.2017,12,21,10,43
07.12.2017,13,20,9,42
08.12.2017,13,20,10,43
09.12.2017,13,21,9,43
10.12.2017,14,20,8,42
11.12.2017,13,20,8,41
12.12.2017,13,19,7,39
13.12.2017,15,17,8,40
14.12.2017,15,17,9,41
15.12.2017,14,18,9,41
16.12.2017,14,18,9,41
17.12.2017,12,20,9,41
18.12.2017,14,18,8,40
19.12.2017,13,20,8,41
20.12.2017,12,20,8,40
21.12.2017,12,20,11,43
22.12.2017,12,21,9,42
23.12.2017,11,22,9,42
24.12.2017,11,22,11,44
25.12.2017,11,23,10,44
26.12.2017,11,23,10,44
27.12.2017,10,24,13,47
28.12.2017,11,23,12,46
29.12.2017,12,21,12,45
30.12.2017,13,20,12,45
31.12.2017,13,20,11,44
01.01.2018,10,23,11,44
02.01.2018,11,22,11,44
03.01.2018,11,20,12,43
04.01.2018,14,16,11,41
05.01.2018,11,17,11,39
06.01.2018,10,17,11,38
07.01.2018,11,15,11,37
08.01.2018,12,17,12,41
09.01.2018,14,15,12,41
10.01.2018,15,15,14,44
11.01.2018,13,18,15,46
12.01.2018,11,21,14,46
13.01.2018,9,22,14,45
14.01.2018,9,21,16,46
15.01.2018,9,20,15,44
16.01.2018,10,18,14,42
17.01.2018,10,18,15,43
18.01.2018,10,19,14,43
19.01.2018,10,18,17,45
20.01.2018,9,19,17,45
21.01.2018,9,19,16,44
22.01.2018,9,18,16,43
23.01.2018,9,18,17,44
24.01.2018,9,19,16,44
25.01.2018,11,18,15,44
26.01.2018,11,18,16,45
27.01.2018,12,17,16,45
28.01.2018,11,18,16,45
29.01.2018,11,18,18,47
30.01.2018,12,16,18,46
31.01.2018,12,17,18,47
01.02.2018,14,14,17,45
02.02.2018,14,14,17,45
03.02.2018,13,15,18,46
04.02.2018,14,14,18,46
05.02.2018,13,16,18,47
06.02.2018,13,16,17,46
07.02.2018,15,14,14,43
08.02.2018,13,16,13,42
09.02.2018,12,19,12,43
10.02.2018,11,20,12,43
11.02.2018,11,20,12,43
12.02.2018,11,20,12,43
13.02.2018,13,18,13,44
14.02.2018,13,18,12,43
15.02.2018,12,20,11,43
16.02.2018,12,21,10,43
17.02.2018,12,22,9,43
18.02.2018,12,23,9,44
19.02.2018,12,23,9,44
20.02.2018,14,21,8,43
21.02.2018,14,20,7,41
22.02.2018,14,20,7,41
23.02.2018,16,18,7,41
24.02.2018,17,17,7,41
25.02.2018,16,19,7,42
26.02.2018,15,20,5,40
27.02.2018,15,20,5,40
28.02.2018,15,20,4,39
01.03.2018,14,22,5,41
02.03.2018,13,23,6,42
03.03.2018,13,23,13,49
04.03.2018,14,24,11,49
05.03.2018,13,25,12,50
06.03.2018,13,24,13,50
07.03.2018,14,23,13,50
08.03.2018,13,24,13,50
09.03.2018,12,26,11,49
10.03.2018,12,26,11,49
11.03.2018,12,26,11,49
12.03.2018,12,25,11,48
13.03.2018,12,25,13,50
14.03.2018,12,26,13,51
15.03.2018,11,27,14,52
16.03.2018,10,26,14,50
17.03.2018,10,26,14,50
18.03.2018,10,25,14,49
19.03.2018,10,25,15,50
20.03.2018,12,23,15,50
21.03.2018,12,23,15,50
22.03.2018,12,23,15,50
23.03.2018,15,21,15,51
24.03.2018,15,21,15,51
25.03.2018,14,21,14,49
26.03.2018,14,21,15,50
27.03.2018,15,20,15,50
28.03.2018,15,20,17,52
29.03.2018,13,22,16,51
30.03.2018,13,22,16,51
31.03.2018,13,22,14,49
01.04.2018,13,22,12,47
02.04.2018,13,21,12,46
03.04.2018,13,22,13,48
04.04.2018,14,22,11,47
05.04.2018,14,22,11,47
06.04.2018,12,23,12,47
07.04.2018,12,23,12,47
08.04.2018,12,23,13,48
09.04.2018,12,23,14,49
10.04.2018,12,23,13,48
11.04.2018,13,24,13,50
12.04.2018,13,27,12,52
13.04.2018,12,28,12,52
14.04.2018,12,28,14,54
15.04.2018,12,29,17,58
16.04.2018,12,29,17,58
17.04.2018,12,29,16,57
18.04.2018,12,29,18,59
19.04.2018,12,29,21,62
20.04.2018,12,30,22,64
21.04.2018,12,31,24,67
22.04.2018,12,34,24,70
23.04.2018,12,34,25,71
24.04.2018,14,34,23,71
25.04.2018,14,34,20,68
26.04.2018,13,35,22,70
27.04.2018,13,35,23,71
28.04.2018,13,35,21,69
29.04.2018,13,35,20,68
30.04.2018,14,33,21,68
01.05.2018,13,34,22,69
02.05.2018,14,34,21,69
03.05.2018,14,35,25,74
04.05.2018,14,35,24,73
05.05.2018,14,35,24,73
06.05.2018,13,36,23,72
07.05.2018,13,36,23,72
08.05.2018,13,37,23,73
09.05.2018,14,33,23,70
10.05.2018,14,32,22,68
11.05.2018,11,35,22,68
12.05.2018,12,33,22,67
13.05.2018,12,33,20,65
14.05.2018,11,35,20,66
15.05.2018,11,35,21,67
16.05.2018,12,33,20,65
17.05.2018,13,32,20,65
18.05.2018,13,33,17,63
19.05.2018,12,33,15,60
20.05.2018,12,32,12,56
21.05.2018,12,32,12,56
22.05.2018,13,31,12,56
23.05.2018,14,28,14,56
24.05.2018,14,29,11,54
25.05.2018,16,28,11,55
26.05.2018,16,27,11,54
27.05.2018,16,26,12,54
28.05.2018,17,26,12,55
29.05.2018,16,27,12,55
30.05.2018,16,28,13,57
31.05.2018,16,28,11,55
01.06.2018,17,26,11,54
02.06.2018,17,27,10,54
03.06.2018,15,28,11,54
04.06.2018,16,27,12,55
05.06.2018,16,28,10,54
06.06.2018,17,27,10,54
07.06.2018,17,27,10,54
08.06.2018,16,27,10,53
09.06.2018,17,26,10,53
10.06.2018,17,26,10,53
11.06.2018,16,27,9,52
12.06.2018,16,28,10,54
13.06.2018,17,28,10,55
14.06.2018,17,29,9,55
15.06.2018,15,30,13,58
16.06.2018,15,31,11,57
17.06.2018,15,30,11,56
18.06.2018,14,32,10,56
19.06.2018,15,29,14,58
20.06.2018,16,31,13,60
21.06.2018,15,31,12,58
22.06.2018,15,30,15,60
23.06.2018,15,31,16,62
24.06.2018,15,32,14,61
25.06.2018,15,31,13,59
26.06.2018,15,31,15,61
27.06.2018,14,30,14,58
28.06.2018,14,29,16,59
29.06.2018,15,29,15,59
30.06.2018,15,29,15,59
01.07.2018,13,31,15,59
02.07.2018,14,29,15,58
03.07.2018,15,28,17,60
04.07.2018,14,30,15,59
05.07.2018,14,31,14,59
06.07.2018,13,33,15,61
07.07.2018,15,30,15,60
08.07.2018,15,29,16,60
09.07.2018,15,30,15,60
10.07.2018,16,29,14,59
11.07.2018,16,28,16,60
12.07.2018,16,29,15,60
13.07.2018,14,31,14,59
14.07.2018,14,29,14,57
15.07.2018,14,29,14,57
16.07.2018,13,29,14,56
17.07.2018,13,29,13,55
18.07.2018,14,27,13,54
19.07.2018,15,27,13,55
20.07.2018,15,26,10,51
21.07.2018,15,25,10,50
22.07.2018,15,25,11,51
23.07.2018,15,25,11,51
24.07.2018,17,24,11,52
25.07.2018,15,25,11,51
26.07.2018,16,24,9,49
27.07.2018,15,24,10,49
28.07.2018,14,25,10,49
29.07.2018,14,25,10,49
30.07.2018,15,25,11,51
31.07.2018,15,26,10,51
01.08.2018,16,24,10,50
02.08.2018,16,25,11,52
03.08.2018,16,24,12,52
04.08.2018,16,24,13,53
05.08.2018,16,24,13,53
06.08.2018,17,23,13,53
07.08.2018,18,22,14,54
08.08.2018,18,22,13,53
09.08.2018,19,23,13,55
10.08.2018,19,24,13,56
11.08.2018,20,22,14,56
12.08.2018,20,22,13,55
13.08.2018,19,23,12,54
14.08.2018,19,23,13,55
15.08.2018,20,23,13,56
16.08.2018,19,24,12,55
17.08.2018,17,25,12,54
18.08.2018,17,25,12,54
19.08.2018,17,23,11,51
20.08.2018,17,22,11,50
21.08.2018,16,22,11,49
22.08.2018,16,23,12,51
23.08.2018,17,23,13,53
24.08.2018,18,21,13,52
25.08.2018,18,23,11,52
26.08.2018,17,25,12,54
27.08.2018,19,22,12,53
28.08.2018,19,22,11,52
29.08.2018,17,25,10,52
30.08.2018,16,26,11,53
31.08.2018,16,27,9,52
01.09.2018,16,27,9,52
02.09.2018,15,28,9,52
03.09.2018,15,28,8,51
04.09.2018,16,28,8,52
05.09.2018,16,27,9,52
06.09.2018,17,25,11,53
07.09.2018,16,25,12,53
08.09.2018,16,25,11,52
09.09.2018,17,25,10,52
10.09.2018,17,24,10,51
11.09.2018,15,27,10,52
12.09.2018,15,27,10,52
13.09.2018,15,28,10,53
14.09.2018,15,28,10,53
15.09.2018,16,27,9,52
16.09.2018,16,27,12,55
17.09.2018,16,28,14,58
18.09.2018,14,31,14,59
19.09.2018,14,32,15,61
20.09.2018,13,33,15,61
21.09.2018,14,32,13,59
22.09.2018,15,31,13,59
23.09.2018,15,30,12,57
24.09.2018,14,31,11,56
25.09.2018,13,32,11,56
26.09.2018,14,30,12,56
27.09.2018,17,26,11,54
28.09.2018,18,24,11,53
29.09.2018,19,24,11,54
30.09.2018,19,24,11,54
01.10.2018,19,24,12,55
02.10.2018,19,24,10,53
03.10.2018,18,26,11,55
04.10.2018,17,27,12,56
05.10.2018,17,27,11,55
06.10.2018,18,25,11,54
07.10.2018,19,24,12,55
08.10.2018,19,23,14,56
09.10.2018,19,24,13,56
10.10.2018,19,25,15,59
11.10.2018,20,23,15,58
12.10.2018,19,23,16,58
13.10.2018,20,22,16,58
14.10.2018,20,22,15,57
15.10.2018,19,21,13,53
16.10.2018,18,21,13,52
17.10.2018,18,21,12,51
18.10.2018,17,22,13,52
19.10.2018,18,20,14,52
20.10.2018,18,24,13,55
21.10.2018,19,22,13,54
22.10.2018,19,23,13,55
23.10.2018,19,22,13,54
24.10.2018,18,22,14,54
25.10.2018,17,22,13,52
26.10.2018,19,19,15,53
27.10.2018,19,18,18,55
28.10.2018,19,18,18,55
29.10.2018,19,19,18,56
30.10.2018,19,20,19,58
31.10.2018,19,19,20,58
01.11.2018,18,20,18,56
02.11.2018,18,20,19,57
03.11.2018,20,18,21,59
04.11.2018,21,18,20,59
05.11.2018,20,21,19,60
06.11.2018,22,19,21,62
07.11.2018,23,17,20,60
08.11.2018,23,16,21,60
09.11.2018,23,16,23,62
10.11.2018,23,18,21,62
11.11.2018,22,19,21,62
12.11.2018,22,21,21,64
13.11.2018,22,23,23,68
14.11.2018,21,24,26,71
15.11.2018,20,26,25,71
16.11.2018,20,27,28,75
17.11.2018,20,26,27,73
18.11.2018,21,26,26,73
19.11.2018,20,29,25,74
20.11.2018,20,28,25,73
21.11.2018,19,29,24,72
22.11.2018,18,30,26,74
23.11.2018,20,28,24,72
24.11.2018,20,28,23,71
25.11.2018,20,29,24,73
26.11.2018,20,30,22,72
27.11.2018,20,32,19,71
28.11.2018,20,32,20,72
29.11.2018,20,34,21,75
30.11.2018,20,35,22,77
01.12.2018,21,35,18,74
02.12.2018,20,37,19,76
03.12.2018,21,35,19,75
04.12.2018,21,35,21,77
05.12.2018,21,37,19,77
06.12.2018,21,37,20,78
07.12.2018,21,37,19,77
08.12.2018,21,36,20,77
09.12.2018,21,36,20,77
10.12.2018,21,35,20,76
11.12.2018,21,33,19,73
12.12.2018,19,35,16,70
13.12.2018,20,34,16,70
14.12.2018,18,37,16,71
15.12.2018,19,36,17,72
16.12.2018,18,37,19,74
17.12.2018,18,34,20,72
18.12.2018,18,34,20,72
19.12.2018,18,34,20,72
20.12.2018,17,36,18,71
21.12.2018,18,37,17,72
22.12.2018,18,36,17,71
23.12.2018,18,37,16,71
24.12.2018,17,38,16,71
25.12.2018,17,36,16,69
26.12.2018,17,35,14,66
27.12.2018,17,35,15,67
28.12.2018,18,34,16,68
29.12.2018,18,34,15,67
30.12.2018,18,35,13,66
31.12.2018,17,35,14,66
01.01.2019,18,34,11,63
02.01.2019,18,31,12,61
03.01.2019,17,31,11,59
04.01.2019,16,32,11,59
05.01.2019,15,32,11,58
06.01.2019,15,32,11,58
07.01.2019,15,30,13,58
08.01.2019,15,31,12,58
09.01.2019,13,35,13,61
10.01.2019,15,35,13,63
11.01.2019,15,35,12,62
12.01.2019,15,35,12,62
13.01.2019,17,33,9,59
14.01.2019,17,33,9,59
15.01.2019,17,32,8,57
16.01.2019,17,32,8,57
17.01.2019,18,31,9,58
18.01.2019,19,31,9,59
19.01.2019,19,31,9,59
20.01.2019,18,32,9,59
21.01.2019,18,32,9,59
22.01.2019,18,31,10,59
23.01.2019,19,31,11,61
24.01.2019,19,31,13,63
25.01.2019,19,30,13,62
26.01.2019,19,30,13,62
27.01.2019,20,29,14,63
28.01.2019,20,29,15,64
29.01.2019,19,32,15,66
30.01.2019,19,32,14,65
31.01.2019,19,32,14,65
01.02.2019,17,33,19,69
02.02.2019,17,35,17,69
03.02.2019,20,34,17,71
04.02.2019,20,33,18,71
05.02.2019,21,32,22,75
06.02.2019,20,36,18,74
07.02.2019,20,36,18,74
08.02.2019,21,37,18,76
09.02.2019,19,41,20,80
10.02.2019,20,41,19,80
11.02.2019,19,42,20,81
12.02.2019,19,40,21,80
13.02.2019,20,40,21,81
14.02.2019,21,41,20,82
15.02.2019,22,40,21,83
16.02.2019,22,40,20,82
17.02.2019,21,41,20,82
18.02.2019,21,42,20,83
19.02.2019,21,41,21,83
20.02.2019,22,41,21,84
21.02.2019,23,39,21,83
22.02.2019,22,42,17,81
23.02.2019,22,43,16,81
24.02.2019,23,41,15,79
25.02.2019,24,39,15,78
26.02.2019,24,40,16,80
27.02.2019,24,39,16,79
28.02.2019,24,39,16,79
01.03.2019,23,41,14,78
02.03.2019,23,42,13,78
03.03.2019,24,42,11,77
04.03.2019,24,42,10,76
05.03.2019,24,42,9,75
06.03.2019,24,39,10,73
07.03.2019,23,39,11,73
08.03.2019,22,40,8,70
09.03.2019,23,39,6,68
10.03.2019,24,37,6,67
11.03.2019,22,39,5,66
12.03.2019,22,40,6,68
13.03.2019,22,41,7,70
14.03.2019,23,40,10,73
15.03.2019,25,36,11,72
16.03.2019,25,37,10,72
17.03.2019,24,38,10,72
18.03.2019,24,38,9,71
19.03.2019,26,37,9,72
20.03.2019,26,37,8,71
21.03.2019,26,37,8,71
22.03.2019,26,36,7,69
23.03.2019,23,34,7,64
24.03.2019,24,33,7,64
25.03.2019,24,32,8,64
26.03.2019,23,32,10,65
27.03.2019,22,32,11,65
28.03.2019,23,31,11,65
29.03.2019,23,32,11,66
30.03.2019,24,31,11,66
31.03.2019,25,29,11,65
01.04.2019,25,29,12,66
02.04.2019,25,28,12,65
03.04.2019,25,31,14,70
04.04.2019,24,33,15,72
05.04.2019,23,34,16,73
06.04.2019,24,34,17,75
07.04.2019,24,36,17,77
08.04.2019,23,38,16,77
09.04.2019,24,39,18,81
10.04.2019,24,42,15,81
11.04.2019,25,40,14,79
12.04.2019,24,43,14,81
13.04.2019,24,43,18,85
14.04.2019,23,47,15,85
15.04.2019,24,44,15,83
16.04.2019,24,42,17,83
17.04.2019,24,42,18,84
18.04.2019,25,42,17,84
19.04.2019,25,42,17,84
20.04.2019,24,42,17,83
21.04.2019,25,42,16,83
22.04.2019,24,45,16,85
23.04.2019,23,47,15,85
24.04.2019,22,46,11,79
25.04.2019,23,44,10,77
26.04.2019,23,44,10,77
27.04.2019,25,42,10,77
28.04.2019,24,43,10,77
29.04.2019,23,45,11,79
30.04.2019,23,45,11,79
01.05.2019,22,43,11,76
02.05.2019,23,42,9,74
03.05.2019,23,42,10,75
04.05.2019,23,42,10,75
05.05.2019,23,41,10,74
06.05.2019,24,40,11,75
07.05.2019,25,41,8,74
08.05.2019,22,44,8,74
09.05.2019,24,42,9,75
10.05.2019,23,41,12,76
11.05.2019,23,45,8,76
12.05.2019,23,43,8,74
13.05.2019,23,43,8,74
14.05.2019,23,42,9,74
15.05.2019,24,43,9,76
16.05.2019,23,44,10,77
17.05.2019,23,45,8,76
18.05.2019,23,46,8,77
19.05.2019,23,46,10,79
20.05.2019,24,45,11,80
21.05.2019,23,47,11,81
22.05.2019,23,49,13,85
23.05.2019,23,52,12,87
24.05.2019,23,54,11,88
25.05.2019,24,51,11,86
26.05.2019,26,50,12,88
27.05.2019,26,52,12,90
28.05.2019,26,52,13,91
29.05.2019,27,52,11,90
30.05.2019,27,52,10,89
31.05.2019,28,51,11,90
01.06.2019,29,51,11,91
02.06.2019,28,53,13,94
03.06.2019,27,57,12,96
04.06.2019,26,56,13,95
05.06.2019,23,60,13,96
06.06.2019,24,60,14,98
07.06.2019,24,58,17,99
08.06.2019,26,55,16,97
09.06.2019,26,56,21,103
10.06.2019,26,57,19,102
11.06.2019,29,55,18,102
12.06.2019,28,54,17,99
13.06.2019,27,55,18,100
14.06.2019,28,54,18,100
15.06.2019,28,54,19,101
16.06.2019,28,55,18,101
17.06.2019,30,54,19,103
18.06.2019,28,58,18,104
19.06.2019,29,56,19,104
20.06.2019,29,56,18,103
21.06.2019,29,59,17,105
22.06.2019,27,62,17,106
23.06.2019,28,62,16,106
24.06.2019,27,58,17,102
25.06.2019,27,58,16,101
26.06.2019,28,56,17,101
27.06.2019,27,57,17,101
28.06.2019,26,59,15,100
29.06.2019,27,59,16,102
30.06.2019,27,58,16,101
01.07.2019,27,59,17,103
02.07.2019,25,59,15,99
03.07.2019,26,56,17,99
04.07.2019,26,57,16,99
05.07.2019,26,56,15,97
06.07.2019,29,53,14,96
07.07.2019,29,52,11,92
08.07.2019,30,52,12,94
09.07.2019,33,46,11,90
10.07.2019,31,47,13,91
11.07.2019,31,50,10,91
12.07.2019,30,52,10,92
13.07.2019,30,52,10,92
14.07.2019,30,52,10,92
15.07.2019,32,50,11,93
16.07.2019,29,53,11,93
17.07.2019,31,52,11,94
18.07.2019,32,51,11,94
19.07.2019,31,51,11,93
20.07.2019,29,51,12,92
21.07.2019,30,52,9,91
22.07.2019,29,53,11,93
23.07.2019,30,52,11,93
24.07.2019,30,51,11,92
25.07.2019,27,52,12,91
26.07.2019,29,47,13,89
27.07.2019,30,43,15,88
28.07.2019,30,45,12,87
29.07.2019,28,46,11,85
30.07.2019,28,45,14,87
31.07.2019,29,43,15,87
01.08.2019,30,42,18,90
02.08.2019,31,42,20,93
03.08.2019,32,40,21,93
04.08.2019,32,43,20,95
05.08.2019,32,44,20,96
06.08.2019,32,45,19,96
07.08.2019,29,47,16,92
08.08.2019,30,50,19,99
09.08.2019,29,50,20,99
10.08.2019,29,50,21,100
11.08.2019,29,50,22,101
12.08.2019,28,52,21,101
13.08.2019,28,53,21,102
14.08.2019,26,53,22,101
15.08.2019,27,53,23,103
16.08.2019,27,56,20,103
17.08.2019,25,58,19,102
18.08.2019,27,57,19,103
19.08.2019,27,58,17,102
20.08.2019,29,57,19,105
21.08.2019,29,56,19,104
22.08.2019,29,55,18,102
23.08.2019,30,54,18,102
24.08.2019,30,53,20,103
25.08.2019,32,53,19,104
26.08.2019,32,52,23,107
27.08.2019,31,53,26,110
28.08.2019,33,53,25,111
29.08.2019,33,55,23,111
30.08.2019,33,54,24,111
31.08.2019,33,54,28,115
01.09.2019,32,55,26,113
02.09.2019,33,55,25,113
03.09.2019,31,57,24,112
04.09.2019,29,60,24,113
05.09.2019,30,57,19,106
06.09.2019,29,57,18,104
07.09.2019,29,57,20,106
08.09.2019,29,57,21,107
09.09.2019,30,57,23,110
10.09.2019,30,54,24,108
11.09.2019,29,55,23,107
12.09.2019,30,56,21,107
13.09.2019,30,56,23,109
14.09.2019,29,57,23,109
15.09.2019,30,56,23,109
16.09.2019,31,56,23,110
17.09.2019,33,55,23,111
18.09.2019,32,57,21,110
19.09.2019,31,56,20,107
20.09.2019,31,55,23,109
21.09.2019,31,55,23,109
22.09.2019,30,58,22,110
23.09.2019,30,57,20,107
24.09.2019,29,55,17,101
25.09.2019,32,46,16,94
26.09.2019,31,44,17,92
27.09.2019,30,44,17,91
28.09.2019,31,42,15,88
29.09.2019,31,43,17,91
30.09.2019,31,43,17,91
01.10.2019,31,43,16,90
02.10.2019,28,43,15,86
03.10.2019,26,47,15,88
04.10.2019,28,46,15,89
05.10.2019,28,45,13,86
06.10.2019,28,46,11,85
07.10.2019,27,46,9,82
08.10.2019,27,46,9,82
09.10.2019,26,47,9,82
10.10.2019,26,46,10,82
11.10.2019,27,45,10,82
12.10.2019,27,45,10,82
13.10.2019,27,44,10,81
14.10.2019,27,44,13,84
15.10.2019,24,45,14,83
16.10.2019,24,44,13,81
17.10.2019,24,44,14,82
18.10.2019,25,47,12,84
19.10.2019,25,47,13,85
20.10.2019,26,48,12,86
21.10.2019,28,46,11,85
22.10.2019,29,46,11,86
23.10.2019,29,46,13,88
24.10.2019,29,46,13,88
25.10.2019,28,46,11,85
26.10.2019,28,44,11,83
27.10.2019,27,44,10,81
28.10.2019,26,45,10,81
29.10.2019,28,45,10,83
30.10.2019,27,45,12,84
31.10.2019,25,47,14,86
01.11.2019,26,45,15,86
02.11.2019,27,44,14,85
03.11.2019,27,44,14,85
04.11.2019,25,44,17,86
05.11.2019,25,46,19,90
06.11.2019,26,48,17,91
07.11.2019,27,46,18,91
08.11.2019,28,45,17,90
09.11.2019,27,45,19,91
10.11.2019,27,48,16,91
11.11.2019,24,50,14,88
12.11.2019,23,50,14,87
13.11.2019,22,52,15,89
14.11.2019,22,52,12,86
15.11.2019,23,49,12,84
16.11.2019,23,49,17,89
17.11.2019,23,50,16,89
18.11.2019,22,50,15,87
19.11.2019,22,53,16,91
20.11.2019,22,53,16,91
21.11.2019,22,52,16,90
22.11.2019,24,51,16,91
23.11.2019,24,53,15,92
24.11.2019,23,55,15,93
25.11.2019,24,54,16,94
26.11.2019,25,53,16,94
27.11.2019,25,52,16,93
28.11.2019,25,50,16,91
29.11.2019,25,48,19,92
30.11.2019,25,47,20,92
01.12.2019,26,48,20,94
02.12.2019,25,47,20,92
03.12.2019,24,50,18,92
04.12.2019,25,49,16,90
05.12.2019,25,48,15,88
06.12.2019,25,48,16,89
07.12.2019,24,50,15,89
08.12.2019,24,49,16,89
09.12.2019,24,48,17,89
10.12.2019,23,50,17,90
11.12.2019,23,50,17,90
12.12.2019,24,48,19,91
13.12.2019,25,46,20,91
14.12.2019,26,46,16,88
15.12.2019,27,42,17,86
16.12.2019,27,43,18,88
17.12.2019,26,43,16,85
18.12.2019,24,45,15,84
19.12.2019,24,43,17,84
20.12.2019,25,42,17,84
21.12.2019,26,40,17,83
22.12.2019,25,41,16,82
23.12.2019,26,43,14,83
24.12.2019,25,45,12,82
25.12.2019,26,44,12,82
26.12.2019,27,42,12,81
27.12.2019,26,42,13,81
28.12.2019,24,43,12,79
29.12.2019,25,40,12,77
30.12.2019,24,44,10,78
31.12.2019,23,44,8,75
01.01.2020,27,40,9,76
02.01.2020,27,41,9,77
03.01.2020,24,42,9,75
04.01.2020,25,42,10,77
05.01.2020,25,42,11,78
06.01.2020,25,41,11,77
07.01.2020,24,44,11,79
08.01.2020,26,44,9,79
09.01.2020,24,49,9,82
10.01.2020,26,46,10,82
11.01.2020,28,44,9,81
12.01.2020,29,41,9,79
13.01.2020,26,44,9,79
14.01.2020,26,43,11,80
15.01.2020,23,46,12,81
16.01.2020,23,48,14,85
17.01.2020,23,48,14,85
18.01.2020,22,47,14,83
19.01.2020,22,48,14,84
20.01.2020,20,49,14,83
21.01.2020,22,48,15,85
22.01.2020,22,49,14,85
23.01.2020,23,48,16,87
24.01.2020,23,48,18,89
25.01.2020,24,46,19,89
26.01.2020,25,45,19,89
27.01.2020,26,43,19,88
28.01.2020,25,45,20,90
29.01.2020,28,42,18,88
30.01.2020,28,42,18,88
31.01.2020,29,41,18,88
01.02.2020,29,42,17,88
02.02.2020,29,43,16,88
03.02.2020,30,43,16,89
04.02.2020,31,41,15,87
05.02.2020,30,39,16,85
06.02.2020,26,41,16,83
07.02.2020,24,43,18,85
08.02.2020,25,43,17,85
09.02.2020,26,41,17,84
10.02.2020,24,44,18,86
11.02.2020,24,45,17,86
12.02.2020,23,47,16,86
13.02.2020,23,46,15,84
14.02.2020,22,48,18,88
15.02.2020,22,48,19,89
16.02.2020,22,48,20,90
17.02.2020,20,51,21,92
18.02.2020,21,51,20,92
19.02.2020,20,53,19,92
20.02.2020,20,53,16,89
21.02.2020,20,51,14,85
22.02.2020,21,50,15,86
23.02.2020,20,49,15,84
24.02.2020,21,49,15,85
25.02.2020,20,51,16,87
26.02.2020,20,52,18,90
27.02.2020,21,50,17,88
28.02.2020,20,49,17,86
29.02.2020,20,49,16,85
01.03.2020,20,47,18,85
02.03.2020,21,47,19,87
03.03.2020,23,44,18,85
04.03.2020,24,42,19,85
05.03.2020,22,46,19,87
06.03.2020,21,42,20,83
07.03.2020,21,42,22,85
08.03.2020,21,41,23,85
09.03.2020,20,38,27,85
10.03.2020,20,39,25,84
11.03.2020,19,40,25,84
12.03.2020,19,39,27,85
13.03.2020,18,41,28,87
14.03.2020,18,42,31,91
15.03.2020,18,46,29,93
16.03.2020,17,45,31,93
17.03.2020,18,47,29,94
18.03.2020,18,47,26,91
19.03.2020,20,44,28,92
20.03.2020,20,45,28,93
21.03.2020,20,46,29,95
22.03.2020,20,48,34,102
23.03.2020,20,54,33,107
24.03.2020,19,53,33,105
25.03.2020,21,52,30,103
26.03.2020,24,51,33,108
27.03.2020,25,55,28,108
28.03.2020,22,60,30,112
29.03.2020,20,64,27,111
30.03.2020,19,65,32,116
31.03.2020,21,67,33,121
01.04.2020,24,66,31,121
02.04.2020,22,70,27,119
03.04.2020,22,70,28,120
04.04.2020,23,71,25,119
05.04.2020,22,74,24,120
06.04.2020,22,72,22,116
07.04.2020,22,71,23,116
08.04.2020,22,72,24,118
09.04.2020,22,72,25,119
10.04.2020,20,73,26,119
11.04.2020,21,73,26,120
12.04.2020,22,71,26,119
13.04.2020,18,76,27,121
14.04.2020,18,77,26,121
15.04.2020,20,71,25,116
16.04.2020,20,73,24,117
17.04.2020,20,74,24,118
18.04.2020,21,74,23,118
19.04.2020,21,75,20,116
20.04.2020,20,76,21,117
21.04.2020,20,75,23,118
22.04.2020,21,75,25,121
23.04.2020,22,72,24,118
24.04.2020,24,68,22,114
25.04.2020,23,67,23,113
26.04.2020,21,69,21,111
27.04.2020,20,72,23,115
28.04.2020,22,66,21,109
29.04.2020,23,66,22,111
30.04.2020,25,64,21,110
01.05.2020,25,62,22,109
02.05.2020,24,61,24,109
03.05.2020,24,60,23,107
04.05.2020,25,56,23,104
05.05.2020,25,56,23,104
06.05.2020,25,56,21,102
07.05.2020,23,58,23,104
08.05.2020,23,60,22,105
09.05.2020,24,57,21,102
10.05.2020,24,57,21,102
11.05.2020,22,59,20,101
12.05.2020,24,56,20,100
13.05.2020,26,51,22,99
14.05.2020,26,50,21,97
15.05.2020,30,45,22,97
16.05.2020,31,45,22,98
17.05.2020,31,46,23,100
18.05.2020,30,47,23,100
19.05.2020,31,44,20,95
20.05.2020,29,46,22,97
21.05.2020,30,44,20,94
22.05.2020,30,45,22,97
23.05.2020,29,47,22,98
24.05.2020,28,46,24,98
25.05.2020,27,47,18,92
26.05.2020,29,44,20,93
27.05.2020,29,49,15,93
28.05.2020,29,50,19,98
29.05.2020,30,52,19,101
30.05.2020,29,53,25,107
31.05.2020,28,55,25,108
01.06.2020,30,52,24,106
02.06.2020,30,52,26,108
03.06.2020,30,54,25,109
04.06.2020,30,52,25,107
05.06.2020,31,52,26,109
06.06.2020,31,52,26,109
07.06.2020,31,50,26,107
08.06.2020,31,50,27,108
09.06.2020,30,51,27,108
10.06.2020,30,50,27,107
11.06.2020,29,50,28,107
12.06.2020,29,49,28,106
13.06.2020,28,49,30,107
14.06.2020,29,48,30,107
15.06.2020,29,47,31,107
16.06.2020,29,46,32,107
17.06.2020,28,47,33,108
18.06.2020,28,48,31,107
19.06.2020,28,46,31,105
20.06.2020,28,46,31,105
21.06.2020,29,45,31,105
22.06.2020,29,42,31,102
23.06.2020,30,42,31,103
24.06.2020,30,38,32,100
25.06.2020,30,37,28,95
26.06.2020,30,31,26,87
27.06.2020,30,30,19,79
28.06.2020,31,28,19,78
29.06.2020,31,29,17,77
30.06.2020,30,31,14,75
01.07.2020,29,33,13,75
02.07.2020,29,31,14,74
03.07.2020,29,29,13,71
04.07.2020,29,28,13,70
05.07.2020,29,29,12,70
06.07.2020,29,28,11,68
07.07.2020,29,27,11,67
08.07.2020,29,26,12,67
09.07.2020,27,27,11,65
10.07.2020,28,23,10,61
11.07.2020,26,26,8,60
12.07.2020,26,25,9,60
13.07.2020,25,24,9,58
14.07.2020,25,25,10,60
15.07.2020,24,26,13,63
16.07.2020,26,26,13,65
17.07.2020,26,28,11,65
18.07.2020,26,28,11,65
19.07.2020,26,28,12,66
20.07.2020,27,27,12,66
21.07.2020,28,27,13,68
22.07.2020,28,30,12,70
23.07.2020,29,29,14,72
24.07.2020,29,29,14,72
25.07.2020,29,29,15,73
26.07.2020,29,29,16,74
27.07.2020,28,30,17,75
28.07.2020,28,29,18,75
29.07.2020,29,29,20,78
30.07.2020,28,31,20,79
31.07.2020,29,32,18,79
01.08.2020,30,31,18,79
02.08.2020,31,30,20,81
03.08.2020,30,31,20,81
04.08.2020,32,31,19,82
05.08.2020,32,31,18,81
06.08.2020,29,34,21,84
07.08.2020,28,35,21,84
08.08.2020,25,38,22,85
09.08.2020,25,39,20,84
10.08.2020,25,39,22,86
11.08.2020,25,40,24,89
12.08.2020,25,40,26,91
13.08.2020,25,40,28,93
14.08.2020,25,38,30,93
15.08.2020,26,37,34,97
16.08.2020,26,40,30,96
17.08.2020,28,38,30,96
18.08.2020,29,36,29,94
19.08.2020,28,37,27,92
20.08.2020,29,39,26,94
21.08.2020,29,43,26,98
22.08.2020,29,44,25,98
23.08.2020,29,45,24,98
24.08.2020,28,49,27,104
25.08.2020,28,50,25,103
26.08.2020,28,51,24,103
27.08.2020,27,53,22,102
28.08.2020,28,52,21,101
29.08.2020,28,53,21,102
30.08.2020,29,49,19,97
31.08.2020,28,49,19,96
01.09.2020,30,46,22,98
02.09.2020,30,48,19,97
03.09.2020,29,48,21,98
04.09.2020,29,50,20,99
05.09.2020,27,52,20,99
06.09.2020,26,52,21,99
07.09.2020,26,52,20,98
08.09.2020,25,56,19,100
09.09.2020,26,56,18,100
10.09.2020,26,55,17,98
11.09.2020,26,56,17,99
12.09.2020,25,55,16,96
13.09.2020,25,57,16,98
14.09.2020,25,55,16,96
15.09.2020,26,53,16,95
16.09.2020,25,53,18,96
17.09.2020,25,53,20,98
18.09.2020,28,50,20,98
19.09.2020,30,50,21,101
20.09.2020,29,50,21,100
21.09.2020,27,50,17,94
22.09.2020,27,45,19,91
23.09.2020,28,44,18,90
24.09.2020,28,43,18,89
25.09.2020,28,44,18,90
26.09.2020,26,45,18,89
27.09.2020,27,44,19,90
28.09.2020,28,45,19,92
29.09.2020,28,46,18,92
30.09.2020,29,45,19,93
01.10.2020,27,46,20,93
02.10.2020,27,47,20,94
03.10.2020,25,50,19,94
04.10.2020,25,53,16,94
05.10.2020,25,53,16,94
06.10.2020,25,53,16,94
07.10.2020,25,53,19,97
08.10.2020,25,54,17,96
09.10.2020,26,53,15,94
10.10.2020,27,51,15,93
11.10.2020,29,47,15,91
12.10.2020,30,46,16,92
13.10.2020,32,44,18,94
14.10.2020,31,45,18,94
15.10.2020,28,48,17,93
16.10.2020,27,49,18,94
17.10.2020,27,48,17,92
18.10.2020,27,48,17,92
19.10.2020,27,47,17,91
20.10.2020,28,48,18,94
21.10.2020,27,48,18,93
22.10.2020,28,46,18,92
23.10.2020,28,47,17,92
24.10.2020,27,49,16,92
25.10.2020,27,49,14,90
26.10.2020,27,50,14,91
27.10.2020,25,53,15,93
28.10.2020,25,52,16,93
29.10.2020,25,50,17,92
30.10.2020,26,49,14,89
31.10.2020,27,49,15,91
01.11.2020,27,50,12,89
02.11.2020,27,50,15,92
03.11.2020,28,50,13,91
04.11.2020,29,49,13,91
05.11.2020,30,48,15,93
06.11.2020,31,47,16,94
07.11.2020,31,47,16,94
08.11.2020,31,49,13,93
09.11.2020,31,50,11,92
10.11.2020,32,50,8,90
11.11.2020,33,50,11,94
12.11.2020,31,50,10,91
13.11.2020,31,49,10,90
14.11.2020,31,48,14,93
15.11.2020,32,49,12,93
16.11.2020,32,51,13,96
17.11.2020,32,49,13,94
18.11.2020,32,45,12,89
19.11.2020,32,47,14,93
20.11.2020,32,47,14,93
21.11.2020,31,48,15,94
22.11.2020,31,47,15,93
23.11.2020,30,49,15,94
24.11.2020,29,51,15,95
25.11.2020,29,53,14,96
26.11.2020,31,51,14,96
27.11.2020,32,49,14,95
28.11.2020,32,48,14,94
29.11.2020,31,48,14,93
30.11.2020,31,51,14,96
01.12.2020,33,48,15,96
02.12.2020,32,49,16,97
03.12.2020,32,48,16,96
04.12.2020,33,50,15,98
05.12.2020,33,49,16,98
06.12.2020,32,49,16,97
07.12.2020,32,50,16,98
08.12.2020,35,45,16,96
09.12.2020,36,41,17,94
10.12.2020,33,45,13,91
11.12.2020,33,45,14,92
12.12.2020,34,42,12,88
13.12.2020,35,41,14,90
14.12.2020,34,42,14,90
15.12.2020,36,44,21,101
16.12.2020,36,47,21,104
17.12.2020,36,45,21,102
18.12.2020,36,47,21,104
19.12.2020,36,47,21,104
20.12.2020,37,46,22,105
21.12.2020,37,46,21,104
22.12.2020,36,46,23,105
23.12.2020,35,46,23,104
24.12.2020,37,43,24,104
25.12.2020,37,43,25,105
26.12.2020,36,44,25,105
27.12.2020,35,45,25,105
28.12.2020,34,44,23,101
29.12.2020,33,45,24,102
30.12.2020,30,49,23,102
31.12.2020,30,47,23,100
01.01.2021,31,45,21,97
02.01.2021,31,46,18,95
03.01.2021,31,46,19,96
04.01.2021,33,43,21,97
05.01.2021,34,41,20,95
06.01.2021,33,42,21,96
07.01.2021,34,43,22,99
08.01.2021,35,43,24,102
09.01.2021,35,44,23,102
10.01.2021,36,44,22,102
11.01.2021,34,44,23,101
12.01.2021,34,44,17,95
13.01.2021,34,45,16,95
14.01.2021,33,49,15,97
15.01.2021,32,52,14,98
16.01.2021,33,49,15,97
17.01.2021,33,53,16,102
18.01.2021,32,54,19,105
19.01.2021,32,56,19,107
20.01.2021,32,56,20,108
21.01.2021,32,58,19,109
22.01.2021,32,58,18,108
23.01.2021,32,58,18,108
24.01.2021,31,60,17,108
25.01.2021,33,57,18,108
26.01.2021,31,58,21,110
27.01.2021,31,60,20,111
28.01.2021,33,59,21,113
29.01.2021,35,57,22,114
30.01.2021,36,57,22,115
31.01.2021,36,55,20,111
01.02.2021,36,56,16,108
02.02.2021,38,53,18,109
03.02.2021,39,53,17,109
04.02.2021,38,54,17,109
05.02.2021,39,53,16,108
06.02.2021,40,52,17,109
07.02.2021,40,52,17,109
08.02.2021,37,51,18,106
09.02.2021,37,51,19,107
10.02.2021,36,49,20,105
11.02.2021,36,49,21,106
12.02.2021,35,51,19,105
13.02.2021,34,51,20,105
14.02.2021,34,49,17,100
15.02.2021,32,51,16,99
16.02.2021,33,49,17,99
17.02.2021,33,51,17,101
18.02.2021,32,52,16,100
19.02.2021,29,59,20,108
20.02.2021,29,59,20,108
21.02.2021,29,58,19,106
22.02.2021,28,58,18,104
23.02.2021,29,57,17,103
24.02.2021,30,52,19,101
25.02.2021,32,52,18,102
26.02.2021,32,51,17,100
27.02.2021,33,51,16,100
28.02.2021,33,52,18,103
01.03.2021,34,51,19,104
02.03.2021,32,53,18,103
03.03.2021,33,51,18,102
04.03.2021,35,49,20,104
05.03.2021,37,48,22,107
06.03.2021,39,47,20,106
07.03.2021,39,47,20,106
08.03.2021,38,47,24,109
09.03.2021,37,47,24,108
10.03.2021,35,53,24,112
11.03.2021,34,52,25,111
12.03.2021,34,53,26,113
13.03.2021,32,54,27,113
14.03.2021,32,57,26,115
15.03.2021,31,59,26,116
16.03.2021,31,56,25,112
17.03.2021,31,54,25,110
18.03.2021,30,53,28,111
19.03.2021,27,50,28,105
20.03.2021,27,50,28,105
21.03.2021,28,51,28,107
22.03.2021,29,51,28,108
23.03.2021,30,51,28,109
24.03.2021,30,52,25,107
25.03.2021,29,52,25,106
26.03.2021,29,51,27,107
27.03.2021,31,49,28,108
28.03.2021,31,50,25,106
29.03.2021,31,49,26,106
30.03.2021,31,48,27,106
31.03.2021,29,48,30,107
01.04.2021,31,47,29,107
02.04.2021,31,47,28,106
03.04.2021,31,47,28,106
04.04.2021,31,48,27,106
05.04.2021,31,51,24,106
06.04.2021,32,50,25,107
07.04.2021,31,48,25,104
08.04.2021,29,53,22,104
09.04.2021,30,50,23,103
10.04.2021,30,51,22,103
11.04.2021,31,49,23,103
12.04.2021,31,47,27,105
13.04.2021,30,48,27,105
14.04.2021,29,49,26,104
15.04.2021,27,50,25,102
16.04.2021,26,50,25,101
17.04.2021,26,50,25,101
18.04.2021,26,49,26,101
19.04.2021,26,50,25,101
20.04.2021,25,51,23,99
21.04.2021,25,51,23,99
22.04.2021,25,51,24,100
23.04.2021,25,51,23,99
24.04.2021,24,51,24,99
25.04.2021,23,51,24,98
26.04.2021,23,54,21,98
27.04.2021,23,56,21,100
28.04.2021,22,56,18,96
29.04.2021,22,56,21,99
30.04.2021,23,53,20,96
01.05.2021,23,52,20,95
02.05.2021,23,52,19,94
03.05.2021,26,48,17,91
04.05.2021,26,47,18,91
05.05.2021,27,48,19,94
06.05.2021,26,47,22,95
07.05.2021,28,45,20,93
08.05.2021,28,44,20,92
09.05.2021,31,42,20,93
10.05.2021,32,41,20,93
11.05.2021,32,43,17,92
12.05.2021,32,44,16,92
13.05.2021,32,45,14,91
14.05.2021,31,46,14,91
15.05.2021,30,47,14,91
16.05.2021,29,47,14,90
17.05.2021,28,48,16,92
18.05.2021,26,48,18,92
19.05.2021,27,47,19,93
20.05.2021,27,50,18,95
21.05.2021,27,50,20,97
22.05.2021,27,51,19,97
23.05.2021,27,53,18,98
24.05.2021,28,52,15,95
25.05.2021,29,50,15,94
26.05.2021,28,49,15,92
27.05.2021,30,48,15,93
28.05.2021,29,50,13,92
29.05.2021,28,50,15,93
30.05.2021,28,51,14,93
31.05.2021,30,48,16,94
01.06.2021,31,47,14,92
02.06.2021,32,46,14,92
03.06.2021,31,50,9,90
04.06.2021,34,47,13,94
05.06.2021,33,50,11,94
06.06.2021,36,49,12,97
07.06.2021,35,48,15,98
08.06.2021,36,49,15,100
09.06.2021,38,49,14,101
10.06.2021,35,50,14,99
11.06.2021,34,51,15,100
12.06.2021,32,55,17,104
13.06.2021,32,55,19,106
14.06.2021,32,54,20,106
15.06.2021,31,56,17,104
16.06.2021,31,55,18,104
17.06.2021,31,54,16,101
18.06.2021,29,55,15,99
19.06.2021,29,55,13,97
20.06.2021,29,52,13,94
21.06.2021,30,52,14,96
22.06.2021,28,54,13,95
23.06.2021,28,54,13,95
24.06.2021,29,52,14,95
25.06.2021,31,50,16,97
26.06.2021,31,51,14,96
27.06.2021,31,50,15,96
28.06.2021,32,50,16,98
29.06.2021,32,51,16,99
30.06.2021,34,49,18,101
01.07.2021,36,48,21,105
02.07.2021,37,50,22,109
03.07.2021,35,55,19,109
04.07.2021,36,54,17,107
05.07.2021,33,57,17,107
06.07.2021,35,55,19,109
07.07.2021,35,53,22,110
08.07.2021,36,51,22,109
09.07.2021,36,54,22,112
10.07.2021,35,54,22,111
11.07.2021,37,52,22,111
12.07.2021,36,54,24,114
13.07.2021,35,55,25,115
14.07.2021,36,55,24,115
15.07.2021,36,55,24,115
16.07.2021,35,55,28,118
17.07.2021,36,55,28,119
18.07.2021,36,56,26,118
19.07.2021,36,58,28,122
20.07.2021,35,58,26,119
21.07.2021,35,59,26,120
22.07.2021,35,61,25,121
23.07.2021,36,61,26,123
24.07.2021,36,60,26,122
25.07.2021,36,60,25,121
26.07.2021,36,60,25,121
27.07.2021,33,62,27,122
28.07.2021,34,62,25,121
29.07.2021,37,61,23,121
30.07.2021,38,57,23,118
31.07.2021,38,56,23,117
01.08.2021,37,57,26,120
02.08.2021,36,60,25,121
03.08.2021,37,62,27,126
04.08.2021,36,64,26,126
05.08.2021,34,68,25,127
06.08.2021,35,67,24,126
07.08.2021,37,66,24,127
08.08.2021,37,66,24,127
09.08.2021,35,69,23,127
10.08.2021,36,69,25,130
11.08.2021,36,71,25,132
12.08.2021,36,72,26,134
13.08.2021,34,74,30,138
14.08.2021,34,75,28,137
15.08.2021,34,78,26,138
16.08.2021,37,77,27,141
17.08.2021,39,75,28,142
18.08.2021,39,76,26,141
19.08.2021,39,76,28,143
20.08.2021,40,76,27,143
21.08.2021,39,78,28,145
22.08.2021,39,78,29,146
23.08.2021,39,77,29,145
24.08.2021,38,80,28,146
25.08.2021,39,78,28,145
26.08.2021,41,77,27,145
27.08.2021,40,78,29,147
28.08.2021,40,78,29,147
29.08.2021,41,78,28,147
30.08.2021,42,77,25,144
31.08.2021,42,79,26,147
01.09.2021,42,81,27,150
02.09.2021,42,77,28,147
03.09.2021,42,77,28,147
04.09.2021,43,75,29,147
05.09.2021,44,73,27,144
06.09.2021,45,73,29,147
07.09.2021,45,76,27,148
08.09.2021,46,72,25,143
09.09.2021,45,72,25,142
10.09.2021,44,73,25,142
11.09.2021,44,73,25,142
12.09.2021,43,72,26,141
13.09.2021,45,71,25,141
14.09.2021,45,72,27,144
15.09.2021,46,74,26,146
16.09.2021,46,73,25,144
17.09.2021,46,71,26,143
18.09.2021,45,73,25,143
19.09.2021,45,73,26,144
20.09.2021,45,73,24,142
21.09.2021,48,71,21,140
22.09.2021,48,72,23,143
23.09.2021,49,71,22,142
24.09.2021,50,71,24,145
25.09.2021,50,74,32,156
26.09.2021,51,79,29,159
27.09.2021,49,79,32,160
28.09.2021,50,81,26,157
29.09.2021,47,85,25,157
30.09.2021,47,83,22,152
01.10.2021,48,82,22,152
02.10.2021,48,82,21,151
03.10.2021,48,83,21,152
04.10.2021,49,81,21,151
05.10.2021,48,80,21,149
06.10.2021,50,79,20,149
07.10.2021,49,78,20,147
08.10.2021,47,81,18,146
09.10.2021,47,81,21,149
10.10.2021,47,82,20,149
11.10.2021,49,79,20,148
12.10.2021,48,84,21,153
13.10.2021,48,86,21,155
14.10.2021,49,84,23,156
15.10.2021,49,86,23,158
16.10.2021,47,86,22,155
17.10.2021,47,89,20,156
18.10.2021,47,85,24,156
19.10.2021,48,83,26,157
20.10.2021,49,87,30,166
21.10.2021,48,88,28,164
22.10.2021,48,88,31,167
23.10.2021,48,87,30,165
24.10.2021,47,82,30,159
25.10.2021,45,87,28,160
26.10.2021,49,85,29,163
27.10.2021,47,87,28,162
28.10.2021,46,87,30,163
29.10.2021,48,85,31,164
30.10.2021,47,86,33,166
31.10.2021,47,86,34,167
01.11.2021,47,83,33,163
02.11.2021,46,85,35,166
03.11.2021,48,83,32,163
04.11.2021,47,83,32,162
05.11.2021,47,80,32,159
06.11.2021,47,80,31,158
07.11.2021,48,79,30,157
08.11.2021,49,78,31,158
09.11.2021,49,76,28,153
10.11.2021,50,72,30,152
11.11.2021,52,71,30,153
12.11.2021,53,73,28,154
13.11.2021,52,74,28,154
14.11.2021,52,73,28,153
15.11.2021,52,72,29,153
16.11.2021,53,73,28,154
17.11.2021,52,68,28,148
18.11.2021,52,65,34,151
19.11.2021,51,65,32,148
20.11.2021,51,65,32,148
21.11.2021,49,66,33,148
22.11.2021,49,66,33,148
23.11.2021,50,62,32,144
24.11.2021,49,64,29,142
25.11.2021,48,64,29,141
26.11.2021,50,62,27,139
27.11.2021,49,62,27,138
28.11.2021,49,62,27,138
29.11.2021,48,63,26,137
30.11.2021,50,60,29,139
01.12.2021,51,57,29,137
02.12.2021,51,56,30,137
03.12.2021,50,55,32,137
04.12.2021,50,55,32,137
05.12.2021,51,54,34,139
06.12.2021,50,56,33,139
07.12.2021,47,58,35,140
08.12.2021,48,58,33,139
09.12.2021,51,54,38,143
10.12.2021,50,56,35,141
11.12.2021,50,57,32,139
12.12.2021,49,59,31,139
13.12.2021,49,58,33,140
14.12.2021,48,58,31,137
15.12.2021,48,63,31,142
16.12.2021,49,63,27,139
17.12.2021,51,60,25,136
18.12.2021,51,60,25,136
19.12.2021,50,61,25,136
20.12.2021,50,64,22,136
21.12.2021,49,65,23,137
22.12.2021,46,70,23,139
23.12.2021,47,68,26,141
24.12.2021,49,66,26,141
25.12.2021,47,69,25,141
26.12.2021,48,67,25,140
27.12.2021,46,67,24,137
28.12.2021,45,68,23,136
29.12.2021,43,71,22,136
30.12.2021,40,76,22,138
31.12.2021,42,73,23,138
01.01.2022,41,74,23,138
02.01.2022,41,74,24,139
03.01.2022,40,77,22,139
04.01.2022,39,75,23,137
05.01.2022,43,71,25,139
06.01.2022,44,70,24,138
07.01.2022,45,75,23,143
08.01.2022,45,72,24,141
09.01.2022,46,71,24,141
10.01.2022,48,67,22,137
11.01.2022,48,68,25,141
12.01.2022,46,69,21,136
13.01.2022,48,66,23,137
14.01.2022,50,64,23,137
15.01.2022,50,64,22,136
16.01.2022,49,67,23,139
17.01.2022,47,67,24,138
18.01.2022,47,66,24,137
19.01.2022,45,70,24,139
20.01.2022,45,74,22,141
21.01.2022,46,74,23,143
22.01.2022,46,75,24,145
23.01.2022,46,77,21,144
24.01.2022,45,76,22,143
25.01.2022,46,77,23,146
26.01.2022,43,80,23,146
27.01.2022,42,81,20,143
28.01.2022,44,80,19,143
29.01.2022,43,84,18,145
30.01.2022,44,82,17,143
31.01.2022,42,83,16,141
01.02.2022,40,87,17,144
02.02.2022,42,83,19,144
03.02.2022,43,80,19,142
04.02.2022,44,78,20,142
05.02.2022,43,80,19,142
06.02.2022,42,82,19,143
07.02.2022,45,79,20,144
08.02.2022,44,77,20,141
09.02.2022,44,75,18,137
10.02.2022,44,74,17,135
11.02.2022,44,74,19,137
12.02.2022,44,72,20,136
13.02.2022,44,70,20,134
14.02.2022,44,69,20,133
15.02.2022,43,67,19,129
16.02.2022,42,68,16,126
17.02.2022,42,65,15,122
18.02.2022,40,66,20,126
19.02.2022,40,66,20,126
20.02.2022,41,64,20,125
21.02.2022,41,67,19,127
22.02.2022,41,70,17,128
23.02.2022,40,71,16,127
24.02.2022,39,74,18,131
25.02.2022,40,76,16,132
26.02.2022,40,76,16,132
27.02.2022,41,76,18,135
28.02.2022,42,76,20,138
01.03.2022,41,75,20,136
02.03.2022,42,74,19,135
03.03.2022,43,73,21,137
04.03.2022,43,73,19,135
05.03.2022,44,73,22,139
06.03.2022,43,76,20,139
07.03.2022,45,74,22,141
08.03.2022,46,74,21,141
09.03.2022,44,76,22,142
10.03.2022,45,78,19,142
11.03.2022,42,81,22,145
12.03.2022,41,83,21,145
13.03.2022,41,83,20,144
14.03.2022,43,83,19,145
15.03.2022,44,83,17,144
16.03.2022,43,83,21,147
17.03.2022,43,82,24,149
18.03.2022,41,86,21,148
19.03.2022,40,87,21,148
20.03.2022,43,84,24,151
21.03.2022,46,79,26,151
22.03.2022,47,75,28,150
23.03.2022,47,74,29,150
24.03.2022,48,72,28,148
25.03.2022,47,73,27,147
26.03.2022,45,74,28,147
27.03.2022,46,74,28,148
28.03.2022,44,76,29,149
29.03.2022,44,75,31,150
30.03.2022,46,73,34,153
31.03.2022,45,79,33,157
01.04.2022,47,77,37,161
02.04.2022,47,78,34,159
03.04.2022,47,80,34,161
04.04.2022,48,81,33,162
05.04.2022,49,79,34,162
06.04.2022,49,76,33,158
07.04.2022,51,74,37,162
08.04.2022,48,80,35,163
09.04.2022,48,80,33,161
10.04.2022,49,81,31,161
11.04.2022,50,78,29,157
12.04.2022,48,77,29,154
13.04.2022,46,82,27,155
14.04.2022,46,86,26,158
15.04.2022,44,86,25,155
16.04.2022,44,86,26,156
17.04.2022,47,83,24,154
18.04.2022,47,81,22,150
19.04.2022,49,79,20,148
20.04.2022,50,78,21,149
21.04.2022,47,77,22,146
22.04.2022,47,79,23,149
23.04.2022,45,81,22,148
24.04.2022,45,81,21,147
25.04.2022,47,82,21,150
26.04.2022,45,85,19,149
27.04.2022,50,77,21,148
28.04.2022,49,79,20,148
29.04.2022,48,79,18,145
30.04.2022,48,79,18,145
01.05.2022,48,79,17,144
02.05.2022,49,77,16,142
03.05.2022,49,80,13,142
04.05.2022,48,80,14,142
05.05.2022,48,82,14,144
06.05.2022,46,81,14,141
07.05.2022,45,82,14,141
08.05.2022,47,79,15,141
09.05.2022,48,80,17,145
10.05.2022,49,80,17,146
11.05.2022,47,81,17,145
12.05.2022,47,83,19,149
13.05.2022,45,85,20,150
14.05.2022,46,84,19,149
15.05.2022,47,83,19,149
16.05.2022,47,82,21,150
17.05.2022,47,83,20,150
18.05.2022,48,87,24,159
19.05.2022,49,90,24,163
20.05.2022,48,93,21,162
21.05.2022,48,92,22,162
22.05.2022,49,90,23,162
23.05.2022,52,91,22,165
24.05.2022,51,95,19,165
25.05.2022,53,95,18,166
26.05.2022,51,96,17,164
27.05.2022,51,98,16,165
28.05.2022,52,96,16,164
29.05.2022,52,96,17,165
30.05.2022,53,95,19,167
31.05.2022,52,96,23,171
01.06.2022,52,101,25,178
02.06.2022,52,102,23,177
03.06.2022,52,103,25,180
04.06.2022,52,106,23,181
05.06.2022,54,103,22,179
06.06.2022,53,101,23,177
07.06.2022,53,101,25,179
08.06.2022,52,104,25,181
09.06.2022,53,105,26,184
10.06.2022,51,107,23,181
11.06.2022,50,109,23,182
12.06.2022,50,109,23,182
13.06.2022,47,111,24,182
14.06.2022,50,110,25,185
15.06.2022,52,108,26,186
16.06.2022,54,105,28,187
17.06.2022,55,105,26,186
18.06.2022,54,106,25,185
19.06.2022,54,107,24,185
20.06.2022,60,99,25,184
21.06.2022,61,100,25,186
22.06.2022,61,101,27,189
23.06.2022,65,104,26,195
24.06.2022,68,101,28,197
25.06.2022,67,102,28,197
26.06.2022,68,102,29,199
27.06.2022,68,104,27,199
28.06.2022,67,108,23,198
29.06.2022,71,103,24,198
30.06.2022,71,102,25,198
01.07.2022,72,105,21,198
02.07.2022,72,104,21,197
03.07.2022,73,104,20,197
04.07.2022,73,105,19,197
05.07.2022,74,106,16,196
06.07.2022,73,104,19,196
07.07.2022,75,102,21,198
08.07.2022,75,102,21,198
09.07.2022,75,103,22,200
10.07.2022,76,102,23,201
11.07.2022,73,104,25,202
12.07.2022,76,100,26,202
13.07.2022,74,98,25,197
14.07.2022,74,102,22,198
15.07.2022,74,100,25,199
16.07.2022,74,100,27,201
17.07.2022,75,99,27,201
18.07.2022,76,96,26,198
19.07.2022,79,91,26,196
20.07.2022,78,92,27,197
21.07.2022,79,88,28,195
22.07.2022,80,91,24,195
23.07.2022,79,91,24,194
24.07.2022,81,89,26,196
25.07.2022,82,88,27,197
26.07.2022,83,85,26,194
27.07.2022,85,87,25,197
28.07.2022,84,87,28,199
29.07.2022,84,87,32,203
30.07.2022,84,87,32,203
31.07.2022,86,85,32,203
01.08.2022,86,83,32,201
02.08.2022,84,86,32,202
03.08.2022,82,92,28,202
04.08.2022,82,89,28,199
05.08.2022,81,93,28,202
06.08.2022,82,91,26,199
07.08.2022,82,93,23,198
08.08.2022,81,98,21,200
09.08.2022,82,94,19,195
10.08.2022,83,93,20,196
11.08.2022,82,95,18,195
12.08.2022,82,98,17,197
13.08.2022,82,98,17,197
14.08.2022,83,96,17,196
15.08.2022,83,94,16,193
16.08.2022,82,93,19,194
17.08.2022,80,95,21,196
18.08.2022,80,97,23,200
19.08.2022,80,95,24,199
20.08.2022,81,94,23,198
21.08.2022,80,95,21,196
22.08.2022,80,97,21,198
23.08.2022,86,92,22,200
24.08.2022,84,90,24,198
25.08.2022,84,90,21,195
26.08.2022,87,88,22,197
27.08.2022,87,89,22,198
28.08.2022,87,89,24,200
29.08.2022,84,92,24,200
30.08.2022,85,89,25,199
31.08.2022,82,90,27,199
01.09.2022,80,91,29,200
02.09.2022,80,93,26,199
03.09.2022,79,95,25,199
04.09.2022,78,94,26,198
05.09.2022,78,93,25,196
06.09.2022,78,90,28,196
07.09.2022,78,91,28,197
08.09.2022,78,95,29,202
09.09.2022,77,93,30,200
10.09.2022,77,93,31,201
11.09.2022,78,95,31,204
12.09.2022,77,95,33,205
13.09.2022,78,95,28,201
14.09.2022,77,94,28,199
15.09.2022,79,92,29,200
16.09.2022,76,96,27,199
17.09.2022,76,95,27,198
18.09.2022,74,97,27,198
19.09.2022,76,94,26,196
20.09.2022,76,95,28,199
21.09.2022,76,95,24,195
22.09.2022,76,94,22,192
23.09.2022,76,93,19,188
24.09.2022,75,94,18,187
25.09.2022,74,95,17,186
26.09.2022,75,95,18,188
27.09.2022,76,92,19,187
28.09.2022,74,97,19,190
29.09.2022,73,99,19,191
30.09.2022,73,98,21,192
01.10.2022,72,98,23,193
02.10.2022,71,99,24,194
03.10.2022,70,102,25,197
04.10.2022,69,101,25,195
05.10.2022,69,101,23,193
06.10.2022,69,95,24,188
07.10.2022,69,97,24,190
08.10.2022,69,99,23,191
09.10.2022,69,100,21,190
10.10.2022,70,99,22,191
11.10.2022,71,100,27,198
12.10.2022,71,102,27,200
13.10.2022,68,110,29,207
14.10.2022,68,114,27,209
15.10.2022,67,116,27,210
16.10.2022,67,118,29,214
17.10.2022,70,118,31,219
18.10.2022,70,122,29,221
19.10.2022,72,123,32,227
20.10.2022,70,126,27,223
21.10.2022,69,126,29,224
22.10.2022,68,130,27,225
23.10.2022,68,131,29,228
24.10.2022,70,127,30,227
25.10.2022,70,125,30,225
26.10.2022,68,123,33,224
27.10.2022,69,119,32,220
28.10.2022,72,118,32,222
29.10.2022,71,120,33,224
30.10.2022,72,121,34,227
31.10.2022,71,123,33,227
01.11.2022,70,123,34,227
02.11.2022,71,124,37,232
03.11.2022,71,125,36,232
04.11.2022,70,125,36,231
05.11.2022,70,125,37,232
06.11.2022,70,125,37,232
07.11.2022,69,125,38,232
08.11.2022,70,125,39,234
09.11.2022,70,128,39,237
10.11.2022,68,127,40,235
11.11.2022,70,125,38,233
12.11.2022,69,125,37,231
13.11.2022,69,125,37,231
14.11.2022,70,123,35,228
15.11.2022,73,122,30,225
16.11.2022,76,117,30,223
17.11.2022,77,118,31,226
18.11.2022,78,117,32,227
19.11.2022,77,116,32,225
20.11.2022,76,115,31,222
21.11.2022,74,118,31,223
22.11.2022,76,117,29,222
23.11.2022,77,116,26,219
24.11.2022,75,115,23,213
25.11.2022,78,111,24,213
26.11.2022,77,112,23,212
27.11.2022,77,110,21,208
28.11.2022,77,111,23,211
29.11.2022,74,117,23,214
30.11.2022,73,114,22,209
01.12.2022,76,111,22,209
02.12.2022,77,109,22,208
03.12.2022,77,109,23,209
04.12.2022,77,109,23,209
05.12.2022,75,109,23,207
06.12.2022,75,108,25,208
07.12.2022,74,107,26,207
08.12.2022,74,107,27,208
09.12.2022,75,102,26,203
10.12.2022,76,102,26,204
11.12.2022,76,104,24,204
12.12.2022,75,105,22,202
13.12.2022,75,103,23,201
14.12.2022,74,105,22,201
15.12.2022,70,111,19,200
16.12.2022,69,109,19,197
17.12.2022,68,110,18,196
18.12.2022,69,110,18,197
19.12.2022,66,113,16,195
20.12.2022,68,113,21,202
21.12.2022,69,113,21,203
22.12.2022,65,114,23,202
23.12.2022,71,108,24,203
24.12.2022,71,108,23,202
25.12.2022,71,108,25,204
26.12.2022,68,109,24,201
27.12.2022,65,109,21,195
28.12.2022,63,110,21,194
29.12.2022,64,107,21,192
30.12.2022,67,101,23,191
31.12.2022,67,101,22,190
01.01.2023,67,100,22,189
02.01.2023,65,99,22,186
03.01.2023,66,99,22,187
04.01.2023,68,97,23,188
05.01.2023,68,95,24,187
06.01.2023,68,100,25,193
07.01.2023,69,99,26,194
08.01.2023,69,99,27,195
09.01.2023,69,93,29,191
10.01.2023,70,97,28,195
11.01.2023,69,96,28,193
12.01.2023,67,101,25,193
13.01.2023,68,101,24,193
14.01.2023,67,103,24,194
15.01.2023,67,103,25,195
16.01.2023,65,104,24,193
17.01.2023,67,99,23,189
18.01.2023,70,102,21,193
19.01.2023,68,105,21,194
20.01.2023,70,107,21,198
21.01.2023,70,107,22,199
22.01.2023,70,107,20,197
23.01.2023,70,108,21,199
24.01.2023,70,108,21,199
25.01.2023,70,109,22,201
26.01.2023,71,110,23,204
27.01.2023,70,111,24,205
28.01.2023,71,110,24,205
29.01.2023,70,111,24,205
30.01.2023,72,110,24,206
31.01.2023,69,111,27,207
01.02.2023,69,113,24,206
02.02.2023,68,114,24,206
03.02.2023,68,110,23,201
04.02.2023,68,108,22,198
05.02.2023,67,109,21,197
06.02.2023,67,105,21,193
07.02.2023,68,106,19,193
08.02.2023,66,108,19,193
09.02.2023,66,102,21,189
10.02.2023,65,103,21,189
11.02.2023,65,103,20,188
12.02.2023,65,103,22,190
13.02.2023,66,103,22,191
14.02.2023,64,105,20,189
15.02.2023,68,100,18,186
16.02.2023,72,93,20,185
17.02.2023,70,95,19,184
18.02.2023,71,93,19,183
19.02.2023,70,95,19,184
20.02.2023,70,96,18,184
21.02.2023,72,95,19,186
22.02.2023,70,100,22,192
23.02.2023,71,102,22,195
24.02.2023,70,103,20,193
25.02.2023,70,104,20,194
26.02.2023,69,105,20,194
27.02.2023,67,104,18,189
28.02.2023,67,103,19,189
01.03.2023,70,102,17,189
02.03.2023,70,105,19,194
03.03.2023,72,107,18,197
04.03.2023,72,107,18,197
05.03.2023,72,106,21,199
06.03.2023,73,106,19,198
07.03.2023,70,110,19,199
08.03.2023,70,108,20,198
09.03.2023,70,110,21,201
10.03.2023,69,111,23,203
11.03.2023,70,111,23,204
12.03.2023,71,109,22,202
13.03.2023,69,110,22,201
14.03.2023,68,113,22,203
15.03.2023,68,112,26,206
16.03.2023,72,109,25,206
17.03.2023,70,111,25,206
18.03.2023,71,112,23,206
19.03.2023,71,112,23,206
20.03.2023,73,113,26,212
21.03.2023,74,114,26,214
22.03.2023,71,114,24,209
23.03.2023,73,109,27,209
24.03.2023,73,111,28,212
25.03.2023,72,112,29,213
26.03.2023,72,114,27,213
27.03.2023,73,113,27,213
28.03.2023,71,114,26,211
29.03.2023,74,109,25,208
30.03.2023,73,107,23,203
31.03.2023,74,105,21,200
01.04.2023,75,103,21,199
02.04.2023,75,104,18,197
03.04.2023,76,100,20,196
04.04.2023,74,102,21,197
05.04.2023,74,101,23,198
06.04.2023,73,107,21,201
07.04.2023,74,105,22,201
08.04.2023,74,105,22,201
09.04.2023,74,103,23,200
10.04.2023,73,102,25,200
11.04.2023,76,100,23,199
12.04.2023,74,102,23,199
13.04.2023,75,98,24,197
14.04.2023,74,102,26,202
15.04.2023,74,102,27,203
16.04.2023,73,105,26,204
17.04.2023,74,103,27,204
18.04.2023,74,105,26,205
19.04.2023,74,107,26,207
20.04.2023,73,111,22,206
21.04.2023,74,110,24,208
22.04.2023,75,109,24,208
23.04.2023,74,111,23,208
24.04.2023,73,112,22,207
25.04.2023,72,110,23,205
26.04.2023,72,110,23,205
27.04.2023,69,115,24,208
28.04.2023,69,109,28,206
29.04.2023,69,108,28,205
30.04.2023,69,108,30,207
01.05.2023,68,108,33,209
02.05.2023,71,105,31,207
03.05.2023,73,104,28,205
04.05.2023,72,102,28,202
05.05.2023,74,99,29,202
06.05.2023,73,101,28,202
07.05.2023,73,102,29,204
08.05.2023,74,98,28,200
09.05.2023,78,96,27,201
10.05.2023,73,99,27,199
11.05.2023,73,100,26,199
12.05.2023,72,101,22,195
13.05.2023,71,101,21,193
14.05.2023,71,100,21,192
15.05.2023,73,96,21,190
16.05.2023,72,93,24,189
17.05.2023,68,97,24,189
18.05.2023,67,97,26,190
19.05.2023,72,91,23,186
20.05.2023,73,89,23,185
21.05.2023,73,89,24,186
22.05.2023,74,93,23,190
23.05.2023,75,91,26,192
24.05.2023,72,97,23,192
25.05.2023,70,100,23,193
26.05.2023,71,101,20,192
27.05.2023,72,99,21,192
28.05.2023,72,100,21,193
29.05.2023,74,100,19,193
30.05.2023,76,98,19,193
31.05.2023,75,101,18,194
01.06.2023,73,101,18,192
02.06.2023,73,103,19,195
03.06.2023,73,103,20,196
04.06.2023,73,103,18,194
05.06.2023,72,105,16,193
06.06.2023,73,104,14,191
07.06.2023,70,106,19,195
08.06.2023,72,106,17,195
09.06.2023,74,102,15,191
10.06.2023,73,101,15,189
11.06.2023,73,100,15,188
12.06.2023,68,102,13,183
13.06.2023,68,101,13,182
14.06.2023,66,107,15,188
15.06.2023,70,100,16,186
16.06.2023,69,101,17,187
17.06.2023,70,101,19,190
18.06.2023,69,104,19,192
19.06.2023,71,103,18,192
20.06.2023,70,105,18,193
21.06.2023,69,106,19,194
22.06.2023,69,106,19,194
23.06.2023,69,103,21,193
24.06.2023,70,103,21,194
25.06.2023,70,103,21,194
26.06.2023,68,106,22,196
27.06.2023,71,103,22,196
28.06.2023,70,103,23,196
29.06.2023,69,105,23,197
30.06.2023,69,104,22,195
01.07.2023,69,103,22,194
02.07.2023,69,103,22,194
03.07.2023,69,102,26,197
04.07.2023,70,102,25,197
05.07.2023,70,99,26,195
06.07.2023,70,98,26,194
07.07.2023,69,99,30,198
08.07.2023,68,97,32,197
09.07.2023,68,97,34,199
10.07.2023,66,99,35,200
11.07.2023,67,98,39,204
12.07.2023,68,103,32,203
13.07.2023,70,100,30,200
14.07.2023,67,102,31,200
15.07.2023,67,103,30,200
16.07.2023,66,101,29,196
17.07.2023,63,107,28,198
18.07.2023,63,106,30,199
19.07.2023,64,106,31,201
20.07.2023,66,107,26,199
21.07.2023,67,105,25,197
22.07.2023,67,106,23,196
23.07.2023,67,106,23,196
24.07.2023,63,109,25,197
25.07.2023,66,109,23,198
26.07.2023,65,106,25,196
27.07.2023,63,107,26,196
28.07.2023,61,108,31,200
29.07.2023,60,110,30,200
30.07.2023,60,111,29,200
31.07.2023,61,113,28,202
01.08.2023,64,111,27,202
02.08.2023,66,109,25,200
03.08.2023,65,112,24,201
04.08.2023,64,113,22,199
05.08.2023,63,114,21,198
06.08.2023,62,116,20,198
07.08.2023,63,118,22,203
08.08.2023,64,116,21,201
09.08.2023,66,116,18,200
10.08.2023,68,109,18,195
11.08.2023,66,115,17,198
12.08.2023,66,115,18,199
13.08.2023,66,115,19,200
14.08.2023,64,117,18,199
15.08.2023,64,119,17,200
16.08.2023,63,115,17,195
17.08.2023,62,113,19,194
18.08.2023,61,114,19,194
19.08.2023,61,114,19,194
20.08.2023,61,115,19,195
21.08.2023,61,116,20,197
22.08.2023,61,114,20,195
23.08.2023,60,114,18,192
24.08.2023,63,109,17,189
25.08.2023,62,112,15,189
26.08.2023,63,110,15,188
27.08.2023,63,109,13,185
28.08.2023,63,105,13,181
29.08.2023,68,99,15,182
30.08.2023,68,101,16,185
31.08.2023,67,100,15,182
01.09.2023,67,100,15,182
02.09.2023,67,100,15,182
03.09.2023,66,101,16,183
04.09.2023,65,103,13,181
05.09.2023,65,100,12,177
06.09.2023,65,99,10,174
07.09.2023,65,99,11,175
08.09.2023,62,99,11,172
09.09.2023,60,100,10,170
10.09.2023,60,99,10,169
11.09.2023,58,101,14,173
12.09.2023,61,100,12,173
13.09.2023,62,98,13,173
14.09.2023,61,101,10,172
15.09.2023,60,100,11,171
16.09.2023,59,102,11,172
17.09.2023,58,101,11,170
18.09.2023,61,99,10,170
19.09.2023,60,101,10,171
20.09.2023,61,99,14,174
21.09.2023,66,96,13,175
22.09.2023,70,91,16,177
23.09.2023,71,91,16,178
24.09.2023,72,91,16,179
25.09.2023,71,92,17,180
26.09.2023,73,89,14,176
27.09.2023,74,89,14,177
28.09.2023,76,87,13,176
29.09.2023,76,88,13,177
30.09.2023,76,88,13,177
01.10.2023,75,88,12,175
