tezos,,,,
Date, Full Time, Part Time, One Time, Total
19.02.2015,0,0,1,1
20.02.2015,0,0,1,1
21.02.2015,0,0,1,1
22.02.2015,0,0,1,1
23.02.2015,0,0,1,1
24.02.2015,0,0,1,1
25.02.2015,0,0,1,1
26.02.2015,0,0,1,1
27.02.2015,0,0,1,1
28.02.2015,0,0,1,1
01.03.2015,0,0,1,1
02.03.2015,0,0,1,1
03.03.2015,0,0,1,1
04.03.2015,0,0,1,1
05.03.2015,0,0,1,1
06.03.2015,0,0,1,1
07.03.2015,0,0,1,1
08.03.2015,0,0,1,1
09.03.2015,0,0,1,1
10.03.2015,0,0,1,1
11.03.2015,0,0,1,1
12.03.2015,0,0,1,1
13.03.2015,0,0,1,1
14.03.2015,0,0,1,1
15.03.2015,0,0,1,1
16.03.2015,0,0,1,1
17.03.2015,0,0,1,1
18.03.2015,0,0,1,1
28.03.2015,0,1,0,1
29.03.2015,0,1,0,1
30.03.2015,0,1,0,1
31.03.2015,0,1,0,1
01.04.2015,0,1,0,1
02.04.2015,0,1,0,1
03.04.2015,0,1,0,1
04.04.2015,0,1,0,1
05.04.2015,0,1,0,1
06.04.2015,0,1,0,1
07.04.2015,0,1,0,1
08.04.2015,0,1,0,1
09.04.2015,0,1,0,1
10.04.2015,0,1,0,1
11.04.2015,0,1,0,1
12.04.2015,0,1,0,1
13.04.2015,0,1,0,1
14.04.2015,0,1,0,1
15.04.2015,0,1,0,1
16.04.2015,0,1,0,1
17.04.2015,0,1,0,1
18.04.2015,0,1,0,1
19.04.2015,0,1,0,1
20.04.2015,0,1,0,1
21.04.2015,0,1,0,1
22.04.2015,0,1,0,1
23.04.2015,0,1,0,1
24.04.2015,0,1,0,1
28.04.2015,0,1,0,1
29.04.2015,0,1,0,1
30.04.2015,0,1,0,1
01.05.2015,0,1,0,1
02.05.2015,0,1,0,1
03.05.2015,0,1,0,1
04.05.2015,0,1,0,1
05.05.2015,0,1,0,1
06.05.2015,0,1,0,1
07.05.2015,0,1,0,1
08.05.2015,0,1,1,2
09.05.2015,0,1,1,2
10.05.2015,0,1,1,2
11.05.2015,0,1,1,2
12.05.2015,0,1,1,2
13.05.2015,0,1,1,2
14.05.2015,0,1,1,2
15.05.2015,0,1,1,2
16.05.2015,0,1,1,2
17.05.2015,0,1,1,2
18.05.2015,0,1,1,2
19.05.2015,0,1,1,2
20.05.2015,0,1,1,2
21.05.2015,0,1,1,2
22.05.2015,0,1,1,2
23.05.2015,0,1,1,2
24.05.2015,0,1,1,2
25.05.2015,0,1,1,2
26.05.2015,0,1,1,2
27.05.2015,0,1,1,2
28.05.2015,0,1,1,2
29.05.2015,0,1,1,2
30.05.2015,0,1,1,2
31.05.2015,0,1,1,2
01.06.2015,0,1,1,2
02.06.2015,0,1,1,2
03.06.2015,0,1,1,2
04.06.2015,0,1,1,2
05.06.2015,0,1,0,1
27.06.2015,0,0,1,1
28.06.2015,0,0,1,1
29.06.2015,0,0,1,1
30.06.2015,0,0,1,1
01.07.2015,0,0,1,1
02.07.2015,0,1,0,1
03.07.2015,0,1,0,1
04.07.2015,0,1,0,1
05.07.2015,0,1,0,1
06.07.2015,0,1,0,1
07.07.2015,0,1,0,1
08.07.2015,0,1,0,1
09.07.2015,0,1,0,1
10.07.2015,0,1,0,1
11.07.2015,0,1,0,1
12.07.2015,0,1,0,1
13.07.2015,0,1,0,1
14.07.2015,0,1,0,1
15.07.2015,0,1,0,1
16.07.2015,0,1,0,1
17.07.2015,0,1,0,1
18.07.2015,0,1,0,1
19.07.2015,0,1,0,1
20.07.2015,0,2,0,2
21.07.2015,0,2,0,2
22.07.2015,0,2,0,2
23.07.2015,0,2,0,2
24.07.2015,0,2,0,2
25.07.2015,0,2,0,2
26.07.2015,0,2,0,2
27.07.2015,0,2,0,2
28.07.2015,0,2,0,2
29.07.2015,0,2,0,2
30.07.2015,0,1,0,1
31.07.2015,0,1,0,1
01.08.2015,0,1,0,1
02.08.2015,0,1,0,1
03.08.2015,0,1,0,1
04.08.2015,0,1,0,1
05.08.2015,0,1,0,1
06.08.2015,0,1,0,1
07.08.2015,0,1,0,1
08.08.2015,0,1,0,1
09.08.2015,0,1,0,1
10.08.2015,0,1,0,1
11.08.2015,0,1,0,1
12.08.2015,0,1,0,1
13.08.2015,0,1,0,1
14.08.2015,0,1,0,1
15.08.2015,0,1,0,1
16.08.2015,0,1,0,1
17.08.2015,0,1,0,1
18.08.2015,0,1,0,1
19.08.2015,0,1,0,1
20.08.2015,0,1,0,1
21.08.2015,0,1,0,1
22.08.2015,0,1,0,1
23.08.2015,0,1,0,1
24.08.2015,0,1,0,1
25.08.2015,0,1,0,1
26.08.2015,0,1,0,1
27.08.2015,0,1,0,1
28.08.2015,0,1,0,1
29.08.2015,0,1,0,1
30.08.2015,0,1,0,1
31.08.2015,0,1,0,1
01.09.2015,0,1,0,1
02.09.2015,0,1,0,1
03.09.2015,0,1,0,1
04.09.2015,0,1,0,1
05.09.2015,0,1,0,1
14.11.2015,0,0,1,1
15.11.2015,0,0,1,1
16.11.2015,0,0,1,1
17.11.2015,0,0,1,1
18.11.2015,0,0,1,1
19.11.2015,0,0,1,1
20.11.2015,0,0,1,1
21.11.2015,0,0,1,1
22.11.2015,0,0,1,1
23.11.2015,0,0,1,1
24.11.2015,0,0,1,1
25.11.2015,0,0,1,1
26.11.2015,0,1,0,1
27.11.2015,0,1,0,1
28.11.2015,0,1,0,1
29.11.2015,0,1,0,1
30.11.2015,0,1,0,1
01.12.2015,0,1,0,1
02.12.2015,0,1,0,1
03.12.2015,0,1,0,1
04.12.2015,0,1,0,1
05.12.2015,0,1,0,1
06.12.2015,0,1,0,1
07.12.2015,0,1,0,1
08.12.2015,0,1,0,1
09.12.2015,0,1,0,1
10.12.2015,0,1,0,1
11.12.2015,0,1,0,1
12.12.2015,0,1,0,1
13.12.2015,0,1,0,1
14.12.2015,0,1,0,1
15.12.2015,0,1,0,1
16.12.2015,0,1,0,1
17.12.2015,0,1,0,1
18.12.2015,0,1,0,1
19.12.2015,0,1,0,1
20.12.2015,0,1,0,1
21.12.2015,0,1,0,1
22.12.2015,0,1,0,1
23.12.2015,0,1,0,1
12.01.2016,0,0,1,1
13.01.2016,0,0,1,1
14.01.2016,0,0,1,1
15.01.2016,0,0,1,1
16.01.2016,0,0,1,1
17.01.2016,0,0,1,1
18.01.2016,0,0,1,1
19.01.2016,0,0,1,1
20.01.2016,0,0,1,1
21.01.2016,0,0,1,1
22.01.2016,0,0,1,1
23.01.2016,0,0,1,1
24.01.2016,0,0,1,1
25.01.2016,0,0,1,1
26.01.2016,0,0,1,1
27.01.2016,0,0,1,1
28.01.2016,0,0,1,1
29.01.2016,0,0,1,1
30.01.2016,0,0,1,1
31.01.2016,0,0,1,1
01.02.2016,0,0,1,1
02.02.2016,0,0,1,1
03.02.2016,0,0,1,1
04.02.2016,0,0,1,1
05.02.2016,0,0,1,1
06.02.2016,0,0,1,1
07.02.2016,0,0,1,1
08.02.2016,0,0,1,1
09.03.2016,0,0,1,1
10.03.2016,0,0,1,1
11.03.2016,0,0,1,1
12.03.2016,0,0,1,1
13.03.2016,0,0,1,1
14.03.2016,0,0,1,1
15.03.2016,0,0,1,1
16.03.2016,0,0,1,1
17.03.2016,0,0,1,1
18.03.2016,0,0,1,1
19.03.2016,0,0,1,1
20.03.2016,0,0,1,1
21.03.2016,0,0,1,1
22.03.2016,0,0,1,1
23.03.2016,0,0,1,1
24.03.2016,0,0,1,1
25.03.2016,0,0,1,1
26.03.2016,0,0,1,1
27.03.2016,0,0,1,1
28.03.2016,0,0,1,1
29.03.2016,0,0,1,1
30.03.2016,0,0,1,1
31.03.2016,0,0,1,1
01.04.2016,0,0,1,1
02.04.2016,0,0,1,1
03.04.2016,0,0,1,1
04.04.2016,0,0,1,1
05.04.2016,0,0,1,1
06.04.2016,0,0,1,1
07.04.2016,0,0,2,2
08.04.2016,0,0,2,2
09.04.2016,0,0,2,2
10.04.2016,0,0,2,2
11.04.2016,0,0,2,2
12.04.2016,0,0,2,2
13.04.2016,0,0,2,2
14.04.2016,0,0,2,2
15.04.2016,0,0,2,2
16.04.2016,0,0,2,2
17.04.2016,0,0,2,2
18.04.2016,0,0,2,2
19.04.2016,0,0,2,2
20.04.2016,0,0,2,2
21.04.2016,0,0,2,2
22.04.2016,0,0,2,2
23.04.2016,0,0,2,2
24.04.2016,0,0,2,2
25.04.2016,0,0,2,2
26.04.2016,0,0,3,3
27.04.2016,0,1,2,3
28.04.2016,0,1,2,3
29.04.2016,0,1,2,3
30.04.2016,0,1,2,3
01.05.2016,0,1,2,3
02.05.2016,0,1,2,3
03.05.2016,0,1,3,4
04.05.2016,0,2,1,3
05.05.2016,0,2,0,2
06.05.2016,0,2,0,2
07.05.2016,0,2,0,2
08.05.2016,0,2,0,2
09.05.2016,0,2,0,2
10.05.2016,0,2,0,2
11.05.2016,0,2,0,2
12.05.2016,0,2,0,2
13.05.2016,0,2,0,2
14.05.2016,0,2,0,2
15.05.2016,0,2,0,2
16.05.2016,0,2,0,2
17.05.2016,0,2,0,2
18.05.2016,0,2,0,2
19.05.2016,0,2,0,2
20.05.2016,0,2,0,2
21.05.2016,0,2,0,2
22.05.2016,0,2,0,2
23.05.2016,0,2,0,2
24.05.2016,0,2,0,2
25.05.2016,0,2,0,2
26.05.2016,0,2,0,2
27.05.2016,0,2,0,2
28.05.2016,0,2,0,2
29.05.2016,0,2,0,2
30.05.2016,0,2,0,2
31.05.2016,0,2,0,2
01.06.2016,0,2,0,2
02.06.2016,0,2,0,2
03.06.2016,0,2,0,2
04.06.2016,0,2,0,2
05.06.2016,0,1,0,1
06.06.2016,0,1,0,1
07.06.2016,0,1,0,1
08.06.2016,0,1,0,1
09.06.2016,0,1,0,1
10.06.2016,0,1,0,1
11.06.2016,0,1,0,1
12.06.2016,0,1,0,1
13.06.2016,0,1,0,1
14.06.2016,0,1,0,1
15.06.2016,0,1,0,1
16.06.2016,0,1,0,1
12.07.2016,0,1,0,1
13.07.2016,0,1,0,1
14.07.2016,0,1,0,1
15.07.2016,0,1,0,1
16.07.2016,0,1,0,1
17.07.2016,0,1,1,2
18.07.2016,0,2,0,2
19.07.2016,0,2,0,2
20.07.2016,0,2,0,2
21.07.2016,0,2,0,2
22.07.2016,0,2,0,2
23.07.2016,0,2,0,2
24.07.2016,0,2,0,2
25.07.2016,0,2,0,2
26.07.2016,0,2,0,2
27.07.2016,0,2,0,2
28.07.2016,0,2,0,2
29.07.2016,0,2,0,2
30.07.2016,0,2,0,2
31.07.2016,0,2,0,2
01.08.2016,0,2,0,2
02.08.2016,0,2,0,2
03.08.2016,0,2,0,2
04.08.2016,0,2,0,2
05.08.2016,0,2,0,2
06.08.2016,0,2,0,2
07.08.2016,0,2,0,2
08.08.2016,0,2,0,2
09.08.2016,0,2,0,2
10.08.2016,0,2,0,2
11.08.2016,0,2,0,2
12.08.2016,0,2,0,2
13.08.2016,0,2,0,2
14.08.2016,0,2,0,2
15.08.2016,0,2,0,2
16.08.2016,0,2,0,2
17.08.2016,0,2,0,2
18.08.2016,0,2,0,2
19.08.2016,0,2,0,2
20.08.2016,0,2,0,2
21.08.2016,0,2,0,2
22.08.2016,0,2,0,2
23.08.2016,0,2,0,2
24.08.2016,0,2,0,2
25.08.2016,0,2,0,2
26.08.2016,0,2,0,2
27.08.2016,0,2,0,2
28.08.2016,0,2,0,2
29.08.2016,0,2,0,2
30.08.2016,0,2,0,2
31.08.2016,0,2,0,2
01.09.2016,0,2,0,2
02.09.2016,0,2,0,2
03.09.2016,0,2,0,2
04.09.2016,0,2,0,2
05.09.2016,0,2,0,2
06.09.2016,0,2,0,2
07.09.2016,0,2,0,2
08.09.2016,0,2,1,3
09.09.2016,0,3,1,4
10.09.2016,0,3,1,4
11.09.2016,0,3,1,4
12.09.2016,0,4,1,5
13.09.2016,0,4,1,5
14.09.2016,0,4,1,5
15.09.2016,0,4,1,5
16.09.2016,0,3,1,4
17.09.2016,0,3,1,4
18.09.2016,0,3,1,4
19.09.2016,0,3,1,4
20.09.2016,0,3,1,4
21.09.2016,0,4,1,5
22.09.2016,0,4,1,5
23.09.2016,0,4,1,5
24.09.2016,0,4,1,5
25.09.2016,0,4,1,5
26.09.2016,0,4,1,5
27.09.2016,0,4,1,5
28.09.2016,0,4,1,5
29.09.2016,0,4,1,5
30.09.2016,0,4,0,4
01.10.2016,0,4,0,4
02.10.2016,0,4,0,4
03.10.2016,0,4,0,4
04.10.2016,0,4,1,5
05.10.2016,0,4,1,5
06.10.2016,0,4,2,6
07.10.2016,0,5,1,6
08.10.2016,0,5,1,6
09.10.2016,0,5,1,6
10.10.2016,0,5,1,6
11.10.2016,0,5,1,6
12.10.2016,1,4,1,6
13.10.2016,1,3,1,5
14.10.2016,1,3,1,5
15.10.2016,1,3,1,5
16.10.2016,1,3,2,6
17.10.2016,1,3,2,6
18.10.2016,1,3,2,6
19.10.2016,1,3,2,6
20.10.2016,1,4,2,7
21.10.2016,1,4,2,7
22.10.2016,1,4,2,7
23.10.2016,1,4,3,8
24.10.2016,1,4,4,9
25.10.2016,1,6,2,9
26.10.2016,1,6,2,9
27.10.2016,1,6,2,9
28.10.2016,1,6,4,11
29.10.2016,1,7,3,11
30.10.2016,1,7,3,11
31.10.2016,1,7,3,11
01.11.2016,1,7,2,10
02.11.2016,1,8,1,10
03.11.2016,1,8,2,11
04.11.2016,1,9,1,11
05.11.2016,1,9,1,11
06.11.2016,1,9,1,11
07.11.2016,1,9,1,11
08.11.2016,1,9,1,11
09.11.2016,1,9,1,11
10.11.2016,1,9,1,11
11.11.2016,1,9,1,11
12.11.2016,1,9,1,11
13.11.2016,1,9,1,11
14.11.2016,1,9,1,11
15.11.2016,1,9,1,11
16.11.2016,1,8,1,10
17.11.2016,1,8,1,10
18.11.2016,1,8,1,10
19.11.2016,1,8,1,10
20.11.2016,1,9,1,11
21.11.2016,1,9,0,10
22.11.2016,1,8,1,10
23.11.2016,1,8,2,11
24.11.2016,1,8,2,11
25.11.2016,1,8,2,11
26.11.2016,1,8,2,11
27.11.2016,1,8,2,11
28.11.2016,1,8,3,12
29.11.2016,1,10,1,12
30.11.2016,1,10,1,12
01.12.2016,3,8,1,12
02.12.2016,3,8,1,12
03.12.2016,3,8,1,12
04.12.2016,3,8,1,12
05.12.2016,2,8,1,11
06.12.2016,3,6,1,10
07.12.2016,3,6,1,10
08.12.2016,2,7,1,10
09.12.2016,2,7,1,10
10.12.2016,2,7,1,10
11.12.2016,2,8,0,10
12.12.2016,2,8,0,10
13.12.2016,2,8,0,10
14.12.2016,1,9,0,10
15.12.2016,1,9,1,11
16.12.2016,1,9,1,11
17.12.2016,1,8,1,10
18.12.2016,1,8,1,10
19.12.2016,1,7,1,9
20.12.2016,1,7,1,9
21.12.2016,1,7,1,9
22.12.2016,1,7,1,9
23.12.2016,1,8,0,9
24.12.2016,1,8,0,9
25.12.2016,1,8,0,9
26.12.2016,1,8,0,9
27.12.2016,1,8,0,9
28.12.2016,1,8,0,9
29.12.2016,3,6,0,9
30.12.2016,3,5,0,8
31.12.2016,3,5,0,8
01.01.2017,3,5,0,8
02.01.2017,2,7,0,9
03.01.2017,3,6,0,9
04.01.2017,3,6,0,9
05.01.2017,2,6,0,8
06.01.2017,2,6,0,8
07.01.2017,2,7,1,10
08.01.2017,2,7,1,10
09.01.2017,2,7,2,11
10.01.2017,2,7,1,10
11.01.2017,1,8,1,10
12.01.2017,1,9,1,11
13.01.2017,1,9,1,11
14.01.2017,1,10,1,12
15.01.2017,1,10,1,12
16.01.2017,1,10,1,12
17.01.2017,1,10,2,13
18.01.2017,1,10,2,13
19.01.2017,1,10,2,13
20.01.2017,1,9,2,12
21.01.2017,1,9,2,12
22.01.2017,1,9,1,11
23.01.2017,1,9,1,11
24.01.2017,1,10,1,12
25.01.2017,1,10,1,12
26.01.2017,3,8,1,12
27.01.2017,3,8,1,12
28.01.2017,3,8,1,12
29.01.2017,3,8,1,12
30.01.2017,3,7,1,11
31.01.2017,3,7,1,11
01.02.2017,3,7,1,11
02.02.2017,2,8,1,11
03.02.2017,2,8,1,11
04.02.2017,2,8,1,11
05.02.2017,2,8,1,11
06.02.2017,2,8,1,11
07.02.2017,2,7,2,11
08.02.2017,1,8,2,11
09.02.2017,1,8,1,10
10.02.2017,1,8,1,10
11.02.2017,1,8,1,10
12.02.2017,1,8,1,10
13.02.2017,1,8,2,11
14.02.2017,1,8,2,11
15.02.2017,1,7,2,10
16.02.2017,1,7,2,10
17.02.2017,1,8,1,10
18.02.2017,1,8,1,10
19.02.2017,1,7,1,9
20.02.2017,1,7,1,9
21.02.2017,1,7,2,10
22.02.2017,1,9,2,12
23.02.2017,1,8,3,12
24.02.2017,1,9,2,12
25.02.2017,1,9,2,12
26.02.2017,1,9,2,12
27.02.2017,1,9,2,12
28.02.2017,2,9,2,13
01.03.2017,2,9,2,13
02.03.2017,2,9,2,13
03.03.2017,2,9,3,14
04.03.2017,2,9,3,14
05.03.2017,2,9,3,14
06.03.2017,3,9,3,15
07.03.2017,3,10,2,15
08.03.2017,3,10,2,15
09.03.2017,3,10,2,15
10.03.2017,3,10,2,15
11.03.2017,3,10,2,15
12.03.2017,3,10,2,15
13.03.2017,3,10,2,15
14.03.2017,3,10,2,15
15.03.2017,3,10,2,15
16.03.2017,3,10,3,16
17.03.2017,3,10,2,15
18.03.2017,3,10,2,15
19.03.2017,3,10,2,15
20.03.2017,3,10,2,15
21.03.2017,3,9,1,13
22.03.2017,3,9,1,13
23.03.2017,3,9,1,13
24.03.2017,3,9,2,14
25.03.2017,3,10,2,15
26.03.2017,3,10,2,15
27.03.2017,3,9,3,15
28.03.2017,3,9,3,15
29.03.2017,3,9,4,16
30.03.2017,3,10,3,16
31.03.2017,3,10,4,17
01.04.2017,3,10,4,17
02.04.2017,3,10,4,17
03.04.2017,3,9,5,17
04.04.2017,3,7,5,15
05.04.2017,3,8,5,16
06.04.2017,3,8,5,16
07.04.2017,3,8,5,16
08.04.2017,3,8,5,16
09.04.2017,3,8,5,16
10.04.2017,3,8,5,16
11.04.2017,3,8,5,16
12.04.2017,3,8,6,17
13.04.2017,3,8,6,17
14.04.2017,3,9,5,17
15.04.2017,3,9,5,17
16.04.2017,3,9,5,17
17.04.2017,3,9,5,17
18.04.2017,3,9,5,17
19.04.2017,3,9,5,17
20.04.2017,3,9,5,17
21.04.2017,3,9,4,16
22.04.2017,3,9,5,17
23.04.2017,3,9,5,17
24.04.2017,3,8,4,15
25.04.2017,3,8,4,15
26.04.2017,3,8,4,15
27.04.2017,4,7,4,15
28.04.2017,4,7,3,14
29.04.2017,4,7,3,14
30.04.2017,4,7,3,14
01.05.2017,4,7,2,13
02.05.2017,4,7,2,13
03.05.2017,4,8,2,14
04.05.2017,4,8,2,14
05.05.2017,4,7,2,13
06.05.2017,4,7,2,13
07.05.2017,4,7,2,13
08.05.2017,4,7,2,13
09.05.2017,4,7,2,13
10.05.2017,4,7,2,13
11.05.2017,4,8,2,14
12.05.2017,4,7,2,13
13.05.2017,4,7,2,13
14.05.2017,4,7,2,13
15.05.2017,4,7,2,13
16.05.2017,4,6,3,13
17.05.2017,3,6,2,11
18.05.2017,3,5,2,10
19.05.2017,3,5,2,10
20.05.2017,3,5,1,9
21.05.2017,3,5,1,9
22.05.2017,3,4,2,9
23.05.2017,3,4,3,10
24.05.2017,3,4,3,10
25.05.2017,3,4,3,10
26.05.2017,3,4,3,10
27.05.2017,3,4,3,10
28.05.2017,3,4,3,10
29.05.2017,3,4,3,10
30.05.2017,3,4,4,11
31.05.2017,4,4,3,11
01.06.2017,4,4,3,11
02.06.2017,4,4,3,11
03.06.2017,4,4,3,11
04.06.2017,4,4,3,11
05.06.2017,4,4,3,11
06.06.2017,4,4,3,11
07.06.2017,3,5,1,9
08.06.2017,3,5,1,9
09.06.2017,3,5,1,9
10.06.2017,3,5,1,9
11.06.2017,3,5,1,9
12.06.2017,3,5,1,9
13.06.2017,3,5,2,10
14.06.2017,3,5,2,10
15.06.2017,3,5,2,10
16.06.2017,3,5,2,10
17.06.2017,3,6,2,11
18.06.2017,3,6,2,11
19.06.2017,3,6,2,11
20.06.2017,3,6,2,11
21.06.2017,3,6,2,11
22.06.2017,3,6,2,11
23.06.2017,3,6,2,11
24.06.2017,3,6,2,11
25.06.2017,3,6,2,11
26.06.2017,3,5,4,12
27.06.2017,3,5,4,12
28.06.2017,3,5,4,12
29.06.2017,3,4,5,12
30.06.2017,3,5,4,12
01.07.2017,3,5,4,12
02.07.2017,3,5,4,12
03.07.2017,3,5,4,12
04.07.2017,3,5,4,12
05.07.2017,3,6,3,12
06.07.2017,3,6,4,13
07.07.2017,3,6,5,14
08.07.2017,3,7,5,15
09.07.2017,3,7,4,14
10.07.2017,2,8,5,15
11.07.2017,2,8,5,15
12.07.2017,2,7,5,14
13.07.2017,2,9,4,15
14.07.2017,2,10,3,15
15.07.2017,2,10,2,14
16.07.2017,2,10,3,15
17.07.2017,1,11,3,15
18.07.2017,2,10,3,15
19.07.2017,2,10,4,16
20.07.2017,2,10,5,17
21.07.2017,2,11,4,17
22.07.2017,2,11,4,17
23.07.2017,2,11,4,17
24.07.2017,2,11,3,16
25.07.2017,2,12,3,17
26.07.2017,2,11,5,18
27.07.2017,2,12,4,18
28.07.2017,2,12,4,18
29.07.2017,2,13,4,19
30.07.2017,2,13,4,19
31.07.2017,2,12,4,18
01.08.2017,2,12,4,18
02.08.2017,3,11,4,18
03.08.2017,3,11,4,18
04.08.2017,3,13,3,19
05.08.2017,3,13,4,20
06.08.2017,3,13,4,20
07.08.2017,3,13,4,20
08.08.2017,3,12,4,19
09.08.2017,3,12,4,19
10.08.2017,4,11,4,19
11.08.2017,5,10,4,19
12.08.2017,4,11,4,19
13.08.2017,4,11,3,18
14.08.2017,4,11,5,20
15.08.2017,4,11,5,20
16.08.2017,4,11,5,20
17.08.2017,4,11,5,20
18.08.2017,4,10,6,20
19.08.2017,4,10,7,21
20.08.2017,4,11,6,21
21.08.2017,4,11,7,22
22.08.2017,4,10,6,20
23.08.2017,4,11,5,20
24.08.2017,5,10,5,20
25.08.2017,5,10,5,20
26.08.2017,5,10,5,20
27.08.2017,5,10,7,22
28.08.2017,4,12,6,22
29.08.2017,4,12,6,22
30.08.2017,4,11,7,22
31.08.2017,4,11,7,22
01.09.2017,3,12,6,21
02.09.2017,3,12,5,20
03.09.2017,3,12,5,20
04.09.2017,3,12,5,20
05.09.2017,3,12,6,21
06.09.2017,3,13,5,21
07.09.2017,4,11,4,19
08.09.2017,4,11,4,19
09.09.2017,4,12,4,20
10.09.2017,4,12,4,20
11.09.2017,4,12,3,19
12.09.2017,4,12,3,19
13.09.2017,3,13,3,19
14.09.2017,3,12,3,18
15.09.2017,3,11,3,17
16.09.2017,3,11,3,17
17.09.2017,3,11,3,17
18.09.2017,3,11,2,16
19.09.2017,3,11,2,16
20.09.2017,3,12,2,17
21.09.2017,3,12,3,18
22.09.2017,3,11,5,19
23.09.2017,3,11,5,19
24.09.2017,3,11,5,19
25.09.2017,4,10,4,18
26.09.2017,4,11,3,18
27.09.2017,4,11,3,18
28.09.2017,4,10,3,17
29.09.2017,4,10,3,17
30.09.2017,4,10,3,17
01.10.2017,4,10,3,17
02.10.2017,4,10,3,17
03.10.2017,4,10,3,17
04.10.2017,4,9,3,16
05.10.2017,4,9,4,17
06.10.2017,5,8,4,17
07.10.2017,5,9,3,17
08.10.2017,5,9,3,17
09.10.2017,5,9,3,17
10.10.2017,5,9,3,17
11.10.2017,5,8,3,16
12.10.2017,5,8,3,16
13.10.2017,5,9,2,16
14.10.2017,5,9,2,16
15.10.2017,5,9,2,16
16.10.2017,6,8,3,17
17.10.2017,5,9,3,17
18.10.2017,5,11,1,17
19.10.2017,5,11,0,16
20.10.2017,5,11,0,16
21.10.2017,5,11,3,19
22.10.2017,4,14,1,19
23.10.2017,5,13,1,19
24.10.2017,6,12,2,20
25.10.2017,6,12,2,20
26.10.2017,6,12,2,20
27.10.2017,5,12,3,20
28.10.2017,5,12,3,20
29.10.2017,5,13,4,22
30.10.2017,5,14,3,22
31.10.2017,6,13,3,22
01.11.2017,5,14,3,22
02.11.2017,5,16,3,24
03.11.2017,5,16,4,25
04.11.2017,5,16,5,26
05.11.2017,6,15,6,27
06.11.2017,6,16,5,27
07.11.2017,6,16,5,27
08.11.2017,6,16,5,27
09.11.2017,6,16,5,27
10.11.2017,6,15,5,26
11.11.2017,5,16,5,26
12.11.2017,5,16,6,27
13.11.2017,5,16,7,28
14.11.2017,6,14,7,27
15.11.2017,6,14,7,27
16.11.2017,6,14,8,28
17.11.2017,6,15,7,28
18.11.2017,6,15,6,27
19.11.2017,7,14,6,27
20.11.2017,6,15,6,27
21.11.2017,6,14,5,25
22.11.2017,6,14,5,25
23.11.2017,8,12,6,26
24.11.2017,8,12,6,26
25.11.2017,8,12,7,27
26.11.2017,9,11,6,26
27.11.2017,9,11,6,26
28.11.2017,9,10,6,25
29.11.2017,9,10,5,24
30.11.2017,8,12,4,24
01.12.2017,9,11,5,25
02.12.2017,9,11,4,24
03.12.2017,9,11,3,23
04.12.2017,9,11,3,23
05.12.2017,9,12,3,24
06.12.2017,9,12,3,24
07.12.2017,9,13,3,25
08.12.2017,9,13,3,25
09.12.2017,9,13,3,25
10.12.2017,9,13,3,25
11.12.2017,9,13,2,24
12.12.2017,9,13,3,25
13.12.2017,8,15,3,26
14.12.2017,7,15,3,25
15.12.2017,7,12,3,22
16.12.2017,7,12,3,22
17.12.2017,7,12,3,22
18.12.2017,7,12,4,23
19.12.2017,7,12,4,23
20.12.2017,7,12,5,24
21.12.2017,8,11,5,24
22.12.2017,8,11,5,24
23.12.2017,8,10,4,22
24.12.2017,9,9,4,22
25.12.2017,8,10,5,23
26.12.2017,9,10,4,23
27.12.2017,9,10,4,23
28.12.2017,7,12,4,23
29.12.2017,8,11,4,23
30.12.2017,8,11,4,23
31.12.2017,8,11,4,23
01.01.2018,8,11,4,23
02.01.2018,8,10,5,23
03.01.2018,8,10,5,23
04.01.2018,9,9,4,22
05.01.2018,9,9,4,22
06.01.2018,8,9,4,21
07.01.2018,7,10,5,22
08.01.2018,8,9,6,23
09.01.2018,8,10,5,23
10.01.2018,8,11,4,23
11.01.2018,7,11,4,22
12.01.2018,7,12,4,23
13.01.2018,7,12,4,23
14.01.2018,7,11,5,23
15.01.2018,8,12,4,24
16.01.2018,8,12,6,26
17.01.2018,8,12,7,27
18.01.2018,9,14,5,28
19.01.2018,8,14,6,28
20.01.2018,8,15,7,30
21.01.2018,8,15,8,31
22.01.2018,7,19,6,32
23.01.2018,7,20,5,32
24.01.2018,8,20,5,33
25.01.2018,8,19,5,32
26.01.2018,8,18,7,33
27.01.2018,8,19,6,33
28.01.2018,8,19,6,33
29.01.2018,8,19,6,33
30.01.2018,9,19,6,34
31.01.2018,9,20,5,34
01.02.2018,8,21,5,34
02.02.2018,8,21,6,35
03.02.2018,9,20,6,35
04.02.2018,9,20,6,35
05.02.2018,8,21,6,35
06.02.2018,8,21,6,35
07.02.2018,8,20,6,34
08.02.2018,7,21,6,34
09.02.2018,7,21,6,34
10.02.2018,6,21,6,33
11.02.2018,7,21,6,34
12.02.2018,8,20,7,35
13.02.2018,7,21,7,35
14.02.2018,7,22,7,36
15.02.2018,7,24,6,37
16.02.2018,7,23,6,36
17.02.2018,7,23,9,39
18.02.2018,7,24,8,39
19.02.2018,8,24,8,40
20.02.2018,10,21,8,39
21.02.2018,11,19,6,36
22.02.2018,9,22,6,37
23.02.2018,9,22,4,35
24.02.2018,10,20,6,36
25.02.2018,10,20,6,36
26.02.2018,10,20,8,38
27.02.2018,10,21,8,39
28.02.2018,9,22,7,38
01.03.2018,9,22,7,38
02.03.2018,9,22,7,38
03.03.2018,9,23,8,40
04.03.2018,9,24,7,40
05.03.2018,9,23,7,39
06.03.2018,9,23,7,39
07.03.2018,9,22,7,38
08.03.2018,9,21,8,38
09.03.2018,7,24,7,38
10.03.2018,7,24,7,38
11.03.2018,7,24,7,38
12.03.2018,7,24,9,40
13.03.2018,6,26,8,40
14.03.2018,6,27,8,41
15.03.2018,6,26,8,40
16.03.2018,6,26,7,39
17.03.2018,6,26,5,37
18.03.2018,8,24,5,37
19.03.2018,9,22,5,36
20.03.2018,11,21,7,39
21.03.2018,11,20,7,38
22.03.2018,11,19,6,36
23.03.2018,11,17,6,34
24.03.2018,12,17,6,35
25.03.2018,12,16,6,34
26.03.2018,12,17,4,33
27.03.2018,11,18,3,32
28.03.2018,11,18,4,33
29.03.2018,11,18,5,34
30.03.2018,11,20,5,36
31.03.2018,11,20,5,36
01.04.2018,11,21,6,38
02.04.2018,11,21,7,39
03.04.2018,11,22,8,41
04.04.2018,11,22,10,43
05.04.2018,11,22,10,43
06.04.2018,9,23,10,42
07.04.2018,9,23,10,42
08.04.2018,9,23,11,43
09.04.2018,9,24,8,41
10.04.2018,8,26,8,42
11.04.2018,8,26,7,41
12.04.2018,8,27,6,41
13.04.2018,8,26,7,41
14.04.2018,8,25,7,40
15.04.2018,9,24,7,40
16.04.2018,10,24,6,40
17.04.2018,11,23,6,40
18.04.2018,12,22,6,40
19.04.2018,11,23,6,40
20.04.2018,11,23,7,41
21.04.2018,11,22,8,41
22.04.2018,11,22,7,40
23.04.2018,11,23,7,41
24.04.2018,11,25,7,43
25.04.2018,11,26,6,43
26.04.2018,10,26,5,41
27.04.2018,10,25,5,40
28.04.2018,10,25,5,40
29.04.2018,10,25,4,39
30.04.2018,10,25,5,40
01.05.2018,10,25,3,38
02.05.2018,10,24,3,37
03.05.2018,9,25,4,38
04.05.2018,9,25,4,38
05.05.2018,9,26,4,39
06.05.2018,9,26,4,39
07.05.2018,9,25,4,38
08.05.2018,10,23,4,37
09.05.2018,10,24,5,39
10.05.2018,10,23,5,38
11.05.2018,11,22,5,38
12.05.2018,11,22,6,39
13.05.2018,11,23,6,40
14.05.2018,13,22,6,41
15.05.2018,13,24,3,40
16.05.2018,14,23,3,40
17.05.2018,14,22,3,39
18.05.2018,14,23,5,42
19.05.2018,14,24,5,43
20.05.2018,14,23,8,45
21.05.2018,15,22,8,45
22.05.2018,15,21,10,46
23.05.2018,15,23,9,47
24.05.2018,15,24,9,48
25.05.2018,16,24,9,49
26.05.2018,16,24,10,50
27.05.2018,16,24,12,52
28.05.2018,15,26,11,52
29.05.2018,15,25,11,51
30.05.2018,15,26,10,51
31.05.2018,15,26,10,51
01.06.2018,15,26,10,51
02.06.2018,15,26,10,51
03.06.2018,15,26,10,51
04.06.2018,14,27,12,53
05.06.2018,15,28,12,55
06.06.2018,16,27,14,57
07.06.2018,16,31,10,57
08.06.2018,15,31,10,56
09.06.2018,15,31,9,55
10.06.2018,15,30,10,55
11.06.2018,15,29,10,54
12.06.2018,15,30,11,56
13.06.2018,15,32,12,59
14.06.2018,15,34,11,60
15.06.2018,15,34,11,60
16.06.2018,15,34,9,58
17.06.2018,15,34,7,56
18.06.2018,18,31,8,57
19.06.2018,17,33,11,61
20.06.2018,16,39,11,66
21.06.2018,17,40,9,66
22.06.2018,17,39,10,66
23.06.2018,17,40,8,65
24.06.2018,18,39,8,65
25.06.2018,19,39,10,68
26.06.2018,20,39,10,69
27.06.2018,19,40,13,72
28.06.2018,18,42,13,73
29.06.2018,18,41,14,73
30.06.2018,19,41,16,76
01.07.2018,19,41,16,76
02.07.2018,19,41,16,76
03.07.2018,18,39,18,75
04.07.2018,18,40,20,78
05.07.2018,19,35,21,75
06.07.2018,19,36,22,77
07.07.2018,20,36,23,79
08.07.2018,21,36,25,82
09.07.2018,20,40,23,83
10.07.2018,20,41,25,86
11.07.2018,20,42,28,90
12.07.2018,19,44,29,92
13.07.2018,17,49,28,94
14.07.2018,17,50,29,96
15.07.2018,17,50,30,97
16.07.2018,19,49,29,97
17.07.2018,17,53,29,99
18.07.2018,18,53,27,98
19.07.2018,22,48,30,100
20.07.2018,21,49,29,99
21.07.2018,21,48,28,97
22.07.2018,21,48,29,98
23.07.2018,21,48,28,97
24.07.2018,22,48,29,99
25.07.2018,21,46,27,94
26.07.2018,20,44,26,90
27.07.2018,19,42,26,87
28.07.2018,22,39,23,84
29.07.2018,21,41,26,88
30.07.2018,20,42,27,89
31.07.2018,22,43,25,90
01.08.2018,21,45,24,90
02.08.2018,22,43,24,89
03.08.2018,22,43,23,88
04.08.2018,24,41,22,87
05.08.2018,24,41,21,86
06.08.2018,23,42,24,89
07.08.2018,23,41,23,87
08.08.2018,22,43,18,83
09.08.2018,21,45,17,83
10.08.2018,21,44,19,84
11.08.2018,21,42,19,82
12.08.2018,21,42,20,83
13.08.2018,22,41,25,88
14.08.2018,21,41,22,84
15.08.2018,19,43,20,82
16.08.2018,21,42,20,83
17.08.2018,21,43,20,84
18.08.2018,22,42,19,83
19.08.2018,22,43,20,85
20.08.2018,24,43,19,86
21.08.2018,23,47,14,84
22.08.2018,22,49,13,84
23.08.2018,22,48,13,83
24.08.2018,22,48,17,87
25.08.2018,23,48,16,87
26.08.2018,22,48,14,84
27.08.2018,23,47,18,88
28.08.2018,24,45,18,87
29.08.2018,25,45,17,87
30.08.2018,25,45,18,88
31.08.2018,24,45,18,87
01.09.2018,25,44,17,86
02.09.2018,25,44,17,86
03.09.2018,24,45,17,86
04.09.2018,24,45,18,87
05.09.2018,25,43,20,88
06.09.2018,26,41,20,87
07.09.2018,28,41,16,85
08.09.2018,27,42,16,85
09.09.2018,27,42,16,85
10.09.2018,27,42,14,83
11.09.2018,27,39,16,82
12.09.2018,25,41,22,88
13.09.2018,25,44,18,87
14.09.2018,24,44,18,86
15.09.2018,23,45,17,85
16.09.2018,22,45,17,84
17.09.2018,22,47,19,88
18.09.2018,22,47,20,89
19.09.2018,21,51,18,90
20.09.2018,22,48,19,89
21.09.2018,20,50,16,86
22.09.2018,22,48,16,86
23.09.2018,21,49,16,86
24.09.2018,21,50,16,87
25.09.2018,21,51,17,89
26.09.2018,21,53,15,89
27.09.2018,22,52,15,89
28.09.2018,22,51,15,88
29.09.2018,22,51,15,88
30.09.2018,22,52,16,90
01.10.2018,20,54,15,89
02.10.2018,19,55,15,89
03.10.2018,20,55,13,88
04.10.2018,18,57,13,88
05.10.2018,19,56,13,88
06.10.2018,19,56,14,89
07.10.2018,19,56,14,89
08.10.2018,20,54,15,89
09.10.2018,18,57,13,88
10.10.2018,17,59,12,88
11.10.2018,18,58,13,89
12.10.2018,18,58,13,89
13.10.2018,18,57,12,87
14.10.2018,18,56,13,87
15.10.2018,19,55,14,88
16.10.2018,19,58,14,91
17.10.2018,18,58,15,91
18.10.2018,19,55,14,88
19.10.2018,18,57,14,89
20.10.2018,18,57,14,89
21.10.2018,18,56,15,89
22.10.2018,18,56,15,89
23.10.2018,18,58,15,91
24.10.2018,18,60,15,93
25.10.2018,17,61,14,92
26.10.2018,15,63,13,91
27.10.2018,15,64,14,93
28.10.2018,16,63,16,95
29.10.2018,17,63,22,102
30.10.2018,17,66,22,105
31.10.2018,18,69,19,106
01.11.2018,18,69,20,107
02.11.2018,18,70,20,108
03.11.2018,19,69,19,107
04.11.2018,18,69,19,106
05.11.2018,19,68,20,107
06.11.2018,19,71,22,112
07.11.2018,20,71,20,111
08.11.2018,22,68,19,109
09.11.2018,23,67,19,109
10.11.2018,24,66,20,110
11.11.2018,23,68,17,108
12.11.2018,23,69,16,108
13.11.2018,25,66,16,107
14.11.2018,25,69,13,107
15.11.2018,25,70,14,109
16.11.2018,24,70,15,109
17.11.2018,25,70,15,110
18.11.2018,25,70,15,110
19.11.2018,24,73,16,113
20.11.2018,24,71,21,116
21.11.2018,26,69,19,114
22.11.2018,26,67,20,113
23.11.2018,25,67,20,112
24.11.2018,25,67,20,112
25.11.2018,25,68,19,112
26.11.2018,26,68,14,108
27.11.2018,29,65,15,109
28.11.2018,30,63,15,108
29.11.2018,28,64,16,108
30.11.2018,27,65,15,107
01.12.2018,29,64,15,108
02.12.2018,31,62,16,109
03.12.2018,33,59,19,111
04.12.2018,33,59,19,111
05.12.2018,32,62,18,112
06.12.2018,30,65,16,111
07.12.2018,31,64,19,114
08.12.2018,31,63,19,113
09.12.2018,31,62,19,112
10.12.2018,31,63,19,113
11.12.2018,32,64,19,115
12.12.2018,32,66,20,118
13.12.2018,32,67,20,119
14.12.2018,32,69,20,121
15.12.2018,34,67,20,121
16.12.2018,34,68,19,121
17.12.2018,34,67,19,120
18.12.2018,34,67,18,119
19.12.2018,33,66,18,117
20.12.2018,33,69,18,120
21.12.2018,33,69,18,120
22.12.2018,32,70,18,120
23.12.2018,32,70,18,120
24.12.2018,32,70,19,121
25.12.2018,34,67,18,119
26.12.2018,35,65,17,117
27.12.2018,35,65,15,115
28.12.2018,34,65,15,114
29.12.2018,34,62,14,110
30.12.2018,35,61,15,111
31.12.2018,35,61,12,108
01.01.2019,35,60,12,107
02.01.2019,33,62,12,107
03.01.2019,31,61,13,105
04.01.2019,30,60,12,102
05.01.2019,30,61,11,102
06.01.2019,30,61,11,102
07.01.2019,31,60,12,103
08.01.2019,30,62,12,104
09.01.2019,30,61,12,103
10.01.2019,29,64,12,105
11.01.2019,30,62,11,103
12.01.2019,32,61,10,103
13.01.2019,33,59,10,102
14.01.2019,34,58,9,101
15.01.2019,36,58,11,105
16.01.2019,35,61,12,108
17.01.2019,37,61,13,111
18.01.2019,34,62,17,113
19.01.2019,33,65,19,117
20.01.2019,34,67,17,118
21.01.2019,34,65,17,116
22.01.2019,35,64,19,118
23.01.2019,37,65,25,127
24.01.2019,38,68,24,130
25.01.2019,38,68,24,130
26.01.2019,39,67,23,129
27.01.2019,40,67,22,129
28.01.2019,40,69,23,132
29.01.2019,39,75,20,134
30.01.2019,38,76,22,136
31.01.2019,38,75,24,137
01.02.2019,40,74,21,135
02.02.2019,41,72,21,134
03.02.2019,40,71,21,132
04.02.2019,39,72,21,132
05.02.2019,36,76,21,133
06.02.2019,38,75,20,133
07.02.2019,37,78,19,134
08.02.2019,38,74,17,129
09.02.2019,38,74,17,129
10.02.2019,38,74,18,130
11.02.2019,37,75,17,129
12.02.2019,37,73,17,127
13.02.2019,38,74,17,129
14.02.2019,40,73,16,129
15.02.2019,40,74,14,128
16.02.2019,42,72,12,126
17.02.2019,43,72,12,127
18.02.2019,44,72,12,128
19.02.2019,43,73,11,127
20.02.2019,43,74,6,123
21.02.2019,41,72,8,121
22.02.2019,40,75,10,125
23.02.2019,40,75,12,127
24.02.2019,41,73,12,126
25.02.2019,42,74,14,130
26.02.2019,46,71,14,131
27.02.2019,44,73,14,131
28.02.2019,41,75,16,132
01.03.2019,43,73,16,132
02.03.2019,44,72,16,132
03.03.2019,45,72,16,133
04.03.2019,44,75,16,135
05.03.2019,46,73,16,135
06.03.2019,44,74,18,136
07.03.2019,43,75,18,136
08.03.2019,43,74,18,135
09.03.2019,42,75,18,135
10.03.2019,41,75,18,134
11.03.2019,43,73,19,135
12.03.2019,44,75,15,134
13.03.2019,44,74,15,133
14.03.2019,46,73,16,135
15.03.2019,48,71,19,138
16.03.2019,48,70,19,137
17.03.2019,48,71,18,137
18.03.2019,50,69,17,136
19.03.2019,49,72,17,138
20.03.2019,50,72,18,140
21.03.2019,52,72,14,138
22.03.2019,49,75,13,137
23.03.2019,46,78,11,135
24.03.2019,45,79,11,135
25.03.2019,49,70,10,129
26.03.2019,50,68,11,129
27.03.2019,49,68,11,128
28.03.2019,49,69,12,130
29.03.2019,49,68,11,128
30.03.2019,49,68,11,128
31.03.2019,49,67,12,128
01.04.2019,49,66,13,128
02.04.2019,49,66,14,129
03.04.2019,49,67,15,131
04.04.2019,50,67,17,134
05.04.2019,50,68,17,135
06.04.2019,51,68,17,136
07.04.2019,51,68,17,136
08.04.2019,53,65,19,137
09.04.2019,49,68,18,135
10.04.2019,51,67,17,135
11.04.2019,51,67,17,135
12.04.2019,51,66,18,135
13.04.2019,51,66,18,135
14.04.2019,52,65,18,135
15.04.2019,53,65,19,137
16.04.2019,54,63,18,135
17.04.2019,55,62,19,136
18.04.2019,57,59,20,136
19.04.2019,54,61,20,135
20.04.2019,52,63,20,135
21.04.2019,51,65,20,136
22.04.2019,53,59,21,133
23.04.2019,51,59,19,129
24.04.2019,52,59,19,130
25.04.2019,52,61,18,131
26.04.2019,50,62,17,129
27.04.2019,50,62,17,129
28.04.2019,49,63,17,129
29.04.2019,47,67,16,130
30.04.2019,48,64,16,128
01.05.2019,48,61,17,126
02.05.2019,47,63,16,126
03.05.2019,48,64,16,128
04.05.2019,49,63,16,128
05.05.2019,50,61,16,127
06.05.2019,51,58,19,128
07.05.2019,50,58,20,128
08.05.2019,48,61,24,133
09.05.2019,46,62,23,131
10.05.2019,48,59,22,129
11.05.2019,48,59,22,129
12.05.2019,48,58,24,130
13.05.2019,47,60,25,132
14.05.2019,49,61,28,138
15.05.2019,48,62,30,140
16.05.2019,49,63,29,141
17.05.2019,50,64,26,140
18.05.2019,49,65,25,139
19.05.2019,48,66,25,139
20.05.2019,52,63,25,140
21.05.2019,50,65,28,143
22.05.2019,48,69,26,143
23.05.2019,50,67,25,142
24.05.2019,53,65,26,144
25.05.2019,53,66,25,144
26.05.2019,52,67,26,145
27.05.2019,51,69,25,145
28.05.2019,52,68,24,144
29.05.2019,49,73,25,147
30.05.2019,49,77,25,151
31.05.2019,46,82,24,152
01.06.2019,47,84,23,154
02.06.2019,46,86,21,153
03.06.2019,49,82,19,150
04.06.2019,47,85,24,156
05.06.2019,44,87,23,154
06.06.2019,45,87,21,153
07.06.2019,47,83,21,151
08.06.2019,46,84,22,152
09.06.2019,45,88,20,153
10.06.2019,47,86,18,151
11.06.2019,47,85,20,152
12.06.2019,48,86,21,155
13.06.2019,47,87,19,153
14.06.2019,49,87,21,157
15.06.2019,49,87,22,158
16.06.2019,49,88,21,158
17.06.2019,50,89,19,158
18.06.2019,50,89,20,159
19.06.2019,52,87,19,158
20.06.2019,51,85,20,156
21.06.2019,52,82,20,154
22.06.2019,53,81,20,154
23.06.2019,53,82,20,155
24.06.2019,52,82,22,156
25.06.2019,52,80,23,155
26.06.2019,51,79,24,154
27.06.2019,50,79,23,152
28.06.2019,50,76,24,150
29.06.2019,51,75,24,150
30.06.2019,52,74,26,152
01.07.2019,49,78,24,151
02.07.2019,50,77,23,150
03.07.2019,50,75,22,147
04.07.2019,49,75,25,149
05.07.2019,52,72,24,148
06.07.2019,51,73,24,148
07.07.2019,51,72,26,149
08.07.2019,54,68,25,147
09.07.2019,54,75,20,149
10.07.2019,55,74,20,149
11.07.2019,52,77,23,152
12.07.2019,53,77,23,153
13.07.2019,54,75,24,153
14.07.2019,55,73,24,152
15.07.2019,55,73,24,152
16.07.2019,53,74,22,149
17.07.2019,54,74,20,148
18.07.2019,53,75,22,150
19.07.2019,54,75,21,150
20.07.2019,54,73,22,149
21.07.2019,53,74,20,147
22.07.2019,53,78,19,150
23.07.2019,54,78,20,152
24.07.2019,53,80,22,155
25.07.2019,56,77,21,154
26.07.2019,55,77,20,152
27.07.2019,56,76,20,152
28.07.2019,55,74,21,150
29.07.2019,52,78,21,151
30.07.2019,50,85,26,161
31.07.2019,52,89,22,163
01.08.2019,53,89,25,167
02.08.2019,52,90,27,169
03.08.2019,50,94,31,175
04.08.2019,50,98,30,178
05.08.2019,52,97,33,182
06.08.2019,51,102,31,184
07.08.2019,52,105,29,186
08.08.2019,52,106,25,183
09.08.2019,50,109,22,181
10.08.2019,52,108,20,180
11.08.2019,52,108,20,180
12.08.2019,51,113,25,189
13.08.2019,54,113,25,192
14.08.2019,51,114,25,190
15.08.2019,51,116,25,192
16.08.2019,52,115,30,197
17.08.2019,51,115,31,197
18.08.2019,51,115,32,198
19.08.2019,51,115,32,198
20.08.2019,52,112,30,194
21.08.2019,51,109,31,191
22.08.2019,52,108,30,190
23.08.2019,51,108,31,190
24.08.2019,52,107,30,189
25.08.2019,52,107,30,189
26.08.2019,50,110,29,189
27.08.2019,48,112,26,186
28.08.2019,49,109,28,186
29.08.2019,49,109,28,186
30.08.2019,47,110,26,183
31.08.2019,46,113,24,183
01.09.2019,46,111,24,181
02.09.2019,49,109,26,184
03.09.2019,51,109,23,183
04.09.2019,51,111,22,184
05.09.2019,51,107,24,182
06.09.2019,48,108,28,184
07.09.2019,49,108,37,194
08.09.2019,48,114,31,193
09.09.2019,48,113,27,188
10.09.2019,52,108,31,191
11.09.2019,48,117,32,197
12.09.2019,48,119,31,198
13.09.2019,47,121,25,193
14.09.2019,49,119,25,193
15.09.2019,48,122,23,193
16.09.2019,47,123,24,194
17.09.2019,49,123,28,200
18.09.2019,51,120,31,202
19.09.2019,53,119,32,204
20.09.2019,55,118,30,203
21.09.2019,55,117,30,202
22.09.2019,55,116,33,204
23.09.2019,53,121,33,207
24.09.2019,52,121,32,205
25.09.2019,52,123,33,208
26.09.2019,56,123,34,213
27.09.2019,55,128,33,216
28.09.2019,55,129,36,220
29.09.2019,57,127,35,219
30.09.2019,56,128,34,218
01.10.2019,54,128,35,217
02.10.2019,54,131,34,219
03.10.2019,53,131,33,217
04.10.2019,51,130,31,212
05.10.2019,51,130,29,210
06.10.2019,51,124,28,203
07.10.2019,53,118,29,200
08.10.2019,56,116,26,198
09.10.2019,50,120,25,195
10.10.2019,51,119,27,197
11.10.2019,54,112,28,194
12.10.2019,55,111,29,195
13.10.2019,57,109,30,196
14.10.2019,56,106,29,191
15.10.2019,58,101,25,184
16.10.2019,59,100,27,186
17.10.2019,60,101,24,185
18.10.2019,63,103,22,188
19.10.2019,64,102,22,188
20.10.2019,63,105,21,189
21.10.2019,63,104,21,188
22.10.2019,64,103,22,189
23.10.2019,62,104,21,187
24.10.2019,65,98,19,182
25.10.2019,63,103,19,185
26.10.2019,61,106,18,185
27.10.2019,61,107,20,188
28.10.2019,61,107,19,187
29.10.2019,59,109,18,186
30.10.2019,62,109,17,188
31.10.2019,62,111,16,189
01.11.2019,62,113,16,191
02.11.2019,62,114,15,191
03.11.2019,64,112,15,191
04.11.2019,64,113,19,196
05.11.2019,63,114,23,200
06.11.2019,61,119,23,203
07.11.2019,61,119,26,206
08.11.2019,61,123,27,211
09.11.2019,61,124,26,211
10.11.2019,62,125,27,214
11.11.2019,61,130,26,217
12.11.2019,62,130,27,219
13.11.2019,61,133,28,222
14.11.2019,63,133,26,222
15.11.2019,62,131,25,218
16.11.2019,61,128,25,214
17.11.2019,62,126,25,213
18.11.2019,65,123,25,213
19.11.2019,64,124,27,215
20.11.2019,64,123,25,212
21.11.2019,64,121,28,213
22.11.2019,63,117,29,209
23.11.2019,63,116,27,206
24.11.2019,62,117,25,204
25.11.2019,61,119,25,205
26.11.2019,61,119,27,207
27.11.2019,64,114,27,205
28.11.2019,61,120,26,207
29.11.2019,62,120,26,208
30.11.2019,63,123,25,211
01.12.2019,62,123,27,212
02.12.2019,63,120,25,208
03.12.2019,63,118,23,204
04.12.2019,63,116,21,200
05.12.2019,62,117,21,200
06.12.2019,64,115,23,202
07.12.2019,66,112,22,200
08.12.2019,64,116,23,203
09.12.2019,65,120,21,206
10.12.2019,62,121,22,205
11.12.2019,62,121,26,209
12.12.2019,63,116,27,206
13.12.2019,60,117,29,206
14.12.2019,60,115,29,204
15.12.2019,61,112,29,202
16.12.2019,60,110,29,199
17.12.2019,60,109,29,198
18.12.2019,61,111,31,203
19.12.2019,60,110,33,203
20.12.2019,63,109,29,201
21.12.2019,64,108,29,201
22.12.2019,63,110,31,204
23.12.2019,61,111,29,201
24.12.2019,61,110,30,201
25.12.2019,60,109,31,200
26.12.2019,57,112,31,200
27.12.2019,55,112,31,198
28.12.2019,58,103,30,191
29.12.2019,57,106,29,192
30.12.2019,58,103,28,189
31.12.2019,55,103,27,185
01.01.2020,56,101,26,183
02.01.2020,61,94,27,182
03.01.2020,58,93,24,175
04.01.2020,56,94,24,174
05.01.2020,57,94,25,176
06.01.2020,59,89,25,173
07.01.2020,59,88,22,169
08.01.2020,60,84,19,163
09.01.2020,58,87,21,166
10.01.2020,56,91,17,164
11.01.2020,57,91,19,167
12.01.2020,59,88,20,167
13.01.2020,57,90,20,167
14.01.2020,58,92,23,173
15.01.2020,57,97,26,180
16.01.2020,56,99,26,181
17.01.2020,57,98,26,181
18.01.2020,55,100,30,185
19.01.2020,55,100,29,184
20.01.2020,57,96,29,182
21.01.2020,55,97,28,180
22.01.2020,55,103,27,185
23.01.2020,51,106,29,186
24.01.2020,53,106,28,187
25.01.2020,55,105,28,188
26.01.2020,55,106,28,189
27.01.2020,56,111,29,196
28.01.2020,54,111,27,192
29.01.2020,56,112,29,197
30.01.2020,60,108,30,198
31.01.2020,58,109,30,197
01.02.2020,55,111,32,198
02.02.2020,55,112,32,199
03.02.2020,56,108,32,196
04.02.2020,54,107,33,194
05.02.2020,53,112,30,195
06.02.2020,53,111,33,197
07.02.2020,55,112,32,199
08.02.2020,56,113,31,200
09.02.2020,58,112,33,203
10.02.2020,56,117,29,202
11.02.2020,56,117,34,207
12.02.2020,58,118,34,210
13.02.2020,59,119,39,217
14.02.2020,64,116,40,220
15.02.2020,63,119,37,219
16.02.2020,65,117,37,219
17.02.2020,64,117,42,223
18.02.2020,62,123,41,226
19.02.2020,64,123,39,226
20.02.2020,63,122,42,227
21.02.2020,63,123,39,225
22.02.2020,64,121,44,229
23.02.2020,62,123,43,228
24.02.2020,64,118,41,223
25.02.2020,68,115,42,225
26.02.2020,68,117,44,229
27.02.2020,69,119,47,235
28.02.2020,70,122,51,243
29.02.2020,68,124,50,242
01.03.2020,67,126,50,243
02.03.2020,70,127,49,246
03.03.2020,69,129,50,248
04.03.2020,70,133,49,252
05.03.2020,73,132,48,253
06.03.2020,73,134,51,258
07.03.2020,72,137,49,258
08.03.2020,73,136,47,256
09.03.2020,75,135,45,255
10.03.2020,75,134,42,251
11.03.2020,74,135,41,250
12.03.2020,74,138,37,249
13.03.2020,76,138,40,254
14.03.2020,76,141,37,254
15.03.2020,79,138,40,257
16.03.2020,80,133,42,255
17.03.2020,79,135,39,253
18.03.2020,79,138,33,250
19.03.2020,79,138,30,247
20.03.2020,79,137,32,248
21.03.2020,79,139,29,247
22.03.2020,78,137,31,246
23.03.2020,79,136,32,247
24.03.2020,81,137,31,249
25.03.2020,79,137,32,248
26.03.2020,79,135,32,246
27.03.2020,78,138,34,250
28.03.2020,77,138,34,249
29.03.2020,81,134,33,248
30.03.2020,80,132,32,244
31.03.2020,81,129,32,242
01.04.2020,86,125,33,244
02.04.2020,86,127,33,246
03.04.2020,88,125,32,245
04.04.2020,88,125,32,245
05.04.2020,88,125,33,246
06.04.2020,89,124,32,245
07.04.2020,87,125,32,244
08.04.2020,89,122,33,244
09.04.2020,92,118,32,242
10.04.2020,91,119,32,242
11.04.2020,91,119,30,240
12.04.2020,89,118,28,235
13.04.2020,91,118,26,235
14.04.2020,91,118,27,236
15.04.2020,95,113,30,238
16.04.2020,94,114,37,245
17.04.2020,92,119,33,244
18.04.2020,92,120,32,244
19.04.2020,91,121,34,246
20.04.2020,94,116,32,242
21.04.2020,96,117,29,242
22.04.2020,95,119,27,241
23.04.2020,97,121,27,245
24.04.2020,95,126,27,248
25.04.2020,94,130,27,251
26.04.2020,94,131,28,253
27.04.2020,93,133,30,256
28.04.2020,93,133,31,257
29.04.2020,95,131,31,257
30.04.2020,95,132,34,261
01.05.2020,96,131,34,261
02.05.2020,95,132,34,261
03.05.2020,95,133,34,262
04.05.2020,98,127,35,260
05.05.2020,98,127,37,262
06.05.2020,99,123,36,258
07.05.2020,100,122,36,258
08.05.2020,102,120,34,256
09.05.2020,103,121,39,263
10.05.2020,102,124,38,264
11.05.2020,102,125,41,268
12.05.2020,100,131,38,269
13.05.2020,97,133,38,268
14.05.2020,97,131,35,263
15.05.2020,95,133,37,265
16.05.2020,95,131,36,262
17.05.2020,94,131,33,258
18.05.2020,96,130,35,261
19.05.2020,97,134,36,267
20.05.2020,95,134,38,267
21.05.2020,91,133,40,264
22.05.2020,92,135,37,264
23.05.2020,93,133,37,263
24.05.2020,94,131,36,261
25.05.2020,94,130,38,262
26.05.2020,94,132,39,265
27.05.2020,94,129,40,263
28.05.2020,93,126,40,259
29.05.2020,94,129,41,264
30.05.2020,91,133,39,263
31.05.2020,90,133,38,261
01.06.2020,92,133,42,267
02.06.2020,91,139,42,272
03.06.2020,98,137,41,276
04.06.2020,98,137,42,277
05.06.2020,101,135,42,278
06.06.2020,100,137,39,276
07.06.2020,99,136,40,275
08.06.2020,95,141,39,275
09.06.2020,95,138,37,270
10.06.2020,96,140,37,273
11.06.2020,95,142,35,272
12.06.2020,95,143,36,274
13.06.2020,94,145,36,275
14.06.2020,94,144,37,275
15.06.2020,95,142,41,278
16.06.2020,95,144,38,277
17.06.2020,94,144,42,280
18.06.2020,90,150,37,277
19.06.2020,88,151,41,280
20.06.2020,88,149,41,278
21.06.2020,88,153,43,284
22.06.2020,88,157,40,285
23.06.2020,88,159,37,284
24.06.2020,90,156,42,288
25.06.2020,87,157,41,285
26.06.2020,89,153,39,281
27.06.2020,87,155,39,281
28.06.2020,88,154,42,284
29.06.2020,89,153,40,282
30.06.2020,91,150,36,277
01.07.2020,97,145,35,277
02.07.2020,95,147,37,279
03.07.2020,97,143,37,277
04.07.2020,98,142,39,279
05.07.2020,97,145,40,282
06.07.2020,95,148,42,285
07.07.2020,95,151,40,286
08.07.2020,98,149,35,282
09.07.2020,101,142,37,280
10.07.2020,97,144,34,275
11.07.2020,97,144,35,276
12.07.2020,97,143,31,271
13.07.2020,99,143,30,272
14.07.2020,100,145,28,273
15.07.2020,96,148,30,274
16.07.2020,97,147,31,275
17.07.2020,97,148,33,278
18.07.2020,96,151,31,278
19.07.2020,97,150,29,276
20.07.2020,97,150,30,277
21.07.2020,96,152,31,279
22.07.2020,95,155,27,277
23.07.2020,93,157,26,276
24.07.2020,91,159,23,273
25.07.2020,89,161,28,278
26.07.2020,90,159,29,278
27.07.2020,93,156,31,280
28.07.2020,92,160,29,281
29.07.2020,96,156,30,282
30.07.2020,95,157,30,282
31.07.2020,92,163,29,284
01.08.2020,91,163,29,283
02.08.2020,91,161,29,281
03.08.2020,93,157,29,279
04.08.2020,91,159,26,276
05.08.2020,96,148,33,277
06.08.2020,96,147,33,276
07.08.2020,92,154,32,278
08.08.2020,93,154,31,278
09.08.2020,92,155,32,279
10.08.2020,94,149,35,278
11.08.2020,94,155,34,283
12.08.2020,94,153,38,285
13.08.2020,96,154,36,286
14.08.2020,96,150,39,285
15.08.2020,96,151,37,284
16.08.2020,95,151,37,283
17.08.2020,95,151,34,280
18.08.2020,96,150,32,278
19.08.2020,97,145,34,276
20.08.2020,91,148,32,271
21.08.2020,96,142,34,272
22.08.2020,95,146,30,271
23.08.2020,97,144,29,270
24.08.2020,99,144,24,267
25.08.2020,99,144,25,268
26.08.2020,99,146,28,273
27.08.2020,99,151,25,275
28.08.2020,101,151,24,276
29.08.2020,98,154,24,276
30.08.2020,97,152,26,275
31.08.2020,97,154,22,273
01.09.2020,95,152,23,270
02.09.2020,94,156,21,271
03.09.2020,94,153,20,267
04.09.2020,95,152,20,267
05.09.2020,96,151,21,268
06.09.2020,98,150,21,269
07.09.2020,99,151,19,269
08.09.2020,101,150,20,271
09.09.2020,97,157,18,272
10.09.2020,99,153,19,271
11.09.2020,103,147,22,272
12.09.2020,105,146,22,273
13.09.2020,104,148,23,275
14.09.2020,103,148,22,273
15.09.2020,103,151,23,277
16.09.2020,101,152,27,280
17.09.2020,97,153,27,277
18.09.2020,96,153,25,274
19.09.2020,97,153,24,274
20.09.2020,98,152,24,274
21.09.2020,101,147,27,275
22.09.2020,100,149,24,273
23.09.2020,99,150,23,272
24.09.2020,101,151,25,277
25.09.2020,100,150,26,276
26.09.2020,100,149,25,274
27.09.2020,98,152,26,276
28.09.2020,95,156,28,279
29.09.2020,96,155,31,282
30.09.2020,96,153,31,280
01.10.2020,95,148,29,272
02.10.2020,94,150,30,274
03.10.2020,93,150,30,273
04.10.2020,94,150,28,272
05.10.2020,93,152,29,274
06.10.2020,91,152,32,275
07.10.2020,89,154,34,277
08.10.2020,90,155,31,276
09.10.2020,90,151,31,272
10.10.2020,89,149,31,269
11.10.2020,87,151,31,269
12.10.2020,87,154,28,269
13.10.2020,87,152,26,265
14.10.2020,86,155,26,267
15.10.2020,82,160,26,268
16.10.2020,83,159,25,267
17.10.2020,85,157,26,268
18.10.2020,88,155,26,269
19.10.2020,91,149,24,264
20.10.2020,89,152,26,267
21.10.2020,89,149,27,265
22.10.2020,92,145,26,263
23.10.2020,91,148,26,265
24.10.2020,91,148,26,265
25.10.2020,90,148,24,262
26.10.2020,91,143,26,260
27.10.2020,93,146,22,261
28.10.2020,97,145,22,264
29.10.2020,97,146,22,265
30.10.2020,95,139,22,256
31.10.2020,96,138,24,258
01.11.2020,93,143,23,259
02.11.2020,90,147,22,259
03.11.2020,88,148,22,258
04.11.2020,87,151,21,259
05.11.2020,87,150,22,259
06.11.2020,88,151,23,262
07.11.2020,89,151,25,265
08.11.2020,89,150,24,263
09.11.2020,90,150,25,265
10.11.2020,94,151,24,269
11.11.2020,92,152,23,267
12.11.2020,90,156,21,267
13.11.2020,91,153,24,268
14.11.2020,93,151,25,269
15.11.2020,94,152,23,269
16.11.2020,92,153,22,267
17.11.2020,91,157,24,272
18.11.2020,90,156,26,272
19.11.2020,93,153,29,275
20.11.2020,91,161,26,278
21.11.2020,91,160,25,276
22.11.2020,93,158,26,277
23.11.2020,93,163,26,282
24.11.2020,96,161,29,286
25.11.2020,97,159,29,285
26.11.2020,99,158,29,286
27.11.2020,99,163,27,289
28.11.2020,100,164,26,290
29.11.2020,96,167,27,290
30.11.2020,99,169,25,293
01.12.2020,100,167,26,293
02.12.2020,100,164,27,291
03.12.2020,99,170,30,299
04.12.2020,100,166,29,295
05.12.2020,102,163,29,294
06.12.2020,101,163,31,295
07.12.2020,98,166,31,295
08.12.2020,104,159,34,297
09.12.2020,101,162,35,298
10.12.2020,98,161,37,296
11.12.2020,104,157,31,292
12.12.2020,104,155,30,289
13.12.2020,103,156,31,290
14.12.2020,103,159,33,295
15.12.2020,104,155,31,290
16.12.2020,105,154,35,294
17.12.2020,106,158,35,299
18.12.2020,105,161,34,300
19.12.2020,102,163,36,301
20.12.2020,103,164,36,303
21.12.2020,101,169,38,308
22.12.2020,103,165,41,309
23.12.2020,101,165,44,310
24.12.2020,101,166,44,311
25.12.2020,102,161,43,306
26.12.2020,103,160,44,307
27.12.2020,101,161,45,307
28.12.2020,98,159,47,304
29.12.2020,101,155,47,303
30.12.2020,100,157,45,302
31.12.2020,99,157,40,296
01.01.2021,98,154,40,292
02.01.2021,102,151,40,293
03.01.2021,101,152,42,295
04.01.2021,101,153,42,296
05.01.2021,101,150,40,291
06.01.2021,98,153,33,284
07.01.2021,93,156,35,284
08.01.2021,98,152,35,285
09.01.2021,97,153,37,287
10.01.2021,97,150,35,282
11.01.2021,98,143,38,279
12.01.2021,93,154,36,283
13.01.2021,96,154,34,284
14.01.2021,101,146,34,281
15.01.2021,101,151,34,286
16.01.2021,101,152,32,285
17.01.2021,101,151,31,283
18.01.2021,99,153,28,280
19.01.2021,103,147,25,275
20.01.2021,96,156,24,276
21.01.2021,97,155,28,280
22.01.2021,97,157,27,281
23.01.2021,99,156,27,282
24.01.2021,97,160,29,286
25.01.2021,100,167,23,290
26.01.2021,103,170,24,297
27.01.2021,104,168,26,298
28.01.2021,105,171,24,300
29.01.2021,106,173,28,307
30.01.2021,106,174,27,307
31.01.2021,106,172,29,307
01.02.2021,105,178,28,311
02.02.2021,105,183,24,312
03.02.2021,107,181,26,314
04.02.2021,106,186,25,317
05.02.2021,112,180,32,324
06.02.2021,112,183,29,324
07.02.2021,110,185,29,324
08.02.2021,113,181,28,322
09.02.2021,112,187,26,325
10.02.2021,113,184,27,324
11.02.2021,116,184,29,329
12.02.2021,117,181,34,332
13.02.2021,116,184,32,332
14.02.2021,115,185,34,334
15.02.2021,113,191,34,338
16.02.2021,113,190,32,335
17.02.2021,106,201,34,341
18.02.2021,107,205,32,344
19.02.2021,108,204,39,351
20.02.2021,109,206,40,355
21.02.2021,111,205,40,356
22.02.2021,115,205,41,361
23.02.2021,115,205,47,367
24.02.2021,114,201,44,359
25.02.2021,115,206,46,367
26.02.2021,119,202,51,372
27.02.2021,117,204,54,375
28.02.2021,114,210,52,376
01.03.2021,113,210,56,379
02.03.2021,113,209,61,383
03.03.2021,115,210,60,385
04.03.2021,114,216,56,386
05.03.2021,118,214,57,389
06.03.2021,119,215,59,393
07.03.2021,121,213,61,395
08.03.2021,121,214,69,404
09.03.2021,125,214,70,409
10.03.2021,124,221,70,415
11.03.2021,127,220,69,416
12.03.2021,127,223,67,417
13.03.2021,125,229,68,422
14.03.2021,127,228,70,425
15.03.2021,126,227,70,423
16.03.2021,126,229,70,425
17.03.2021,123,238,62,423
18.03.2021,124,236,65,425
19.03.2021,128,234,64,426
20.03.2021,129,237,64,430
21.03.2021,130,232,64,426
22.03.2021,130,233,67,430
23.03.2021,128,244,64,436
24.03.2021,132,244,62,438
25.03.2021,130,239,64,433
26.03.2021,132,238,61,431
27.03.2021,133,239,59,431
28.03.2021,134,238,61,433
29.03.2021,133,242,64,439
30.03.2021,137,240,64,441
31.03.2021,135,240,62,437
01.04.2021,133,242,65,440
02.04.2021,140,237,64,441
03.04.2021,141,235,64,440
04.04.2021,141,235,65,441
05.04.2021,139,234,68,441
06.04.2021,142,234,69,445
07.04.2021,144,230,69,443
08.04.2021,148,229,68,445
09.04.2021,149,227,67,443
10.04.2021,147,227,65,439
11.04.2021,148,224,64,436
12.04.2021,148,222,66,436
13.04.2021,146,225,68,439
14.04.2021,145,230,63,438
15.04.2021,142,231,67,440
16.04.2021,142,232,67,441
17.04.2021,141,232,71,444
18.04.2021,142,236,67,445
19.04.2021,143,236,66,445
20.04.2021,147,232,63,442
21.04.2021,148,231,58,437
22.04.2021,149,231,55,435
23.04.2021,149,226,58,433
24.04.2021,151,225,59,435
25.04.2021,154,223,57,434
26.04.2021,153,226,56,435
27.04.2021,149,227,52,428
28.04.2021,142,226,55,423
29.04.2021,144,223,53,420
30.04.2021,152,220,49,421
01.05.2021,154,217,50,421
02.05.2021,154,219,46,419
03.05.2021,155,222,41,418
04.05.2021,155,221,41,417
05.05.2021,157,216,45,418
06.05.2021,158,213,41,412
07.05.2021,154,216,43,413
08.05.2021,152,215,43,410
09.05.2021,151,214,45,410
10.05.2021,151,214,48,413
11.05.2021,151,219,51,421
12.05.2021,153,215,49,417
13.05.2021,148,219,51,418
14.05.2021,142,226,50,418
15.05.2021,142,225,50,417
16.05.2021,141,226,50,417
17.05.2021,143,227,43,413
18.05.2021,141,232,44,417
19.05.2021,143,228,47,418
20.05.2021,148,223,48,419
21.05.2021,149,223,50,422
22.05.2021,152,221,50,423
23.05.2021,152,219,55,426
24.05.2021,154,219,59,432
25.05.2021,154,223,58,435
26.05.2021,153,226,59,438
27.05.2021,152,229,57,438
28.05.2021,153,228,57,438
29.05.2021,152,229,57,438
30.05.2021,152,229,58,439
31.05.2021,149,228,57,434
01.06.2021,149,227,57,433
02.06.2021,152,227,52,431
03.06.2021,153,226,53,432
04.06.2021,152,223,53,428
05.06.2021,153,223,53,429
06.06.2021,153,222,53,428
07.06.2021,146,231,53,430
08.06.2021,142,237,51,430
09.06.2021,141,231,48,420
10.06.2021,139,230,50,419
11.06.2021,139,227,49,415
12.06.2021,137,230,47,414
13.06.2021,136,230,51,417
14.06.2021,135,234,51,420
15.06.2021,140,225,52,417
16.06.2021,141,231,50,422
17.06.2021,144,228,50,422
18.06.2021,145,221,49,415
19.06.2021,146,222,49,417
20.06.2021,147,220,51,418
21.06.2021,142,222,47,411
22.06.2021,142,226,45,413
23.06.2021,145,213,44,402
24.06.2021,147,209,46,402
25.06.2021,147,207,41,395
26.06.2021,146,209,41,396
27.06.2021,146,209,46,401
28.06.2021,143,210,45,398
29.06.2021,143,210,45,398
30.06.2021,143,205,48,396
01.07.2021,141,207,50,398
02.07.2021,140,206,53,399
03.07.2021,140,205,54,399
04.07.2021,142,203,57,402
05.07.2021,135,211,57,403
06.07.2021,129,225,56,410
07.07.2021,133,221,55,409
08.07.2021,127,226,55,408
09.07.2021,128,225,55,408
10.07.2021,127,226,54,407
11.07.2021,127,230,51,408
12.07.2021,125,230,48,403
13.07.2021,125,228,48,401
14.07.2021,131,222,45,398
15.07.2021,135,221,49,405
16.07.2021,134,217,51,402
17.07.2021,134,216,53,403
18.07.2021,136,214,53,403
19.07.2021,128,227,55,410
20.07.2021,129,230,52,411
21.07.2021,131,231,57,419
22.07.2021,130,226,58,414
23.07.2021,131,229,61,421
24.07.2021,130,234,62,426
25.07.2021,132,233,64,429
26.07.2021,132,238,64,434
27.07.2021,134,238,63,435
28.07.2021,129,244,66,439
29.07.2021,130,248,61,439
30.07.2021,127,252,61,440
31.07.2021,127,253,61,441
01.08.2021,126,252,64,442
02.08.2021,129,245,67,441
03.08.2021,126,252,65,443
04.08.2021,130,245,71,446
05.08.2021,129,252,71,452
06.08.2021,129,253,74,456
07.08.2021,129,256,77,462
08.08.2021,129,257,76,462
09.08.2021,125,260,78,463
10.08.2021,126,258,76,460
11.08.2021,127,258,78,463
12.08.2021,127,256,78,461
13.08.2021,120,263,77,460
14.08.2021,118,265,81,464
15.08.2021,118,269,84,471
16.08.2021,118,273,85,476
17.08.2021,119,270,87,476
18.08.2021,116,276,79,471
19.08.2021,112,280,81,473
20.08.2021,110,283,78,471
21.08.2021,109,289,85,483
22.08.2021,108,287,75,470
23.08.2021,117,275,82,474
24.08.2021,120,272,80,472
25.08.2021,124,267,78,469
26.08.2021,127,263,82,472
27.08.2021,127,268,77,472
28.08.2021,128,269,81,478
29.08.2021,125,277,82,484
30.08.2021,125,280,84,489
31.08.2021,126,278,79,483
01.09.2021,126,277,79,482
02.09.2021,129,273,82,484
03.09.2021,130,271,84,485
04.09.2021,129,277,80,486
05.09.2021,134,276,76,486
06.09.2021,135,272,72,479
07.09.2021,136,270,76,482
08.09.2021,135,274,73,482
09.09.2021,139,263,74,476
10.09.2021,140,262,73,475
11.09.2021,136,264,76,476
12.09.2021,133,263,77,473
13.09.2021,130,264,75,469
14.09.2021,130,264,75,469
15.09.2021,133,263,75,471
16.09.2021,132,267,71,470
17.09.2021,128,264,69,461
18.09.2021,129,259,62,450
19.09.2021,128,260,62,450
20.09.2021,133,261,59,453
21.09.2021,134,258,58,450
22.09.2021,135,256,60,451
23.09.2021,137,255,56,448
24.09.2021,134,258,57,449
25.09.2021,134,257,60,451
26.09.2021,134,255,57,446
27.09.2021,132,258,58,448
28.09.2021,130,258,58,446
29.09.2021,131,255,56,442
30.09.2021,132,255,56,443
01.10.2021,136,247,60,443
02.10.2021,135,244,57,436
03.10.2021,137,243,57,437
04.10.2021,139,234,58,431
05.10.2021,138,229,58,425
06.10.2021,132,235,57,424
07.10.2021,133,229,58,420
08.10.2021,130,234,61,425
09.10.2021,129,236,57,422
10.10.2021,129,240,57,426
11.10.2021,127,247,56,430
12.10.2021,126,253,57,436
13.10.2021,127,256,57,440
14.10.2021,126,259,55,440
15.10.2021,128,256,61,445
16.10.2021,128,255,60,443
17.10.2021,127,254,61,442
18.10.2021,132,251,61,444
19.10.2021,131,252,67,450
20.10.2021,131,256,68,455
21.10.2021,133,260,67,460
22.10.2021,133,260,65,458
23.10.2021,131,263,69,463
24.10.2021,130,266,66,462
25.10.2021,131,266,74,471
26.10.2021,128,270,72,470
27.10.2021,129,263,79,471
28.10.2021,128,265,76,469
29.10.2021,129,267,74,470
30.10.2021,130,267,79,476
31.10.2021,133,263,78,474
01.11.2021,131,266,79,476
02.11.2021,131,274,79,484
03.11.2021,133,269,84,486
04.11.2021,137,272,79,488
05.11.2021,139,271,75,485
06.11.2021,136,278,72,486
07.11.2021,137,274,72,483
08.11.2021,136,271,72,479
09.11.2021,136,274,63,473
10.11.2021,135,279,63,477
11.11.2021,133,283,65,481
12.11.2021,132,281,63,476
13.11.2021,131,282,63,476
14.11.2021,131,282,64,477
15.11.2021,132,285,68,485
16.11.2021,132,285,63,480
17.11.2021,127,291,70,488
18.11.2021,132,290,71,493
19.11.2021,132,294,72,498
20.11.2021,133,292,74,499
21.11.2021,132,291,76,499
22.11.2021,140,285,74,499
23.11.2021,141,284,76,501
24.11.2021,147,273,79,499
25.11.2021,147,272,78,497
26.11.2021,147,273,78,498
27.11.2021,145,273,73,491
28.11.2021,145,271,73,489
29.11.2021,137,272,77,486
30.11.2021,139,267,78,484
01.12.2021,142,266,83,491
02.12.2021,141,268,86,495
03.12.2021,142,277,86,505
04.12.2021,143,279,85,507
05.12.2021,142,278,87,507
06.12.2021,145,281,87,513
07.12.2021,143,293,83,519
08.12.2021,146,289,82,517
09.12.2021,145,290,81,516
10.12.2021,144,292,80,516
11.12.2021,144,294,84,522
12.12.2021,145,296,82,523
13.12.2021,154,289,83,526
14.12.2021,156,292,87,535
15.12.2021,151,298,86,535
16.12.2021,155,293,90,538
17.12.2021,154,296,88,538
18.12.2021,152,305,84,541
19.12.2021,154,304,87,545
20.12.2021,157,298,89,544
21.12.2021,157,295,93,545
22.12.2021,156,297,89,542
23.12.2021,152,298,90,540
24.12.2021,152,294,93,539
25.12.2021,150,291,94,535
26.12.2021,152,288,92,532
27.12.2021,147,291,88,526
28.12.2021,149,287,88,524
29.12.2021,156,274,85,515
30.12.2021,154,272,85,511
31.12.2021,152,272,82,506
01.01.2022,154,269,82,505
02.01.2022,151,272,80,503
03.01.2022,153,273,77,503
04.01.2022,150,276,76,502
05.01.2022,152,268,77,497
06.01.2022,150,268,79,497
07.01.2022,146,267,80,493
08.01.2022,147,267,74,488
09.01.2022,145,270,71,486
10.01.2022,152,267,69,488
11.01.2022,158,264,69,491
12.01.2022,150,267,62,479
13.01.2022,151,262,63,476
14.01.2022,150,259,55,464
15.01.2022,146,254,55,455
16.01.2022,147,258,47,452
17.01.2022,150,259,54,463
18.01.2022,155,252,53,460
19.01.2022,156,248,49,453
20.01.2022,154,259,54,467
21.01.2022,154,263,55,472
22.01.2022,155,263,55,473
23.01.2022,154,264,55,473
24.01.2022,154,261,56,471
25.01.2022,157,265,58,480
26.01.2022,161,269,59,489
27.01.2022,155,275,61,491
28.01.2022,153,280,61,494
29.01.2022,156,280,60,496
30.01.2022,157,280,59,496
31.01.2022,158,276,66,500
01.02.2022,154,281,64,499
02.02.2022,160,278,68,506
03.02.2022,161,279,64,504
04.02.2022,162,279,71,512
05.02.2022,160,283,71,514
06.02.2022,160,285,70,515
07.02.2022,156,293,67,516
08.02.2022,157,288,64,509
09.02.2022,158,287,74,519
10.02.2022,156,293,70,519
11.02.2022,158,292,72,522
12.02.2022,158,293,72,523
13.02.2022,158,293,75,526
14.02.2022,156,301,65,522
15.02.2022,161,299,61,521
16.02.2022,157,307,67,531
17.02.2022,153,306,62,521
18.02.2022,154,307,64,525
19.02.2022,158,305,70,533
20.02.2022,157,307,75,539
21.02.2022,153,317,79,549
22.02.2022,152,316,79,547
23.02.2022,151,324,73,548
24.02.2022,150,322,75,547
25.02.2022,153,317,75,545
26.02.2022,152,318,74,544
27.02.2022,152,317,74,543
28.02.2022,155,316,73,544
01.03.2022,153,321,71,545
02.03.2022,155,315,70,540
03.03.2022,154,313,69,536
04.03.2022,156,309,69,534
05.03.2022,157,305,76,538
06.03.2022,161,302,74,537
07.03.2022,161,296,74,531
08.03.2022,157,303,68,528
09.03.2022,156,303,64,523
10.03.2022,159,295,71,525
11.03.2022,164,285,74,523
12.03.2022,163,285,72,520
13.03.2022,162,284,71,517
14.03.2022,164,282,69,515
15.03.2022,170,276,68,514
16.03.2022,170,277,68,515
17.03.2022,170,279,68,517
18.03.2022,174,273,65,512
19.03.2022,176,268,65,509
20.03.2022,176,268,67,511
21.03.2022,176,268,66,510
22.03.2022,176,265,64,505
23.03.2022,177,261,57,495
24.03.2022,174,261,58,493
25.03.2022,174,256,58,488
26.03.2022,173,257,62,492
27.03.2022,173,258,64,495
28.03.2022,180,252,60,492
29.03.2022,178,252,63,493
30.03.2022,177,255,70,502
31.03.2022,184,249,72,505
01.04.2022,182,248,74,504
02.04.2022,182,248,75,505
03.04.2022,184,250,79,513
04.04.2022,181,258,78,517
05.04.2022,176,264,78,518
06.04.2022,177,264,76,517
07.04.2022,177,271,71,519
08.04.2022,182,266,74,522
09.04.2022,180,263,75,518
10.04.2022,179,264,77,520
11.04.2022,175,272,78,525
12.04.2022,177,275,78,530
13.04.2022,179,267,83,529
14.04.2022,181,279,80,540
15.04.2022,177,284,81,542
16.04.2022,179,285,78,542
17.04.2022,177,284,73,534
18.04.2022,177,286,68,531
19.04.2022,171,295,68,534
20.04.2022,176,291,71,538
21.04.2022,175,289,68,532
22.04.2022,172,288,70,530
23.04.2022,170,289,74,533
24.04.2022,166,291,75,532
25.04.2022,167,285,80,532
26.04.2022,164,289,78,531
27.04.2022,168,290,74,532
28.04.2022,171,279,80,530
29.04.2022,168,285,80,533
30.04.2022,170,286,83,539
01.05.2022,172,282,79,533
02.05.2022,168,289,71,528
03.05.2022,164,292,69,525
04.05.2022,163,293,75,531
05.05.2022,157,303,76,536
06.05.2022,163,299,73,535
07.05.2022,162,304,71,537
08.05.2022,160,301,71,532
09.05.2022,155,309,70,534
10.05.2022,155,311,74,540
11.05.2022,156,309,70,535
12.05.2022,155,305,69,529
13.05.2022,154,311,67,532
14.05.2022,157,308,70,535
15.05.2022,157,308,74,539
16.05.2022,160,309,78,547
17.05.2022,159,309,82,550
18.05.2022,158,311,82,551
19.05.2022,159,311,78,548
20.05.2022,157,312,80,549
21.05.2022,159,307,74,540
22.05.2022,157,310,75,542
23.05.2022,158,310,74,542
24.05.2022,160,305,70,535
25.05.2022,160,308,71,539
26.05.2022,166,305,69,540
27.05.2022,166,304,71,541
28.05.2022,169,305,69,543
29.05.2022,167,306,69,542
30.05.2022,166,302,74,542
31.05.2022,164,301,75,540
01.06.2022,168,296,75,539
02.06.2022,162,297,71,530
03.06.2022,159,299,72,530
04.06.2022,160,297,73,530
05.06.2022,160,295,74,529
06.06.2022,162,287,80,529
07.06.2022,162,289,73,524
08.06.2022,158,299,73,530
09.06.2022,152,305,81,538
10.06.2022,154,304,78,536
11.06.2022,153,306,81,540
12.06.2022,152,306,78,536
13.06.2022,157,304,72,533
14.06.2022,158,302,69,529
15.06.2022,157,300,71,528
16.06.2022,160,303,66,529
17.06.2022,163,300,65,528
18.06.2022,163,299,67,529
19.06.2022,162,296,68,526
20.06.2022,159,300,67,526
21.06.2022,163,296,70,529
22.06.2022,164,296,66,526
23.06.2022,164,298,68,530
24.06.2022,167,296,63,526
25.06.2022,166,294,64,524
26.06.2022,165,296,66,527
27.06.2022,168,295,61,524
28.06.2022,168,290,63,521
29.06.2022,166,295,67,528
30.06.2022,167,294,69,530
01.07.2022,164,300,64,528
02.07.2022,162,302,64,528
03.07.2022,161,301,64,526
04.07.2022,163,298,61,522
05.07.2022,164,300,63,527
06.07.2022,159,307,61,527
07.07.2022,159,301,60,520
08.07.2022,163,298,58,519
09.07.2022,165,296,55,516
10.07.2022,165,295,56,516
11.07.2022,161,297,55,513
12.07.2022,159,301,55,515
13.07.2022,159,299,57,515
14.07.2022,162,292,59,513
15.07.2022,167,292,56,515
16.07.2022,165,293,54,512
17.07.2022,164,293,56,513
18.07.2022,162,298,55,515
19.07.2022,163,293,54,510
20.07.2022,162,289,63,514
21.07.2022,163,290,64,517
22.07.2022,169,281,64,514
23.07.2022,169,285,62,516
24.07.2022,167,284,60,511
25.07.2022,160,286,59,505
26.07.2022,159,288,59,506
27.07.2022,156,290,61,507
28.07.2022,151,293,62,506
29.07.2022,152,291,62,505
30.07.2022,149,295,60,504
31.07.2022,150,293,61,504
01.08.2022,154,285,66,505
02.08.2022,154,282,62,498
03.08.2022,150,286,58,494
04.08.2022,153,279,56,488
05.08.2022,152,277,51,480
06.08.2022,152,280,51,483
07.08.2022,152,278,53,483
08.08.2022,155,273,50,478
09.08.2022,153,273,50,476
10.08.2022,153,275,51,479
11.08.2022,157,272,57,486
12.08.2022,156,274,58,488
13.08.2022,153,279,59,491
14.08.2022,153,280,60,493
15.08.2022,152,284,56,492
16.08.2022,150,283,56,489
17.08.2022,152,284,49,485
18.08.2022,154,283,54,491
19.08.2022,159,278,50,487
20.08.2022,160,277,49,486
21.08.2022,160,276,47,483
22.08.2022,158,270,45,473
23.08.2022,155,271,47,473
24.08.2022,157,266,46,469
25.08.2022,157,264,48,469
26.08.2022,156,266,46,468
27.08.2022,156,268,45,469
28.08.2022,156,267,47,470
29.08.2022,156,266,48,470
30.08.2022,154,267,46,467
31.08.2022,159,265,47,471
01.09.2022,164,256,47,467
02.09.2022,164,259,50,473
03.09.2022,165,259,50,474
04.09.2022,164,257,50,471
05.09.2022,170,250,49,469
06.09.2022,162,257,48,467
07.09.2022,162,257,46,465
08.09.2022,154,257,45,456
09.09.2022,157,241,42,440
10.09.2022,155,240,41,436
11.09.2022,157,236,40,433
12.09.2022,156,238,35,429
13.09.2022,152,237,39,428
14.09.2022,151,238,38,427
15.09.2022,150,240,41,431
16.09.2022,154,237,47,438
17.09.2022,154,238,47,439
18.09.2022,155,236,46,437
19.09.2022,155,238,46,439
20.09.2022,160,233,50,443
21.09.2022,154,233,52,439
22.09.2022,151,232,58,441
23.09.2022,152,229,56,437
24.09.2022,153,227,55,435
25.09.2022,151,228,54,433
26.09.2022,152,233,56,441
27.09.2022,154,233,60,447
28.09.2022,156,236,58,450
29.09.2022,158,232,62,452
30.09.2022,151,240,56,447
01.10.2022,152,243,54,449
02.10.2022,151,245,56,452
03.10.2022,157,237,55,449
04.10.2022,154,245,58,457
05.10.2022,155,240,58,453
06.10.2022,154,246,55,455
07.10.2022,154,247,57,458
08.10.2022,153,249,59,461
09.10.2022,154,249,60,463
10.10.2022,157,245,59,461
11.10.2022,158,247,55,460
12.10.2022,158,249,58,465
13.10.2022,157,248,55,460
14.10.2022,153,249,50,452
15.10.2022,156,246,51,453
16.10.2022,154,246,53,453
17.10.2022,155,245,51,451
18.10.2022,158,238,47,443
19.10.2022,156,243,48,447
20.10.2022,159,241,43,443
21.10.2022,159,241,46,446
22.10.2022,160,239,47,446
23.10.2022,160,235,47,442
24.10.2022,159,233,47,439
25.10.2022,157,235,42,434
26.10.2022,155,237,38,430
27.10.2022,160,228,38,426
28.10.2022,156,234,35,425
29.10.2022,157,232,36,425
30.10.2022,157,232,33,422
31.10.2022,161,230,37,428
01.11.2022,157,231,34,422
02.11.2022,155,235,33,423
03.11.2022,159,228,34,421
04.11.2022,158,229,33,420
05.11.2022,158,228,32,418
06.11.2022,157,227,32,416
07.11.2022,159,223,34,416
08.11.2022,156,224,33,413
09.11.2022,162,220,35,417
10.11.2022,162,220,34,416
11.11.2022,160,220,31,411
12.11.2022,162,218,31,411
13.11.2022,162,218,30,410
14.11.2022,162,219,31,412
15.11.2022,166,219,32,417
16.11.2022,163,223,31,417
17.11.2022,168,216,35,419
18.11.2022,171,211,35,417
19.11.2022,170,211,37,418
20.11.2022,169,210,39,418
21.11.2022,175,206,38,419
22.11.2022,171,212,35,418
23.11.2022,168,209,37,414
24.11.2022,170,205,38,413
25.11.2022,169,207,38,414
26.11.2022,166,209,44,419
27.11.2022,167,210,44,421
28.11.2022,169,205,44,418
29.11.2022,168,205,41,414
30.11.2022,169,202,40,411
01.12.2022,169,198,39,406
02.12.2022,168,198,40,406
03.12.2022,168,198,40,406
04.12.2022,168,199,40,407
05.12.2022,166,201,39,406
06.12.2022,168,199,38,405
07.12.2022,165,199,35,399
08.12.2022,160,198,37,395
09.12.2022,158,198,40,396
10.12.2022,162,196,42,400
11.12.2022,160,199,44,403
12.12.2022,160,202,46,408
13.12.2022,160,198,44,402
14.12.2022,157,202,46,405
15.12.2022,161,200,40,401
16.12.2022,161,194,38,393
17.12.2022,162,194,39,395
18.12.2022,161,193,40,394
19.12.2022,164,191,42,397
20.12.2022,163,190,43,396
21.12.2022,159,194,44,397
22.12.2022,158,193,45,396
23.12.2022,157,195,46,398
24.12.2022,154,198,42,394
25.12.2022,155,197,38,390
26.12.2022,161,190,32,383
27.12.2022,154,192,32,378
28.12.2022,154,190,36,380
29.12.2022,153,186,38,377
30.12.2022,150,183,37,370
31.12.2022,152,182,37,371
01.01.2023,151,184,37,372
02.01.2023,146,180,35,361
03.01.2023,146,169,38,353
04.01.2023,143,174,38,355
05.01.2023,134,185,38,357
06.01.2023,138,171,38,347
07.01.2023,137,170,37,344
08.01.2023,136,168,36,340
09.01.2023,137,173,31,341
10.01.2023,138,170,34,342
11.01.2023,135,177,31,343
12.01.2023,135,171,30,336
13.01.2023,131,168,31,330
14.01.2023,129,167,29,325
15.01.2023,129,167,29,325
16.01.2023,131,161,29,321
17.01.2023,134,157,28,319
18.01.2023,135,158,29,322
19.01.2023,132,161,28,321
20.01.2023,134,161,27,322
21.01.2023,134,164,28,326
22.01.2023,135,161,31,327
23.01.2023,135,162,32,329
24.01.2023,138,159,36,333
25.01.2023,137,162,34,333
26.01.2023,140,159,30,329
27.01.2023,138,168,29,335
28.01.2023,138,168,29,335
29.01.2023,137,171,28,336
30.01.2023,138,172,29,339
31.01.2023,142,166,28,336
01.02.2023,140,171,28,339
02.02.2023,134,175,32,341
03.02.2023,138,177,31,346
04.02.2023,137,180,32,349
05.02.2023,136,181,33,350
06.02.2023,135,181,35,351
07.02.2023,137,179,33,349
08.02.2023,135,182,34,351
09.02.2023,133,179,35,347
10.02.2023,130,178,37,345
11.02.2023,130,180,35,345
12.02.2023,130,181,35,346
13.02.2023,127,187,36,350
14.02.2023,130,185,41,356
15.02.2023,128,189,39,356
16.02.2023,125,193,36,354
17.02.2023,125,190,34,349
18.02.2023,127,186,35,348
19.02.2023,127,186,34,347
20.02.2023,131,182,32,345
21.02.2023,129,180,31,340
22.02.2023,125,180,32,337
23.02.2023,128,173,30,331
24.02.2023,124,174,31,329
25.02.2023,126,172,33,331
26.02.2023,124,175,32,331
27.02.2023,126,173,33,332
28.02.2023,126,170,32,328
01.03.2023,130,163,31,324
02.03.2023,129,160,30,319
03.03.2023,125,159,28,312
04.03.2023,123,161,28,312
05.03.2023,125,160,27,312
06.03.2023,122,163,30,315
07.03.2023,121,165,27,313
08.03.2023,121,163,25,309
09.03.2023,121,159,24,304
10.03.2023,120,157,24,301
11.03.2023,120,159,24,303
12.03.2023,119,161,24,304
13.03.2023,119,154,25,298
14.03.2023,121,153,23,297
15.03.2023,120,152,23,295
16.03.2023,121,151,25,297
17.03.2023,121,146,26,293
18.03.2023,123,145,26,294
19.03.2023,123,146,27,296
20.03.2023,126,144,30,300
21.03.2023,125,155,29,309
22.03.2023,122,161,30,313
23.03.2023,128,153,32,313
24.03.2023,127,155,31,313
25.03.2023,126,156,30,312
26.03.2023,124,157,30,311
27.03.2023,124,156,29,309
28.03.2023,122,159,35,316
29.03.2023,126,162,30,318
30.03.2023,129,159,29,317
31.03.2023,126,164,34,324
01.04.2023,126,164,33,323
02.04.2023,129,160,36,325
03.04.2023,129,158,35,322
04.04.2023,130,156,38,324
05.04.2023,128,159,41,328
06.04.2023,126,160,42,328
07.04.2023,125,164,42,331
08.04.2023,127,162,39,328
09.04.2023,127,161,43,331
10.04.2023,126,164,41,331
11.04.2023,124,168,39,331
12.04.2023,122,168,40,330
13.04.2023,122,165,41,328
14.04.2023,122,162,47,331
15.04.2023,123,162,46,331
16.04.2023,123,160,46,329
17.04.2023,127,155,46,328
18.04.2023,127,152,45,324
19.04.2023,125,152,42,319
20.04.2023,126,151,44,321
21.04.2023,125,153,39,317
22.04.2023,125,153,38,316
23.04.2023,124,154,38,316
24.04.2023,120,154,40,314
25.04.2023,119,155,39,313
26.04.2023,122,148,42,312
27.04.2023,117,153,40,310
28.04.2023,119,151,37,307
29.04.2023,119,150,38,307
30.04.2023,120,149,35,304
01.05.2023,117,150,35,302
02.05.2023,115,153,33,301
03.05.2023,111,157,34,302
04.05.2023,111,157,34,302
05.05.2023,112,154,32,298
06.05.2023,112,154,34,300
07.05.2023,112,153,32,297
08.05.2023,112,151,34,297
09.05.2023,110,151,33,294
10.05.2023,107,153,34,294
11.05.2023,107,150,33,290
12.05.2023,109,150,32,291
13.05.2023,110,148,33,291
14.05.2023,109,151,31,291
15.05.2023,110,151,32,293
16.05.2023,110,152,28,290
17.05.2023,112,149,29,290
18.05.2023,105,155,28,288
19.05.2023,104,157,26,287
20.05.2023,103,157,26,286
21.05.2023,105,157,26,288
22.05.2023,104,160,30,294
23.05.2023,103,164,31,298
24.05.2023,104,163,28,295
25.05.2023,101,160,31,292
26.05.2023,103,158,28,289
27.05.2023,105,156,27,288
28.05.2023,106,155,27,288
29.05.2023,105,156,27,288
30.05.2023,106,153,28,287
31.05.2023,102,153,27,282
01.06.2023,108,148,26,282
02.06.2023,106,151,27,284
03.06.2023,106,150,25,281
04.06.2023,105,151,25,281
05.06.2023,100,157,23,280
06.06.2023,103,152,25,280
07.06.2023,103,151,21,275
08.06.2023,111,146,23,280
09.06.2023,112,145,23,280
10.06.2023,111,146,23,280
11.06.2023,111,144,23,278
12.06.2023,110,142,22,274
13.06.2023,110,144,24,278
14.06.2023,109,144,22,275
15.06.2023,107,150,23,280
16.06.2023,102,155,22,279
17.06.2023,99,157,22,278
18.06.2023,101,154,22,277
19.06.2023,103,152,18,273
20.06.2023,103,153,21,277
21.06.2023,102,155,22,279
22.06.2023,94,168,18,280
23.06.2023,94,169,18,281
24.06.2023,92,169,18,279
25.06.2023,91,170,18,279
26.06.2023,93,168,23,284
27.06.2023,96,169,20,285
28.06.2023,94,170,23,287
29.06.2023,99,162,23,284
30.06.2023,103,156,25,284
01.07.2023,104,155,24,283
02.07.2023,103,155,25,283
03.07.2023,99,160,24,283
04.07.2023,103,154,26,283
05.07.2023,108,146,25,279
06.07.2023,109,144,26,279
07.07.2023,109,141,25,275
08.07.2023,110,140,25,275
09.07.2023,109,142,26,277
10.07.2023,106,145,24,275
11.07.2023,104,143,27,274
12.07.2023,103,145,27,275
13.07.2023,104,144,25,273
14.07.2023,102,146,25,273
15.07.2023,100,147,26,273
16.07.2023,99,147,28,274
17.07.2023,97,150,28,275
18.07.2023,99,149,29,277
19.07.2023,99,149,28,276
20.07.2023,99,142,29,270
21.07.2023,102,139,28,269
22.07.2023,104,138,28,270
23.07.2023,103,140,29,272
24.07.2023,101,138,27,266
25.07.2023,101,137,27,265
26.07.2023,97,137,27,261
27.07.2023,97,139,27,263
28.07.2023,98,134,28,260
29.07.2023,99,134,28,261
30.07.2023,100,136,27,263
31.07.2023,98,136,25,259
01.08.2023,102,133,22,257
02.08.2023,103,131,22,256
03.08.2023,106,129,22,257
04.08.2023,107,129,23,259
05.08.2023,107,129,24,260
06.08.2023,107,127,22,256
07.08.2023,101,134,23,258
08.08.2023,99,134,22,255
09.08.2023,99,132,23,254
10.08.2023,99,128,25,252
11.08.2023,97,129,26,252
12.08.2023,97,130,25,252
13.08.2023,95,131,23,249
14.08.2023,94,133,21,248
15.08.2023,96,124,23,243
16.08.2023,96,124,22,242
17.08.2023,95,129,19,243
18.08.2023,96,129,18,243
19.08.2023,96,131,18,245
20.08.2023,95,134,17,246
21.08.2023,93,139,21,253
22.08.2023,91,144,19,254
23.08.2023,92,141,20,253
24.08.2023,94,140,20,254
25.08.2023,96,137,21,254
26.08.2023,96,137,21,254
27.08.2023,96,136,20,252
28.08.2023,95,136,20,251
29.08.2023,96,132,22,250
30.08.2023,94,136,24,254
31.08.2023,95,135,21,251
01.09.2023,95,133,21,249
02.09.2023,93,135,20,248
03.09.2023,93,135,21,249
04.09.2023,90,139,19,248
05.09.2023,91,138,24,253
06.09.2023,91,140,18,249
07.09.2023,94,140,17,251
08.09.2023,96,143,17,256
09.09.2023,96,142,17,255
10.09.2023,95,143,17,255
11.09.2023,92,146,17,255
12.09.2023,97,141,18,256
13.09.2023,95,142,20,257
14.09.2023,96,139,26,261
15.09.2023,97,139,26,262
16.09.2023,97,137,25,259
17.09.2023,100,132,25,257
18.09.2023,97,133,18,248
19.09.2023,95,137,17,249
20.09.2023,92,142,20,254
21.09.2023,88,149,16,253
22.09.2023,86,150,16,252
23.09.2023,87,149,17,253
24.09.2023,87,149,17,253
25.09.2023,84,152,17,253
26.09.2023,86,148,14,248
27.09.2023,84,148,16,248
28.09.2023,86,144,16,246
29.09.2023,83,146,16,245
30.09.2023,84,146,16,246
01.10.2023,84,145,18,247
