the-graph,,,,
Date, Full Time, Part Time, One Time, Total
06.11.2016,0,0,1,1
07.11.2016,0,0,1,1
08.11.2016,0,0,1,1
09.11.2016,0,0,1,1
10.11.2016,0,0,1,1
11.11.2016,0,0,1,1
12.11.2016,0,1,0,1
13.11.2016,0,1,0,1
14.11.2016,0,1,0,1
15.11.2016,0,1,0,1
16.11.2016,0,1,0,1
17.11.2016,0,1,0,1
18.11.2016,0,1,0,1
19.11.2016,0,1,0,1
20.11.2016,0,1,1,2
21.11.2016,0,1,1,2
22.11.2016,0,1,1,2
23.11.2016,0,1,1,2
24.11.2016,0,1,1,2
25.11.2016,0,1,1,2
26.11.2016,0,1,1,2
27.11.2016,0,1,1,2
28.11.2016,0,1,1,2
29.11.2016,0,1,1,2
30.11.2016,0,1,1,2
01.12.2016,0,1,1,2
02.12.2016,0,1,1,2
03.12.2016,0,1,1,2
04.12.2016,0,1,1,2
05.12.2016,0,1,1,2
06.12.2016,0,1,1,2
07.12.2016,0,1,1,2
08.12.2016,0,1,1,2
09.12.2016,0,1,1,2
10.12.2016,0,1,1,2
11.12.2016,0,1,1,2
12.12.2016,0,1,1,2
13.12.2016,0,1,1,2
14.12.2016,0,1,1,2
15.12.2016,0,1,1,2
16.12.2016,0,1,1,2
17.12.2016,0,1,1,2
18.12.2016,0,1,0,1
19.12.2016,0,1,0,1
20.12.2016,0,1,0,1
21.12.2016,0,1,0,1
22.12.2016,0,1,0,1
23.12.2016,0,1,0,1
24.12.2016,0,1,0,1
25.12.2016,0,1,0,1
26.12.2016,0,1,0,1
27.12.2016,0,1,0,1
28.12.2016,0,1,0,1
29.12.2016,0,1,0,1
15.01.2017,0,0,1,1
16.01.2017,0,1,0,1
17.01.2017,0,1,0,1
18.01.2017,0,1,0,1
19.01.2017,0,1,0,1
20.01.2017,0,1,0,1
21.01.2017,0,1,0,1
22.01.2017,0,1,0,1
23.01.2017,0,1,0,1
24.01.2017,0,1,0,1
25.01.2017,0,1,0,1
26.01.2017,0,1,0,1
27.01.2017,0,1,0,1
28.01.2017,0,1,0,1
29.01.2017,0,1,0,1
30.01.2017,0,1,0,1
31.01.2017,0,1,0,1
01.02.2017,0,1,0,1
02.02.2017,0,1,0,1
03.02.2017,0,1,0,1
04.02.2017,0,1,0,1
05.02.2017,0,1,0,1
06.02.2017,0,1,0,1
07.02.2017,0,1,0,1
08.02.2017,0,1,0,1
09.02.2017,0,1,0,1
10.02.2017,0,1,0,1
11.02.2017,0,1,0,1
12.02.2017,0,1,0,1
13.02.2017,1,0,0,1
14.02.2017,1,0,0,1
15.02.2017,1,0,0,1
16.02.2017,1,0,0,1
17.02.2017,1,0,0,1
18.02.2017,1,0,0,1
19.02.2017,0,1,0,1
20.02.2017,0,1,0,1
21.02.2017,0,1,0,1
22.02.2017,1,0,0,1
23.02.2017,1,0,0,1
24.02.2017,1,0,0,1
25.02.2017,1,0,1,2
26.02.2017,0,1,1,2
27.02.2017,0,1,1,2
28.02.2017,0,2,0,2
01.03.2017,1,1,0,2
02.03.2017,1,1,0,2
03.03.2017,1,1,0,2
04.03.2017,1,1,0,2
05.03.2017,1,1,0,2
06.03.2017,1,1,0,2
07.03.2017,1,1,0,2
08.03.2017,1,1,0,2
09.03.2017,1,1,0,2
10.03.2017,1,1,0,2
11.03.2017,1,1,0,2
12.03.2017,1,1,0,2
13.03.2017,1,1,0,2
14.03.2017,1,1,0,2
15.03.2017,1,1,0,2
16.03.2017,1,1,1,3
17.03.2017,1,1,1,3
18.03.2017,1,1,1,3
19.03.2017,1,1,1,3
20.03.2017,1,1,1,3
21.03.2017,1,1,1,3
22.03.2017,1,1,1,3
23.03.2017,1,1,1,3
24.03.2017,1,1,1,3
25.03.2017,1,1,1,3
26.03.2017,1,1,1,3
27.03.2017,1,1,1,3
28.03.2017,1,1,1,3
29.03.2017,1,1,2,4
30.03.2017,1,1,2,4
31.03.2017,1,2,1,4
01.04.2017,1,2,1,4
02.04.2017,1,2,1,4
03.04.2017,1,2,1,4
04.04.2017,1,2,1,4
05.04.2017,1,2,1,4
06.04.2017,1,2,1,4
07.04.2017,1,2,1,4
08.04.2017,1,2,1,4
09.04.2017,1,2,1,4
10.04.2017,1,2,1,4
11.04.2017,1,2,1,4
12.04.2017,1,2,1,4
13.04.2017,1,2,0,3
14.04.2017,1,2,0,3
15.04.2017,1,2,0,3
16.04.2017,1,2,0,3
17.04.2017,1,2,0,3
18.04.2017,1,2,0,3
19.04.2017,1,2,0,3
20.04.2017,1,2,0,3
21.04.2017,1,2,0,3
22.04.2017,1,2,0,3
23.04.2017,1,2,0,3
24.04.2017,1,2,1,4
25.04.2017,1,3,0,4
26.04.2017,1,3,0,4
27.04.2017,1,3,0,4
28.04.2017,1,3,0,4
29.04.2017,1,3,1,5
30.04.2017,1,4,0,5
01.05.2017,1,4,0,5
02.05.2017,1,4,0,5
03.05.2017,1,4,0,5
04.05.2017,1,4,0,5
05.05.2017,1,4,0,5
06.05.2017,1,4,0,5
07.05.2017,1,4,0,5
08.05.2017,1,4,0,5
09.05.2017,1,4,0,5
10.05.2017,1,4,0,5
11.05.2017,1,4,0,5
12.05.2017,1,4,1,6
13.05.2017,1,5,0,6
14.05.2017,1,5,0,6
15.05.2017,1,5,0,6
16.05.2017,1,4,0,5
17.05.2017,1,4,0,5
18.05.2017,1,4,0,5
19.05.2017,1,4,0,5
20.05.2017,1,4,0,5
21.05.2017,1,4,0,5
22.05.2017,1,4,0,5
23.05.2017,1,4,0,5
24.05.2017,1,4,0,5
25.05.2017,1,4,0,5
26.05.2017,1,4,0,5
27.05.2017,1,4,0,5
28.05.2017,1,4,0,5
29.05.2017,1,4,0,5
30.05.2017,1,4,0,5
31.05.2017,1,4,0,5
01.06.2017,1,4,0,5
02.06.2017,1,4,0,5
03.06.2017,1,4,0,5
04.06.2017,1,4,0,5
05.06.2017,1,4,0,5
06.06.2017,1,4,0,5
07.06.2017,1,3,0,4
08.06.2017,1,3,0,4
09.06.2017,1,3,0,4
10.06.2017,1,2,0,3
11.06.2017,1,2,0,3
12.06.2017,1,2,0,3
13.06.2017,1,2,0,3
14.06.2017,1,2,0,3
15.06.2017,1,2,0,3
16.06.2017,1,2,0,3
17.06.2017,1,2,0,3
18.06.2017,1,2,0,3
19.06.2017,1,2,0,3
20.06.2017,1,2,0,3
21.06.2017,1,2,0,3
22.06.2017,1,3,0,4
23.06.2017,1,3,0,4
24.06.2017,1,3,0,4
25.06.2017,1,3,0,4
26.06.2017,1,3,0,4
27.06.2017,1,3,0,4
28.06.2017,1,3,0,4
29.06.2017,1,3,0,4
30.06.2017,1,3,1,5
01.07.2017,1,3,1,5
02.07.2017,1,3,1,5
03.07.2017,1,3,1,5
04.07.2017,1,3,1,5
05.07.2017,1,3,1,5
06.07.2017,1,3,1,5
07.07.2017,1,3,1,5
08.07.2017,1,3,1,5
09.07.2017,1,3,1,5
10.07.2017,1,3,1,5
11.07.2017,1,3,1,5
12.07.2017,1,3,1,5
13.07.2017,1,3,1,5
14.07.2017,1,3,1,5
15.07.2017,1,3,1,5
16.07.2017,1,3,1,5
17.07.2017,1,3,1,5
18.07.2017,1,3,1,5
19.07.2017,1,3,1,5
20.07.2017,2,2,1,5
21.07.2017,2,3,1,6
22.07.2017,2,3,1,6
23.07.2017,2,3,1,6
24.07.2017,2,3,1,6
25.07.2017,2,3,1,6
26.07.2017,2,3,1,6
27.07.2017,2,3,1,6
28.07.2017,2,3,0,5
29.07.2017,2,3,0,5
30.07.2017,2,3,0,5
31.07.2017,2,3,0,5
01.08.2017,2,3,0,5
02.08.2017,3,2,0,5
03.08.2017,2,3,0,5
04.08.2017,2,3,0,5
05.08.2017,2,3,0,5
06.08.2017,2,3,0,5
07.08.2017,2,3,0,5
08.08.2017,2,3,0,5
09.08.2017,3,2,0,5
10.08.2017,3,2,0,5
11.08.2017,3,2,0,5
12.08.2017,3,2,0,5
13.08.2017,3,2,0,5
14.08.2017,3,2,0,5
15.08.2017,3,2,0,5
16.08.2017,2,3,0,5
17.08.2017,2,3,0,5
18.08.2017,2,3,0,5
19.08.2017,2,3,0,5
20.08.2017,3,2,0,5
21.08.2017,3,2,0,5
22.08.2017,3,2,0,5
23.08.2017,3,2,0,5
24.08.2017,3,2,1,6
25.08.2017,3,3,0,6
26.08.2017,2,4,0,6
27.08.2017,2,4,0,6
28.08.2017,3,3,0,6
29.08.2017,2,4,0,6
30.08.2017,3,3,0,6
31.08.2017,2,4,0,6
01.09.2017,2,4,0,6
02.09.2017,2,4,0,6
03.09.2017,2,4,0,6
04.09.2017,3,3,0,6
05.09.2017,3,3,0,6
06.09.2017,4,2,0,6
07.09.2017,4,2,0,6
08.09.2017,4,2,0,6
09.09.2017,4,2,0,6
10.09.2017,4,2,0,6
11.09.2017,4,2,0,6
12.09.2017,4,2,0,6
13.09.2017,3,3,0,6
14.09.2017,2,4,0,6
15.09.2017,2,4,0,6
16.09.2017,2,4,0,6
17.09.2017,3,2,0,5
18.09.2017,3,2,0,5
19.09.2017,3,2,0,5
20.09.2017,3,2,0,5
21.09.2017,3,2,0,5
22.09.2017,4,1,0,5
23.09.2017,3,2,0,5
24.09.2017,3,2,0,5
25.09.2017,4,1,0,5
26.09.2017,3,2,0,5
27.09.2017,4,2,0,6
28.09.2017,3,3,0,6
29.09.2017,3,3,0,6
30.09.2017,3,3,0,6
01.10.2017,3,3,0,6
02.10.2017,4,2,0,6
03.10.2017,4,2,0,6
04.10.2017,5,1,0,6
05.10.2017,5,1,0,6
06.10.2017,5,1,0,6
07.10.2017,5,1,0,6
08.10.2017,5,1,0,6
09.10.2017,5,1,0,6
10.10.2017,5,1,0,6
11.10.2017,4,2,0,6
12.10.2017,4,2,1,7
13.10.2017,4,2,2,8
14.10.2017,4,2,2,8
15.10.2017,4,3,1,8
16.10.2017,4,3,1,8
17.10.2017,4,2,1,7
18.10.2017,4,2,1,7
19.10.2017,4,2,1,7
20.10.2017,4,2,1,7
21.10.2017,4,2,1,7
22.10.2017,4,2,1,7
23.10.2017,4,2,1,7
24.10.2017,4,2,1,7
25.10.2017,3,3,1,7
26.10.2017,3,2,1,6
27.10.2017,3,2,1,6
28.10.2017,3,2,1,6
29.10.2017,3,2,1,6
30.10.2017,4,1,1,6
31.10.2017,3,2,1,6
01.11.2017,3,2,1,6
02.11.2017,3,2,1,6
03.11.2017,3,2,1,6
04.11.2017,3,2,1,6
05.11.2017,3,2,1,6
06.11.2017,4,1,2,7
07.11.2017,4,2,1,7
08.11.2017,4,2,1,7
09.11.2017,4,2,0,6
10.11.2017,4,2,0,6
11.11.2017,4,2,0,6
12.11.2017,4,2,0,6
13.11.2017,4,2,0,6
14.11.2017,3,2,0,5
15.11.2017,3,2,0,5
16.11.2017,3,2,0,5
17.11.2017,4,2,0,6
18.11.2017,4,2,0,6
19.11.2017,4,2,0,6
20.11.2017,4,2,0,6
21.11.2017,4,2,0,6
22.11.2017,3,3,0,6
23.11.2017,3,3,0,6
24.11.2017,3,3,0,6
25.11.2017,3,3,1,7
26.11.2017,3,3,1,7
27.11.2017,3,2,1,6
28.11.2017,3,2,1,6
29.11.2017,3,2,1,6
30.11.2017,3,3,0,6
01.12.2017,3,4,0,7
02.12.2017,3,4,0,7
03.12.2017,3,4,0,7
04.12.2017,3,3,0,6
05.12.2017,3,3,0,6
06.12.2017,3,3,0,6
07.12.2017,4,3,1,8
08.12.2017,4,3,1,8
09.12.2017,4,3,1,8
10.12.2017,4,3,2,9
11.12.2017,4,3,2,9
12.12.2017,4,3,3,10
13.12.2017,4,4,2,10
14.12.2017,4,4,2,10
15.12.2017,4,5,2,11
16.12.2017,4,5,2,11
17.12.2017,4,5,2,11
18.12.2017,4,5,2,11
19.12.2017,4,5,2,11
20.12.2017,3,6,2,11
21.12.2017,3,6,2,11
22.12.2017,3,6,2,11
23.12.2017,3,6,2,11
24.12.2017,3,6,2,11
25.12.2017,4,5,2,11
26.12.2017,3,6,2,11
27.12.2017,3,6,2,11
28.12.2017,3,6,2,11
29.12.2017,3,7,1,11
30.12.2017,3,7,1,11
31.12.2017,3,7,1,11
01.01.2018,2,8,1,11
02.01.2018,2,8,1,11
03.01.2018,2,7,1,10
04.01.2018,2,7,1,10
05.01.2018,2,6,1,9
06.01.2018,2,6,1,9
07.01.2018,2,6,0,8
08.01.2018,2,6,0,8
09.01.2018,2,6,0,8
10.01.2018,2,6,0,8
11.01.2018,2,5,0,7
12.01.2018,2,4,0,6
13.01.2018,2,4,0,6
14.01.2018,2,4,0,6
15.01.2018,2,4,0,6
16.01.2018,2,4,0,6
17.01.2018,2,5,0,7
18.01.2018,2,5,0,7
19.01.2018,2,5,0,7
20.01.2018,2,5,0,7
21.01.2018,2,5,0,7
22.01.2018,2,5,0,7
23.01.2018,2,5,0,7
24.01.2018,2,5,0,7
25.01.2018,2,5,0,7
26.01.2018,2,4,0,6
27.01.2018,2,4,0,6
28.01.2018,2,4,0,6
29.01.2018,2,4,0,6
30.01.2018,2,4,0,6
31.01.2018,2,2,0,4
01.02.2018,2,2,0,4
02.02.2018,2,2,0,4
03.02.2018,2,2,1,5
04.02.2018,2,2,1,5
05.02.2018,2,3,1,6
06.02.2018,2,3,1,6
07.02.2018,1,3,1,5
08.02.2018,1,3,1,5
09.02.2018,1,2,1,4
10.02.2018,1,2,1,4
11.02.2018,1,2,1,4
12.02.2018,1,2,1,4
13.02.2018,1,2,1,4
14.02.2018,1,2,1,4
15.02.2018,1,1,1,3
16.02.2018,1,1,1,3
17.02.2018,1,1,1,3
18.02.2018,1,1,1,3
19.02.2018,1,1,1,3
20.02.2018,1,2,0,3
21.02.2018,1,3,0,4
22.02.2018,1,3,1,5
23.02.2018,1,4,0,5
24.02.2018,1,5,0,6
25.02.2018,1,5,0,6
26.02.2018,1,5,0,6
27.02.2018,1,5,0,6
28.02.2018,1,5,0,6
01.03.2018,1,5,0,6
02.03.2018,1,5,0,6
03.03.2018,1,5,0,6
04.03.2018,1,5,0,6
05.03.2018,1,6,0,7
06.03.2018,2,5,0,7
07.03.2018,2,5,0,7
08.03.2018,2,5,0,7
09.03.2018,2,5,0,7
10.03.2018,2,5,0,7
11.03.2018,2,5,0,7
12.03.2018,2,5,0,7
13.03.2018,2,5,0,7
14.03.2018,1,6,0,7
15.03.2018,1,6,0,7
16.03.2018,1,6,0,7
17.03.2018,1,6,0,7
18.03.2018,1,6,0,7
19.03.2018,2,5,0,7
20.03.2018,2,5,1,8
21.03.2018,2,4,1,7
22.03.2018,2,5,0,7
23.03.2018,2,4,1,7
24.03.2018,2,4,1,7
25.03.2018,2,4,1,7
26.03.2018,2,4,1,7
27.03.2018,2,4,2,8
28.03.2018,2,4,2,8
29.03.2018,2,4,2,8
30.03.2018,2,4,2,8
31.03.2018,2,4,2,8
01.04.2018,2,4,3,9
02.04.2018,2,4,3,9
03.04.2018,2,4,3,9
04.04.2018,2,4,3,9
05.04.2018,2,4,3,9
06.04.2018,2,4,3,9
07.04.2018,2,5,2,9
08.04.2018,2,5,2,9
09.04.2018,2,5,2,9
10.04.2018,2,6,1,9
11.04.2018,2,6,1,9
12.04.2018,2,6,1,9
13.04.2018,2,6,1,9
14.04.2018,2,6,1,9
15.04.2018,2,6,1,9
16.04.2018,3,6,1,10
17.04.2018,3,6,1,10
18.04.2018,3,6,2,11
19.04.2018,2,8,2,12
20.04.2018,3,7,1,11
21.04.2018,3,7,1,11
22.04.2018,3,7,1,11
23.04.2018,3,7,1,11
24.04.2018,3,7,1,11
25.04.2018,3,7,1,11
26.04.2018,3,8,0,11
27.04.2018,3,8,1,12
28.04.2018,3,9,1,13
29.04.2018,3,9,1,13
30.04.2018,3,9,1,13
01.05.2018,3,9,1,13
02.05.2018,3,9,1,13
03.05.2018,3,9,1,13
04.05.2018,3,9,2,14
05.05.2018,3,9,2,14
06.05.2018,3,9,2,14
07.05.2018,3,10,2,15
08.05.2018,3,10,2,15
09.05.2018,3,10,2,15
10.05.2018,3,10,3,16
11.05.2018,3,10,3,16
12.05.2018,3,10,3,16
13.05.2018,3,10,3,16
14.05.2018,3,10,5,18
15.05.2018,3,10,5,18
16.05.2018,3,10,5,18
17.05.2018,4,9,5,18
18.05.2018,3,9,6,18
19.05.2018,3,9,6,18
20.05.2018,3,9,6,18
21.05.2018,3,10,5,18
22.05.2018,3,10,5,18
23.05.2018,3,10,5,18
24.05.2018,5,8,5,18
25.05.2018,5,9,4,18
26.05.2018,5,9,4,18
27.05.2018,5,9,4,18
28.05.2018,5,10,4,19
29.05.2018,5,10,4,19
30.05.2018,5,10,4,19
31.05.2018,5,9,4,18
01.06.2018,5,9,4,18
02.06.2018,5,9,4,18
03.06.2018,5,9,4,18
04.06.2018,5,8,4,17
05.06.2018,5,8,4,17
06.06.2018,5,8,4,17
07.06.2018,5,9,3,17
08.06.2018,5,10,3,18
09.06.2018,5,10,3,18
10.06.2018,5,10,3,18
11.06.2018,5,10,1,16
12.06.2018,5,10,1,16
13.06.2018,5,10,2,17
14.06.2018,5,10,2,17
15.06.2018,5,11,1,17
16.06.2018,5,11,1,17
17.06.2018,5,11,1,17
18.06.2018,5,12,1,18
19.06.2018,6,12,0,18
20.06.2018,6,11,0,17
21.06.2018,6,11,0,17
22.06.2018,6,9,0,15
23.06.2018,6,9,0,15
24.06.2018,6,9,0,15
25.06.2018,7,8,1,16
26.06.2018,6,9,1,16
27.06.2018,6,8,1,15
28.06.2018,6,8,1,15
29.06.2018,7,8,0,15
30.06.2018,7,8,0,15
01.07.2018,7,8,0,15
02.07.2018,7,8,1,16
03.07.2018,7,8,1,16
04.07.2018,6,10,0,16
05.07.2018,6,9,0,15
06.07.2018,6,9,0,15
07.07.2018,6,9,0,15
08.07.2018,6,9,0,15
09.07.2018,7,8,0,15
10.07.2018,7,8,2,17
11.07.2018,7,8,6,21
12.07.2018,7,11,3,21
13.07.2018,8,10,3,21
14.07.2018,8,10,5,23
15.07.2018,8,10,5,23
16.07.2018,8,11,4,23
17.07.2018,8,11,5,24
18.07.2018,8,13,3,24
19.07.2018,8,13,3,24
20.07.2018,7,14,3,24
21.07.2018,8,13,3,24
22.07.2018,8,13,3,24
23.07.2018,7,14,3,24
24.07.2018,8,13,4,25
25.07.2018,8,13,4,25
26.07.2018,7,13,4,24
27.07.2018,7,13,5,25
28.07.2018,8,12,5,25
29.07.2018,8,12,6,26
30.07.2018,8,13,5,26
31.07.2018,8,13,7,28
01.08.2018,8,13,7,28
02.08.2018,8,13,7,28
03.08.2018,8,13,7,28
04.08.2018,8,13,7,28
05.08.2018,8,13,7,28
06.08.2018,8,13,8,29
07.08.2018,8,12,7,27
08.08.2018,8,12,6,26
09.08.2018,8,11,6,25
10.08.2018,8,11,6,25
11.08.2018,8,10,5,23
12.08.2018,8,10,6,24
13.08.2018,8,9,6,23
14.08.2018,8,9,7,24
15.08.2018,8,9,8,25
16.08.2018,7,11,7,25
17.08.2018,7,10,9,26
18.08.2018,8,8,9,25
19.08.2018,8,8,9,25
20.08.2018,7,9,10,26
21.08.2018,8,8,8,24
22.08.2018,8,8,8,24
23.08.2018,7,9,8,24
24.08.2018,7,9,9,25
25.08.2018,8,8,9,25
26.08.2018,8,9,7,24
27.08.2018,9,7,10,26
28.08.2018,9,9,7,25
29.08.2018,8,12,5,25
30.08.2018,9,11,5,25
31.08.2018,7,12,5,24
01.09.2018,7,12,5,24
02.09.2018,7,12,5,24
03.09.2018,7,11,7,25
04.09.2018,7,12,6,25
05.09.2018,7,13,5,25
06.09.2018,7,13,7,27
07.09.2018,7,13,14,34
08.09.2018,7,21,13,41
09.09.2018,7,25,8,40
10.09.2018,7,25,8,40
11.09.2018,8,24,8,40
12.09.2018,7,25,7,39
13.09.2018,8,24,7,39
14.09.2018,8,23,5,36
15.09.2018,8,23,5,36
16.09.2018,8,23,5,36
17.09.2018,8,23,5,36
18.09.2018,9,22,5,36
19.09.2018,9,25,4,38
20.09.2018,9,25,4,38
21.09.2018,9,25,4,38
22.09.2018,9,25,4,38
23.09.2018,9,24,4,37
24.09.2018,9,24,4,37
25.09.2018,10,25,3,38
26.09.2018,9,26,3,38
27.09.2018,10,24,4,38
28.09.2018,9,25,4,38
29.09.2018,9,25,4,38
30.09.2018,9,25,4,38
01.10.2018,9,26,5,40
02.10.2018,11,24,5,40
03.10.2018,13,23,6,42
04.10.2018,13,23,5,41
05.10.2018,12,24,6,42
06.10.2018,12,24,8,44
07.10.2018,13,19,7,39
08.10.2018,12,21,6,39
09.10.2018,13,20,7,40
10.10.2018,13,20,7,40
11.10.2018,13,20,7,40
12.10.2018,13,20,7,40
13.10.2018,13,20,7,40
14.10.2018,13,20,7,40
15.10.2018,13,20,8,41
16.10.2018,13,20,10,43
17.10.2018,13,22,8,43
18.10.2018,13,21,8,42
19.10.2018,13,21,9,43
20.10.2018,13,21,10,44
21.10.2018,13,21,11,45
22.10.2018,14,20,13,47
23.10.2018,13,20,14,47
24.10.2018,12,21,14,47
25.10.2018,14,20,13,47
26.10.2018,14,20,13,47
27.10.2018,14,20,13,47
28.10.2018,14,20,13,47
29.10.2018,15,19,14,48
30.10.2018,14,22,11,47
31.10.2018,13,23,12,48
01.11.2018,14,22,14,50
02.11.2018,14,23,12,49
03.11.2018,14,22,13,49
04.11.2018,14,17,10,41
05.11.2018,13,17,12,42
06.11.2018,12,20,10,42
07.11.2018,13,20,9,42
08.11.2018,13,21,11,45
09.11.2018,13,21,11,45
10.11.2018,13,21,11,45
11.11.2018,13,21,11,45
12.11.2018,13,22,9,44
13.11.2018,13,22,9,44
14.11.2018,13,22,9,44
15.11.2018,13,21,9,43
16.11.2018,13,20,9,42
17.11.2018,13,20,8,41
18.11.2018,13,20,8,41
19.11.2018,13,21,7,41
20.11.2018,12,23,6,41
21.11.2018,12,24,6,42
22.11.2018,13,21,7,41
23.11.2018,13,21,8,42
24.11.2018,13,21,8,42
25.11.2018,13,21,8,42
26.11.2018,13,22,9,44
27.11.2018,13,21,9,43
28.11.2018,12,22,6,40
29.11.2018,13,22,4,39
30.11.2018,13,21,5,39
01.12.2018,13,21,5,39
02.12.2018,13,21,5,39
03.12.2018,12,22,5,39
04.12.2018,12,23,5,40
05.12.2018,12,24,5,41
06.12.2018,13,23,4,40
07.12.2018,13,23,4,40
08.12.2018,13,23,4,40
09.12.2018,13,23,4,40
10.12.2018,13,24,4,41
11.12.2018,14,23,5,42
12.12.2018,15,23,6,44
13.12.2018,15,24,8,47
14.12.2018,14,26,9,49
15.12.2018,14,26,9,49
16.12.2018,14,26,10,50
17.12.2018,14,28,10,52
18.12.2018,13,28,10,51
19.12.2018,13,29,9,51
20.12.2018,14,28,9,51
21.12.2018,14,27,9,50
22.12.2018,14,27,9,50
23.12.2018,14,27,9,50
24.12.2018,14,26,8,48
25.12.2018,14,26,8,48
26.12.2018,13,26,9,48
27.12.2018,14,25,8,47
28.12.2018,14,25,8,47
29.12.2018,13,27,7,47
30.12.2018,12,28,7,47
31.12.2018,11,28,8,47
01.01.2019,12,27,8,47
02.01.2019,12,27,9,48
03.01.2019,11,29,8,48
04.01.2019,11,29,9,49
05.01.2019,11,30,10,51
06.01.2019,11,31,10,52
07.01.2019,12,31,9,52
08.01.2019,12,32,8,52
09.01.2019,12,29,8,49
10.01.2019,13,27,6,46
11.01.2019,14,26,7,47
12.01.2019,14,27,6,47
13.01.2019,14,26,6,46
14.01.2019,15,25,5,45
15.01.2019,14,28,5,47
16.01.2019,15,30,3,48
17.01.2019,16,28,3,47
18.01.2019,15,29,1,45
19.01.2019,15,29,1,45
20.01.2019,15,29,1,45
21.01.2019,15,30,3,48
22.01.2019,15,29,3,47
23.01.2019,15,28,3,46
24.01.2019,15,28,3,46
25.01.2019,15,29,3,47
26.01.2019,13,31,3,47
27.01.2019,12,32,3,47
28.01.2019,12,33,2,47
29.01.2019,12,33,2,47
30.01.2019,12,34,4,50
31.01.2019,12,33,5,50
01.02.2019,11,34,6,51
02.02.2019,11,34,6,51
03.02.2019,11,34,7,52
04.02.2019,12,32,8,52
05.02.2019,12,34,8,54
06.02.2019,14,33,12,59
07.02.2019,14,37,9,60
08.02.2019,14,38,9,61
09.02.2019,14,39,8,61
10.02.2019,14,40,8,62
11.02.2019,15,41,7,63
12.02.2019,14,41,8,63
13.02.2019,14,42,8,64
14.02.2019,16,41,8,65
15.02.2019,16,41,8,65
16.02.2019,16,41,16,73
17.02.2019,16,45,17,78
18.02.2019,17,43,15,75
19.02.2019,17,43,16,76
20.02.2019,16,44,16,76
21.02.2019,15,45,16,76
22.02.2019,16,45,15,76
23.02.2019,14,46,15,75
24.02.2019,13,47,17,77
25.02.2019,13,47,18,78
26.02.2019,13,49,17,79
27.02.2019,15,45,17,77
28.02.2019,13,49,16,78
01.03.2019,14,45,17,76
02.03.2019,15,44,17,76
03.03.2019,15,44,16,75
04.03.2019,15,42,17,74
05.03.2019,16,41,16,73
06.03.2019,16,41,17,74
07.03.2019,16,43,15,74
08.03.2019,17,42,16,75
09.03.2019,18,41,15,74
10.03.2019,19,40,15,74
11.03.2019,19,40,15,74
12.03.2019,17,42,15,74
13.03.2019,18,41,15,74
14.03.2019,20,38,14,72
15.03.2019,21,36,14,71
16.03.2019,21,36,10,67
17.03.2019,21,33,6,60
18.03.2019,20,32,7,59
19.03.2019,21,32,8,61
20.03.2019,20,33,9,62
21.03.2019,21,32,9,62
22.03.2019,22,30,10,62
23.03.2019,20,32,10,62
24.03.2019,20,32,9,61
25.03.2019,20,35,7,62
26.03.2019,20,36,5,61
27.03.2019,21,33,7,61
28.03.2019,22,33,6,61
29.03.2019,21,32,6,59
30.03.2019,22,31,6,59
31.03.2019,22,30,6,58
01.04.2019,23,30,6,59
02.04.2019,21,33,7,61
03.04.2019,21,33,6,60
04.04.2019,20,31,7,58
05.04.2019,21,29,7,57
06.04.2019,21,27,7,55
07.04.2019,21,26,7,54
08.04.2019,20,29,8,57
09.04.2019,20,29,7,56
10.04.2019,22,26,9,57
11.04.2019,21,28,10,59
12.04.2019,21,31,8,60
13.04.2019,21,31,8,60
14.04.2019,21,31,8,60
15.04.2019,21,32,9,62
16.04.2019,21,32,6,59
17.04.2019,22,32,5,59
18.04.2019,21,33,5,59
19.04.2019,23,31,5,59
20.04.2019,23,31,5,59
21.04.2019,23,31,5,59
22.04.2019,23,32,6,61
23.04.2019,24,29,7,60
24.04.2019,24,29,6,59
25.04.2019,24,29,5,58
26.04.2019,24,30,6,60
27.04.2019,24,29,6,59
28.04.2019,24,29,6,59
29.04.2019,24,29,6,59
30.04.2019,24,31,5,60
01.05.2019,23,32,3,58
02.05.2019,23,31,3,57
03.05.2019,23,32,3,58
04.05.2019,23,32,4,59
05.05.2019,24,31,4,59
06.05.2019,22,32,6,60
07.05.2019,20,33,8,61
08.05.2019,21,31,7,59
09.05.2019,21,31,8,60
10.05.2019,22,33,10,65
11.05.2019,22,36,10,68
12.05.2019,22,39,6,67
13.05.2019,22,41,5,68
14.05.2019,22,42,8,72
15.05.2019,23,41,10,74
16.05.2019,22,44,13,79
17.05.2019,23,44,12,79
18.05.2019,24,43,15,82
19.05.2019,24,43,16,83
20.05.2019,24,46,14,84
21.05.2019,26,44,14,84
22.05.2019,24,46,15,85
23.05.2019,26,46,15,87
24.05.2019,27,45,15,87
25.05.2019,28,44,15,87
26.05.2019,27,45,15,87
27.05.2019,28,43,15,86
28.05.2019,25,45,15,85
29.05.2019,24,42,17,83
30.05.2019,23,41,17,81
31.05.2019,21,44,18,83
01.06.2019,22,43,18,83
02.06.2019,22,42,18,82
03.06.2019,21,45,16,82
04.06.2019,21,45,16,82
05.06.2019,21,45,17,83
06.06.2019,21,45,19,85
07.06.2019,21,45,18,84
08.06.2019,22,44,18,84
09.06.2019,22,43,18,83
10.06.2019,21,44,16,81
11.06.2019,20,47,14,81
12.06.2019,20,48,12,80
13.06.2019,22,45,12,79
14.06.2019,22,44,11,77
15.06.2019,23,44,10,77
16.06.2019,23,44,9,76
17.06.2019,22,43,9,74
18.06.2019,25,40,9,74
19.06.2019,26,38,8,72
20.06.2019,26,36,7,69
21.06.2019,26,31,7,64
22.06.2019,26,32,7,65
23.06.2019,24,34,7,65
24.06.2019,23,36,7,66
25.06.2019,23,35,8,66
26.06.2019,22,35,8,65
27.06.2019,21,37,9,67
28.06.2019,19,37,8,64
29.06.2019,20,35,8,63
30.06.2019,19,36,10,65
01.07.2019,19,36,10,65
02.07.2019,19,36,10,65
03.07.2019,18,36,10,64
04.07.2019,18,35,10,63
05.07.2019,19,33,9,61
06.07.2019,19,33,10,62
07.07.2019,19,35,10,64
08.07.2019,18,34,12,64
09.07.2019,19,33,11,63
10.07.2019,18,34,11,63
11.07.2019,18,32,13,63
12.07.2019,16,33,12,61
13.07.2019,17,30,12,59
14.07.2019,17,30,12,59
15.07.2019,17,30,11,58
16.07.2019,19,29,11,59
17.07.2019,21,28,12,61
18.07.2019,21,31,11,63
19.07.2019,23,29,10,62
20.07.2019,21,31,11,63
21.07.2019,21,30,11,62
22.07.2019,21,29,11,61
23.07.2019,18,32,11,61
24.07.2019,15,36,10,61
25.07.2019,13,40,10,63
26.07.2019,15,39,9,63
27.07.2019,18,36,10,64
28.07.2019,17,38,9,64
29.07.2019,19,35,9,63
30.07.2019,19,35,10,64
31.07.2019,18,38,11,67
01.08.2019,17,42,11,70
02.08.2019,18,41,13,72
03.08.2019,17,43,13,73
04.08.2019,18,43,10,71
05.08.2019,18,44,9,71
06.08.2019,19,43,10,72
07.08.2019,17,47,7,71
08.08.2019,17,46,7,70
09.08.2019,17,42,6,65
10.08.2019,17,42,6,65
11.08.2019,17,42,6,65
12.08.2019,16,42,8,66
13.08.2019,16,42,8,66
14.08.2019,16,42,9,67
15.08.2019,15,40,10,65
16.08.2019,16,38,12,66
17.08.2019,16,38,12,66
18.08.2019,15,39,12,66
19.08.2019,17,36,11,64
20.08.2019,16,36,11,63
21.08.2019,17,34,9,60
22.08.2019,17,31,7,55
23.08.2019,18,28,8,54
24.08.2019,18,29,12,59
25.08.2019,18,32,10,60
26.08.2019,18,32,14,64
27.08.2019,17,36,12,65
28.08.2019,17,36,13,66
29.08.2019,16,36,12,64
30.08.2019,16,36,12,64
31.08.2019,14,38,13,65
01.09.2019,15,37,12,64
02.09.2019,15,37,15,67
03.09.2019,17,38,12,67
04.09.2019,17,39,14,70
05.09.2019,17,39,15,71
06.09.2019,17,38,15,70
07.09.2019,16,39,15,70
08.09.2019,16,41,15,72
09.09.2019,16,42,14,72
10.09.2019,15,42,15,72
11.09.2019,15,43,14,72
12.09.2019,15,42,15,72
13.09.2019,15,40,15,70
14.09.2019,15,39,16,70
15.09.2019,15,42,14,71
16.09.2019,15,46,13,74
17.09.2019,14,52,13,79
18.09.2019,14,51,14,79
19.09.2019,14,51,17,82
20.09.2019,15,54,16,85
21.09.2019,15,55,14,84
22.09.2019,14,54,18,86
23.09.2019,15,55,18,88
24.09.2019,16,53,17,86
25.09.2019,16,54,15,85
26.09.2019,17,55,14,86
27.09.2019,15,61,14,90
28.09.2019,14,64,12,90
29.09.2019,15,63,14,92
30.09.2019,17,63,11,91
01.10.2019,19,62,12,93
02.10.2019,19,64,10,93
03.10.2019,18,67,10,95
04.10.2019,18,67,10,95
05.10.2019,18,67,10,95
06.10.2019,18,67,10,95
07.10.2019,18,65,14,97
08.10.2019,18,65,14,97
09.10.2019,18,65,13,96
10.10.2019,18,64,16,98
11.10.2019,17,65,18,100
12.10.2019,17,65,18,100
13.10.2019,17,64,18,99
14.10.2019,18,62,18,98
15.10.2019,19,61,19,99
16.10.2019,22,57,19,98
17.10.2019,21,57,18,96
18.10.2019,21,56,20,97
19.10.2019,19,61,22,102
20.10.2019,18,65,18,101
21.10.2019,19,64,19,102
22.10.2019,22,60,21,103
23.10.2019,21,60,23,104
24.10.2019,22,58,24,104
25.10.2019,21,54,24,99
26.10.2019,20,54,25,99
27.10.2019,20,53,23,96
28.10.2019,21,54,21,96
29.10.2019,21,53,22,96
30.10.2019,21,53,22,96
31.10.2019,21,53,22,96
01.11.2019,21,51,23,95
02.11.2019,21,53,22,96
03.11.2019,22,51,22,95
04.11.2019,23,51,18,92
05.11.2019,24,57,17,98
06.11.2019,24,57,17,98
07.11.2019,24,56,15,95
08.11.2019,25,55,15,95
09.11.2019,26,55,17,98
10.11.2019,26,56,20,102
11.11.2019,27,55,21,103
12.11.2019,26,57,20,103
13.11.2019,27,57,22,106
14.11.2019,28,57,21,106
15.11.2019,26,60,20,106
16.11.2019,25,61,19,105
17.11.2019,24,60,18,102
18.11.2019,25,60,17,102
19.11.2019,24,58,17,99
20.11.2019,28,55,15,98
21.11.2019,28,56,18,102
22.11.2019,28,55,16,99
23.11.2019,28,57,14,99
24.11.2019,27,59,15,101
25.11.2019,27,60,14,101
26.11.2019,26,61,14,101
27.11.2019,28,59,14,101
28.11.2019,26,61,14,101
29.11.2019,26,61,14,101
30.11.2019,26,61,14,101
01.12.2019,28,60,14,102
02.12.2019,28,60,17,105
03.12.2019,30,58,19,107
04.12.2019,30,61,18,109
05.12.2019,30,64,18,112
06.12.2019,31,63,18,112
07.12.2019,32,63,16,111
08.12.2019,32,63,14,109
09.12.2019,32,63,14,109
10.12.2019,30,62,14,106
11.12.2019,30,63,12,105
12.12.2019,31,61,13,105
13.12.2019,29,63,13,105
14.12.2019,27,65,13,105
15.12.2019,27,65,13,105
16.12.2019,28,64,12,104
17.12.2019,28,64,12,104
18.12.2019,31,60,10,101
19.12.2019,29,63,9,101
20.12.2019,29,63,10,102
21.12.2019,29,61,11,101
22.12.2019,29,61,13,103
23.12.2019,27,63,12,102
24.12.2019,27,62,11,100
25.12.2019,28,60,12,100
26.12.2019,27,61,12,100
27.12.2019,26,62,12,100
28.12.2019,25,64,12,101
29.12.2019,25,63,12,100
30.12.2019,26,61,11,98
31.12.2019,26,60,10,96
01.01.2020,26,58,10,94
02.01.2020,26,57,10,93
03.01.2020,25,58,11,94
04.01.2020,26,55,10,91
05.01.2020,26,55,9,90
06.01.2020,26,57,8,91
07.01.2020,25,58,10,93
08.01.2020,25,58,9,92
09.01.2020,26,56,12,94
10.01.2020,25,56,11,92
11.01.2020,25,55,11,91
12.01.2020,26,55,11,92
13.01.2020,26,56,10,92
14.01.2020,26,57,9,92
15.01.2020,29,53,12,94
16.01.2020,26,55,12,93
17.01.2020,28,50,12,90
18.01.2020,28,50,12,90
19.01.2020,28,45,9,82
20.01.2020,29,42,9,80
21.01.2020,27,44,10,81
22.01.2020,27,46,12,85
23.01.2020,27,45,13,85
24.01.2020,26,47,15,88
25.01.2020,27,46,15,88
26.01.2020,27,46,14,87
27.01.2020,27,46,14,87
28.01.2020,27,46,15,88
29.01.2020,27,48,18,93
30.01.2020,27,51,18,96
31.01.2020,26,52,17,95
01.02.2020,26,52,17,95
02.02.2020,26,54,16,96
03.02.2020,25,55,15,95
04.02.2020,23,57,13,93
05.02.2020,25,54,13,92
06.02.2020,26,54,13,93
07.02.2020,26,55,12,93
08.02.2020,25,58,14,97
09.02.2020,25,59,15,99
10.02.2020,25,62,15,102
11.02.2020,25,62,18,105
12.02.2020,24,63,20,107
13.02.2020,27,62,18,107
14.02.2020,27,62,26,115
15.02.2020,27,65,27,119
16.02.2020,27,73,24,124
17.02.2020,30,70,24,124
18.02.2020,28,72,24,124
19.02.2020,27,75,23,125
20.02.2020,29,77,22,128
21.02.2020,29,76,23,128
22.02.2020,30,76,23,129
23.02.2020,30,75,24,129
24.02.2020,29,75,26,130
25.02.2020,29,75,28,132
26.02.2020,30,76,28,134
27.02.2020,32,69,25,126
28.02.2020,31,68,25,124
29.02.2020,32,66,32,130
01.03.2020,33,67,30,130
02.03.2020,33,64,29,126
03.03.2020,29,68,29,126
04.03.2020,30,67,29,126
05.03.2020,32,67,30,129
06.03.2020,31,69,31,131
07.03.2020,30,72,27,129
08.03.2020,28,73,27,128
09.03.2020,27,75,24,126
10.03.2020,28,75,22,125
11.03.2020,28,76,20,124
12.03.2020,30,74,21,125
13.03.2020,30,73,18,121
14.03.2020,29,71,20,120
15.03.2020,29,65,19,113
16.03.2020,30,63,19,112
17.03.2020,28,64,18,110
18.03.2020,27,65,20,112
19.03.2020,29,63,23,115
20.03.2020,32,60,23,115
21.03.2020,32,61,21,114
22.03.2020,31,63,21,115
23.03.2020,29,66,21,116
24.03.2020,31,63,20,114
25.03.2020,33,58,20,111
26.03.2020,36,58,21,115
27.03.2020,35,58,22,115
28.03.2020,34,59,21,114
29.03.2020,35,58,18,111
30.03.2020,32,61,20,113
31.03.2020,28,66,20,114
01.04.2020,31,68,19,118
02.04.2020,32,67,16,115
03.04.2020,31,68,14,113
04.04.2020,29,72,16,117
05.04.2020,27,74,18,119
06.04.2020,27,76,21,124
07.04.2020,29,77,18,124
08.04.2020,28,79,20,127
09.04.2020,30,78,17,125
10.04.2020,31,77,20,128
11.04.2020,30,79,18,127
12.04.2020,30,79,20,129
13.04.2020,32,78,21,131
14.04.2020,33,79,20,132
15.04.2020,31,79,24,134
16.04.2020,33,79,18,130
17.04.2020,32,79,19,130
18.04.2020,31,81,19,131
19.04.2020,31,81,18,130
20.04.2020,30,85,19,134
21.04.2020,33,81,19,133
22.04.2020,35,78,18,131
23.04.2020,34,76,23,133
24.04.2020,34,74,25,133
25.04.2020,32,76,24,132
26.04.2020,32,76,24,132
27.04.2020,34,77,23,134
28.04.2020,32,80,24,136
29.04.2020,34,80,25,139
30.04.2020,36,82,22,140
01.05.2020,36,80,25,141
02.05.2020,37,80,24,141
03.05.2020,35,85,24,144
04.05.2020,36,85,19,140
05.05.2020,35,89,20,144
06.05.2020,33,91,21,145
07.05.2020,36,84,20,140
08.05.2020,35,82,22,139
09.05.2020,33,82,21,136
10.05.2020,32,82,20,134
11.05.2020,32,83,23,138
12.05.2020,32,83,24,139
13.05.2020,33,84,24,141
14.05.2020,36,83,21,140
15.05.2020,33,88,21,142
16.05.2020,33,89,20,142
17.05.2020,34,89,21,144
18.05.2020,34,89,21,144
19.05.2020,34,89,22,145
20.05.2020,37,88,21,146
21.05.2020,39,85,20,144
22.05.2020,41,85,19,145
23.05.2020,41,85,22,148
24.05.2020,41,86,22,149
25.05.2020,38,88,21,147
26.05.2020,39,87,21,147
27.05.2020,39,83,20,142
28.05.2020,38,79,21,138
29.05.2020,37,80,21,138
30.05.2020,39,78,19,136
31.05.2020,40,77,20,137
01.06.2020,38,77,19,134
02.06.2020,35,78,16,129
03.06.2020,33,78,16,127
04.06.2020,35,77,16,128
05.06.2020,34,77,14,125
06.06.2020,35,74,16,125
07.06.2020,33,76,18,127
08.06.2020,32,79,16,127
09.06.2020,32,79,15,126
10.06.2020,31,80,15,126
11.06.2020,35,76,17,128
12.06.2020,33,78,15,126
13.06.2020,33,77,18,128
14.06.2020,33,75,18,126
15.06.2020,35,74,17,126
16.06.2020,34,76,18,128
17.06.2020,37,73,20,130
18.06.2020,38,73,19,130
19.06.2020,38,73,18,129
20.06.2020,38,71,18,127
21.06.2020,39,67,16,122
22.06.2020,36,72,15,123
23.06.2020,37,69,17,123
24.06.2020,37,69,15,121
25.06.2020,37,73,17,127
26.06.2020,37,72,20,129
27.06.2020,37,74,18,129
28.06.2020,37,73,19,129
29.06.2020,37,71,19,127
30.06.2020,37,72,20,129
01.07.2020,34,76,20,130
02.07.2020,35,77,25,137
03.07.2020,35,79,21,135
04.07.2020,35,80,20,135
05.07.2020,32,83,22,137
06.07.2020,32,82,23,137
07.07.2020,31,85,21,137
08.07.2020,32,86,23,141
09.07.2020,33,84,20,137
10.07.2020,33,82,18,133
11.07.2020,33,82,21,136
12.07.2020,32,84,24,140
13.07.2020,32,82,25,139
14.07.2020,32,83,24,139
15.07.2020,33,85,21,139
16.07.2020,33,84,23,140
17.07.2020,36,84,20,140
18.07.2020,37,82,20,139
19.07.2020,38,81,19,138
20.07.2020,36,82,22,140
21.07.2020,37,87,19,143
22.07.2020,39,83,19,141
23.07.2020,38,87,15,140
24.07.2020,37,89,13,139
25.07.2020,37,87,14,138
26.07.2020,37,86,16,139
27.07.2020,36,86,16,138
28.07.2020,37,87,14,138
29.07.2020,37,88,17,142
30.07.2020,37,91,16,144
31.07.2020,41,85,19,145
01.08.2020,39,90,20,149
02.08.2020,38,93,18,149
03.08.2020,39,96,16,151
04.08.2020,41,96,17,154
05.08.2020,43,95,16,154
06.08.2020,42,94,19,155
07.08.2020,40,99,22,161
08.08.2020,40,100,23,163
09.08.2020,38,103,22,163
10.08.2020,37,104,24,165
11.08.2020,36,99,27,162
12.08.2020,38,98,26,162
13.08.2020,37,102,28,167
14.08.2020,39,100,30,169
15.08.2020,38,102,32,172
16.08.2020,38,104,31,173
17.08.2020,39,107,31,177
18.08.2020,39,105,34,178
19.08.2020,39,103,35,177
20.08.2020,38,105,35,178
21.08.2020,34,109,38,181
22.08.2020,33,111,41,185
23.08.2020,34,110,43,187
24.08.2020,35,115,38,188
25.08.2020,34,115,38,187
26.08.2020,35,117,33,185
27.08.2020,34,118,33,185
28.08.2020,36,114,38,188
29.08.2020,34,119,36,189
30.08.2020,35,119,38,192
31.08.2020,37,117,38,192
01.09.2020,36,118,37,191
02.09.2020,38,113,36,187
03.09.2020,39,110,41,190
04.09.2020,36,105,42,183
05.09.2020,36,104,40,180
06.09.2020,35,104,44,183
07.09.2020,34,106,42,182
08.09.2020,35,103,41,179
09.09.2020,37,102,44,183
10.09.2020,35,103,42,180
11.09.2020,37,104,46,187
12.09.2020,36,101,51,188
13.09.2020,35,103,54,192
14.09.2020,36,101,58,195
15.09.2020,37,108,53,198
16.09.2020,40,104,51,195
17.09.2020,38,108,55,201
18.09.2020,36,111,56,203
19.09.2020,38,108,60,206
20.09.2020,39,110,57,206
21.09.2020,43,106,57,206
22.09.2020,44,107,57,208
23.09.2020,43,107,63,213
24.09.2020,42,110,63,215
25.09.2020,41,116,60,217
26.09.2020,40,117,63,220
27.09.2020,41,116,66,223
28.09.2020,44,112,68,224
29.09.2020,43,118,67,228
30.09.2020,43,126,62,231
01.10.2020,41,127,61,229
02.10.2020,39,128,65,232
03.10.2020,41,129,63,233
04.10.2020,40,130,61,231
05.10.2020,41,132,61,234
06.10.2020,40,134,65,239
07.10.2020,38,134,66,238
08.10.2020,38,138,65,241
09.10.2020,38,136,66,240
10.10.2020,37,139,63,239
11.10.2020,37,144,59,240
12.10.2020,38,140,67,245
13.10.2020,37,144,59,240
14.10.2020,38,146,61,245
15.10.2020,35,149,62,246
16.10.2020,35,154,70,259
17.10.2020,36,156,68,260
18.10.2020,36,158,69,263
19.10.2020,37,160,72,269
20.10.2020,37,164,73,274
21.10.2020,35,167,70,272
22.10.2020,39,167,71,277
23.10.2020,39,169,70,278
24.10.2020,37,170,66,273
25.10.2020,38,172,62,272
26.10.2020,41,170,63,274
27.10.2020,41,169,59,269
28.10.2020,42,159,62,263
29.10.2020,42,164,57,263
30.10.2020,41,165,59,265
31.10.2020,42,167,59,268
01.11.2020,42,167,61,270
02.11.2020,43,164,62,269
03.11.2020,42,168,61,271
04.11.2020,42,169,61,272
05.11.2020,39,171,63,273
06.11.2020,42,170,62,274
07.11.2020,41,172,62,275
08.11.2020,40,172,66,278
09.11.2020,43,170,65,278
10.11.2020,41,168,63,272
11.11.2020,41,164,63,268
12.11.2020,43,162,61,266
13.11.2020,44,157,57,258
14.11.2020,43,160,54,257
15.11.2020,43,160,54,257
16.11.2020,43,161,54,258
17.11.2020,40,165,53,258
18.11.2020,40,164,53,257
19.11.2020,44,155,51,250
20.11.2020,47,146,53,246
21.11.2020,47,145,52,244
22.11.2020,48,143,50,241
23.11.2020,50,137,48,235
24.11.2020,49,137,49,235
25.11.2020,47,139,51,237
26.11.2020,46,138,48,232
27.11.2020,44,141,47,232
28.11.2020,44,141,49,234
29.11.2020,45,143,53,241
30.11.2020,46,147,51,244
01.12.2020,50,145,55,250
02.12.2020,51,151,62,264
03.12.2020,52,157,62,271
04.12.2020,54,153,69,276
05.12.2020,55,155,72,282
06.12.2020,56,159,83,298
07.12.2020,56,168,90,314
08.12.2020,54,180,114,348
09.12.2020,51,192,130,373
10.12.2020,51,205,178,434
11.12.2020,51,216,182,449
12.12.2020,50,218,180,448
13.12.2020,48,221,178,447
14.12.2020,46,220,179,445
15.12.2020,44,219,180,443
16.12.2020,46,215,184,445
17.12.2020,48,216,178,442
18.12.2020,50,217,177,444
19.12.2020,50,219,177,446
20.12.2020,47,219,179,445
21.12.2020,48,217,181,446
22.12.2020,49,220,181,450
23.12.2020,48,219,182,449
24.12.2020,47,218,180,445
25.12.2020,48,218,181,447
26.12.2020,48,217,181,446
27.12.2020,48,218,175,441
28.12.2020,49,212,176,437
29.12.2020,49,211,177,437
30.12.2020,48,211,178,437
31.12.2020,48,208,175,431
01.01.2021,47,207,172,426
02.01.2021,47,207,168,422
03.01.2021,47,204,153,404
04.01.2021,47,200,151,398
05.01.2021,47,194,122,363
06.01.2021,45,180,112,337
07.01.2021,47,162,57,266
08.01.2021,47,147,43,237
09.01.2021,48,145,42,235
10.01.2021,44,150,42,236
11.01.2021,40,153,41,234
12.01.2021,40,153,40,233
13.01.2021,45,146,39,230
14.01.2021,44,144,39,227
15.01.2021,44,138,49,231
16.01.2021,44,140,49,233
17.01.2021,43,145,50,238
18.01.2021,44,147,53,244
19.01.2021,46,145,53,244
20.01.2021,48,142,50,240
21.01.2021,46,143,58,247
22.01.2021,49,145,60,254
23.01.2021,49,150,59,258
24.01.2021,48,153,64,265
25.01.2021,47,155,63,265
26.01.2021,47,160,61,268
27.01.2021,49,164,58,271
28.01.2021,49,165,59,273
29.01.2021,49,170,60,279
30.01.2021,49,172,62,283
31.01.2021,47,173,66,286
01.02.2021,47,176,66,289
02.02.2021,45,182,70,297
03.02.2021,46,184,66,296
04.02.2021,46,186,67,299
05.02.2021,45,192,68,305
06.02.2021,43,195,72,310
07.02.2021,42,208,67,317
08.02.2021,39,215,68,322
09.02.2021,38,215,73,326
10.02.2021,45,214,73,332
11.02.2021,43,223,70,336
12.02.2021,43,224,68,335
13.02.2021,47,220,70,337
14.02.2021,47,219,68,334
15.02.2021,48,217,67,332
16.02.2021,48,216,62,326
17.02.2021,48,212,68,328
18.02.2021,51,211,69,331
19.02.2021,50,210,64,324
20.02.2021,50,211,61,322
21.02.2021,47,215,59,321
22.02.2021,48,213,60,321
23.02.2021,49,216,58,323
24.02.2021,50,218,56,324
25.02.2021,50,213,55,318
26.02.2021,52,212,54,318
27.02.2021,48,217,52,317
28.02.2021,48,217,52,317
01.03.2021,52,214,55,321
02.03.2021,49,207,56,312
03.03.2021,47,207,61,315
04.03.2021,43,213,61,317
05.03.2021,45,206,62,313
06.03.2021,44,203,59,306
07.03.2021,38,202,57,297
08.03.2021,35,197,60,292
09.03.2021,39,195,56,290
10.03.2021,39,195,56,290
11.03.2021,41,188,59,288
12.03.2021,40,193,59,292
13.03.2021,41,191,61,293
14.03.2021,42,187,61,290
15.03.2021,43,190,59,292
16.03.2021,40,194,61,295
17.03.2021,37,198,66,301
18.03.2021,41,193,66,300
19.03.2021,45,191,78,314
20.03.2021,47,194,83,324
21.03.2021,45,207,81,333
22.03.2021,47,208,81,336
23.03.2021,47,211,73,331
24.03.2021,45,210,74,329
25.03.2021,47,202,78,327
26.03.2021,47,203,76,326
27.03.2021,48,201,75,324
28.03.2021,48,197,75,320
29.03.2021,49,195,74,318
30.03.2021,53,191,80,324
31.03.2021,54,191,82,327
01.04.2021,49,199,79,327
02.04.2021,50,203,86,339
03.04.2021,50,202,84,336
04.04.2021,49,202,86,337
05.04.2021,49,208,83,340
06.04.2021,52,212,80,344
07.04.2021,52,212,81,345
08.04.2021,55,211,80,346
09.04.2021,55,215,72,342
10.04.2021,53,219,73,345
11.04.2021,56,220,74,350
12.04.2021,59,212,80,351
13.04.2021,55,219,83,357
14.04.2021,55,219,84,358
15.04.2021,57,218,85,360
16.04.2021,58,225,85,368
17.04.2021,58,227,79,364
18.04.2021,56,215,72,343
19.04.2021,56,215,67,338
20.04.2021,58,212,74,344
21.04.2021,55,220,72,347
22.04.2021,56,221,74,351
23.04.2021,56,223,76,355
24.04.2021,58,224,74,356
25.04.2021,59,224,72,355
26.04.2021,59,223,74,356
27.04.2021,60,218,79,357
28.04.2021,59,219,73,351
29.04.2021,58,215,77,350
30.04.2021,53,219,74,346
01.05.2021,53,219,71,343
02.05.2021,53,220,71,344
03.05.2021,53,222,70,345
04.05.2021,53,222,71,346
05.05.2021,53,226,75,354
06.05.2021,57,221,77,355
07.05.2021,56,218,79,353
08.05.2021,52,218,81,351
09.05.2021,54,214,76,344
10.05.2021,56,205,78,339
11.05.2021,50,209,79,338
12.05.2021,50,213,77,340
13.05.2021,50,207,80,337
14.05.2021,50,204,81,335
15.05.2021,51,201,82,334
16.05.2021,50,204,80,334
17.05.2021,50,206,75,331
18.05.2021,50,207,76,333
19.05.2021,47,213,72,332
20.05.2021,47,208,72,327
21.05.2021,44,209,74,327
22.05.2021,47,206,71,324
23.05.2021,46,207,70,323
24.05.2021,49,209,71,329
25.05.2021,48,213,67,328
26.05.2021,48,214,65,327
27.05.2021,44,222,72,338
28.05.2021,45,222,80,347
29.05.2021,46,224,83,353
30.05.2021,47,226,84,357
31.05.2021,49,219,86,354
01.06.2021,49,222,86,357
02.06.2021,51,217,89,357
03.06.2021,51,215,87,353
04.06.2021,49,212,89,350
05.06.2021,48,214,86,348
06.06.2021,46,215,86,347
07.06.2021,44,214,91,349
08.06.2021,44,213,87,344
09.06.2021,45,210,84,339
10.06.2021,45,209,85,339
11.06.2021,46,212,81,339
12.06.2021,46,213,82,341
13.06.2021,46,210,86,342
14.06.2021,46,211,92,349
15.06.2021,46,219,87,352
16.06.2021,42,225,90,357
17.06.2021,46,221,88,355
18.06.2021,46,219,91,356
19.06.2021,47,217,94,358
20.06.2021,46,223,95,364
21.06.2021,48,224,94,366
22.06.2021,47,223,99,369
23.06.2021,45,222,103,370
24.06.2021,44,227,94,365
25.06.2021,43,226,93,362
26.06.2021,44,228,90,362
27.06.2021,46,225,86,357
28.06.2021,45,219,87,351
29.06.2021,44,222,79,345
30.06.2021,45,221,79,345
01.07.2021,43,226,79,348
02.07.2021,42,225,87,354
03.07.2021,42,230,88,360
04.07.2021,42,230,89,361
05.07.2021,43,237,90,370
06.07.2021,44,239,106,389
07.07.2021,46,237,109,392
08.07.2021,45,234,109,388
09.07.2021,46,229,115,390
10.07.2021,47,230,116,393
11.07.2021,46,238,111,395
12.07.2021,44,241,106,391
13.07.2021,47,245,100,392
14.07.2021,45,251,101,397
15.07.2021,45,250,101,396
16.07.2021,46,254,99,399
17.07.2021,46,256,98,400
18.07.2021,46,255,103,404
19.07.2021,47,255,105,407
20.07.2021,46,255,107,408
21.07.2021,45,262,109,416
22.07.2021,43,262,107,412
23.07.2021,44,262,111,417
24.07.2021,47,259,114,420
25.07.2021,45,265,112,422
26.07.2021,43,264,117,424
27.07.2021,45,261,113,419
28.07.2021,48,258,113,419
29.07.2021,49,256,112,417
30.07.2021,48,255,110,413
31.07.2021,48,254,109,411
01.08.2021,46,254,107,407
02.08.2021,43,249,108,400
03.08.2021,42,252,104,398
04.08.2021,44,246,106,396
05.08.2021,42,254,106,402
06.08.2021,46,250,103,399
07.08.2021,47,249,107,403
08.08.2021,47,246,107,400
09.08.2021,46,248,106,400
10.08.2021,49,246,112,407
11.08.2021,50,239,117,406
12.08.2021,51,237,121,409
13.08.2021,48,243,118,409
14.08.2021,48,243,118,409
15.08.2021,48,244,116,408
16.08.2021,50,242,115,407
17.08.2021,50,254,110,414
18.08.2021,47,261,112,420
19.08.2021,48,263,109,420
20.08.2021,48,267,108,423
21.08.2021,49,268,113,430
22.08.2021,50,268,112,430
23.08.2021,49,274,108,431
24.08.2021,52,278,105,435
25.08.2021,52,275,110,437
26.08.2021,52,272,113,437
27.08.2021,54,272,115,441
28.08.2021,55,275,115,445
29.08.2021,56,272,115,443
30.08.2021,54,271,114,439
31.08.2021,55,271,113,439
01.09.2021,55,269,111,435
02.09.2021,54,268,113,435
03.09.2021,55,266,116,437
04.09.2021,55,271,114,440
05.09.2021,55,267,113,435
06.09.2021,55,270,114,439
07.09.2021,55,267,115,437
08.09.2021,57,266,114,437
09.09.2021,58,264,117,439
10.09.2021,61,266,119,446
11.09.2021,62,269,117,448
12.09.2021,62,265,117,444
13.09.2021,64,266,118,448
14.09.2021,61,263,120,444
15.09.2021,63,267,120,450
16.09.2021,60,268,131,459
17.09.2021,59,270,132,461
18.09.2021,59,270,130,459
19.09.2021,60,269,132,461
20.09.2021,62,267,139,468
21.09.2021,63,270,135,468
22.09.2021,64,265,132,461
23.09.2021,65,265,138,468
24.09.2021,63,263,134,460
25.09.2021,62,262,131,455
26.09.2021,60,268,128,456
27.09.2021,61,264,131,456
28.09.2021,60,268,131,459
29.09.2021,63,265,136,464
30.09.2021,61,270,139,470
01.10.2021,62,270,134,466
02.10.2021,63,269,129,461
03.10.2021,63,268,131,462
04.10.2021,62,268,137,467
05.10.2021,61,270,138,469
06.10.2021,64,271,144,479
07.10.2021,67,272,145,484
08.10.2021,69,270,142,481
09.10.2021,71,269,144,484
10.10.2021,69,275,145,489
11.10.2021,70,274,148,492
12.10.2021,69,279,147,495
13.10.2021,69,280,145,494
14.10.2021,63,285,141,489
15.10.2021,65,278,135,478
16.10.2021,65,275,133,473
17.10.2021,64,275,132,471
18.10.2021,66,272,132,470
19.10.2021,67,275,133,475
20.10.2021,66,275,134,475
21.10.2021,68,272,132,472
22.10.2021,64,275,133,472
23.10.2021,61,277,131,469
24.10.2021,63,275,134,472
25.10.2021,65,276,135,476
26.10.2021,65,276,133,474
27.10.2021,65,275,133,473
28.10.2021,66,272,134,472
29.10.2021,67,274,138,479
30.10.2021,67,277,130,474
31.10.2021,66,276,130,472
01.11.2021,67,276,134,477
02.11.2021,68,276,134,478
03.11.2021,69,284,122,475
04.11.2021,73,277,125,475
05.11.2021,74,278,119,471
06.11.2021,73,278,117,468
07.11.2021,71,271,113,455
08.11.2021,69,270,110,449
09.11.2021,67,266,104,437
10.11.2021,71,257,105,433
11.11.2021,65,256,110,431
12.11.2021,66,252,107,425
13.11.2021,65,255,108,428
14.11.2021,64,257,109,430
15.11.2021,63,262,109,434
16.11.2021,67,260,115,442
17.11.2021,66,269,119,454
18.11.2021,69,271,118,458
19.11.2021,62,279,120,461
20.11.2021,61,280,126,467
21.11.2021,61,281,124,466
22.11.2021,61,277,124,462
23.11.2021,61,281,118,460
24.11.2021,60,284,118,462
25.11.2021,60,283,112,455
26.11.2021,62,278,118,458
27.11.2021,62,275,119,456
28.11.2021,63,273,123,459
29.11.2021,65,276,119,460
30.11.2021,65,282,118,465
01.12.2021,64,278,122,464
02.12.2021,62,286,120,468
03.12.2021,64,281,123,468
04.12.2021,63,281,126,470
05.12.2021,63,279,129,471
06.12.2021,61,287,130,478
07.12.2021,60,284,133,477
08.12.2021,63,277,125,465
09.12.2021,62,282,133,477
10.12.2021,62,278,140,480
11.12.2021,62,283,133,478
12.12.2021,60,284,135,479
13.12.2021,59,288,134,481
14.12.2021,65,282,139,486
15.12.2021,62,287,135,484
16.12.2021,62,286,131,479
17.12.2021,63,273,139,475
18.12.2021,63,277,133,473
19.12.2021,63,280,127,470
20.12.2021,63,280,128,471
21.12.2021,66,278,133,477
22.12.2021,65,284,140,489
23.12.2021,66,286,135,487
24.12.2021,68,281,133,482
25.12.2021,67,281,133,481
26.12.2021,69,279,135,483
27.12.2021,70,273,131,474
28.12.2021,70,271,124,465
29.12.2021,71,264,132,467
30.12.2021,69,261,132,462
31.12.2021,71,255,134,460
01.01.2022,72,251,133,456
02.01.2022,68,256,131,455
03.01.2022,65,251,128,444
04.01.2022,63,252,126,441
05.01.2022,64,251,129,444
06.01.2022,62,251,129,442
07.01.2022,62,244,126,432
08.01.2022,62,244,127,433
09.01.2022,64,245,119,428
10.01.2022,65,244,117,426
11.01.2022,66,249,115,430
12.01.2022,65,239,116,420
13.01.2022,64,245,113,422
14.01.2022,64,248,111,423
15.01.2022,67,243,111,421
16.01.2022,65,246,108,419
17.01.2022,64,243,113,420
18.01.2022,70,243,109,422
19.01.2022,71,243,102,416
20.01.2022,71,237,100,408
21.01.2022,70,245,97,412
22.01.2022,70,241,100,411
23.01.2022,69,242,98,409
24.01.2022,68,249,98,415
25.01.2022,66,253,113,432
26.01.2022,66,254,110,430
27.01.2022,65,265,105,435
28.01.2022,67,265,111,443
29.01.2022,67,269,105,441
30.01.2022,66,269,106,441
31.01.2022,64,270,107,441
01.02.2022,68,263,106,437
02.02.2022,72,256,99,427
03.02.2022,69,256,105,430
04.02.2022,70,257,109,436
05.02.2022,73,256,106,435
06.02.2022,74,254,113,441
07.02.2022,67,265,118,450
08.02.2022,66,268,116,450
09.02.2022,67,270,107,444
10.02.2022,67,268,116,451
11.02.2022,66,269,109,444
12.02.2022,71,264,113,448
13.02.2022,71,262,115,448
14.02.2022,69,268,127,464
15.02.2022,74,262,131,467
16.02.2022,75,267,128,470
17.02.2022,77,260,133,470
18.02.2022,77,259,129,465
19.02.2022,76,266,127,469
20.02.2022,75,265,127,467
21.02.2022,76,265,128,469
22.02.2022,74,270,121,465
23.02.2022,75,272,132,479
24.02.2022,76,276,133,485
25.02.2022,75,283,131,489
26.02.2022,76,281,134,491
27.02.2022,73,287,131,491
28.02.2022,73,296,121,490
01.03.2022,73,294,119,486
02.03.2022,73,295,127,495
03.03.2022,74,295,125,494
04.03.2022,75,295,123,493
05.03.2022,75,295,127,497
06.03.2022,76,297,125,498
07.03.2022,74,297,129,500
08.03.2022,72,297,125,494
09.03.2022,71,299,135,505
10.03.2022,69,306,132,507
11.03.2022,71,303,134,508
12.03.2022,72,304,133,509
13.03.2022,74,300,136,510
14.03.2022,75,303,125,503
15.03.2022,75,305,118,498
16.03.2022,75,304,127,506
17.03.2022,76,303,134,513
18.03.2022,77,302,136,515
19.03.2022,77,300,138,515
20.03.2022,78,297,143,518
21.03.2022,78,305,140,523
22.03.2022,80,308,139,527
23.03.2022,80,313,149,542
24.03.2022,79,315,147,541
25.03.2022,77,320,142,539
26.03.2022,77,324,145,546
27.03.2022,76,329,147,552
28.03.2022,76,329,153,558
29.03.2022,77,330,167,574
30.03.2022,76,334,158,568
31.03.2022,85,319,166,570
01.04.2022,83,323,174,580
02.04.2022,84,333,172,589
03.04.2022,84,335,165,584
04.04.2022,84,343,157,584
05.04.2022,83,349,162,594
06.04.2022,81,357,161,599
07.04.2022,81,358,165,604
08.04.2022,80,358,162,600
09.04.2022,79,361,163,603
10.04.2022,79,362,164,605
11.04.2022,86,354,172,612
12.04.2022,85,363,172,620
13.04.2022,83,371,166,620
14.04.2022,82,380,170,632
15.04.2022,80,384,169,633
16.04.2022,79,387,167,633
17.04.2022,80,386,167,633
18.04.2022,80,383,167,630
19.04.2022,82,381,162,625
20.04.2022,81,382,154,617
21.04.2022,85,381,153,619
22.04.2022,84,380,155,619
23.04.2022,81,382,158,621
24.04.2022,78,385,158,621
25.04.2022,77,391,155,623
26.04.2022,78,386,152,616
27.04.2022,79,388,152,619
28.04.2022,83,377,157,617
29.04.2022,86,378,154,618
30.04.2022,87,374,145,606
01.05.2022,87,366,148,601
02.05.2022,86,367,146,599
03.05.2022,88,363,142,593
04.05.2022,88,364,140,592
05.05.2022,90,367,138,595
06.05.2022,89,360,136,585
07.05.2022,89,354,133,576
08.05.2022,89,356,134,579
09.05.2022,91,350,132,573
10.05.2022,90,349,132,571
11.05.2022,88,358,132,578
12.05.2022,84,365,117,566
13.05.2022,84,361,119,564
14.05.2022,83,362,119,564
15.05.2022,83,363,122,568
16.05.2022,81,364,132,577
17.05.2022,85,357,132,574
18.05.2022,85,359,129,573
19.05.2022,91,348,129,568
20.05.2022,89,351,134,574
21.05.2022,91,350,135,576
22.05.2022,89,350,135,574
23.05.2022,88,348,133,569
24.05.2022,89,346,130,565
25.05.2022,88,355,131,574
26.05.2022,90,346,125,561
27.05.2022,91,334,120,545
28.05.2022,89,337,122,548
29.05.2022,90,340,117,547
30.05.2022,91,343,123,557
31.05.2022,90,345,126,561
01.06.2022,89,349,130,568
02.06.2022,91,345,125,561
03.06.2022,92,346,128,566
04.06.2022,91,346,131,568
05.06.2022,90,345,126,561
06.06.2022,92,343,125,560
07.06.2022,94,335,132,561
08.06.2022,91,342,126,559
09.06.2022,87,342,132,561
10.06.2022,84,344,131,559
11.06.2022,85,344,132,561
12.06.2022,89,341,131,561
13.06.2022,88,341,127,556
14.06.2022,87,336,131,554
15.06.2022,86,337,136,559
16.06.2022,89,333,132,554
17.06.2022,88,335,139,562
18.06.2022,91,332,140,563
19.06.2022,91,330,138,559
20.06.2022,90,328,141,559
21.06.2022,90,329,144,563
22.06.2022,92,326,147,565
23.06.2022,94,334,150,578
24.06.2022,94,339,145,578
25.06.2022,93,339,144,576
26.06.2022,92,341,143,576
27.06.2022,95,345,136,576
28.06.2022,92,345,141,578
29.06.2022,93,344,133,570
30.06.2022,92,344,134,570
01.07.2022,97,334,131,562
02.07.2022,96,332,135,563
03.07.2022,93,332,134,559
04.07.2022,90,332,138,560
05.07.2022,92,329,133,554
06.07.2022,87,330,127,544
07.07.2022,83,336,125,544
08.07.2022,87,333,123,543
09.07.2022,87,332,115,534
10.07.2022,86,333,113,532
11.07.2022,85,336,109,530
12.07.2022,85,332,108,525
13.07.2022,87,329,103,519
14.07.2022,88,326,113,527
15.07.2022,88,324,112,524
16.07.2022,89,319,111,519
17.07.2022,89,319,111,519
18.07.2022,90,326,113,529
19.07.2022,90,323,114,527
20.07.2022,92,325,109,526
21.07.2022,93,311,107,511
22.07.2022,92,306,109,507
23.07.2022,92,303,107,502
24.07.2022,91,299,109,499
25.07.2022,89,298,102,489
26.07.2022,91,290,103,484
27.07.2022,90,284,103,477
28.07.2022,92,283,100,475
29.07.2022,92,283,101,476
30.07.2022,90,282,101,473
31.07.2022,90,281,99,470
01.08.2022,90,283,102,475
02.08.2022,92,280,107,479
03.08.2022,92,285,114,491
04.08.2022,88,289,121,498
05.08.2022,90,283,127,500
06.08.2022,90,285,125,500
07.08.2022,90,281,129,500
08.08.2022,91,276,127,494
09.08.2022,89,272,126,487
10.08.2022,87,273,126,486
11.08.2022,88,272,118,478
12.08.2022,87,274,118,479
13.08.2022,83,280,123,486
14.08.2022,83,282,116,481
15.08.2022,86,277,114,477
16.08.2022,88,276,118,482
17.08.2022,86,271,121,478
18.08.2022,87,279,129,495
19.08.2022,88,279,139,506
20.08.2022,87,283,143,513
21.08.2022,86,286,147,519
22.08.2022,88,281,154,523
23.08.2022,88,277,161,526
24.08.2022,87,276,164,527
25.08.2022,85,281,169,535
26.08.2022,86,288,170,544
27.08.2022,85,293,174,552
28.08.2022,85,299,171,555
29.08.2022,87,299,177,563
30.08.2022,85,305,177,567
31.08.2022,82,308,184,574
01.09.2022,78,312,178,568
02.09.2022,81,308,174,563
03.09.2022,82,305,176,563
04.09.2022,82,308,173,563
05.09.2022,81,305,180,566
06.09.2022,83,300,197,580
07.09.2022,82,297,195,574
08.09.2022,82,299,194,575
09.09.2022,80,303,196,579
10.09.2022,80,305,193,578
11.09.2022,80,304,199,583
12.09.2022,84,302,203,589
13.09.2022,87,300,205,592
14.09.2022,88,307,198,593
15.09.2022,89,306,197,592
16.09.2022,89,307,189,585
17.09.2022,86,309,184,579
18.09.2022,86,306,179,571
19.09.2022,82,315,171,568
20.09.2022,85,310,166,561
21.09.2022,83,310,165,558
22.09.2022,84,304,166,554
23.09.2022,85,304,169,558
24.09.2022,81,307,169,557
25.09.2022,83,301,169,553
26.09.2022,85,301,179,565
27.09.2022,84,304,185,573
28.09.2022,82,301,185,568
29.09.2022,80,309,195,584
30.09.2022,81,310,193,584
01.10.2022,81,308,193,582
02.10.2022,82,302,199,583
03.10.2022,82,305,197,584
04.10.2022,83,313,187,583
05.10.2022,80,321,185,586
06.10.2022,82,312,188,582
07.10.2022,79,313,190,582
08.10.2022,79,317,191,587
09.10.2022,80,314,195,589
10.10.2022,83,310,193,586
11.10.2022,83,316,189,588
12.10.2022,85,309,184,578
13.10.2022,86,306,175,567
14.10.2022,87,299,180,566
15.10.2022,84,301,183,568
16.10.2022,85,300,182,567
17.10.2022,84,296,183,563
18.10.2022,81,294,190,565
19.10.2022,79,294,183,556
20.10.2022,81,296,183,560
21.10.2022,85,292,186,563
22.10.2022,83,295,188,566
23.10.2022,86,293,186,565
24.10.2022,84,305,168,557
25.10.2022,84,298,151,533
26.10.2022,81,291,156,528
27.10.2022,80,291,149,520
28.10.2022,74,296,147,517
29.10.2022,75,295,148,518
30.10.2022,76,296,147,519
31.10.2022,74,299,152,525
01.11.2022,77,304,146,527
02.11.2022,78,305,144,527
03.11.2022,80,305,149,534
04.11.2022,82,302,139,523
05.11.2022,81,301,141,523
06.11.2022,80,310,137,527
07.11.2022,80,301,144,525
08.11.2022,83,302,140,525
09.11.2022,80,306,141,527
10.11.2022,79,308,141,528
11.11.2022,78,309,144,531
12.11.2022,77,306,141,524
13.11.2022,76,305,141,522
14.11.2022,75,306,143,524
15.11.2022,73,309,136,518
16.11.2022,72,311,136,519
17.11.2022,73,304,135,512
18.11.2022,74,299,134,507
19.11.2022,73,303,130,506
20.11.2022,76,303,127,506
21.11.2022,78,293,128,499
22.11.2022,79,290,132,501
23.11.2022,78,288,132,498
24.11.2022,77,288,130,495
25.11.2022,75,286,128,489
26.11.2022,74,285,124,483
27.11.2022,75,279,122,476
28.11.2022,73,283,129,485
29.11.2022,77,281,127,485
30.11.2022,76,273,129,478
01.12.2022,74,279,119,472
02.12.2022,74,274,111,459
03.12.2022,74,272,110,456
04.12.2022,74,264,106,444
05.12.2022,72,265,101,438
06.12.2022,75,264,103,442
07.12.2022,74,272,96,442
08.12.2022,78,268,94,440
09.12.2022,78,267,93,438
10.12.2022,77,269,94,440
11.12.2022,76,268,95,439
12.12.2022,72,274,92,438
13.12.2022,67,279,93,439
14.12.2022,70,274,90,434
15.12.2022,69,274,85,428
16.12.2022,70,272,89,431
17.12.2022,69,271,87,427
18.12.2022,71,266,86,423
19.12.2022,72,262,83,417
20.12.2022,73,258,81,412
21.12.2022,73,254,85,412
22.12.2022,72,250,90,412
23.12.2022,71,244,86,401
24.12.2022,70,246,85,401
25.12.2022,69,246,85,400
26.12.2022,67,249,79,395
27.12.2022,64,253,75,392
28.12.2022,66,250,75,391
29.12.2022,66,243,74,383
30.12.2022,64,236,77,377
31.12.2022,65,235,77,377
01.01.2023,64,233,72,369
02.01.2023,64,230,73,367
03.01.2023,66,227,68,361
04.01.2023,69,224,69,362
05.01.2023,69,227,71,367
06.01.2023,67,230,71,368
07.01.2023,68,227,68,363
08.01.2023,65,228,68,361
09.01.2023,63,225,61,349
10.01.2023,61,224,53,338
11.01.2023,63,217,56,336
12.01.2023,59,218,57,334
13.01.2023,58,218,56,332
14.01.2023,58,216,56,330
15.01.2023,60,215,55,330
16.01.2023,62,209,59,330
17.01.2023,60,208,55,323
18.01.2023,64,204,51,319
19.01.2023,62,204,49,315
20.01.2023,67,201,53,321
21.01.2023,65,203,53,321
22.01.2023,65,203,56,324
23.01.2023,61,207,51,319
24.01.2023,57,215,56,328
25.01.2023,60,214,53,327
26.01.2023,60,225,47,332
27.01.2023,59,230,49,338
28.01.2023,60,230,50,340
29.01.2023,63,230,51,344
30.01.2023,64,234,51,349
31.01.2023,63,232,53,348
01.02.2023,63,232,54,349
02.02.2023,65,228,53,346
03.02.2023,66,225,56,347
04.02.2023,65,225,59,349
05.02.2023,62,225,61,348
06.02.2023,63,228,59,350
07.02.2023,62,226,60,348
08.02.2023,63,227,60,350
09.02.2023,59,226,62,347
10.02.2023,59,223,68,350
11.02.2023,60,219,68,347
12.02.2023,62,217,69,348
13.02.2023,62,219,68,349
14.02.2023,60,225,64,349
15.02.2023,65,225,56,346
16.02.2023,63,226,61,350
17.02.2023,66,225,63,354
18.02.2023,65,224,63,352
19.02.2023,65,226,63,354
20.02.2023,61,227,68,356
21.02.2023,62,223,72,357
22.02.2023,65,217,74,356
23.02.2023,67,213,72,352
24.02.2023,68,214,69,351
25.02.2023,68,213,69,350
26.02.2023,69,209,70,348
27.02.2023,71,206,74,351
28.02.2023,72,200,73,345
01.03.2023,72,196,76,344
02.03.2023,73,196,79,348
03.03.2023,70,197,77,344
04.03.2023,69,200,77,346
05.03.2023,69,198,77,344
06.03.2023,68,202,74,344
07.03.2023,64,203,75,342
08.03.2023,62,209,73,344
09.03.2023,59,212,73,344
10.03.2023,63,209,68,340
11.03.2023,61,209,69,339
12.03.2023,61,208,69,338
13.03.2023,62,207,69,338
14.03.2023,63,205,66,334
15.03.2023,65,200,68,333
16.03.2023,66,200,65,331
17.03.2023,66,199,60,325
18.03.2023,68,197,59,324
19.03.2023,66,197,59,322
20.03.2023,66,197,53,316
21.03.2023,65,194,55,314
22.03.2023,68,193,53,314
23.03.2023,69,193,50,312
24.03.2023,68,190,51,309
25.03.2023,67,189,51,307
26.03.2023,69,186,51,306
27.03.2023,72,188,46,306
28.03.2023,70,186,47,303
29.03.2023,66,187,42,295
30.03.2023,69,180,42,291
31.03.2023,67,180,44,291
01.04.2023,67,180,43,290
02.04.2023,67,182,43,292
03.04.2023,64,180,46,290
04.04.2023,61,181,49,291
05.04.2023,61,180,49,290
06.04.2023,62,184,46,292
07.04.2023,62,184,47,293
08.04.2023,61,185,47,293
09.04.2023,61,184,49,294
10.04.2023,61,180,49,290
11.04.2023,64,173,49,286
12.04.2023,62,179,46,287
13.04.2023,61,183,50,294
14.04.2023,60,187,56,303
15.04.2023,61,190,53,304
16.04.2023,60,191,55,306
17.04.2023,59,188,56,303
18.04.2023,59,184,57,300
19.04.2023,60,177,61,298
20.04.2023,59,177,62,298
21.04.2023,59,170,64,293
22.04.2023,58,170,64,292
23.04.2023,58,171,61,290
24.04.2023,58,169,65,292
25.04.2023,60,173,60,293
26.04.2023,58,171,55,284
27.04.2023,62,168,54,284
28.04.2023,63,166,56,285
29.04.2023,62,167,55,284
30.04.2023,62,166,57,285
01.05.2023,61,165,51,277
02.05.2023,62,166,50,278
03.05.2023,60,168,48,276
04.05.2023,57,172,50,279
05.05.2023,56,170,51,277
06.05.2023,56,170,51,277
07.05.2023,53,173,49,275
08.05.2023,55,167,49,271
09.05.2023,59,162,52,273
10.05.2023,56,165,53,274
11.05.2023,58,165,45,268
12.05.2023,52,171,48,271
13.05.2023,52,177,50,279
14.05.2023,51,183,42,276
15.05.2023,47,186,45,278
16.05.2023,48,186,40,274
17.05.2023,47,186,41,274
18.05.2023,48,190,41,279
19.05.2023,47,191,42,280
20.05.2023,45,192,43,280
21.05.2023,46,189,45,280
22.05.2023,45,188,45,278
23.05.2023,45,187,48,280
24.05.2023,48,181,51,280
25.05.2023,50,178,50,278
26.05.2023,53,176,48,277
27.05.2023,52,179,49,280
28.05.2023,52,179,49,280
29.05.2023,53,180,49,282
30.05.2023,54,185,52,291
31.05.2023,54,185,52,291
01.06.2023,50,185,51,286
02.06.2023,49,183,51,283
03.06.2023,49,184,51,284
04.06.2023,48,186,51,285
05.06.2023,47,186,49,282
06.06.2023,47,183,50,280
07.06.2023,48,185,46,279
08.06.2023,49,177,52,278
09.06.2023,46,179,53,278
10.06.2023,46,177,50,273
11.06.2023,45,164,49,258
12.06.2023,44,166,47,257
13.06.2023,42,166,47,255
14.06.2023,41,168,48,257
15.06.2023,40,170,50,260
16.06.2023,40,170,46,256
17.06.2023,40,169,46,255
18.06.2023,40,169,46,255
19.06.2023,39,169,43,251
20.06.2023,40,171,40,251
21.06.2023,41,168,41,250
22.06.2023,39,168,43,250
23.06.2023,42,162,44,248
24.06.2023,42,162,43,247
25.06.2023,42,162,44,248
26.06.2023,44,160,44,248
27.06.2023,43,160,43,246
28.06.2023,43,158,40,241
29.06.2023,41,156,39,236
30.06.2023,42,155,39,236
01.07.2023,42,155,37,234
02.07.2023,42,153,40,235
03.07.2023,44,148,44,236
04.07.2023,44,149,45,238
05.07.2023,48,139,46,233
06.07.2023,50,138,44,232
07.07.2023,46,138,43,227
08.07.2023,45,140,43,228
09.07.2023,45,140,43,228
10.07.2023,45,134,44,223
11.07.2023,43,139,43,225
12.07.2023,43,138,41,222
13.07.2023,44,135,36,215
14.07.2023,46,134,33,213
15.07.2023,45,135,33,213
16.07.2023,43,137,32,212
17.07.2023,45,134,33,212
18.07.2023,46,131,31,208
19.07.2023,46,128,35,209
20.07.2023,44,133,33,210
21.07.2023,42,132,33,207
22.07.2023,42,132,33,207
23.07.2023,42,131,32,205
24.07.2023,40,127,34,201
25.07.2023,41,123,37,201
26.07.2023,39,124,37,200
27.07.2023,39,123,38,200
28.07.2023,39,122,39,200
29.07.2023,38,120,40,198
30.07.2023,38,120,40,198
31.07.2023,39,120,40,199
01.08.2023,38,116,42,196
02.08.2023,38,117,36,191
03.08.2023,39,117,33,189
04.08.2023,38,115,33,186
05.08.2023,38,113,34,185
06.08.2023,38,114,36,188
07.08.2023,39,116,32,187
08.08.2023,37,119,37,193
09.08.2023,40,120,40,200
10.08.2023,37,120,42,199
11.08.2023,37,125,40,202
12.08.2023,37,126,40,203
13.08.2023,36,127,40,203
14.08.2023,39,125,40,204
15.08.2023,39,122,37,198
16.08.2023,37,123,37,197
17.08.2023,37,124,41,202
18.08.2023,34,130,41,205
19.08.2023,34,129,42,205
20.08.2023,34,128,42,204
21.08.2023,35,127,40,202
22.08.2023,37,124,40,201
23.08.2023,37,120,43,200
24.08.2023,37,121,42,200
25.08.2023,37,122,41,200
26.08.2023,36,122,41,199
27.08.2023,35,123,40,198
28.08.2023,35,122,36,193
29.08.2023,35,125,35,195
30.08.2023,34,127,39,200
31.08.2023,36,129,40,205
01.09.2023,37,129,43,209
02.09.2023,37,128,43,208
03.09.2023,37,128,43,208
04.09.2023,36,126,43,205
05.09.2023,35,128,36,199
06.09.2023,37,127,37,201
07.09.2023,33,129,35,197
08.09.2023,33,122,32,187
09.09.2023,33,120,32,185
10.09.2023,32,121,32,185
11.09.2023,33,122,33,188
12.09.2023,36,122,33,191
13.09.2023,36,119,36,191
14.09.2023,35,119,35,189
15.09.2023,35,115,38,188
16.09.2023,36,114,37,187
17.09.2023,36,115,35,186
18.09.2023,35,115,37,187
19.09.2023,36,113,37,186
20.09.2023,34,116,36,186
21.09.2023,35,118,37,190
22.09.2023,35,115,35,185
23.09.2023,34,114,35,183
24.09.2023,34,114,35,183
25.09.2023,33,113,37,183
26.09.2023,34,106,39,179
27.09.2023,35,103,35,173
28.09.2023,33,102,34,169
29.09.2023,34,98,34,166
30.09.2023,34,99,33,166
01.10.2023,33,98,32,163
